{ "ele" : "426", "tpabr" : "mu", "cdabr" : "77313", "carper" : "11", "t" : "1", "f" : "o", "dt" : "07\/11\/2020", "ht" : "02:10:06", "dv" : "s", "tf" : "n", "v" : "1", "esae" : "n", "mnae" : "", "s" : "67", "st" : "0", "pst" : "   0,00", "snt" : "67", "psnt" : " 100,00", "si" : "0", "psi" : "   0,00", "sni" : "0", "psni" : "   0,00", "sa" : "0", "psa" : "   0,00", "sna" : "0", "psna" : "   0,00", "e" : "27873", "ea" : "0", "pea" : "   0,00", "ena" : "0", "pena" : "   0,00", "esi" : "0", "pesi" : "   0,00", "esni" : "0", "pesni" : "   0,00", "c" : "0", "pc" : "   0,00", "a" : "0", "pa" : "   0,00", "vscv" : "0", "vnom" : "0", "pvnom" : "00,00", "vvc" : "0", "pvvc" : "00,00", "vb" : "0", "pvb" : "00,00", "tvn" : "0", "ptvn" : "00,00", "vn" : "0", "pvn" : "00,00", "vnt" : "0", "pvnt" : "00,00", "vp" : "0", "pvp" : "00,00", "vv" : "0", "pvv" : "00,00", "van" : "0", "pvan" : "00,00", "vansj" : "0", "pvansj" : "00,00", "tv" : "0", "cand" : [ 
{ "seq" : "4", "sqcand" : "160001195592", "n" : "25", "nm" : "ISMAEL BATISTA", "cc" : "DEM - PATRIOTA \/ PSC \/ PL \/ DEM \/ DC \/ PSDB \/ PROS", "nv" : "VAL MAGALHÃES", "e" : "n", "st" : "", "dvt" : "Válido", "vap" : "0", "pvap" : "00.00" }, 
{ "seq" : "7", "sqcand" : "160001106240", "n" : "13", "nm" : "WESLEY ROSSI", "cc" : "PT", "nv" : "SHEILA MOLLA", "e" : "n", "st" : "", "dvt" : "Válido", "vap" : "0", "pvap" : "00.00" }, 
{ "seq" : "1", "sqcand" : "160001142040", "n" : "17", "nm" : "ARGEU BENITES", "cc" : "PSL - PSL \/ PSB \/ PP", "nv" : "CARLOS DA BAND", "e" : "n", "st" : "", "dvt" : "Válido", "vap" : "0", "pvap" : "00.00" }, 
{ "seq" : "6", "sqcand" : "160000682066", "n" : "55", "nm" : "SARGENTO PALIARI", "cc" : "PSD - PSD \/ REPUBLICANOS", "nv" : "ENFERMEIRO ADRIANO", "e" : "n", "st" : "", "dvt" : "Válido", "vap" : "0", "pvap" : "00.00" }, 
{ "seq" : "2", "sqcand" : "160001142683", "n" : "23", "nm" : "CELSO FERNANDES", "cc" : "CIDADANIA - CIDADANIA \/ MDB", "nv" : "VLADÃO", "e" : "n", "st" : "", "dvt" : "Válido", "vap" : "0", "pvap" : "00.00" }, 
{ "seq" : "3", "sqcand" : "160001106914", "n" : "19", "nm" : "CLAUDECIR ESCORPIÃO", "cc" : "PODE", "nv" : "LUIZ CARLOS", "e" : "n", "st" : "", "dvt" : "Válido", "vap" : "0", "pvap" : "00.00" }, 
{ "seq" : "5", "sqcand" : "160001196275", "n" : "70", "nm" : "PASTOR SIDNEI", "cc" : "AVANTE", "nv" : "JULIO", "e" : "n", "st" : "", "dvt" : "Válido", "vap" : "0", "pvap" : "00.00" } ] }