{ "ele" : "426", "tpabr" : "mu", "cdabr" : "78859", "carper" : "11", "t" : "1", "f" : "o", "dt" : "07\/11\/2020", "ht" : "02:10:06", "dv" : "s", "tf" : "n", "v" : "1", "esae" : "n", "mnae" : "", "s" : "513", "st" : "0", "pst" : "   0,00", "snt" : "513", "psnt" : " 100,00", "si" : "0", "psi" : "   0,00", "sni" : "0", "psni" : "   0,00", "sa" : "0", "psa" : "   0,00", "sna" : "0", "psna" : "   0,00", "e" : "197064", "ea" : "0", "pea" : "   0,00", "ena" : "0", "pena" : "   0,00", "esi" : "0", "pesi" : "   0,00", "esni" : "0", "pesni" : "   0,00", "c" : "0", "pc" : "   0,00", "a" : "0", "pa" : "   0,00", "vscv" : "0", "vnom" : "0", "pvnom" : "00,00", "vvc" : "0", "pvvc" : "00,00", "vb" : "0", "pvb" : "00,00", "tvn" : "0", "ptvn" : "00,00", "vn" : "0", "pvn" : "00,00", "vnt" : "0", "pvnt" : "00,00", "vp" : "0", "pvp" : "00,00", "vv" : "0", "pvv" : "00,00", "van" : "0", "pvan" : "00,00", "vansj" : "0", "pvansj" : "00,00", "tv" : "0", "cand" : [ 
{ "seq" : "1", "sqcand" : "160001212504", "n" : "13", "nm" : "ADILSON STUZATA", "cc" : "PT - PT \/ PC do B", "nv" : "TANIA GALVÃO", "e" : "n", "st" : "", "dvt" : "Válido", "vap" : "0", "pvap" : "00.00" }, 
{ "seq" : "3", "sqcand" : "160000667950", "n" : "23", "nm" : "NINA SINGER", "cc" : "CIDADANIA - CIDADANIA \/ PATRIOTA \/ PODE \/ PROS \/ PSB \/ PSD", "nv" : "PROFESSOR ASSIS", "e" : "n", "st" : "", "dvt" : "Válido", "vap" : "0", "pvap" : "00.00" }, 
{ "seq" : "5", "sqcand" : "160000687967", "n" : "30", "nm" : "PROFESSOR MARINHO SILVA", "cc" : "NOVO", "nv" : "DR VANDERLEI", "e" : "n", "st" : "", "dvt" : "Válido", "vap" : "0", "pvap" : "00.00" }, 
{ "seq" : "4", "sqcand" : "160000922280", "n" : "18", "nm" : "PROFESSOR MARCELO", "cc" : "REDE", "nv" : "PEDRO PALANICKI", "e" : "n", "st" : "", "dvt" : "Válido", "vap" : "0", "pvap" : "00.00" }, 
{ "seq" : "6", "sqcand" : "160001101443", "n" : "77", "nm" : "SAMUEL DANTAS", "cc" : "SOLIDARIEDADE", "nv" : "SARGENTO GUILHERME", "e" : "n", "st" : "", "dvt" : "Válido", "vap" : "0", "pvap" : "00.00" }, 
{ "seq" : "8", "sqcand" : "160000769401", "n" : "10", "nm" : "TONINHO FENELON", "cc" : "REPUBLICANOS - AVANTE \/ REPUBLICANOS \/ PSC", "nv" : "MIRIAM RIBEIRO", "e" : "n", "st" : "", "dvt" : "Válido", "vap" : "0", "pvap" : "00.00" }, 
{ "seq" : "2", "sqcand" : "160000647051", "n" : "11", "nm" : "IVAN RODRIGUES", "cc" : "PP - PP \/ PDT \/ MDB \/ PMN", "nv" : "ROSSI", "e" : "n", "st" : "", "dvt" : "Válido", "vap" : "0", "pvap" : "00.00" }, 
{ "seq" : "7", "sqcand" : "160000922288", "n" : "22", "nm" : "SYLVIO MONTEIRO", "cc" : "PL - PSDB \/ PTB \/ DC \/ PTC \/ PL \/ PSL \/ DEM", "nv" : "LEANDRO ROCHA", "e" : "n", "st" : "", "dvt" : "Válido", "vap" : "0", "pvap" : "00.00" } ] }