{ "ele" : "426", "tpabr" : "mu", "cdabr" : "79634", "carper" : "11", "t" : "1", "f" : "o", "dt" : "07\/11\/2020", "ht" : "02:10:06", "dv" : "s", "tf" : "n", "v" : "1", "esae" : "n", "mnae" : "", "s" : "83", "st" : "0", "pst" : "   0,00", "snt" : "83", "psnt" : " 100,00", "si" : "0", "psi" : "   0,00", "sni" : "0", "psni" : "   0,00", "sa" : "0", "psa" : "   0,00", "sna" : "0", "psna" : "   0,00", "e" : "28902", "ea" : "0", "pea" : "   0,00", "ena" : "0", "pena" : "   0,00", "esi" : "0", "pesi" : "   0,00", "esni" : "0", "pesni" : "   0,00", "c" : "0", "pc" : "   0,00", "a" : "0", "pa" : "   0,00", "vscv" : "0", "vnom" : "0", "pvnom" : "00,00", "vvc" : "0", "pvvc" : "00,00", "vb" : "0", "pvb" : "00,00", "tvn" : "0", "ptvn" : "00,00", "vn" : "0", "pvn" : "00,00", "vnt" : "0", "pvnt" : "00,00", "vp" : "0", "pvp" : "00,00", "vv" : "0", "pvv" : "00,00", "van" : "0", "pvan" : "00,00", "vansj" : "0", "pvansj" : "00,00", "tv" : "0", "cand" : [ 
{ "seq" : "5", "sqcand" : "160001140214", "n" : "33", "nm" : "NELSON PELE", "cc" : "PMN", "nv" : "ALGACIR RIBEIRO", "e" : "n", "st" : "", "dvt" : "Válido", "vap" : "0", "pvap" : "00.00" }, 
{ "seq" : "3", "sqcand" : "160001000182", "n" : "22", "nm" : "EDUARDO DALMORA", "cc" : "PL - PTB \/ PSL \/ PSC \/ PSDB \/ PATRIOTA \/ PSD \/ PROS \/ PL \/ SOLIDARIEDADE", "nv" : "SANDRO DO GAS", "e" : "n", "st" : "", "dvt" : "Válido", "vap" : "0", "pvap" : "00.00" }, 
{ "seq" : "2", "sqcand" : "160001140138", "n" : "11", "nm" : "DR PAULO POLI", "cc" : "PP - REPUBLICANOS \/ PP", "nv" : "ELEANE BENCZ", "e" : "n", "st" : "", "dvt" : "Válido", "vap" : "0", "pvap" : "00.00" }, 
{ "seq" : "1", "sqcand" : "160000941143", "n" : "13", "nm" : "CÍNTIA PLISZKA", "cc" : "PT", "nv" : "JOÃO ELIAS", "e" : "n", "st" : "", "dvt" : "Válido", "vap" : "0", "pvap" : "00.00" }, 
{ "seq" : "6", "sqcand" : "160000877562", "n" : "19", "nm" : "ZÉ DA ECLER", "cc" : "PODE - PDT \/ MDB \/ PODE \/ DEM", "nv" : "CLECIO VIDAL", "e" : "n", "st" : "", "dvt" : "Válido", "vap" : "0", "pvap" : "00.00" }, 
{ "seq" : "4", "sqcand" : "160000999816", "n" : "70", "nm" : "ELTON", "cc" : "AVANTE", "nv" : "ANTONIO", "e" : "n", "st" : "", "dvt" : "Válido", "vap" : "0", "pvap" : "00.00" } ] }