{ "ele" : "426", "tpabr" : "mu", "cdabr" : "74276", "carper" : "13", "t" : "1", "f" : "o", "dt" : "07\/11\/2020", "ht" : "02:10:14", "dv" : "s", "tf" : "n", "v" : "15", "esae" : "n", "mnae" : "", "s" : "217", "st" : "0", "pst" : "   0,00", "snt" : "217", "psnt" : " 100,00", "si" : "0", "psi" : "   0,00", "sni" : "0", "psni" : "   0,00", "sa" : "0", "psa" : "   0,00", "sna" : "0", "psna" : "   0,00", "e" : "79682", "ea" : "0", "pea" : "   0,00", "ena" : "0", "pena" : "   0,00", "esi" : "0", "pesi" : "   0,00", "esni" : "0", "pesni" : "   0,00", "c" : "0", "pc" : "   0,00", "a" : "0", "pa" : "   0,00", "vscv" : "0", "vnom" : "0", "vl" : "0", "pvnom" : "00,00", "pvl" : "00,00", "vvc" : "0", "pvvc" : "00,00", "vb" : "0", "pvb" : "00,00", "tvn" : "0", "ptvn" : "00,00", "vn" : "0", "pvn" : "00,00", "vnt" : "0", "pvnt" : "00,00", "vp" : "0", "pvp" : "00,00", "vv" : "0", "pvv" : "00,00", "van" : "0", "pvan" : "00,00", "vansj" : "0", "pvansj" : "00,00", "tv" : "0", "cand" : [ 
{ "seq" : "99", "sqcand" : "160000846471", "n" : "15777", "nm" : "GREISE BETIOL", "cc" : "MDB", "nv" : " ", "e" : "n", "st" : "", "dvt" : "Válido", "vap" : "0", "pvap" : "00.00" }, 
{ "seq" : "206", "sqcand" : "160000958106", "n" : "19020", "nm" : "PROFESSORA BETY", "cc" : "PODE", "nv" : " ", "e" : "n", "st" : "", "dvt" : "Válido", "vap" : "0", "pvap" : "00.00" }, 
{ "seq" : "36", "sqcand" : "160000679954", "n" : "55051", "nm" : "BRENDA DE PAULA", "cc" : "PSD", "nv" : " ", "e" : "n", "st" : "", "dvt" : "Válido", "vap" : "0", "pvap" : "00.00" }, 
{ "seq" : "12", "sqcand" : "160001111248", "n" : "90135", "nm" : "ANA MARINHO", "cc" : "PROS", "nv" : " ", "e" : "n", "st" : "", "dvt" : "Válido", "vap" : "0", "pvap" : "00.00" }, 
{ "seq" : "73", "sqcand" : "160000958123", "n" : "19007", "nm" : "EDINALDO DO ESPORTE", "cc" : "PODE", "nv" : " ", "e" : "n", "st" : "", "dvt" : "Anulado sub judice", "vap" : "0", "pvap" : "00.00" }, 
{ "seq" : "124", "sqcand" : "160001111240", "n" : "90277", "nm" : "JULIO PATÃO", "cc" : "PROS", "nv" : " ", "e" : "n", "st" : "", "dvt" : "Válido", "vap" : "0", "pvap" : "00.00" }, 
{ "seq" : "11", "sqcand" : "160000679768", "n" : "27800", "nm" : "ANA MARIA SPINARDI", "cc" : "DC", "nv" : " ", "e" : "n", "st" : "", "dvt" : "Válido", "vap" : "0", "pvap" : "00.00" }, 
{ "seq" : "173", "sqcand" : "160001111858", "n" : "36555", "nm" : "NÉIA", "cc" : "PTC", "nv" : " ", "e" : "n", "st" : "", "dvt" : "Válido", "vap" : "0", "pvap" : "00.00" }, 
{ "seq" : "5", "sqcand" : "160001111850", "n" : "36063", "nm" : "ALEF GRANEIRO", "cc" : "PTC", "nv" : " ", "e" : "n", "st" : "", "dvt" : "Válido", "vap" : "0", "pvap" : "00.00" }, 
{ "seq" : "262", "sqcand" : "160000679774", "n" : "27456", "nm" : "WESLEY FIORI", "cc" : "DC", "nv" : " ", "e" : "n", "st" : "", "dvt" : "Válido", "vap" : "0", "pvap" : "00.00" }, 
{ "seq" : "26", "sqcand" : "160000846463", "n" : "15000", "nm" : "BARRETO", "cc" : "MDB", "nv" : " ", "e" : "n", "st" : "", "dvt" : "Válido", "vap" : "0", "pvap" : "00.00" }, 
{ "seq" : "2", "sqcand" : "160000679645", "n" : "17123", "nm" : "ADILSON MARTINEZ", "cc" : "PSL", "nv" : " ", "e" : "n", "st" : "", "dvt" : "Válido", "vap" : "0", "pvap" : "00.00" }, 
{ "seq" : "175", "sqcand" : "160000679944", "n" : "55620", "nm" : "NELSON JOAQUIM", "cc" : "PSD", "nv" : " ", "e" : "n", "st" : "", "dvt" : "Válido", "vap" : "0", "pvap" : "00.00" }, 
{ "seq" : "109", "sqcand" : "160001231920", "n" : "43500", "nm" : "IVONE MADRONA", "cc" : "PV", "nv" : " ", "e" : "n", "st" : "", "dvt" : "Válido", "vap" : "0", "pvap" : "00.00" }, 
{ "seq" : "136", "sqcand" : "160001111238", "n" : "90650", "nm" : "LUCAS MAIA", "cc" : "PROS", "nv" : " ", "e" : "n", "st" : "", "dvt" : "Válido", "vap" : "0", "pvap" : "00.00" }, 
{ "seq" : "212", "sqcand" : "160001240954", "n" : "28546", "nm" : "REINALDO MARTINS DO MOTO TAXI", "cc" : "PRTB", "nv" : " ", "e" : "n", "st" : "", "dvt" : "Válido", "vap" : "0", "pvap" : "00.00" }, 
{ "seq" : "230", "sqcand" : "160000679770", "n" : "27700", "nm" : "SANTIAGO", "cc" : "DC", "nv" : " ", "e" : "n", "st" : "", "dvt" : "Válido", "vap" : "0", "pvap" : "00.00" }, 
{ "seq" : "71", "sqcand" : "160001240963", "n" : "28128", "nm" : "DRA. SIMONE SPONTON", "cc" : "PRTB", "nv" : " ", "e" : "n", "st" : "", "dvt" : "Válido", "vap" : "0", "pvap" : "00.00" }, 
{ "seq" : "121", "sqcand" : "160000679653", "n" : "17137", "nm" : "JOSI DO MOTO TAXI", "cc" : "PSL", "nv" : " ", "e" : "n", "st" : "", "dvt" : "Válido", "vap" : "0", "pvap" : "00.00" }, 
{ "seq" : "134", "sqcand" : "160000679723", "n" : "22644", "nm" : "LOBATO", "cc" : "PL", "nv" : " ", "e" : "n", "st" : "", "dvt" : "Válido", "vap" : "0", "pvap" : "00.00" }, 
{ "seq" : "18", "sqcand" : "160001111252", "n" : "90444", "nm" : "ARGENTINO DO BAR", "cc" : "PROS", "nv" : " ", "e" : "n", "st" : "", "dvt" : "Válido", "vap" : "0", "pvap" : "00.00" }, 
{ "seq" : "183", "sqcand" : "160000679651", "n" : "17017", "nm" : "PASTOR DAS TRUFAS", "cc" : "PSL", "nv" : " ", "e" : "n", "st" : "", "dvt" : "Válido", "vap" : "0", "pvap" : "00.00" }, 
{ "seq" : "83", "sqcand" : "160000679652", "n" : "17321", "nm" : "ELVIS SANTI", "cc" : "PSL", "nv" : " ", "e" : "n", "st" : "", "dvt" : "Anulado sub judice", "vap" : "0", "pvap" : "00.00" }, 
{ "seq" : "202", "sqcand" : "160001231922", "n" : "43555", "nm" : "PROFESSOR  WESLEY VICENTIN", "cc" : "PV", "nv" : " ", "e" : "n", "st" : "", "dvt" : "Válido", "vap" : "0", "pvap" : "00.00" }, 
{ "seq" : "260", "sqcand" : "160001111865", "n" : "36777", "nm" : "VIDOTTO", "cc" : "PTC", "nv" : " ", "e" : "n", "st" : "", "dvt" : "Válido", "vap" : "0", "pvap" : "00.00" }, 
{ "seq" : "9", "sqcand" : "160000679936", "n" : "55138", "nm" : "ANA BEATRIZ RECH", "cc" : "PSD", "nv" : " ", "e" : "n", "st" : "", "dvt" : "Válido", "vap" : "0", "pvap" : "00.00" }, 
{ "seq" : "106", "sqcand" : "160000679733", "n" : "22633", "nm" : "IRMÃ EDNA", "cc" : "PL", "nv" : " ", "e" : "n", "st" : "", "dvt" : "Válido", "vap" : "0", "pvap" : "00.00" }, 
{ "seq" : "29", "sqcand" : "160000679643", "n" : "20580", "nm" : "BEL ENFERMEIRA", "cc" : "PSC", "nv" : " ", "e" : "n", "st" : "", "dvt" : "Válido", "vap" : "0", "pvap" : "00.00" }, 
{ "seq" : "145", "sqcand" : "160000679634", "n" : "20190", "nm" : "MAJOR ARDUIN", "cc" : "PSC", "nv" : " ", "e" : "n", "st" : "", "dvt" : "Válido", "vap" : "0", "pvap" : "00.00" }, 
{ "seq" : "139", "sqcand" : "160000679758", "n" : "25023", "nm" : "LUIS PAULO MASSULO", "cc" : "DEM", "nv" : " ", "e" : "n", "st" : "", "dvt" : "Válido", "vap" : "0", "pvap" : "00.00" }, 
{ "seq" : "166", "sqcand" : "160000679589", "n" : "14017", "nm" : "MAYARA BARDI", "cc" : "PTB", "nv" : " ", "e" : "n", "st" : "", "dvt" : "Válido", "vap" : "0", "pvap" : "00.00" }, 
{ "seq" : "253", "sqcand" : "160000679942", "n" : "55055", "nm" : "VALCINDO CIBA", "cc" : "PSD", "nv" : " ", "e" : "n", "st" : "", "dvt" : "Válido", "vap" : "0", "pvap" : "00.00" }, 
{ "seq" : "200", "sqcand" : "160000679948", "n" : "55123", "nm" : "PROF WILSINHO", "cc" : "PSD", "nv" : " ", "e" : "n", "st" : "", "dvt" : "Válido", "vap" : "0", "pvap" : "00.00" }, 
{ "seq" : "234", "sqcand" : "160001111245", "n" : "90222", "nm" : "SIMONE SOARES", "cc" : "PROS", "nv" : " ", "e" : "n", "st" : "", "dvt" : "Válido", "vap" : "0", "pvap" : "00.00" }, 
{ "seq" : "87", "sqcand" : "160000679782", "n" : "27000", "nm" : "EVANILDO COGORNI", "cc" : "DC", "nv" : " ", "e" : "n", "st" : "", "dvt" : "Válido", "vap" : "0", "pvap" : "00.00" }, 
{ "seq" : "68", "sqcand" : "160000846468", "n" : "15007", "nm" : "DR EDVALDO BARBOZA", "cc" : "MDB", "nv" : " ", "e" : "n", "st" : "", "dvt" : "Válido", "vap" : "0", "pvap" : "00.00" }, 
{ "seq" : "7", "sqcand" : "160001240960", "n" : "28000", "nm" : "ALISSON DA &quot;SANTA CASA&quot;", "cc" : "PRTB", "nv" : " ", "e" : "n", "st" : "", "dvt" : "Válido", "vap" : "0", "pvap" : "00.00" }, 
{ "seq" : "196", "sqcand" : "160001111854", "n" : "36982", "nm" : "PROF DELCIO", "cc" : "PTC", "nv" : " ", "e" : "n", "st" : "", "dvt" : "Válido", "vap" : "0", "pvap" : "00.00" }, 
{ "seq" : "122", "sqcand" : "160000679765", "n" : "27222", "nm" : "JOSILENE TACONI ACS", "cc" : "DC", "nv" : " ", "e" : "n", "st" : "", "dvt" : "Válido", "vap" : "0", "pvap" : "00.00" }, 
{ "seq" : "198", "sqcand" : "160000679956", "n" : "55888", "nm" : "PROF LUCIANA GUTIERRIS", "cc" : "PSD", "nv" : " ", "e" : "n", "st" : "", "dvt" : "Válido", "vap" : "0", "pvap" : "00.00" }, 
{ "seq" : "238", "sqcand" : "160000679777", "n" : "27101", "nm" : "SONIA MAGRO", "cc" : "DC", "nv" : " ", "e" : "n", "st" : "", "dvt" : "Válido", "vap" : "0", "pvap" : "00.00" }, 
{ "seq" : "155", "sqcand" : "160000679656", "n" : "17415", "nm" : "MARIA MADALENA CARNEIRO", "cc" : "PSL", "nv" : " ", "e" : "n", "st" : "", "dvt" : "Válido", "vap" : "0", "pvap" : "00.00" }, 
{ "seq" : "242", "sqcand" : "160000679655", "n" : "17383", "nm" : "TEREZINHA DA VACINA", "cc" : "PSL", "nv" : " ", "e" : "n", "st" : "", "dvt" : "Válido", "vap" : "0", "pvap" : "00.00" }, 
{ "seq" : "223", "sqcand" : "160000679741", "n" : "25177", "nm" : "ROSA CAVALCANTE", "cc" : "DEM", "nv" : " ", "e" : "n", "st" : "", "dvt" : "Válido", "vap" : "0", "pvap" : "00.00" }, 
{ "seq" : "67", "sqcand" : "160000679739", "n" : "22122", "nm" : "DR CALIXTO", "cc" : "PL", "nv" : " ", "e" : "n", "st" : "", "dvt" : "Anulado sub judice", "vap" : "0", "pvap" : "00.00" }, 
{ "seq" : "191", "sqcand" : "160001232754", "n" : "10000", "nm" : "PEREIRA GÁS", "cc" : "REPUBLICANOS", "nv" : " ", "e" : "n", "st" : "", "dvt" : "Válido", "vap" : "0", "pvap" : "00.00" }, 
{ "seq" : "228", "sqcand" : "160000679623", "n" : "20171", "nm" : "RUBINHO", "cc" : "PSC", "nv" : " ", "e" : "n", "st" : "", "dvt" : "Válido", "vap" : "0", "pvap" : "00.00" }, 
{ "seq" : "252", "sqcand" : "160000683324", "n" : "22777", "nm" : "VAL DO PNEU", "cc" : "PL", "nv" : " ", "e" : "n", "st" : "", "dvt" : "Válido", "vap" : "0", "pvap" : "00.00" }, 
{ "seq" : "91", "sqcand" : "160000846475", "n" : "15190", "nm" : "FEIO DO EVENTO", "cc" : "MDB", "nv" : " ", "e" : "n", "st" : "", "dvt" : "Válido", "vap" : "0", "pvap" : "00.00" }, 
{ "seq" : "28", "sqcand" : "160000679632", "n" : "20121", "nm" : "BEL DO TROPICAL", "cc" : "PSC", "nv" : " ", "e" : "n", "st" : "", "dvt" : "Válido", "vap" : "0", "pvap" : "00.00" }, 
{ "seq" : "107", "sqcand" : "160000958265", "n" : "23123", "nm" : "ISAIAS AMARAL", "cc" : "CIDADANIA", "nv" : " ", "e" : "n", "st" : "", "dvt" : "Válido", "vap" : "0", "pvap" : "00.00" }, 
{ "seq" : "1", "sqcand" : "160001111242", "n" : "90456", "nm" : "ADAUTO FORNAZIERI", "cc" : "PROS", "nv" : " ", "e" : "n", "st" : "", "dvt" : "Válido", "vap" : "0", "pvap" : "00.00" }, 
{ "seq" : "66", "sqcand" : "160000679761", "n" : "27907", "nm" : "DR ANDRÉ QUIROGA", "cc" : "DC", "nv" : " ", "e" : "n", "st" : "", "dvt" : "Válido", "vap" : "0", "pvap" : "00.00" }, 
{ "seq" : "55", "sqcand" : "160000679759", "n" : "25369", "nm" : "CORRETORA MARCIA ALVES", "cc" : "DEM", "nv" : " ", "e" : "n", "st" : "", "dvt" : "Válido", "vap" : "0", "pvap" : "00.00" }, 
{ "seq" : "45", "sqcand" : "160001240967", "n" : "28775", "nm" : "CIDINHA DA &quot;SAGRADA FAMILIA&quot;", "cc" : "PRTB", "nv" : " ", "e" : "n", "st" : "", "dvt" : "Válido", "vap" : "0", "pvap" : "00.00" }, 
{ "seq" : "37", "sqcand" : "160000679726", "n" : "22088", "nm" : "BRUNA CALIXTO", "cc" : "PL", "nv" : " ", "e" : "n", "st" : "", "dvt" : "Válido", "vap" : "0", "pvap" : "00.00" }, 
{ "seq" : "94", "sqcand" : "160001232756", "n" : "10110", "nm" : "FERNANDO PALOCO", "cc" : "REPUBLICANOS", "nv" : " ", "e" : "n", "st" : "", "dvt" : "Válido", "vap" : "0", "pvap" : "00.00" }, 
{ "seq" : "41", "sqcand" : "160000679950", "n" : "55622", "nm" : "CAPETA", "cc" : "PSD", "nv" : " ", "e" : "n", "st" : "", "dvt" : "Válido", "vap" : "0", "pvap" : "00.00" }, 
{ "seq" : "82", "sqcand" : "160000846474", "n" : "15229", "nm" : "ELIZIARIA CAMPOS", "cc" : "MDB", "nv" : " ", "e" : "n", "st" : "", "dvt" : "Válido", "vap" : "0", "pvap" : "00.00" }, 
{ "seq" : "213", "sqcand" : "160001231917", "n" : "43789", "nm" : "REIVALDO MINISTRO", "cc" : "PV", "nv" : " ", "e" : "n", "st" : "", "dvt" : "Válido", "vap" : "0", "pvap" : "00.00" }, 
{ "seq" : "157", "sqcand" : "160000679657", "n" : "17469", "nm" : "MARILI SOARES BOZINA", "cc" : "PSL", "nv" : " ", "e" : "n", "st" : "", "dvt" : "Válido", "vap" : "0", "pvap" : "00.00" }, 
{ "seq" : "179", "sqcand" : "160001264664", "n" : "20027", "nm" : "NOEL DANIEL", "cc" : "PSC", "nv" : " ", "e" : "n", "st" : "", "dvt" : "Válido", "vap" : "0", "pvap" : "00.00" }, 
{ "seq" : "184", "sqcand" : "160000679749", "n" : "25380", "nm" : "PASTOR DO MERCADO", "cc" : "DEM", "nv" : " ", "e" : "n", "st" : "", "dvt" : "Válido", "vap" : "0", "pvap" : "00.00" }, 
{ "seq" : "76", "sqcand" : "160000679646", "n" : "17456", "nm" : "EDU AQUILES", "cc" : "PSL", "nv" : " ", "e" : "n", "st" : "", "dvt" : "Válido", "vap" : "0", "pvap" : "00.00" }, 
{ "seq" : "43", "sqcand" : "160000679736", "n" : "22566", "nm" : "CHICO PEDREIRO", "cc" : "PL", "nv" : " ", "e" : "n", "st" : "", "dvt" : "Válido", "vap" : "0", "pvap" : "00.00" }, 
{ "seq" : "246", "sqcand" : "160001111254", "n" : "90789", "nm" : "TONHO VIOLA", "cc" : "PROS", "nv" : " ", "e" : "n", "st" : "", "dvt" : "Válido", "vap" : "0", "pvap" : "00.00" }, 
{ "seq" : "97", "sqcand" : "160000679637", "n" : "20222", "nm" : "GABRIELLA RICCI", "cc" : "PSC", "nv" : " ", "e" : "n", "st" : "", "dvt" : "Válido", "vap" : "0", "pvap" : "00.00" }, 
{ "seq" : "263", "sqcand" : "160001240961", "n" : "28013", "nm" : "WILSON GALLO", "cc" : "PRTB", "nv" : " ", "e" : "n", "st" : "", "dvt" : "Válido", "vap" : "0", "pvap" : "00.00" }, 
{ "seq" : "241", "sqcand" : "160001111246", "n" : "90266", "nm" : "TATI", "cc" : "PROS", "nv" : " ", "e" : "n", "st" : "", "dvt" : "Válido", "vap" : "0", "pvap" : "00.00" }, 
{ "seq" : "188", "sqcand" : "160000679734", "n" : "22555", "nm" : "PAULINHO BORO", "cc" : "PL", "nv" : " ", "e" : "n", "st" : "", "dvt" : "Válido", "vap" : "0", "pvap" : "00.00" }, 
{ "seq" : "178", "sqcand" : "160000679746", "n" : "25222", "nm" : "NICINHA MANICURE", "cc" : "DEM", "nv" : " ", "e" : "n", "st" : "", "dvt" : "Válido", "vap" : "0", "pvap" : "00.00" }, 
{ "seq" : "168", "sqcand" : "160000958124", "n" : "19123", "nm" : "MICHEL GUEDES", "cc" : "PODE", "nv" : " ", "e" : "n", "st" : "", "dvt" : "Válido", "vap" : "0", "pvap" : "00.00" }, 
{ "seq" : "214", "sqcand" : "160001111851", "n" : "36973", "nm" : "RENATO CONSTRUTOR", "cc" : "PTC", "nv" : " ", "e" : "n", "st" : "", "dvt" : "Anulado sub judice", "vap" : "0", "pvap" : "00.00" }, 
{ "seq" : "232", "sqcand" : "160000679750", "n" : "25555", "nm" : "SILMARA DO PLANO DE SAÚDE", "cc" : "DEM", "nv" : " ", "e" : "n", "st" : "", "dvt" : "Válido", "vap" : "0", "pvap" : "00.00" }, 
{ "seq" : "84", "sqcand" : "160000679769", "n" : "27333", "nm" : "EMERSON MAZARAO", "cc" : "DC", "nv" : " ", "e" : "n", "st" : "", "dvt" : "Válido", "vap" : "0", "pvap" : "00.00" }, 
{ "seq" : "245", "sqcand" : "160001111247", "n" : "90333", "nm" : "TICO DO BAR", "cc" : "PROS", "nv" : " ", "e" : "n", "st" : "", "dvt" : "Válido", "vap" : "0", "pvap" : "00.00" }, 
{ "seq" : "190", "sqcand" : "160001240952", "n" : "28777", "nm" : "PEDRO RONCON", "cc" : "PRTB", "nv" : " ", "e" : "n", "st" : "", "dvt" : "Válido", "vap" : "0", "pvap" : "00.00" }, 
{ "seq" : "197", "sqcand" : "160001111856", "n" : "36017", "nm" : "PROF JOAO PAULO", "cc" : "PTC", "nv" : " ", "e" : "n", "st" : "", "dvt" : "Válido", "vap" : "0", "pvap" : "00.00" }, 
{ "seq" : "19", "sqcand" : "160001231921", "n" : "43100", "nm" : "ARLINDINHO DA CRUZ", "cc" : "PV", "nv" : " ", "e" : "n", "st" : "", "dvt" : "Válido", "vap" : "0", "pvap" : "00.00" }, 
{ "seq" : "151", "sqcand" : "160000679725", "n" : "22580", "nm" : "MARCIO MOSQUETE", "cc" : "PL", "nv" : " ", "e" : "n", "st" : "", "dvt" : "Válido", "vap" : "0", "pvap" : "00.00" }, 
{ "seq" : "62", "sqcand" : "160000679941", "n" : "55678", "nm" : "DEVA MOTORISTA", "cc" : "PSD", "nv" : " ", "e" : "n", "st" : "", "dvt" : "Anulado sub judice", "vap" : "0", "pvap" : "00.00" }, 
{ "seq" : "108", "sqcand" : "160000679764", "n" : "27236", "nm" : "ITAMAR DO CANTINHO MINEIRO", "cc" : "DC", "nv" : " ", "e" : "n", "st" : "", "dvt" : "Válido", "vap" : "0", "pvap" : "00.00" }, 
{ "seq" : "261", "sqcand" : "160000958122", "n" : "19633", "nm" : "VLADIMIR ILYICH", "cc" : "PODE", "nv" : " ", "e" : "n", "st" : "", "dvt" : "Válido", "vap" : "0", "pvap" : "00.00" }, 
{ "seq" : "236", "sqcand" : "160001111241", "n" : "90190", "nm" : "SOLDADO ROSA", "cc" : "PROS", "nv" : " ", "e" : "n", "st" : "", "dvt" : "Anulado sub judice", "vap" : "0", "pvap" : "00.00" }, 
{ "seq" : "209", "sqcand" : "160001111251", "n" : "90180", "nm" : "PROFESSORA ROSANGELA", "cc" : "PROS", "nv" : " ", "e" : "n", "st" : "", "dvt" : "Válido", "vap" : "0", "pvap" : "00.00" }, 
{ "seq" : "21", "sqcand" : "160000679587", "n" : "14123", "nm" : "ARNALDO DO POVO", "cc" : "PTB", "nv" : " ", "e" : "n", "st" : "", "dvt" : "Válido", "vap" : "0", "pvap" : "00.00" }, 
{ "seq" : "195", "sqcand" : "160000958116", "n" : "19021", "nm" : "PRI MOLIPLAST", "cc" : "PODE", "nv" : " ", "e" : "n", "st" : "", "dvt" : "Válido", "vap" : "0", "pvap" : "00.00" }, 
{ "seq" : "171", "sqcand" : "160001111857", "n" : "36547", "nm" : "NEGÃO DO AR", "cc" : "PTC", "nv" : " ", "e" : "n", "st" : "", "dvt" : "Válido", "vap" : "0", "pvap" : "00.00" }, 
{ "seq" : "57", "sqcand" : "160001232757", "n" : "10234", "nm" : "DANIEL BISPO", "cc" : "REPUBLICANOS", "nv" : " ", "e" : "n", "st" : "", "dvt" : "Válido", "vap" : "0", "pvap" : "00.00" }, 
{ "seq" : "123", "sqcand" : "160001232762", "n" : "10145", "nm" : "JOSY MORAIS", "cc" : "REPUBLICANOS", "nv" : " ", "e" : "n", "st" : "", "dvt" : "Válido", "vap" : "0", "pvap" : "00.00" }, 
{ "seq" : "180", "sqcand" : "160000958121", "n" : "19125", "nm" : "OSVALDO PEDREIRO", "cc" : "PODE", "nv" : " ", "e" : "n", "st" : "", "dvt" : "Válido", "vap" : "0", "pvap" : "00.00" }, 
{ "seq" : "222", "sqcand" : "160000679728", "n" : "22265", "nm" : "ROMEU MOURA", "cc" : "PL", "nv" : " ", "e" : "n", "st" : "", "dvt" : "Válido", "vap" : "0", "pvap" : "00.00" }, 
{ "seq" : "249", "sqcand" : "160000679945", "n" : "55456", "nm" : "TOXINHA", "cc" : "PSD", "nv" : " ", "e" : "n", "st" : "", "dvt" : "Válido", "vap" : "0", "pvap" : "00.00" }, 
{ "seq" : "8", "sqcand" : "160000679593", "n" : "14604", "nm" : "AMANDA CRISTINA", "cc" : "PTB", "nv" : " ", "e" : "n", "st" : "", "dvt" : "Válido", "vap" : "0", "pvap" : "00.00" }, 
{ "seq" : "231", "sqcand" : "160000958114", "n" : "19777", "nm" : "SELMA BORGES", "cc" : "PODE", "nv" : " ", "e" : "n", "st" : "", "dvt" : "Válido", "vap" : "0", "pvap" : "00.00" }, 
{ "seq" : "33", "sqcand" : "160001111866", "n" : "36136", "nm" : "BETO BARBOSA", "cc" : "PTC", "nv" : " ", "e" : "n", "st" : "", "dvt" : "Válido", "vap" : "0", "pvap" : "00.00" }, 
{ "seq" : "250", "sqcand" : "160000679649", "n" : "17776", "nm" : "TURATTI", "cc" : "PSL", "nv" : " ", "e" : "n", "st" : "", "dvt" : "Válido", "vap" : "0", "pvap" : "00.00" }, 
{ "seq" : "113", "sqcand" : "160000679737", "n" : "22464", "nm" : "JESSICA ASSIS", "cc" : "PL", "nv" : " ", "e" : "n", "st" : "", "dvt" : "Válido", "vap" : "0", "pvap" : "00.00" }, 
{ "seq" : "189", "sqcand" : "160000679596", "n" : "14567", "nm" : "PEDRÃO BORRASCA", "cc" : "PTB", "nv" : " ", "e" : "n", "st" : "", "dvt" : "Válido", "vap" : "0", "pvap" : "00.00" }, 
{ "seq" : "255", "sqcand" : "160001231909", "n" : "43800", "nm" : "VALDINEIA", "cc" : "PV", "nv" : " ", "e" : "n", "st" : "", "dvt" : "Válido", "vap" : "0", "pvap" : "00.00" }, 
{ "seq" : "128", "sqcand" : "160001232763", "n" : "10122", "nm" : "LÁZARO MARTINS", "cc" : "REPUBLICANOS", "nv" : " ", "e" : "n", "st" : "", "dvt" : "Válido", "vap" : "0", "pvap" : "00.00" }, 
{ "seq" : "257", "sqcand" : "160001240969", "n" : "28417", "nm" : "VALDIR DA VIDRAÇARIA", "cc" : "PRTB", "nv" : " ", "e" : "n", "st" : "", "dvt" : "Válido", "vap" : "0", "pvap" : "00.00" }, 
{ "seq" : "32", "sqcand" : "160000679594", "n" : "14180", "nm" : "BETH", "cc" : "PTB", "nv" : " ", "e" : "n", "st" : "", "dvt" : "Válido", "vap" : "0", "pvap" : "00.00" }, 
{ "seq" : "251", "sqcand" : "160000679773", "n" : "27212", "nm" : "VAL CAMPOS", "cc" : "DC", "nv" : " ", "e" : "n", "st" : "", "dvt" : "Válido", "vap" : "0", "pvap" : "00.00" }, 
{ "seq" : "247", "sqcand" : "160000679732", "n" : "22022", "nm" : "TONINHO DA AMBULÂNCIA", "cc" : "PL", "nv" : " ", "e" : "n", "st" : "", "dvt" : "Válido", "vap" : "0", "pvap" : "00.00" }, 
{ "seq" : "101", "sqcand" : "160000679760", "n" : "25333", "nm" : "GUARACI DO CALDO DE CANA", "cc" : "DEM", "nv" : " ", "e" : "n", "st" : "", "dvt" : "Válido", "vap" : "0", "pvap" : "00.00" }, 
{ "seq" : "89", "sqcand" : "160000679939", "n" : "55233", "nm" : "FABIO PAGANINI", "cc" : "PSD", "nv" : " ", "e" : "n", "st" : "", "dvt" : "Válido", "vap" : "0", "pvap" : "00.00" }, 
{ "seq" : "39", "sqcand" : "160000846470", "n" : "15456", "nm" : "CALDEIRA DO BAR", "cc" : "MDB", "nv" : " ", "e" : "n", "st" : "", "dvt" : "Válido", "vap" : "0", "pvap" : "00.00" }, 
{ "seq" : "204", "sqcand" : "160000846469", "n" : "15015", "nm" : "PROFESSOR FLORISVALDO SEMEÃO", "cc" : "MDB", "nv" : " ", "e" : "n", "st" : "", "dvt" : "Válido", "vap" : "0", "pvap" : "00.00" }, 
{ "seq" : "54", "sqcand" : "160000679599", "n" : "14910", "nm" : "CORINTHIANO", "cc" : "PTB", "nv" : " ", "e" : "n", "st" : "", "dvt" : "Anulado sub judice", "vap" : "0", "pvap" : "00.00" }, 
{ "seq" : "61", "sqcand" : "160001231926", "n" : "43043", "nm" : "DEMI", "cc" : "PV", "nv" : " ", "e" : "n", "st" : "", "dvt" : "Válido", "vap" : "0", "pvap" : "00.00" }, 
{ "seq" : "131", "sqcand" : "160000679724", "n" : "22123", "nm" : "LEANDRO PEREIRA", "cc" : "PL", "nv" : " ", "e" : "n", "st" : "", "dvt" : "Válido", "vap" : "0", "pvap" : "00.00" }, 
{ "seq" : "215", "sqcand" : "160001111859", "n" : "36636", "nm" : "RENATO MARCHI", "cc" : "PTC", "nv" : " ", "e" : "n", "st" : "", "dvt" : "Válido", "vap" : "0", "pvap" : "00.00" }, 
{ "seq" : "69", "sqcand" : "160001240965", "n" : "28333", "nm" : "DR. FERNANDO OLIVEIRA", "cc" : "PRTB", "nv" : " ", "e" : "n", "st" : "", "dvt" : "Válido", "vap" : "0", "pvap" : "00.00" }, 
{ "seq" : "105", "sqcand" : "160000679654", "n" : "17753", "nm" : "ILSON LINGUIÇA", "cc" : "PSL", "nv" : " ", "e" : "n", "st" : "", "dvt" : "Válido", "vap" : "0", "pvap" : "00.00" }, 
{ "seq" : "114", "sqcand" : "160001231916", "n" : "43222", "nm" : "JOÃO DO GÁS", "cc" : "PV", "nv" : " ", "e" : "n", "st" : "", "dvt" : "Válido", "vap" : "0", "pvap" : "00.00" }, 
{ "seq" : "60", "sqcand" : "160000958118", "n" : "19119", "nm" : "DÉCIO ROSANELLI", "cc" : "PODE", "nv" : " ", "e" : "n", "st" : "", "dvt" : "Válido", "vap" : "0", "pvap" : "00.00" }, 
{ "seq" : "167", "sqcand" : "160001240968", "n" : "28500", "nm" : "MEIRY FARIAS", "cc" : "PRTB", "nv" : " ", "e" : "n", "st" : "", "dvt" : "Válido", "vap" : "0", "pvap" : "00.00" }, 
{ "seq" : "46", "sqcand" : "160000679949", "n" : "55800", "nm" : "CIDINHA DA SAUDE", "cc" : "PSD", "nv" : " ", "e" : "n", "st" : "", "dvt" : "Válido", "vap" : "0", "pvap" : "00.00" }, 
{ "seq" : "210", "sqcand" : "160000679633", "n" : "20122", "nm" : "PROFESSORA SILVANA MOLINA", "cc" : "PSC", "nv" : " ", "e" : "n", "st" : "", "dvt" : "Válido", "vap" : "0", "pvap" : "00.00" }, 
{ "seq" : "10", "sqcand" : "160000845980", "n" : "13123", "nm" : "ANA FLÁVIA", "cc" : "PT", "nv" : " ", "e" : "n", "st" : "", "dvt" : "Válido", "vap" : "0", "pvap" : "00.00" }, 
{ "seq" : "221", "sqcand" : "160001232764", "n" : "10111", "nm" : "ROGÉRIO ANDORINHA", "cc" : "REPUBLICANOS", "nv" : " ", "e" : "n", "st" : "", "dvt" : "Válido", "vap" : "0", "pvap" : "00.00" }, 
{ "seq" : "176", "sqcand" : "160000958115", "n" : "19015", "nm" : "NENO HATUMURA", "cc" : "PODE", "nv" : " ", "e" : "n", "st" : "", "dvt" : "Válido", "vap" : "0", "pvap" : "00.00" }, 
{ "seq" : "35", "sqcand" : "160000679747", "n" : "25525", "nm" : "BILLI JHOLL", "cc" : "DEM", "nv" : " ", "e" : "n", "st" : "", "dvt" : "Anulado sub judice", "vap" : "0", "pvap" : "00.00" }, 
{ "seq" : "237", "sqcand" : "160001111869", "n" : "36036", "nm" : "SONIA CORRETORA", "cc" : "PTC", "nv" : " ", "e" : "n", "st" : "", "dvt" : "Válido", "vap" : "0", "pvap" : "00.00" }, 
{ "seq" : "135", "sqcand" : "160000679584", "n" : "14020", "nm" : "LU GASPARINI", "cc" : "PTB", "nv" : " ", "e" : "n", "st" : "", "dvt" : "Válido", "vap" : "0", "pvap" : "00.00" }, 
{ "seq" : "16", "sqcand" : "160000679650", "n" : "17290", "nm" : "ANIBAL DA ESPETARIA", "cc" : "PSL", "nv" : " ", "e" : "n", "st" : "", "dvt" : "Válido", "vap" : "0", "pvap" : "00.00" }, 
{ "seq" : "243", "sqcand" : "160001231918", "n" : "43777", "nm" : "THAIS RODRIGUES", "cc" : "PV", "nv" : " ", "e" : "n", "st" : "", "dvt" : "Válido", "vap" : "0", "pvap" : "00.00" }, 
{ "seq" : "182", "sqcand" : "160000679755", "n" : "25190", "nm" : "PARDINI", "cc" : "DEM", "nv" : " ", "e" : "n", "st" : "", "dvt" : "Válido", "vap" : "0", "pvap" : "00.00" }, 
{ "seq" : "88", "sqcand" : "160000679588", "n" : "14555", "nm" : "EVERTON PAULO", "cc" : "PTB", "nv" : " ", "e" : "n", "st" : "", "dvt" : "Válido", "vap" : "0", "pvap" : "00.00" }, 
{ "seq" : "126", "sqcand" : "160000679776", "n" : "27027", "nm" : "KARINA DA STOP", "cc" : "DC", "nv" : " ", "e" : "n", "st" : "", "dvt" : "Válido", "vap" : "0", "pvap" : "00.00" }, 
{ "seq" : "140", "sqcand" : "160000845981", "n" : "13777", "nm" : "LUIZ ANTONIO BATERA", "cc" : "PT", "nv" : " ", "e" : "n", "st" : "", "dvt" : "Válido", "vap" : "0", "pvap" : "00.00" }, 
{ "seq" : "159", "sqcand" : "160001245668", "n" : "22622", "nm" : "MARINGÁ", "cc" : "PL", "nv" : " ", "e" : "n", "st" : "", "dvt" : "Anulado sub judice", "vap" : "0", "pvap" : "00.00" }, 
{ "seq" : "256", "sqcand" : "160000679781", "n" : "27777", "nm" : "VALDIR BELTRAMI", "cc" : "DC", "nv" : " ", "e" : "n", "st" : "", "dvt" : "Válido", "vap" : "0", "pvap" : "00.00" }, 
{ "seq" : "267", "sqcand" : "160000679722", "n" : "22333", "nm" : "ZEU O ROMÁRIO DA PINTURA", "cc" : "PL", "nv" : " ", "e" : "n", "st" : "", "dvt" : "Válido", "vap" : "0", "pvap" : "00.00" }, 
{ "seq" : "217", "sqcand" : "160001232755", "n" : "10007", "nm" : "RICARDO BOTELHO EDMOTA", "cc" : "REPUBLICANOS", "nv" : " ", "e" : "n", "st" : "", "dvt" : "Válido", "vap" : "0", "pvap" : "00.00" }, 
{ "seq" : "220", "sqcand" : "160000679951", "n" : "55755", "nm" : "RODRIGO DOURADO", "cc" : "PSD", "nv" : " ", "e" : "n", "st" : "", "dvt" : "Válido", "vap" : "0", "pvap" : "00.00" }, 
{ "seq" : "258", "sqcand" : "160000679952", "n" : "55001", "nm" : "VALQUIRIA AGUIAR", "cc" : "PSD", "nv" : " ", "e" : "n", "st" : "", "dvt" : "Válido", "vap" : "0", "pvap" : "00.00" }, 
{ "seq" : "74", "sqcand" : "160001231923", "n" : "43123", "nm" : "ÉDIO OLIVEIRA", "cc" : "PV", "nv" : " ", "e" : "n", "st" : "", "dvt" : "Válido", "vap" : "0", "pvap" : "00.00" }, 
{ "seq" : "162", "sqcand" : "160000679703", "n" : "12012", "nm" : "MARLENE PIO", "cc" : "PDT", "nv" : " ", "e" : "n", "st" : "", "dvt" : "Válido", "vap" : "0", "pvap" : "00.00" }, 
{ "seq" : "164", "sqcand" : "160000679595", "n" : "14789", "nm" : "MATHEUS HENRIQUE DE OLIVEIRA", "cc" : "PTB", "nv" : " ", "e" : "n", "st" : "", "dvt" : "Válido", "vap" : "0", "pvap" : "00.00" }, 
{ "seq" : "137", "sqcand" : "160000679636", "n" : "20620", "nm" : "LUCAS SEGURANÇA", "cc" : "PSC", "nv" : " ", "e" : "n", "st" : "", "dvt" : "Válido", "vap" : "0", "pvap" : "00.00" }, 
{ "seq" : "117", "sqcand" : "160000679946", "n" : "55555", "nm" : "JOAO VITOR SALES", "cc" : "PSD", "nv" : " ", "e" : "n", "st" : "", "dvt" : "Válido", "vap" : "0", "pvap" : "00.00" }, 
{ "seq" : "15", "sqcand" : "160000679955", "n" : "55222", "nm" : "ANDRESSA CANTORA", "cc" : "PSD", "nv" : " ", "e" : "n", "st" : "", "dvt" : "Válido", "vap" : "0", "pvap" : "00.00" }, 
{ "seq" : "244", "sqcand" : "160000958125", "n" : "19147", "nm" : "TIA EUGENIA", "cc" : "PODE", "nv" : " ", "e" : "n", "st" : "", "dvt" : "Válido", "vap" : "0", "pvap" : "00.00" }, 
{ "seq" : "149", "sqcand" : "160001263689", "n" : "43567", "nm" : "MARCELO PRONY", "cc" : "PV", "nv" : " ", "e" : "n", "st" : "", "dvt" : "Válido", "vap" : "0", "pvap" : "00.00" }, 
{ "seq" : "216", "sqcand" : "160000679738", "n" : "22456", "nm" : "RIBEIRO", "cc" : "PL", "nv" : " ", "e" : "n", "st" : "", "dvt" : "Anulado sub judice", "vap" : "0", "pvap" : "00.00" }, 
{ "seq" : "86", "sqcand" : "160000679586", "n" : "14111", "nm" : "EVANDRO ZORZELA", "cc" : "PTB", "nv" : " ", "e" : "n", "st" : "", "dvt" : "Válido", "vap" : "0", "pvap" : "00.00" }, 
{ "seq" : "120", "sqcand" : "160000958107", "n" : "19500", "nm" : "JOSEMAR DISK ENTREGAS", "cc" : "PODE", "nv" : " ", "e" : "n", "st" : "", "dvt" : "Válido", "vap" : "0", "pvap" : "00.00" }, 
{ "seq" : "80", "sqcand" : "160001231915", "n" : "43666", "nm" : "ELIANE FEREIRA", "cc" : "PV", "nv" : " ", "e" : "n", "st" : "", "dvt" : "Válido", "vap" : "0", "pvap" : "00.00" }, 
{ "seq" : "130", "sqcand" : "160000679783", "n" : "27037", "nm" : "LEANDRO DO  BAR", "cc" : "DC", "nv" : " ", "e" : "n", "st" : "", "dvt" : "Válido", "vap" : "0", "pvap" : "00.00" }, 
{ "seq" : "50", "sqcand" : "160000846477", "n" : "15233", "nm" : "CLAUDEMIR INSTRUTOR", "cc" : "MDB", "nv" : " ", "e" : "n", "st" : "", "dvt" : "Válido", "vap" : "0", "pvap" : "00.00" }, 
{ "seq" : "194", "sqcand" : "160001111250", "n" : "90123", "nm" : "POTINHA", "cc" : "PROS", "nv" : " ", "e" : "n", "st" : "", "dvt" : "Válido", "vap" : "0", "pvap" : "00.00" }, 
{ "seq" : "170", "sqcand" : "160000958120", "n" : "19019", "nm" : "MISSIONÁRIO MARCELO FOGAÇA", "cc" : "PODE", "nv" : " ", "e" : "n", "st" : "", "dvt" : "Válido", "vap" : "0", "pvap" : "00.00" }, 
{ "seq" : "103", "sqcand" : "160000679639", "n" : "20099", "nm" : "HELDER PERES", "cc" : "PSC", "nv" : " ", "e" : "n", "st" : "", "dvt" : "Válido", "vap" : "0", "pvap" : "00.00" }, 
{ "seq" : "115", "sqcand" : "160000679730", "n" : "22614", "nm" : "JOÃO RATO", "cc" : "PL", "nv" : " ", "e" : "n", "st" : "", "dvt" : "Válido", "vap" : "0", "pvap" : "00.00" }, 
{ "seq" : "152", "sqcand" : "160000679935", "n" : "55133", "nm" : "MARCIO NICKE", "cc" : "PSD", "nv" : " ", "e" : "n", "st" : "", "dvt" : "Válido", "vap" : "0", "pvap" : "00.00" }, 
{ "seq" : "96", "sqcand" : "160001111256", "n" : "90192", "nm" : "FLAVINHA SILVA", "cc" : "PROS", "nv" : " ", "e" : "n", "st" : "", "dvt" : "Válido", "vap" : "0", "pvap" : "00.00" }, 
{ "seq" : "174", "sqcand" : "160001240955", "n" : "28388", "nm" : "NELMA DO &quot;ALTO COQUEIRAL&quot;", "cc" : "PRTB", "nv" : " ", "e" : "n", "st" : "", "dvt" : "Válido", "vap" : "0", "pvap" : "00.00" }, 
{ "seq" : "27", "sqcand" : "160000679762", "n" : "27888", "nm" : "BATATA DA CHARMY", "cc" : "DC", "nv" : " ", "e" : "n", "st" : "", "dvt" : "Válido", "vap" : "0", "pvap" : "00.00" }, 
{ "seq" : "141", "sqcand" : "160000679767", "n" : "27017", "nm" : "LUIZ COM Z", "cc" : "DC", "nv" : " ", "e" : "n", "st" : "", "dvt" : "Anulado sub judice", "vap" : "0", "pvap" : "00.00" }, 
{ "seq" : "53", "sqcand" : "160001240964", "n" : "28028", "nm" : "CLEIDE BISCA", "cc" : "PRTB", "nv" : " ", "e" : "n", "st" : "", "dvt" : "Válido", "vap" : "0", "pvap" : "00.00" }, 
{ "seq" : "144", "sqcand" : "160000679630", "n" : "20020", "nm" : "MAICOM BORRACHEIRO", "cc" : "PSC", "nv" : " ", "e" : "n", "st" : "", "dvt" : "Válido", "vap" : "0", "pvap" : "00.00" }, 
{ "seq" : "239", "sqcand" : "160000679757", "n" : "25678", "nm" : "SOUZA", "cc" : "DEM", "nv" : " ", "e" : "n", "st" : "", "dvt" : "Válido", "vap" : "0", "pvap" : "00.00" }, 
{ "seq" : "207", "sqcand" : "160000958112", "n" : "19999", "nm" : "PROFESSORA CLAUDIA MADRONA", "cc" : "PODE", "nv" : " ", "e" : "n", "st" : "", "dvt" : "Válido", "vap" : "0", "pvap" : "00.00" }, 
{ "seq" : "64", "sqcand" : "160001231924", "n" : "43369", "nm" : "DONI", "cc" : "PV", "nv" : " ", "e" : "n", "st" : "", "dvt" : "Válido", "vap" : "0", "pvap" : "00.00" }, 
{ "seq" : "129", "sqcand" : "160000679638", "n" : "20888", "nm" : "LEANDRO BARBEIRO", "cc" : "PSC", "nv" : " ", "e" : "n", "st" : "", "dvt" : "Válido", "vap" : "0", "pvap" : "00.00" }, 
{ "seq" : "160", "sqcand" : "160001231919", "n" : "43300", "nm" : "MARISA SANTOS", "cc" : "PV", "nv" : " ", "e" : "n", "st" : "", "dvt" : "Válido", "vap" : "0", "pvap" : "00.00" }, 
{ "seq" : "13", "sqcand" : "160001240966", "n" : "28070", "nm" : "ANDERSON CIANFA", "cc" : "PRTB", "nv" : " ", "e" : "n", "st" : "", "dvt" : "Válido", "vap" : "0", "pvap" : "00.00" }, 
{ "seq" : "156", "sqcand" : "160000679658", "n" : "17553", "nm" : "MARILENE MOURA", "cc" : "PSL", "nv" : " ", "e" : "n", "st" : "", "dvt" : "Válido", "vap" : "0", "pvap" : "00.00" }, 
{ "seq" : "203", "sqcand" : "160001231913", "n" : "43031", "nm" : "PROFESSOR ALEX OLIVEIRA", "cc" : "PV", "nv" : " ", "e" : "n", "st" : "", "dvt" : "Válido", "vap" : "0", "pvap" : "00.00" }, 
{ "seq" : "47", "sqcand" : "160000679743", "n" : "25045", "nm" : "CIDO BIGORNA", "cc" : "DEM", "nv" : " ", "e" : "n", "st" : "", "dvt" : "Válido", "vap" : "0", "pvap" : "00.00" }, 
{ "seq" : "148", "sqcand" : "160000679659", "n" : "17533", "nm" : "MARCELO ARGOLO ZAZU", "cc" : "PSL", "nv" : " ", "e" : "n", "st" : "", "dvt" : "Válido", "vap" : "0", "pvap" : "00.00" }, 
{ "seq" : "235", "sqcand" : "160000679627", "n" : "20193", "nm" : "SIRLEY DO RAIO X", "cc" : "PSC", "nv" : " ", "e" : "n", "st" : "", "dvt" : "Válido", "vap" : "0", "pvap" : "00.00" }, 
{ "seq" : "193", "sqcand" : "160000846465", "n" : "15111", "nm" : "POLACO DO BAR", "cc" : "MDB", "nv" : " ", "e" : "n", "st" : "", "dvt" : "Válido", "vap" : "0", "pvap" : "00.00" }, 
{ "seq" : "95", "sqcand" : "160001111867", "n" : "36666", "nm" : "FERNANDO PRESENTES", "cc" : "PTC", "nv" : " ", "e" : "n", "st" : "", "dvt" : "Válido", "vap" : "0", "pvap" : "00.00" }, 
{ "seq" : "72", "sqcand" : "160001111243", "n" : "90999", "nm" : "EDER DA FEIRA BAIANINHO", "cc" : "PROS", "nv" : " ", "e" : "n", "st" : "", "dvt" : "Válido", "vap" : "0", "pvap" : "00.00" }, 
{ "seq" : "42", "sqcand" : "160000679624", "n" : "20120", "nm" : "CECÉU", "cc" : "PSC", "nv" : " ", "e" : "n", "st" : "", "dvt" : "Válido", "vap" : "0", "pvap" : "00.00" }, 
{ "seq" : "169", "sqcand" : "160000679631", "n" : "20456", "nm" : "MIGUEL MESSIAS", "cc" : "PSC", "nv" : " ", "e" : "n", "st" : "", "dvt" : "Válido", "vap" : "0", "pvap" : "00.00" }, 
{ "seq" : "147", "sqcand" : "160000679780", "n" : "27123", "nm" : "MARCELÃO DA ZONA SUL", "cc" : "DC", "nv" : " ", "e" : "n", "st" : "", "dvt" : "Válido", "vap" : "0", "pvap" : "00.00" }, 
{ "seq" : "104", "sqcand" : "160000958113", "n" : "19133", "nm" : "HENRIQUE FERNANDO", "cc" : "PODE", "nv" : " ", "e" : "n", "st" : "", "dvt" : "Válido", "vap" : "0", "pvap" : "00.00" }, 
{ "seq" : "70", "sqcand" : "160000679957", "n" : "55145", "nm" : "DR RUBENS OLIVEIRA", "cc" : "PSD", "nv" : " ", "e" : "n", "st" : "", "dvt" : "Válido", "vap" : "0", "pvap" : "00.00" }, 
{ "seq" : "259", "sqcand" : "160000846472", "n" : "15129", "nm" : "VALTER DA ELETRÔNICA", "cc" : "MDB", "nv" : " ", "e" : "n", "st" : "", "dvt" : "Válido", "vap" : "0", "pvap" : "00.00" }, 
{ "seq" : "56", "sqcand" : "160000679953", "n" : "55633", "nm" : "COXINHA OSVALDO SIMOES DE MELO", "cc" : "PSD", "nv" : " ", "e" : "n", "st" : "", "dvt" : "Anulado sub judice", "vap" : "0", "pvap" : "00.00" }, 
{ "seq" : "58", "sqcand" : "160001111257", "n" : "90007", "nm" : "DANY BARROS", "cc" : "PROS", "nv" : " ", "e" : "n", "st" : "", "dvt" : "Válido", "vap" : "0", "pvap" : "00.00" }, 
{ "seq" : "63", "sqcand" : "160000679775", "n" : "27001", "nm" : "DIDI DO GAS", "cc" : "DC", "nv" : " ", "e" : "n", "st" : "", "dvt" : "Válido", "vap" : "0", "pvap" : "00.00" }, 
{ "seq" : "146", "sqcand" : "160000679592", "n" : "14777", "nm" : "MANINHO", "cc" : "PTB", "nv" : " ", "e" : "n", "st" : "", "dvt" : "Válido", "vap" : "0", "pvap" : "00.00" }, 
{ "seq" : "226", "sqcand" : "160000846466", "n" : "15326", "nm" : "ROSINEIA TEIXEIRA", "cc" : "MDB", "nv" : " ", "e" : "n", "st" : "", "dvt" : "Válido", "vap" : "0", "pvap" : "00.00" }, 
{ "seq" : "199", "sqcand" : "160000679591", "n" : "14000", "nm" : "PROFª TEREZA MALDONADO", "cc" : "PTB", "nv" : " ", "e" : "n", "st" : "", "dvt" : "Válido", "vap" : "0", "pvap" : "00.00" }, 
{ "seq" : "181", "sqcand" : "160000679727", "n" : "22523", "nm" : "PAMELA LOPES", "cc" : "PL", "nv" : " ", "e" : "n", "st" : "", "dvt" : "Válido", "vap" : "0", "pvap" : "00.00" }, 
{ "seq" : "205", "sqcand" : "160000679771", "n" : "27555", "nm" : "PROFESSOR MARCELO", "cc" : "DC", "nv" : " ", "e" : "n", "st" : "", "dvt" : "Válido", "vap" : "0", "pvap" : "00.00" }, 
{ "seq" : "59", "sqcand" : "160001111868", "n" : "36123", "nm" : "DAYANA", "cc" : "PTC", "nv" : " ", "e" : "n", "st" : "", "dvt" : "Válido", "vap" : "0", "pvap" : "00.00" }, 
{ "seq" : "201", "sqcand" : "160001232753", "n" : "10133", "nm" : "PROFA. ALESSANDRA FÁVARO", "cc" : "REPUBLICANOS", "nv" : " ", "e" : "n", "st" : "", "dvt" : "Válido", "vap" : "0", "pvap" : "00.00" }, 
{ "seq" : "186", "sqcand" : "160000958109", "n" : "19024", "nm" : "PATY COSTA", "cc" : "PODE", "nv" : " ", "e" : "n", "st" : "", "dvt" : "Válido", "vap" : "0", "pvap" : "00.00" }, 
{ "seq" : "172", "sqcand" : "160000679778", "n" : "27999", "nm" : "NEI M.A. MOTO AMIGOS", "cc" : "DC", "nv" : " ", "e" : "n", "st" : "", "dvt" : "Válido", "vap" : "0", "pvap" : "00.00" }, 
{ "seq" : "233", "sqcand" : "160000679754", "n" : "25123", "nm" : "SILVANO SANTOS", "cc" : "DEM", "nv" : " ", "e" : "n", "st" : "", "dvt" : "Válido", "vap" : "0", "pvap" : "00.00" }, 
{ "seq" : "51", "sqcand" : "160001232758", "n" : "10001", "nm" : "CLAUDIA LENS", "cc" : "REPUBLICANOS", "nv" : " ", "e" : "n", "st" : "", "dvt" : "Válido", "vap" : "0", "pvap" : "00.00" }, 
{ "seq" : "225", "sqcand" : "160000679766", "n" : "27281", "nm" : "ROSELI DOS DEFICIENTES", "cc" : "DC", "nv" : " ", "e" : "n", "st" : "", "dvt" : "Válido", "vap" : "0", "pvap" : "00.00" }, 
{ "seq" : "90", "sqcand" : "160001231927", "n" : "43210", "nm" : "FABIO PEREIRA", "cc" : "PV", "nv" : " ", "e" : "n", "st" : "", "dvt" : "Válido", "vap" : "0", "pvap" : "00.00" }, 
{ "seq" : "127", "sqcand" : "160001232759", "n" : "10966", "nm" : "LAIR CIANFA BARBEIRO", "cc" : "REPUBLICANOS", "nv" : " ", "e" : "n", "st" : "", "dvt" : "Válido", "vap" : "0", "pvap" : "00.00" }, 
{ "seq" : "143", "sqcand" : "160000679598", "n" : "14144", "nm" : "MAGALI CESTARI", "cc" : "PTB", "nv" : " ", "e" : "n", "st" : "", "dvt" : "Válido", "vap" : "0", "pvap" : "00.00" }, 
{ "seq" : "111", "sqcand" : "160001111249", "n" : "90055", "nm" : "JAIR HODAS", "cc" : "PROS", "nv" : " ", "e" : "n", "st" : "", "dvt" : "Válido", "vap" : "0", "pvap" : "00.00" }, 
{ "seq" : "25", "sqcand" : "160000679752", "n" : "25000", "nm" : "BARBOSA", "cc" : "DEM", "nv" : " ", "e" : "n", "st" : "", "dvt" : "Anulado sub judice", "vap" : "0", "pvap" : "00.00" }, 
{ "seq" : "161", "sqcand" : "160001240959", "n" : "28888", "nm" : "MÁRJORI", "cc" : "PRTB", "nv" : " ", "e" : "n", "st" : "", "dvt" : "Válido", "vap" : "0", "pvap" : "00.00" }, 
{ "seq" : "185", "sqcand" : "160001231912", "n" : "43200", "nm" : "PATRÍCIA SILVA", "cc" : "PV", "nv" : " ", "e" : "n", "st" : "", "dvt" : "Válido", "vap" : "0", "pvap" : "00.00" }, 
{ "seq" : "116", "sqcand" : "160000679635", "n" : "20889", "nm" : "JOÃO VITOR DA RÁDIO", "cc" : "PSC", "nv" : " ", "e" : "n", "st" : "", "dvt" : "Válido", "vap" : "0", "pvap" : "00.00" }, 
{ "seq" : "219", "sqcand" : "160001232761", "n" : "10123", "nm" : "RODRIGO DE DEUS", "cc" : "REPUBLICANOS", "nv" : " ", "e" : "n", "st" : "", "dvt" : "Válido", "vap" : "0", "pvap" : "00.00" }, 
{ "seq" : "52", "sqcand" : "160000679744", "n" : "25111", "nm" : "CLAUDINHA", "cc" : "DEM", "nv" : " ", "e" : "n", "st" : "", "dvt" : "Válido", "vap" : "0", "pvap" : "00.00" }, 
{ "seq" : "133", "sqcand" : "160000679641", "n" : "20150", "nm" : "LEVI DO HANDEBOL", "cc" : "PSC", "nv" : " ", "e" : "n", "st" : "", "dvt" : "Válido", "vap" : "0", "pvap" : "00.00" }, 
{ "seq" : "187", "sqcand" : "160001231928", "n" : "43000", "nm" : "PAULÃO ROCK AND ROLL", "cc" : "PV", "nv" : " ", "e" : "n", "st" : "", "dvt" : "Válido", "vap" : "0", "pvap" : "00.00" }, 
{ "seq" : "4", "sqcand" : "160000679937", "n" : "55000", "nm" : "AGNELSON GALASSI", "cc" : "PSD", "nv" : " ", "e" : "n", "st" : "", "dvt" : "Válido", "vap" : "0", "pvap" : "00.00" }, 
{ "seq" : "14", "sqcand" : "160000958110", "n" : "19444", "nm" : "ANDERSON SILVA", "cc" : "PODE", "nv" : " ", "e" : "n", "st" : "", "dvt" : "Válido", "vap" : "0", "pvap" : "00.00" }, 
{ "seq" : "163", "sqcand" : "160000679629", "n" : "20520", "nm" : "MARTA PILATTI", "cc" : "PSC", "nv" : " ", "e" : "n", "st" : "", "dvt" : "Válido", "vap" : "0", "pvap" : "00.00" }, 
{ "seq" : "227", "sqcand" : "160000679742", "n" : "25025", "nm" : "RUBÃO", "cc" : "DEM", "nv" : " ", "e" : "n", "st" : "", "dvt" : "Válido", "vap" : "0", "pvap" : "00.00" }, 
{ "seq" : "23", "sqcand" : "160000846464", "n" : "15555", "nm" : "BAIANO PONTO PÉ QUENTE", "cc" : "MDB", "nv" : " ", "e" : "n", "st" : "", "dvt" : "Válido", "vap" : "0", "pvap" : "00.00" }, 
{ "seq" : "265", "sqcand" : "160000679585", "n" : "14014", "nm" : "ZÉ MARIA", "cc" : "PTB", "nv" : " ", "e" : "n", "st" : "", "dvt" : "Válido", "vap" : "0", "pvap" : "00.00" }, 
{ "seq" : "75", "sqcand" : "160000679626", "n" : "20000", "nm" : "EDIVALDO ZARAMELLA", "cc" : "PSC", "nv" : " ", "e" : "n", "st" : "", "dvt" : "Válido", "vap" : "0", "pvap" : "00.00" }, 
{ "seq" : "165", "sqcand" : "160001111863", "n" : "36333", "nm" : "MATHEUS RODRIGUES DALLA LASTRA", "cc" : "PTC", "nv" : " ", "e" : "n", "st" : "", "dvt" : "Válido", "vap" : "0", "pvap" : "00.00" }, 
{ "seq" : "208", "sqcand" : "160000958266", "n" : "23012", "nm" : "PROFESSORA IZA DO ARQUIMEDES", "cc" : "CIDADANIA", "nv" : " ", "e" : "n", "st" : "", "dvt" : "Válido", "vap" : "0", "pvap" : "00.00" }, 
{ "seq" : "229", "sqcand" : "160001232752", "n" : "10155", "nm" : "SANDRA KIKIKIUUU", "cc" : "REPUBLICANOS", "nv" : " ", "e" : "n", "st" : "", "dvt" : "Válido", "vap" : "0", "pvap" : "00.00" }, 
{ "seq" : "211", "sqcand" : "160001111244", "n" : "90090", "nm" : "RAFAEL PRADO", "cc" : "PROS", "nv" : " ", "e" : "n", "st" : "", "dvt" : "Válido", "vap" : "0", "pvap" : "00.00" }, 
{ "seq" : "254", "sqcand" : "160000679756", "n" : "25115", "nm" : "VALDECIR TUDINO", "cc" : "DEM", "nv" : " ", "e" : "n", "st" : "", "dvt" : "Válido", "vap" : "0", "pvap" : "00.00" }, 
{ "seq" : "248", "sqcand" : "160000679642", "n" : "20147", "nm" : "TONINHO DA SAÚDE", "cc" : "PSC", "nv" : " ", "e" : "n", "st" : "", "dvt" : "Válido", "vap" : "0", "pvap" : "00.00" }, 
{ "seq" : "112", "sqcand" : "160000679647", "n" : "17971", "nm" : "JAPONÊS", "cc" : "PSL", "nv" : " ", "e" : "n", "st" : "", "dvt" : "Válido", "vap" : "0", "pvap" : "00.00" }, 
{ "seq" : "30", "sqcand" : "160000679640", "n" : "20216", "nm" : "BENTINHO LOPES", "cc" : "PSC", "nv" : " ", "e" : "n", "st" : "", "dvt" : "Válido", "vap" : "0", "pvap" : "00.00" }, 
{ "seq" : "44", "sqcand" : "160000679940", "n" : "55010", "nm" : "CHIQUINHO DO BAZAR", "cc" : "PSD", "nv" : " ", "e" : "n", "st" : "", "dvt" : "Válido", "vap" : "0", "pvap" : "00.00" }, 
{ "seq" : "132", "sqcand" : "160000679590", "n" : "14222", "nm" : "LEO PAMONHEIRO", "cc" : "PTB", "nv" : " ", "e" : "n", "st" : "", "dvt" : "Válido", "vap" : "0", "pvap" : "00.00" }, 
{ "seq" : "38", "sqcand" : "160001240957", "n" : "28191", "nm" : "CABO JOSIAS", "cc" : "PRTB", "nv" : " ", "e" : "n", "st" : "", "dvt" : "Válido", "vap" : "0", "pvap" : "00.00" }, 
{ "seq" : "154", "sqcand" : "160000679943", "n" : "55777", "nm" : "MARCO AVILA", "cc" : "PSD", "nv" : " ", "e" : "n", "st" : "", "dvt" : "Válido", "vap" : "0", "pvap" : "00.00" }, 
{ "seq" : "81", "sqcand" : "160000679745", "n" : "25251", "nm" : "ELIAS BOCA RICA", "cc" : "DEM", "nv" : " ", "e" : "n", "st" : "", "dvt" : "Válido", "vap" : "0", "pvap" : "00.00" }, 
{ "seq" : "158", "sqcand" : "160000679644", "n" : "20777", "nm" : "MARILSA DA EDUCAÇÃO", "cc" : "PSC", "nv" : " ", "e" : "n", "st" : "", "dvt" : "Válido", "vap" : "0", "pvap" : "00.00" }, 
{ "seq" : "34", "sqcand" : "160000679731", "n" : "22000", "nm" : "BIA DO FUTEBOL", "cc" : "PL", "nv" : " ", "e" : "n", "st" : "", "dvt" : "Válido", "vap" : "0", "pvap" : "00.00" }, 
{ "seq" : "100", "sqcand" : "160001240953", "n" : "28010", "nm" : "GUAÍRA", "cc" : "PRTB", "nv" : " ", "e" : "n", "st" : "", "dvt" : "Válido", "vap" : "0", "pvap" : "00.00" }, 
{ "seq" : "85", "sqcand" : "160000679648", "n" : "17470", "nm" : "ESQUERDINHA PIPAS", "cc" : "PSL", "nv" : " ", "e" : "n", "st" : "", "dvt" : "Válido", "vap" : "0", "pvap" : "00.00" }, 
{ "seq" : "102", "sqcand" : "160001240956", "n" : "28123", "nm" : "HAROLDO DAMIÃO", "cc" : "PRTB", "nv" : " ", "e" : "n", "st" : "", "dvt" : "Válido", "vap" : "0", "pvap" : "00.00" }, 
{ "seq" : "192", "sqcand" : "160000679763", "n" : "27010", "nm" : "PINHEIRO DA GUARDA", "cc" : "DC", "nv" : " ", "e" : "n", "st" : "", "dvt" : "Válido", "vap" : "0", "pvap" : "00.00" }, 
{ "seq" : "119", "sqcand" : "160000679729", "n" : "22021", "nm" : "JOSEFINA HERREIRA", "cc" : "PL", "nv" : " ", "e" : "n", "st" : "", "dvt" : "Válido", "vap" : "0", "pvap" : "00.00" }, 
{ "seq" : "3", "sqcand" : "160000679938", "n" : "55111", "nm" : "ADRIANA CARMONA", "cc" : "PSD", "nv" : " ", "e" : "n", "st" : "", "dvt" : "Válido", "vap" : "0", "pvap" : "00.00" }, 
{ "seq" : "24", "sqcand" : "160000679740", "n" : "22789", "nm" : "BALESTRA D&apos;MELLO", "cc" : "PL", "nv" : " ", "e" : "n", "st" : "", "dvt" : "Válido", "vap" : "0", "pvap" : "00.00" }, 
{ "seq" : "77", "sqcand" : "160000679721", "n" : "22222", "nm" : "EDUARDO ANTONIASSI", "cc" : "PL", "nv" : " ", "e" : "n", "st" : "", "dvt" : "Válido", "vap" : "0", "pvap" : "00.00" }, 
{ "seq" : "266", "sqcand" : "160001231925", "n" : "43456", "nm" : "ZÉ MATTOS", "cc" : "PV", "nv" : " ", "e" : "n", "st" : "", "dvt" : "Válido", "vap" : "0", "pvap" : "00.00" }, 
{ "seq" : "49", "sqcand" : "160000958108", "n" : "19757", "nm" : "CLAUDEMIR COWBOY", "cc" : "PODE", "nv" : " ", "e" : "n", "st" : "", "dvt" : "Válido", "vap" : "0", "pvap" : "00.00" }, 
{ "seq" : "264", "sqcand" : "160000679628", "n" : "20017", "nm" : "WYNDELL CREPALDI", "cc" : "PSC", "nv" : " ", "e" : "n", "st" : "", "dvt" : "Válido", "vap" : "0", "pvap" : "00.00" }, 
{ "seq" : "93", "sqcand" : "160001231910", "n" : "43234", "nm" : "FERNANDO MOTA", "cc" : "PV", "nv" : " ", "e" : "n", "st" : "", "dvt" : "Anulado sub judice", "vap" : "0", "pvap" : "00.00" }, 
{ "seq" : "240", "sqcand" : "160000679772", "n" : "27033", "nm" : "TANIA BRUNALDI", "cc" : "DC", "nv" : " ", "e" : "n", "st" : "", "dvt" : "Válido", "vap" : "0", "pvap" : "00.00" }, 
{ "seq" : "110", "sqcand" : "160000846478", "n" : "15123", "nm" : "IVONETE DA FARMÁCIA", "cc" : "MDB", "nv" : " ", "e" : "n", "st" : "", "dvt" : "Válido", "vap" : "0", "pvap" : "00.00" }, 
{ "seq" : "22", "sqcand" : "160000958119", "n" : "19456", "nm" : "AROLDO PAGAN", "cc" : "PODE", "nv" : " ", "e" : "n", "st" : "", "dvt" : "Válido", "vap" : "0", "pvap" : "00.00" }, 
{ "seq" : "65", "sqcand" : "160000679583", "n" : "14444", "nm" : "DOUGLAS PEDROSO", "cc" : "PTB", "nv" : " ", "e" : "n", "st" : "", "dvt" : "Válido", "vap" : "0", "pvap" : "00.00" }, 
{ "seq" : "153", "sqcand" : "160000846473", "n" : "15908", "nm" : "MÁRCIO SANTOS", "cc" : "MDB", "nv" : " ", "e" : "n", "st" : "", "dvt" : "Válido", "vap" : "0", "pvap" : "00.00" }, 
{ "seq" : "150", "sqcand" : "160000679753", "n" : "25255", "nm" : "MARCIA", "cc" : "DEM", "nv" : " ", "e" : "n", "st" : "", "dvt" : "Válido", "vap" : "0", "pvap" : "00.00" }, 
{ "seq" : "98", "sqcand" : "160001232760", "n" : "10848", "nm" : "GERALDO HOMEM", "cc" : "REPUBLICANOS", "nv" : " ", "e" : "n", "st" : "", "dvt" : "Válido", "vap" : "0", "pvap" : "00.00" }, 
{ "seq" : "142", "sqcand" : "160000679625", "n" : "20153", "nm" : "M. OLIVEIRA", "cc" : "PSC", "nv" : " ", "e" : "n", "st" : "", "dvt" : "Válido", "vap" : "0", "pvap" : "00.00" }, 
{ "seq" : "48", "sqcand" : "160000846467", "n" : "15999", "nm" : "CIDO DA FARMÁCIA", "cc" : "MDB", "nv" : " ", "e" : "n", "st" : "", "dvt" : "Válido", "vap" : "0", "pvap" : "00.00" }, 
{ "seq" : "92", "sqcand" : "160000679779", "n" : "27007", "nm" : "FELIPE SÁBIO", "cc" : "DC", "nv" : " ", "e" : "n", "st" : "", "dvt" : "Válido", "vap" : "0", "pvap" : "00.00" }, 
{ "seq" : "31", "sqcand" : "160000958111", "n" : "19517", "nm" : "BETÃO MULLER", "cc" : "PODE", "nv" : " ", "e" : "n", "st" : "", "dvt" : "Válido", "vap" : "0", "pvap" : "00.00" }, 
{ "seq" : "138", "sqcand" : "160000679597", "n" : "14741", "nm" : "LUIS DO PARAQUEDISMO", "cc" : "PTB", "nv" : " ", "e" : "n", "st" : "", "dvt" : "Válido", "vap" : "0", "pvap" : "00.00" }, 
{ "seq" : "79", "sqcand" : "160000679748", "n" : "25055", "nm" : "EDUARDO FIALHO", "cc" : "DEM", "nv" : " ", "e" : "n", "st" : "", "dvt" : "Válido", "vap" : "0", "pvap" : "00.00" }, 
{ "seq" : "177", "sqcand" : "160000958117", "n" : "19001", "nm" : "NETO NOVAES", "cc" : "PODE", "nv" : " ", "e" : "n", "st" : "", "dvt" : "Válido", "vap" : "0", "pvap" : "00.00" }, 
{ "seq" : "224", "sqcand" : "160000679735", "n" : "22144", "nm" : "ROSE DO MANEZINHO", "cc" : "PL", "nv" : " ", "e" : "n", "st" : "", "dvt" : "Válido", "vap" : "0", "pvap" : "00.00" }, 
{ "seq" : "125", "sqcand" : "160001240958", "n" : "28444", "nm" : "JUNIOR GERALDINI", "cc" : "PRTB", "nv" : " ", "e" : "n", "st" : "", "dvt" : "Válido", "vap" : "0", "pvap" : "00.00" }, 
{ "seq" : "6", "sqcand" : "160000679751", "n" : "25888", "nm" : "ALEMÃO DO BAR", "cc" : "DEM", "nv" : " ", "e" : "n", "st" : "", "dvt" : "Válido", "vap" : "0", "pvap" : "00.00" }, 
{ "seq" : "218", "sqcand" : "160001111253", "n" : "90033", "nm" : "ROBERTINHO DO MOTOTAXI", "cc" : "PROS", "nv" : " ", "e" : "n", "st" : "", "dvt" : "Anulado sub judice", "vap" : "0", "pvap" : "00.00" }, 
{ "seq" : "17", "sqcand" : "160001111239", "n" : "90321", "nm" : "ANINHA HIPOLITO DRA BANANINHA", "cc" : "PROS", "nv" : " ", "e" : "n", "st" : "", "dvt" : "Válido", "vap" : "0", "pvap" : "00.00" }, 
{ "seq" : "40", "sqcand" : "160001273869", "n" : "15182", "nm" : "CAMILA GERMANOVISK", "cc" : "MDB", "nv" : " ", "e" : "n", "st" : "", "dvt" : "Válido", "vap" : "0", "pvap" : "00.00" }, 
{ "seq" : "78", "sqcand" : "160001240970", "n" : "28355", "nm" : "EDUARDO BELANSSON", "cc" : "PRTB", "nv" : " ", "e" : "n", "st" : "", "dvt" : "Válido", "vap" : "0", "pvap" : "00.00" }, 
{ "seq" : "20", "sqcand" : "160000679704", "n" : "12123", "nm" : "ARNALDO AUTO PEÇAS ANDORINHAS", "cc" : "PDT", "nv" : " ", "e" : "n", "st" : "", "dvt" : "Válido", "vap" : "0", "pvap" : "00.00" }, 
{ "seq" : "118", "sqcand" : "160001240962", "n" : "28960", "nm" : "JOSÉ SATO", "cc" : "PRTB", "nv" : " ", "e" : "n", "st" : "", "dvt" : "Válido", "vap" : "0", "pvap" : "00.00" } ] }