{ "ele" : "426", "tpabr" : "mu", "cdabr" : "74829", "carper" : "13", "t" : "1", "f" : "o", "dt" : "07\/11\/2020", "ht" : "02:10:12", "dv" : "s", "tf" : "n", "v" : "9", "esae" : "n", "mnae" : "", "s" : "8", "st" : "0", "pst" : "   0,00", "snt" : "8", "psnt" : " 100,00", "si" : "0", "psi" : "   0,00", "sni" : "0", "psni" : "   0,00", "sa" : "0", "psa" : "   0,00", "sna" : "0", "psna" : "   0,00", "e" : "2660", "ea" : "0", "pea" : "   0,00", "ena" : "0", "pena" : "   0,00", "esi" : "0", "pesi" : "   0,00", "esni" : "0", "pesni" : "   0,00", "c" : "0", "pc" : "   0,00", "a" : "0", "pa" : "   0,00", "vscv" : "0", "vnom" : "0", "vl" : "0", "pvnom" : "00,00", "pvl" : "00,00", "vvc" : "0", "pvvc" : "00,00", "vb" : "0", "pvb" : "00,00", "tvn" : "0", "ptvn" : "00,00", "vn" : "0", "pvn" : "00,00", "vnt" : "0", "pvnt" : "00,00", "vp" : "0", "pvp" : "00,00", "vv" : "0", "pvv" : "00,00", "van" : "0", "pvan" : "00,00", "vansj" : "0", "pvansj" : "00,00", "tv" : "0", "cand" : [ 
{ "seq" : "42", "sqcand" : "160000682365", "n" : "22220", "nm" : "MAZÉ", "cc" : "PL", "nv" : " ", "e" : "n", "st" : "", "dvt" : "Válido", "vap" : "0", "pvap" : "00.00" }, 
{ "seq" : "10", "sqcand" : "160000803454", "n" : "15222", "nm" : "CARPANO", "cc" : "MDB", "nv" : " ", "e" : "n", "st" : "", "dvt" : "Válido", "vap" : "0", "pvap" : "00.00" }, 
{ "seq" : "53", "sqcand" : "160000802302", "n" : "17456", "nm" : "SAZON", "cc" : "PSL", "nv" : " ", "e" : "n", "st" : "", "dvt" : "Válido", "vap" : "0", "pvap" : "00.00" }, 
{ "seq" : "17", "sqcand" : "160000803449", "n" : "15190", "nm" : "EDINHO", "cc" : "MDB", "nv" : " ", "e" : "n", "st" : "", "dvt" : "Válido", "vap" : "0", "pvap" : "00.00" }, 
{ "seq" : "9", "sqcand" : "160001268154", "n" : "55655", "nm" : "CABO FRAGA", "cc" : "PSD", "nv" : " ", "e" : "n", "st" : "", "dvt" : "Válido", "vap" : "0", "pvap" : "00.00" }, 
{ "seq" : "11", "sqcand" : "160001085066", "n" : "55678", "nm" : "CELY", "cc" : "PSD", "nv" : " ", "e" : "n", "st" : "", "dvt" : "Válido", "vap" : "0", "pvap" : "00.00" }, 
{ "seq" : "32", "sqcand" : "160001082273", "n" : "14111", "nm" : "LEONIR DO ASSENTAMENTO", "cc" : "PTB", "nv" : " ", "e" : "n", "st" : "", "dvt" : "Válido", "vap" : "0", "pvap" : "00.00" }, 
{ "seq" : "56", "sqcand" : "160000803460", "n" : "15444", "nm" : "SUELI NENE", "cc" : "MDB", "nv" : " ", "e" : "n", "st" : "", "dvt" : "Válido", "vap" : "0", "pvap" : "00.00" }, 
{ "seq" : "15", "sqcand" : "160000671037", "n" : "13777", "nm" : "DAIANE FACCO", "cc" : "PT", "nv" : " ", "e" : "n", "st" : "", "dvt" : "Válido", "vap" : "0", "pvap" : "00.00" }, 
{ "seq" : "22", "sqcand" : "160000803455", "n" : "15786", "nm" : "GLAUCIA SELARI", "cc" : "MDB", "nv" : " ", "e" : "n", "st" : "", "dvt" : "Válido", "vap" : "0", "pvap" : "00.00" }, 
{ "seq" : "24", "sqcand" : "160000671048", "n" : "13331", "nm" : "HENRIQUE DO ESPETINHO", "cc" : "PT", "nv" : " ", "e" : "n", "st" : "", "dvt" : "Válido", "vap" : "0", "pvap" : "00.00" }, 
{ "seq" : "13", "sqcand" : "160000803458", "n" : "15000", "nm" : "CLEINALVA", "cc" : "MDB", "nv" : " ", "e" : "n", "st" : "", "dvt" : "Válido", "vap" : "0", "pvap" : "00.00" }, 
{ "seq" : "55", "sqcand" : "160000682361", "n" : "22333", "nm" : "SILEIDE DO SALÃO", "cc" : "PL", "nv" : " ", "e" : "n", "st" : "", "dvt" : "Válido", "vap" : "0", "pvap" : "00.00" }, 
{ "seq" : "36", "sqcand" : "160001082276", "n" : "14777", "nm" : "MARCÃO SOUZA", "cc" : "PTB", "nv" : " ", "e" : "n", "st" : "", "dvt" : "Válido", "vap" : "0", "pvap" : "00.00" }, 
{ "seq" : "34", "sqcand" : "160001085070", "n" : "55321", "nm" : "LUCILENE", "cc" : "PSD", "nv" : " ", "e" : "n", "st" : "", "dvt" : "Válido", "vap" : "0", "pvap" : "00.00" }, 
{ "seq" : "21", "sqcand" : "160000671038", "n" : "13999", "nm" : "FORMIGÃO", "cc" : "PT", "nv" : " ", "e" : "n", "st" : "", "dvt" : "Válido", "vap" : "0", "pvap" : "00.00" }, 
{ "seq" : "8", "sqcand" : "160000682362", "n" : "22600", "nm" : "BRITO", "cc" : "PL", "nv" : " ", "e" : "n", "st" : "", "dvt" : "Válido", "vap" : "0", "pvap" : "00.00" }, 
{ "seq" : "30", "sqcand" : "160000671040", "n" : "13333", "nm" : "JUNIÃO", "cc" : "PT", "nv" : " ", "e" : "n", "st" : "", "dvt" : "Válido", "vap" : "0", "pvap" : "00.00" }, 
{ "seq" : "51", "sqcand" : "160000671044", "n" : "13456", "nm" : "ROSELI SOBRAL", "cc" : "PT", "nv" : " ", "e" : "n", "st" : "", "dvt" : "Válido", "vap" : "0", "pvap" : "00.00" }, 
{ "seq" : "27", "sqcand" : "160001082282", "n" : "14123", "nm" : "JHONES", "cc" : "PTB", "nv" : " ", "e" : "n", "st" : "", "dvt" : "Válido", "vap" : "0", "pvap" : "00.00" }, 
{ "seq" : "37", "sqcand" : "160000682360", "n" : "22123", "nm" : "MARCIO CORDEIRO", "cc" : "PL", "nv" : " ", "e" : "n", "st" : "", "dvt" : "Válido", "vap" : "0", "pvap" : "00.00" }, 
{ "seq" : "5", "sqcand" : "160000802299", "n" : "17000", "nm" : "BARBOSA", "cc" : "PSL", "nv" : " ", "e" : "n", "st" : "", "dvt" : "Válido", "vap" : "0", "pvap" : "00.00" }, 
{ "seq" : "43", "sqcand" : "160001082281", "n" : "14138", "nm" : "MILIANO", "cc" : "PTB", "nv" : " ", "e" : "n", "st" : "", "dvt" : "Válido", "vap" : "0", "pvap" : "00.00" }, 
{ "seq" : "33", "sqcand" : "160000682359", "n" : "22456", "nm" : "LUCIA DO ZÉ OTACILIO", "cc" : "PL", "nv" : " ", "e" : "n", "st" : "", "dvt" : "Válido", "vap" : "0", "pvap" : "00.00" }, 
{ "seq" : "58", "sqcand" : "160000802301", "n" : "17123", "nm" : "TIO RAEL", "cc" : "PSL", "nv" : " ", "e" : "n", "st" : "", "dvt" : "Válido", "vap" : "0", "pvap" : "00.00" }, 
{ "seq" : "29", "sqcand" : "160000671047", "n" : "13013", "nm" : "JOSIANE", "cc" : "PT", "nv" : " ", "e" : "n", "st" : "", "dvt" : "Válido", "vap" : "0", "pvap" : "00.00" }, 
{ "seq" : "18", "sqcand" : "160000803453", "n" : "15150", "nm" : "ELIZÂNGELA TOLEDO", "cc" : "MDB", "nv" : " ", "e" : "n", "st" : "", "dvt" : "Válido", "vap" : "0", "pvap" : "00.00" }, 
{ "seq" : "46", "sqcand" : "160000803461", "n" : "15111", "nm" : "NEI DA FARMACIA", "cc" : "MDB", "nv" : " ", "e" : "n", "st" : "", "dvt" : "Válido", "vap" : "0", "pvap" : "00.00" }, 
{ "seq" : "54", "sqcand" : "160000803450", "n" : "15777", "nm" : "SERGIO PEREIRA", "cc" : "MDB", "nv" : " ", "e" : "n", "st" : "", "dvt" : "Válido", "vap" : "0", "pvap" : "00.00" }, 
{ "seq" : "3", "sqcand" : "160000803452", "n" : "15333", "nm" : "ADRIANA BATISTA DE SOUZA", "cc" : "MDB", "nv" : " ", "e" : "n", "st" : "", "dvt" : "Válido", "vap" : "0", "pvap" : "00.00" }, 
{ "seq" : "19", "sqcand" : "160001082272", "n" : "14888", "nm" : "FERNANDO LOPES", "cc" : "PTB", "nv" : " ", "e" : "n", "st" : "", "dvt" : "Válido", "vap" : "0", "pvap" : "00.00" }, 
{ "seq" : "31", "sqcand" : "160000802300", "n" : "17537", "nm" : "JUNIOR", "cc" : "PSL", "nv" : " ", "e" : "n", "st" : "", "dvt" : "Válido", "vap" : "0", "pvap" : "00.00" }, 
{ "seq" : "47", "sqcand" : "160000803457", "n" : "15006", "nm" : "PATRICIA SILVA", "cc" : "MDB", "nv" : " ", "e" : "n", "st" : "", "dvt" : "Válido", "vap" : "0", "pvap" : "00.00" }, 
{ "seq" : "48", "sqcand" : "160000803456", "n" : "15888", "nm" : "PESTANA", "cc" : "MDB", "nv" : " ", "e" : "n", "st" : "", "dvt" : "Válido", "vap" : "0", "pvap" : "00.00" }, 
{ "seq" : "2", "sqcand" : "160000682357", "n" : "22222", "nm" : "ADEMIR MANO", "cc" : "PL", "nv" : " ", "e" : "n", "st" : "", "dvt" : "Válido", "vap" : "0", "pvap" : "00.00" }, 
{ "seq" : "6", "sqcand" : "160000682364", "n" : "22250", "nm" : "BETÃO", "cc" : "PL", "nv" : " ", "e" : "n", "st" : "", "dvt" : "Válido", "vap" : "0", "pvap" : "00.00" }, 
{ "seq" : "40", "sqcand" : "160000671041", "n" : "13015", "nm" : "MARIA MARTINS", "cc" : "PT", "nv" : " ", "e" : "n", "st" : "", "dvt" : "Válido", "vap" : "0", "pvap" : "00.00" }, 
{ "seq" : "7", "sqcand" : "160000802297", "n" : "17111", "nm" : "BIA", "cc" : "PSL", "nv" : " ", "e" : "n", "st" : "", "dvt" : "Válido", "vap" : "0", "pvap" : "00.00" }, 
{ "seq" : "39", "sqcand" : "160000671050", "n" : "13123", "nm" : "MARIA DO GINO", "cc" : "PT", "nv" : " ", "e" : "n", "st" : "", "dvt" : "Válido", "vap" : "0", "pvap" : "00.00" }, 
{ "seq" : "59", "sqcand" : "160001082271", "n" : "14555", "nm" : "TÍTI DO BAR", "cc" : "PTB", "nv" : " ", "e" : "n", "st" : "", "dvt" : "Válido", "vap" : "0", "pvap" : "00.00" }, 
{ "seq" : "16", "sqcand" : "160000802298", "n" : "17777", "nm" : "DIDI", "cc" : "PSL", "nv" : " ", "e" : "n", "st" : "", "dvt" : "Válido", "vap" : "0", "pvap" : "00.00" }, 
{ "seq" : "41", "sqcand" : "160000671049", "n" : "13444", "nm" : "MARINO BARBOSA", "cc" : "PT", "nv" : " ", "e" : "n", "st" : "", "dvt" : "Válido", "vap" : "0", "pvap" : "00.00" }, 
{ "seq" : "44", "sqcand" : "160000671046", "n" : "13222", "nm" : "MILTÃO", "cc" : "PT", "nv" : " ", "e" : "n", "st" : "", "dvt" : "Válido", "vap" : "0", "pvap" : "00.00" }, 
{ "seq" : "25", "sqcand" : "160000682358", "n" : "22111", "nm" : "JAIME MOTORISTA", "cc" : "PL", "nv" : " ", "e" : "n", "st" : "", "dvt" : "Válido", "vap" : "0", "pvap" : "00.00" }, 
{ "seq" : "23", "sqcand" : "160000682363", "n" : "22999", "nm" : "GUSTÃO", "cc" : "PL", "nv" : " ", "e" : "n", "st" : "", "dvt" : "Válido", "vap" : "0", "pvap" : "00.00" }, 
{ "seq" : "52", "sqcand" : "160000671042", "n" : "13130", "nm" : "SANDRO ALVES", "cc" : "PT", "nv" : " ", "e" : "n", "st" : "", "dvt" : "Válido", "vap" : "0", "pvap" : "00.00" }, 
{ "seq" : "57", "sqcand" : "160000803459", "n" : "15666", "nm" : "TÉ DO MERCADO", "cc" : "MDB", "nv" : " ", "e" : "n", "st" : "", "dvt" : "Válido", "vap" : "0", "pvap" : "00.00" }, 
{ "seq" : "4", "sqcand" : "160000803462", "n" : "15456", "nm" : "ANDREA", "cc" : "MDB", "nv" : " ", "e" : "n", "st" : "", "dvt" : "Válido", "vap" : "0", "pvap" : "00.00" }, 
{ "seq" : "63", "sqcand" : "160001082274", "n" : "14345", "nm" : "ZÉ FREI BK", "cc" : "PTB", "nv" : " ", "e" : "n", "st" : "", "dvt" : "Válido", "vap" : "0", "pvap" : "00.00" }, 
{ "seq" : "35", "sqcand" : "160001082275", "n" : "14456", "nm" : "LUIZ  FOÉM", "cc" : "PTB", "nv" : " ", "e" : "n", "st" : "", "dvt" : "Válido", "vap" : "0", "pvap" : "00.00" }, 
{ "seq" : "60", "sqcand" : "160001085065", "n" : "55456", "nm" : "TONHO CEARÁ", "cc" : "PSD", "nv" : " ", "e" : "n", "st" : "", "dvt" : "Válido", "vap" : "0", "pvap" : "00.00" }, 
{ "seq" : "61", "sqcand" : "160001082278", "n" : "14222", "nm" : "VALDIRENE UCHOA", "cc" : "PTB", "nv" : " ", "e" : "n", "st" : "", "dvt" : "Válido", "vap" : "0", "pvap" : "00.00" }, 
{ "seq" : "28", "sqcand" : "160000671039", "n" : "13111", "nm" : "JOSÉ FERRO", "cc" : "PT", "nv" : " ", "e" : "n", "st" : "", "dvt" : "Válido", "vap" : "0", "pvap" : "00.00" }, 
{ "seq" : "1", "sqcand" : "160000671045", "n" : "13555", "nm" : "ABEL", "cc" : "PT", "nv" : " ", "e" : "n", "st" : "", "dvt" : "Válido", "vap" : "0", "pvap" : "00.00" }, 
{ "seq" : "49", "sqcand" : "160000802304", "n" : "17444", "nm" : "POLACA", "cc" : "PSL", "nv" : " ", "e" : "n", "st" : "", "dvt" : "Válido", "vap" : "0", "pvap" : "00.00" }, 
{ "seq" : "38", "sqcand" : "160001085069", "n" : "55555", "nm" : "MARCOS MECÂNICO", "cc" : "PSD", "nv" : " ", "e" : "n", "st" : "", "dvt" : "Válido", "vap" : "0", "pvap" : "00.00" }, 
{ "seq" : "12", "sqcand" : "160000803451", "n" : "15555", "nm" : "CLAUDIO RAFAEL", "cc" : "MDB", "nv" : " ", "e" : "n", "st" : "", "dvt" : "Válido", "vap" : "0", "pvap" : "00.00" }, 
{ "seq" : "50", "sqcand" : "160000671043", "n" : "13000", "nm" : "RAIMUNDO", "cc" : "PT", "nv" : " ", "e" : "n", "st" : "", "dvt" : "Válido", "vap" : "0", "pvap" : "00.00" }, 
{ "seq" : "62", "sqcand" : "160001082279", "n" : "14444", "nm" : "VANILDO ALBINO", "cc" : "PTB", "nv" : " ", "e" : "n", "st" : "", "dvt" : "Válido", "vap" : "0", "pvap" : "00.00" }, 
{ "seq" : "20", "sqcand" : "160001082280", "n" : "14666", "nm" : "FIRMINA BARROS", "cc" : "PTB", "nv" : " ", "e" : "n", "st" : "", "dvt" : "Válido", "vap" : "0", "pvap" : "00.00" }, 
{ "seq" : "26", "sqcand" : "160001085068", "n" : "55123", "nm" : "JEAN", "cc" : "PSD", "nv" : " ", "e" : "n", "st" : "", "dvt" : "Válido", "vap" : "0", "pvap" : "00.00" }, 
{ "seq" : "14", "sqcand" : "160000802303", "n" : "17222", "nm" : "CRISTIANO", "cc" : "PSL", "nv" : " ", "e" : "n", "st" : "", "dvt" : "Válido", "vap" : "0", "pvap" : "00.00" }, 
{ "seq" : "45", "sqcand" : "160001082277", "n" : "14400", "nm" : "NAPILDE", "cc" : "PTB", "nv" : " ", "e" : "n", "st" : "", "dvt" : "Válido", "vap" : "0", "pvap" : "00.00" } ] }