{ "ele" : "426", "tpabr" : "mu", "cdabr" : "74276", "carper" : "11", "t" : "1", "f" : "o", "dt" : "07\/11\/2020", "ht" : "02:10:05", "dv" : "s", "tf" : "n", "v" : "1", "esae" : "n", "mnae" : "", "s" : "217", "st" : "0", "pst" : "   0,00", "snt" : "217", "psnt" : " 100,00", "si" : "0", "psi" : "   0,00", "sni" : "0", "psni" : "   0,00", "sa" : "0", "psa" : "   0,00", "sna" : "0", "psna" : "   0,00", "e" : "79682", "ea" : "0", "pea" : "   0,00", "ena" : "0", "pena" : "   0,00", "esi" : "0", "pesi" : "   0,00", "esni" : "0", "pesni" : "   0,00", "c" : "0", "pc" : "   0,00", "a" : "0", "pa" : "   0,00", "vscv" : "0", "vnom" : "0", "pvnom" : "00,00", "vvc" : "0", "pvvc" : "00,00", "vb" : "0", "pvb" : "00,00", "tvn" : "0", "ptvn" : "00,00", "vn" : "0", "pvn" : "00,00", "vnt" : "0", "pvnt" : "00,00", "vp" : "0", "pvp" : "00,00", "vv" : "0", "pvv" : "00,00", "van" : "0", "pvan" : "00,00", "vansj" : "0", "pvansj" : "00,00", "tv" : "0", "cand" : [ 
{ "seq" : "7", "sqcand" : "160000796020", "n" : "15", "nm" : "WALDYR PUGLIESI", "cc" : "MDB", "nv" : "FERNANDO BERESTINO", "e" : "n", "st" : "", "dvt" : "Válido", "vap" : "0", "pvap" : "00.00" }, 
{ "seq" : "4", "sqcand" : "160000957589", "n" : "19", "nm" : "GUTO GRASSANO", "cc" : "PODE - CIDADANIA \/ PMN \/ PODE", "nv" : "LUSIA CONSTANTINO", "e" : "n", "st" : "", "dvt" : "Válido", "vap" : "0", "pvap" : "00.00" }, 
{ "seq" : "3", "sqcand" : "160001102293", "n" : "36", "nm" : "FERNANDO GAUCHINHO", "cc" : "PTC", "nv" : "PROF TIAGO", "e" : "n", "st" : "", "dvt" : "Anulado sub judice", "vap" : "0", "pvap" : "00.00" }, 
{ "seq" : "5", "sqcand" : "160001140070", "n" : "43", "nm" : "PEDRO PAULO BAZANA", "cc" : "PV - PV \/ REPUBLICANOS", "nv" : "LUCIANO MARTINS", "e" : "n", "st" : "", "dvt" : "Válido", "vap" : "0", "pvap" : "00.00" }, 
{ "seq" : "2", "sqcand" : "160001240935", "n" : "28", "nm" : "DR VALDECIR OLIVEIRA", "cc" : "PRTB", "nv" : "GIOVANA ZANIN BARONEZA", "e" : "n", "st" : "", "dvt" : "Válido", "vap" : "0", "pvap" : "00.00" }, 
{ "seq" : "6", "sqcand" : "160000738086", "n" : "20", "nm" : "SERGIO ONOFRE", "cc" : "PSC - PP \/ PL \/ DEM \/ PSD \/ PTB \/ PDT \/ DC \/ PSL \/ PSC \/ PSB", "nv" : "JAIR MILANI", "e" : "n", "st" : "", "dvt" : "Anulado sub judice", "vap" : "0", "pvap" : "00.00" }, 
{ "seq" : "1", "sqcand" : "160001111237", "n" : "90", "nm" : "ANGELICA ENFERMEIRA", "cc" : "PROS - PROS \/ AVANTE", "nv" : "PAULO OTHONIEL", "e" : "n", "st" : "", "dvt" : "Válido", "vap" : "0", "pvap" : "00.00" } ] }