{ "ele" : "426", "tpabr" : "mu", "cdabr" : "74357", "carper" : "11", "t" : "1", "f" : "o", "dt" : "07\/11\/2020", "ht" : "02:10:05", "dv" : "s", "tf" : "n", "v" : "1", "esae" : "n", "mnae" : "", "s" : "250", "st" : "0", "pst" : "   0,00", "snt" : "250", "psnt" : " 100,00", "si" : "0", "psi" : "   0,00", "sni" : "0", "psni" : "   0,00", "sa" : "0", "psa" : "   0,00", "sna" : "0", "psna" : "   0,00", "e" : "98733", "ea" : "0", "pea" : "   0,00", "ena" : "0", "pena" : "   0,00", "esi" : "0", "pesi" : "   0,00", "esni" : "0", "pesni" : "   0,00", "c" : "0", "pc" : "   0,00", "a" : "0", "pa" : "   0,00", "vscv" : "0", "vnom" : "0", "pvnom" : "00,00", "vvc" : "0", "pvvc" : "00,00", "vb" : "0", "pvb" : "00,00", "tvn" : "0", "ptvn" : "00,00", "vn" : "0", "pvn" : "00,00", "vnt" : "0", "pvnt" : "00,00", "vp" : "0", "pvp" : "00,00", "vv" : "0", "pvv" : "00,00", "van" : "0", "pvan" : "00,00", "vansj" : "0", "pvansj" : "00,00", "tv" : "0", "cand" : [ 
{ "seq" : "5", "sqcand" : "160000728420", "n" : "13", "nm" : "HOSANA MARCONDES", "cc" : "PT", "nv" : "TERMICIO SOARES", "e" : "n", "st" : "", "dvt" : "Válido", "vap" : "0", "pvap" : "00.00" }, 
{ "seq" : "8", "sqcand" : "160000878895", "n" : "51", "nm" : "SILVINHO PEREIRA", "cc" : "PATRIOTA", "nv" : "NELSON KUREK", "e" : "n", "st" : "", "dvt" : "Válido", "vap" : "0", "pvap" : "00.00" }, 
{ "seq" : "1", "sqcand" : "160000659571", "n" : "19", "nm" : "ALBANOR ZEZÉ", "cc" : "PODE - PSDB \/ PTB \/ PODE \/ DC \/ PC do B", "nv" : "TATIANA", "e" : "n", "st" : "", "dvt" : "Anulado sub judice", "vap" : "0", "pvap" : "00.00" }, 
{ "seq" : "2", "sqcand" : "160000673972", "n" : "12", "nm" : "DR. GENÉSIO", "cc" : "PDT", "nv" : "FRAN ERARDT", "e" : "n", "st" : "", "dvt" : "Válido", "vap" : "0", "pvap" : "00.00" }, 
{ "seq" : "4", "sqcand" : "160000793898", "n" : "23", "nm" : "HISSAM", "cc" : "CIDADANIA - PP \/ REPUBLICANOS \/ CIDADANIA \/ PSD \/ PL", "nv" : "HILDA", "e" : "n", "st" : "", "dvt" : "Válido", "vap" : "0", "pvap" : "00.00" }, 
{ "seq" : "7", "sqcand" : "160000747791", "n" : "36", "nm" : "PROF BROGIAN", "cc" : "PTC", "nv" : "SILVANA FERNANDES", "e" : "n", "st" : "", "dvt" : "Válido", "vap" : "0", "pvap" : "00.00" }, 
{ "seq" : "3", "sqcand" : "160001132245", "n" : "17", "nm" : "GUSTAVO", "cc" : "PSL - PROS \/ PSL", "nv" : "GLEDSON", "e" : "n", "st" : "", "dvt" : "Válido", "vap" : "0", "pvap" : "00.00" }, 
{ "seq" : "6", "sqcand" : "160000834197", "n" : "70", "nm" : "PERÍCLES", "cc" : "AVANTE", "nv" : "PROF. ORIVALDO", "e" : "n", "st" : "", "dvt" : "Válido", "vap" : "0", "pvap" : "00.00" } ] }