{ "ele" : "426", "tpabr" : "mu", "cdabr" : "75337", "carper" : "11", "t" : "1", "f" : "o", "dt" : "07\/11\/2020", "ht" : "02:10:06", "dv" : "s", "tf" : "n", "v" : "1", "esae" : "n", "mnae" : "", "s" : "46", "st" : "0", "pst" : "   0,00", "snt" : "46", "psnt" : " 100,00", "si" : "0", "psi" : "   0,00", "sni" : "0", "psni" : "   0,00", "sa" : "0", "psa" : "   0,00", "sna" : "0", "psna" : "   0,00", "e" : "13258", "ea" : "0", "pea" : "   0,00", "ena" : "0", "pena" : "   0,00", "esi" : "0", "pesi" : "   0,00", "esni" : "0", "pesni" : "   0,00", "c" : "0", "pc" : "   0,00", "a" : "0", "pa" : "   0,00", "vscv" : "0", "vnom" : "0", "pvnom" : "00,00", "vvc" : "0", "pvvc" : "00,00", "vb" : "0", "pvb" : "00,00", "tvn" : "0", "ptvn" : "00,00", "vn" : "0", "pvn" : "00,00", "vnt" : "0", "pvnt" : "00,00", "vp" : "0", "pvp" : "00,00", "vv" : "0", "pvv" : "00,00", "van" : "0", "pvan" : "00,00", "vansj" : "0", "pvansj" : "00,00", "tv" : "0", "cand" : [ 
{ "seq" : "7", "sqcand" : "160001206348", "n" : "11", "nm" : "REMI IUSVIAK", "cc" : "PP - PSB \/ PP", "nv" : "ATERLI CACILDO NICOLUZZI", "e" : "n", "st" : "", "dvt" : "Válido", "vap" : "0", "pvap" : "00.00" }, 
{ "seq" : "3", "sqcand" : "160001048521", "n" : "25", "nm" : "BETO PORTUGUES", "cc" : "DEM", "nv" : "CLAUDIO GRZECHNIK", "e" : "n", "st" : "", "dvt" : "Válido", "vap" : "0", "pvap" : "00.00" }, 
{ "seq" : "2", "sqcand" : "160001047753", "n" : "55", "nm" : "ANTONIO SZAYKOWSKI TONINHO", "cc" : "PSD", "nv" : "WILSON BARCZAK JACARÉ", "e" : "n", "st" : "", "dvt" : "Válido", "vap" : "0", "pvap" : "00.00" }, 
{ "seq" : "5", "sqcand" : "160001209733", "n" : "45", "nm" : "GITICA", "cc" : "PSDB", "nv" : "DIEGO TRAIN", "e" : "n", "st" : "", "dvt" : "Válido", "vap" : "0", "pvap" : "00.00" }, 
{ "seq" : "4", "sqcand" : "160000831184", "n" : "17", "nm" : "CARLÃO", "cc" : "PSL", "nv" : "ARTUR GROSSMANN", "e" : "n", "st" : "", "dvt" : "Válido", "vap" : "0", "pvap" : "00.00" }, 
{ "seq" : "1", "sqcand" : "160001049191", "n" : "15", "nm" : "ANA MARIA", "cc" : "MDB", "nv" : "BERNADETE", "e" : "n", "st" : "", "dvt" : "Válido", "vap" : "0", "pvap" : "00.00" }, 
{ "seq" : "6", "sqcand" : "160000959091", "n" : "70", "nm" : "RAILSON KLOCZKO", "cc" : "AVANTE", "nv" : "FABIO FIALEK", "e" : "n", "st" : "", "dvt" : "Válido", "vap" : "0", "pvap" : "00.00" } ] }