{ "ele" : "426", "tpabr" : "mu", "cdabr" : "74934", "carper" : "11", "t" : "1", "f" : "o", "dt" : "07\/11\/2020", "ht" : "02:10:06", "dv" : "s", "tf" : "n", "v" : "1", "esae" : "n", "mnae" : "", "s" : "569", "st" : "0", "pst" : "   0,00", "snt" : "569", "psnt" : " 100,00", "si" : "0", "psi" : "   0,00", "sni" : "0", "psni" : "   0,00", "sa" : "0", "psa" : "   0,00", "sna" : "0", "psna" : "   0,00", "e" : "223090", "ea" : "0", "pea" : "   0,00", "ena" : "0", "pena" : "   0,00", "esi" : "0", "pesi" : "   0,00", "esni" : "0", "pesni" : "   0,00", "c" : "0", "pc" : "   0,00", "a" : "0", "pa" : "   0,00", "vscv" : "0", "vnom" : "0", "pvnom" : "00,00", "vvc" : "0", "pvvc" : "00,00", "vb" : "0", "pvb" : "00,00", "tvn" : "0", "ptvn" : "00,00", "vn" : "0", "pvn" : "00,00", "vnt" : "0", "pvnt" : "00,00", "vp" : "0", "pvp" : "00,00", "vv" : "0", "pvv" : "00,00", "van" : "0", "pvan" : "00,00", "vansj" : "0", "pvansj" : "00,00", "tv" : "0", "cand" : [ 
{ "seq" : "5", "sqcand" : "160001142538", "n" : "28", "nm" : "MAJOR ARSÊNIO", "cc" : "PRTB", "nv" : "CORONEL JERONYMO", "e" : "n", "st" : "", "dvt" : "Válido", "vap" : "0", "pvap" : "00.00" }, 
{ "seq" : "8", "sqcand" : "160001137040", "n" : "51", "nm" : "ROMAN", "cc" : "PATRIOTA - PATRIOTA \/ PSL \/ PSDB \/ PROS \/ PTC", "nv" : "GUSTAVO FERLIN", "e" : "n", "st" : "", "dvt" : "Válido", "vap" : "0", "pvap" : "00.00" }, 
{ "seq" : "3", "sqcand" : "160001074915", "n" : "25", "nm" : "JUAREZ BERTE", "cc" : "DEM", "nv" : "TOZZI", "e" : "n", "st" : "", "dvt" : "Válido", "vap" : "0", "pvap" : "00.00" }, 
{ "seq" : "2", "sqcand" : "160001187650", "n" : "11", "nm" : "INÊS DE PAULA", "cc" : "PP - PP \/ SOLIDARIEDADE", "nv" : "LÉO MION", "e" : "n", "st" : "", "dvt" : "Válido", "vap" : "0", "pvap" : "00.00" }, 
{ "seq" : "1", "sqcand" : "160000877270", "n" : "70", "nm" : "CARLOS MORAES", "cc" : "AVANTE", "nv" : "SAMOEL MATTOS", "e" : "n", "st" : "", "dvt" : "Válido", "vap" : "0", "pvap" : "00.00" }, 
{ "seq" : "7", "sqcand" : "160000933521", "n" : "13", "nm" : "PAULO PORTO", "cc" : "PT - PT \/ PC do B", "nv" : "MARGARETE ROZATTI", "e" : "n", "st" : "", "dvt" : "Válido", "vap" : "0", "pvap" : "00.00" }, 
{ "seq" : "6", "sqcand" : "160000877250", "n" : "12", "nm" : "MARCIO PACHECO", "cc" : "PDT", "nv" : "SAMANTHA SITNIK", "e" : "n", "st" : "", "dvt" : "Válido", "vap" : "0", "pvap" : "00.00" }, 
{ "seq" : "4", "sqcand" : "160000875409", "n" : "20", "nm" : "LEONALDO PARANHOS", "cc" : "PSC - CIDADANIA \/ PSC \/ PL \/ PODE \/ PV \/ PSB \/ MDB \/ PSD \/ PTB \/ REPUBLICANOS", "nv" : "RENATO SILVA", "e" : "n", "st" : "", "dvt" : "Válido", "vap" : "0", "pvap" : "00.00" } ] }