{ "ele" : "426", "tpabr" : "mu", "cdabr" : "75000", "carper" : "11", "t" : "1", "f" : "o", "dt" : "07\/11\/2020", "ht" : "02:10:05", "dv" : "s", "tf" : "n", "v" : "1", "esae" : "n", "mnae" : "", "s" : "24", "st" : "0", "pst" : "   0,00", "snt" : "24", "psnt" : " 100,00", "si" : "0", "psi" : "   0,00", "sni" : "0", "psni" : "   0,00", "sa" : "0", "psa" : "   0,00", "sna" : "0", "psna" : "   0,00", "e" : "9094", "ea" : "0", "pea" : "   0,00", "ena" : "0", "pena" : "   0,00", "esi" : "0", "pesi" : "   0,00", "esni" : "0", "pesni" : "   0,00", "c" : "0", "pc" : "   0,00", "a" : "0", "pa" : "   0,00", "vscv" : "0", "vnom" : "0", "pvnom" : "00,00", "vvc" : "0", "pvvc" : "00,00", "vb" : "0", "pvb" : "00,00", "tvn" : "0", "ptvn" : "00,00", "vn" : "0", "pvn" : "00,00", "vnt" : "0", "pvnt" : "00,00", "vp" : "0", "pvp" : "00,00", "vv" : "0", "pvv" : "00,00", "van" : "0", "pvan" : "00,00", "vansj" : "0", "pvansj" : "00,00", "tv" : "0", "cand" : [ 
{ "seq" : "6", "sqcand" : "160001028806", "n" : "13", "nm" : "ROBERTO PIANO", "cc" : "PT", "nv" : "TITO BUENO&apos;S", "e" : "n", "st" : "", "dvt" : "Válido", "vap" : "0", "pvap" : "00.00" }, 
{ "seq" : "5", "sqcand" : "160000997676", "n" : "43", "nm" : "PROF CLAUDIO GONCALVES", "cc" : "PV - PV \/ PROS", "nv" : "VALDECI ANTONIO TROJACK", "e" : "n", "st" : "", "dvt" : "Válido", "vap" : "0", "pvap" : "00.00" }, 
{ "seq" : "1", "sqcand" : "160000997403", "n" : "15", "nm" : "CLEIDE", "cc" : "MDB - PL \/ PSDB \/ MDB \/ PSD \/ PP", "nv" : "LINDOLFO", "e" : "n", "st" : "", "dvt" : "Válido", "vap" : "0", "pvap" : "00.00" }, 
{ "seq" : "3", "sqcand" : "160000971096", "n" : "23", "nm" : "EDUARDO DO ESCRITORIO", "cc" : "CIDADANIA - CIDADANIA \/ PTC \/ AVANTE \/ PTB", "nv" : "DR PAULINHO", "e" : "n", "st" : "", "dvt" : "Válido", "vap" : "0", "pvap" : "00.00" }, 
{ "seq" : "2", "sqcand" : "160001105952", "n" : "19", "nm" : "DR WALTER", "cc" : "PODE - PODE \/ REPUBLICANOS \/ DEM", "nv" : "ADELAR NACONESKI", "e" : "n", "st" : "", "dvt" : "Válido", "vap" : "0", "pvap" : "00.00" }, 
{ "seq" : "4", "sqcand" : "160000869583", "n" : "12", "nm" : "MAICO GASPARINI", "cc" : "PDT - PDT \/ PSB", "nv" : "JAIMÃO", "e" : "n", "st" : "", "dvt" : "Válido", "vap" : "0", "pvap" : "00.00" } ] }