{ "ele" : "426", "tpabr" : "mu", "cdabr" : "75639", "carper" : "11", "t" : "1", "f" : "o", "dt" : "07\/11\/2020", "ht" : "02:10:06", "dv" : "s", "tf" : "n", "v" : "1", "esae" : "n", "mnae" : "", "s" : "477", "st" : "0", "pst" : "   0,00", "snt" : "477", "psnt" : " 100,00", "si" : "0", "psi" : "   0,00", "sni" : "0", "psni" : "   0,00", "sa" : "0", "psa" : "   0,00", "sna" : "0", "psna" : "   0,00", "e" : "183306", "ea" : "0", "pea" : "   0,00", "ena" : "0", "pena" : "   0,00", "esi" : "0", "pesi" : "   0,00", "esni" : "0", "pesni" : "   0,00", "c" : "0", "pc" : "   0,00", "a" : "0", "pa" : "   0,00", "vscv" : "0", "vnom" : "0", "pvnom" : "00,00", "vvc" : "0", "pvvc" : "00,00", "vb" : "0", "pvb" : "00,00", "tvn" : "0", "ptvn" : "00,00", "vn" : "0", "pvn" : "00,00", "vnt" : "0", "pvnt" : "00,00", "vp" : "0", "pvp" : "00,00", "vv" : "0", "pvv" : "00,00", "van" : "0", "pvan" : "00,00", "vansj" : "0", "pvansj" : "00,00", "tv" : "0", "cand" : [ 
{ "seq" : "2", "sqcand" : "160000840096", "n" : "51", "nm" : "CASSIO LOBATO", "cc" : "PATRIOTA - PV \/ PATRIOTA", "nv" : "RICARDO ALBUQUERQUE", "e" : "n", "st" : "", "dvt" : "Válido", "vap" : "0", "pvap" : "00.00" }, 
{ "seq" : "5", "sqcand" : "160001027298", "n" : "12", "nm" : "NELTON FRIEDRICH", "cc" : "PDT - REDE \/ PDT \/ CIDADANIA", "nv" : "AMILTON FARIAS", "e" : "n", "st" : "", "dvt" : "Válido", "vap" : "0", "pvap" : "00.00" }, 
{ "seq" : "4", "sqcand" : "160000996444", "n" : "13", "nm" : "LUIZ", "cc" : "PT", "nv" : "MARCELO ARRUDA", "e" : "n", "st" : "", "dvt" : "Válido", "vap" : "0", "pvap" : "00.00" }, 
{ "seq" : "7", "sqcand" : "160000839678", "n" : "28", "nm" : "RANIERI", "cc" : "PRTB", "nv" : "DRA LEILA", "e" : "n", "st" : "", "dvt" : "Válido", "vap" : "0", "pvap" : "00.00" }, 
{ "seq" : "6", "sqcand" : "160001026935", "n" : "19", "nm" : "PAULO MAC DONALD", "cc" : "PODE - DEM \/ PODE \/ PP", "nv" : "BIBIANA ORSI", "e" : "n", "st" : "", "dvt" : "Válido", "vap" : "0", "pvap" : "00.00" }, 
{ "seq" : "3", "sqcand" : "160001170362", "n" : "55", "nm" : "CHICO BRASILEIRO", "cc" : "PSD - PSD \/ PSDB \/ PTB \/ MDB \/ PSC \/ PSB \/ SOLIDARIEDADE \/ PL", "nv" : "DELEGADO FRANCISCO SAMPAIO", "e" : "n", "st" : "", "dvt" : "Válido", "vap" : "0", "pvap" : "00.00" }, 
{ "seq" : "8", "sqcand" : "160001009398", "n" : "10", "nm" : "SIDNEI PRESTES", "cc" : "REPUBLICANOS - PMN \/ REPUBLICANOS \/ PSL \/ DC", "nv" : "PASTOR MURÇA", "e" : "n", "st" : "", "dvt" : "Válido", "vap" : "0", "pvap" : "00.00" }, 
{ "seq" : "1", "sqcand" : "160001172481", "n" : "65", "nm" : "ALEMÃO", "cc" : "PC do B", "nv" : "DIEGO CARVALHO", "e" : "n", "st" : "", "dvt" : "Válido", "vap" : "0", "pvap" : "00.00" }, 
{ "seq" : "9", "sqcand" : "160000774423", "n" : "90", "nm" : "TATIANA FRUET", "cc" : "PROS - PROS \/ AVANTE", "nv" : "GUSTAVO TRAMONTIN", "e" : "n", "st" : "", "dvt" : "Válido", "vap" : "0", "pvap" : "00.00" } ] }