{ "ele" : "426", "tpabr" : "mu", "cdabr" : "74810", "carper" : "11", "t" : "1", "f" : "o", "dt" : "07\/11\/2020", "ht" : "02:10:05", "dv" : "s", "tf" : "n", "v" : "1", "esae" : "n", "mnae" : "", "s" : "230", "st" : "0", "pst" : "   0,00", "snt" : "230", "psnt" : " 100,00", "si" : "0", "psi" : "   0,00", "sni" : "0", "psni" : "   0,00", "sa" : "0", "psa" : "   0,00", "sna" : "0", "psna" : "   0,00", "e" : "87489", "ea" : "0", "pea" : "   0,00", "ena" : "0", "pena" : "   0,00", "esi" : "0", "pesi" : "   0,00", "esni" : "0", "pesni" : "   0,00", "c" : "0", "pc" : "   0,00", "a" : "0", "pa" : "   0,00", "vscv" : "0", "vnom" : "0", "pvnom" : "00,00", "vvc" : "0", "pvvc" : "00,00", "vb" : "0", "pvb" : "00,00", "tvn" : "0", "ptvn" : "00,00", "vn" : "0", "pvn" : "00,00", "vnt" : "0", "pvnt" : "00,00", "vp" : "0", "pvp" : "00,00", "vv" : "0", "pvv" : "00,00", "van" : "0", "pvan" : "00,00", "vansj" : "0", "pvansj" : "00,00", "tv" : "0", "cand" : [ 
{ "seq" : "4", "sqcand" : "160001013694", "n" : "77", "nm" : "LUIZ ADÃO", "cc" : "SOLIDARIEDADE - SOLIDARIEDADE \/ DC \/ AVANTE \/ PC do B \/ PMN", "nv" : "PROF AVANIR MASTEY ", "e" : "n", "st" : "", "dvt" : "Válido", "vap" : "0", "pvap" : "00.00" }, 
{ "seq" : "1", "sqcand" : "160000751885", "n" : "90", "nm" : "CAPITÃO ALVES", "cc" : "PROS", "nv" : "TOMAZINA", "e" : "n", "st" : "", "dvt" : "Válido", "vap" : "0", "pvap" : "00.00" }, 
{ "seq" : "2", "sqcand" : "160001210856", "n" : "12", "nm" : "FERNANDA DO NELSÃO", "cc" : "PDT - PDT \/ PT \/ PRTB", "nv" : "EDER PAULO", "e" : "n", "st" : "", "dvt" : "Válido", "vap" : "0", "pvap" : "00.00" }, 
{ "seq" : "3", "sqcand" : "160000887282", "n" : "36", "nm" : "JEAN NAISER", "cc" : "PTC - PTC \/ CIDADANIA", "nv" : "MAICON DA CANCHA", "e" : "n", "st" : "", "dvt" : "Válido", "vap" : "0", "pvap" : "00.00" }, 
{ "seq" : "6", "sqcand" : "160000849182", "n" : "45", "nm" : "UDO SCHMIDT", "cc" : "PSDB - PSC \/ PODE \/ PSB \/ PSDB \/ REPUBLICANOS \/ PV", "nv" : "BETTI BASSO", "e" : "n", "st" : "", "dvt" : "Válido", "vap" : "0", "pvap" : "00.00" }, 
{ "seq" : "5", "sqcand" : "160001053085", "n" : "25", "nm" : "MARCELO PUPPI", "cc" : "DEM - MDB \/ PSL \/ PP \/ DEM \/ PL", "nv" : "MAURÍCIO RIVABEM", "e" : "n", "st" : "", "dvt" : "Válido", "vap" : "0", "pvap" : "00.00" } ] }