{"ele":8707,"cdabr":"74632","nmabr":"BORRAZÓPOLIS","t":1,"f":"S","s":"N","dg":"13/10/2020","hg":"20:03:33","v":"005","br":{"nm":"Brasil","uf":[{"sg":"PR","nm":"PARANÁ","mun":[{"cd":"74632","nm":"BORRAZÓPOLIS","c":"N","s":26,"e":6567,"tzon":1,"zon":[{"cd":"0110","s":26,"e":6567}]}]}]},"carg":{"cd":13,"nmn":"Vereador","nmm":"Vereador","nmf":"Vereadora","nv":15,"col":[{"n":160000331025,"nm":"COLIGACAO 160000331025","tp":"P","com":"P16","par":[{"n":16,"sg":" P16 ","nm":"PARTIDO 16","cand":[{"sqcand":160002498633,"n":16003,"nm":"CANDIDATO 16003","nmu":"CANDIDATO 16003","s":"F","dt":"15/01/1929","dvt":"Válido"},{"sqcand":160002498645,"n":16015,"nm":"CANDIDATO 16015","nmu":"CANDIDATO 16015","s":"M","dt":"29/09/1928","dvt":"Válido"},{"sqcand":160002498635,"n":16005,"nm":"CANDIDATO 16005","nmu":"CANDIDATO 16005","s":"M","dt":"20/09/1929","dvt":"Válido"},{"sqcand":160002498638,"n":16008,"nm":"CANDIDATO 16008","nmu":"CANDIDATO 16008","s":"M","dt":"09/01/1989","dvt":"Válido"},{"sqcand":160002498639,"n":16009,"nm":"CANDIDATO 16009","nmu":"CANDIDATO 16009","s":"M","dt":"18/01/1974","dvt":"Válido"},{"sqcand":160002498641,"n":16011,"nm":"CANDIDATO 16011","nmu":"CANDIDATO 16011","s":"M","dt":"18/12/1958","dvt":"Válido"},{"sqcand":160002498632,"n":16002,"nm":"CANDIDATO 16002","nmu":"CANDIDATO 16002","s":"F","dt":"14/03/1925","dvt":"Válido"},{"sqcand":160002498637,"n":16007,"nm":"CANDIDATO 16007","nmu":"CANDIDATO 16007","s":"M","dt":"26/02/1929","dvt":"Válido"},{"sqcand":160002498636,"n":16006,"nm":"CANDIDATO 16006","nmu":"CANDIDATO 16006","s":"M","dt":"12/07/1977","dvt":"Válido"},{"sqcand":160002498640,"n":16010,"nm":"CANDIDATO 16010","nmu":"CANDIDATO 16010","s":"M","dt":"18/08/1929","dvt":"Válido"},{"sqcand":160002498634,"n":16004,"nm":"CANDIDATO 16004","nmu":"CANDIDATO 16004","s":"F","dt":"06/04/1973","dvt":"Válido"},{"sqcand":160002498643,"n":16013,"nm":"CANDIDATO 16013","nmu":"CANDIDATO 16013","s":"M","dt":"28/05/1983","dvt":"Válido"},{"sqcand":160002498631,"n":16001,"nm":"CANDIDATO 16001","nmu":"CANDIDATO 16001","s":"F","dt":"25/09/1927","dvt":"Válido"},{"sqcand":160002498642,"n":16012,"nm":"CANDIDATO 16012","nmu":"CANDIDATO 16012","s":"M","dt":"22/09/1929","dvt":"Válido"},{"sqcand":160002498644,"n":16014,"nm":"CANDIDATO 16014","nmu":"CANDIDATO 16014","s":"M","dt":"11/06/1929","dvt":"Válido"}]}]},{"n":160000331023,"nm":"COLIGACAO 160000331023","tp":"P","com":"P14","par":[{"n":14,"sg":" P14 ","nm":"PARTIDO 14","cand":[{"sqcand":160002498625,"n":14012,"nm":"CANDIDATO 14012","nmu":"CANDIDATO 14012","s":"M","dt":"25/07/1929","dvt":"Válido"},{"sqcand":160002498626,"n":14013,"nm":"CANDIDATO 14013","nmu":"CANDIDATO 14013","s":"M","dt":"11/10/1929","dvt":"Válido"},{"sqcand":160002498627,"n":14014,"nm":"CANDIDATO 14014","nmu":"CANDIDATO 14014","s":"M","dt":"31/10/1929","dvt":"Válido"},{"sqcand":160002498628,"n":14015,"nm":"CANDIDATO 14015","nmu":"CANDIDATO 14015","s":"M","dt":"18/02/1927","dvt":"Válido"},{"sqcand":160002498617,"n":14004,"nm":"CANDIDATO 14004","nmu":"CANDIDATO 14004","s":"F","dt":"20/06/1933","dvt":"Válido"},{"sqcand":160002498622,"n":14009,"nm":"CANDIDATO 14009","nmu":"CANDIDATO 14009","s":"M","dt":"10/07/1929","dvt":"Válido"},{"sqcand":160002498614,"n":14001,"nm":"CANDIDATO 14001","nmu":"CANDIDATO 14001","s":"F","dt":"03/07/1929","dvt":"Válido"},{"sqcand":160002498618,"n":14005,"nm":"CANDIDATO 14005","nmu":"CANDIDATO 14005","s":"M","dt":"20/01/1922","dvt":"Válido"},{"sqcand":160002498620,"n":14007,"nm":"CANDIDATO 14007","nmu":"CANDIDATO 14007","s":"M","dt":"13/06/1985","dvt":"Válido"},{"sqcand":160002498619,"n":14006,"nm":"CANDIDATO 14006","nmu":"CANDIDATO 14006","s":"M","dt":"01/01/1963","dvt":"Válido"},{"sqcand":160002498623,"n":14010,"nm":"CANDIDATO 14010","nmu":"CANDIDATO 14010","s":"M","dt":"02/06/1922","dvt":"Válido"},{"sqcand":160002498616,"n":14003,"nm":"CANDIDATO 14003","nmu":"CANDIDATO 14003","s":"F","dt":"17/07/1964","dvt":"Válido"},{"sqcand":160002498621,"n":14008,"nm":"CANDIDATO 14008","nmu":"CANDIDATO 14008","s":"M","dt":"25/11/1929","dvt":"Válido"},{"sqcand":160002498615,"n":14002,"nm":"CANDIDATO 14002","nmu":"CANDIDATO 14002","s":"F","dt":"13/06/1927","dvt":"Válido"},{"sqcand":160002498624,"n":14011,"nm":"CANDIDATO 14011","nmu":"CANDIDATO 14011","s":"M","dt":"22/08/1971","dvt":"Válido"}]}]}]}}