{"ele":8707,"cdabr":"74128","nmabr":"ÂNGULO","t":1,"f":"S","s":"N","dg":"13/10/2020","hg":"20:03:33","v":"005","br":{"nm":"Brasil","uf":[{"sg":"PR","nm":"PARANÁ","mun":[{"cd":"74128","nm":"ÂNGULO","c":"N","s":8,"e":2477,"tzon":1,"zon":[{"cd":"0150","s":8,"e":2477}]}]}]},"carg":{"cd":11,"nmn":"Prefeito","nmm":"Prefeito","nmf":"Prefeita","nv":1,"col":[{"n":160000338239,"nm":"COLIGACAO 160000338239","tp":"P","com":"P24","par":[{"n":24,"sg":" P24 ","nm":"PARTIDO 24","cand":[{"sqcand":160002520884,"n":24,"nm":"CANDIDATO 24","nmu":"CANDIDATO 24","s":"M","dt":"29/06/1929","dvt":"Válido","vs":[{"sqcand":160002520885,"nm":"CANDIDATO 24 1","nmu":"CANDIDATO 24 1","tp":"V","sgp":"P24"}]}]}]},{"n":160000338241,"nm":"COLIGACAO 160000338241","tp":"P","com":"P16","par":[{"n":16,"sg":" P16 ","nm":"PARTIDO 16","cand":[{"sqcand":160002520901,"n":16,"nm":"CANDIDATO 16","nmu":"CANDIDATO 16","s":"M","dt":"23/03/1929","dvt":"Válido","vs":[{"sqcand":160002520902,"nm":"CANDIDATO 16 1","nmu":"CANDIDATO 16 1","tp":"V","sgp":"P16"}]}]}]}]}}