{"ele":8707,"cdabr":"74284","nmabr":"ENTRE RIOS DO OESTE","t":1,"f":"S","s":"N","dg":"13/10/2020","hg":"20:03:36","v":"005","br":{"nm":"Brasil","uf":[{"sg":"PR","nm":"PARANÁ","mun":[{"cd":"74284","nm":"ENTRE RIOS DO OESTE","c":"N","s":13,"e":3370,"tzon":1,"zon":[{"cd":"0129","s":13,"e":3370}]}]}]},"carg":{"cd":11,"nmn":"Prefeito","nmm":"Prefeito","nmf":"Prefeita","nv":1,"col":[{"n":160000329221,"nm":"COLIGACAO 160000329221","tp":"P","com":"P16","par":[{"n":16,"sg":" P16 ","nm":"PARTIDO 16","cand":[{"sqcand":160002489520,"n":16,"nm":"CANDIDATO 16","nmu":"CANDIDATO 16","s":"M","dt":"19/02/1929","dvt":"Válido","vs":[{"sqcand":160002489521,"nm":"CANDIDATO 16 1","nmu":"CANDIDATO 16 1","tp":"V","sgp":"P16"}]}]}]},{"n":160000329215,"nm":"COLIGACAO 160000329215","tp":"P","com":"P14","par":[{"n":14,"sg":" P14 ","nm":"PARTIDO 14","cand":[{"sqcand":160002489449,"n":14,"nm":"CANDIDATO 14","nmu":"CANDIDATO 14","s":"M","dt":"25/02/1929","dvt":"Válido","vs":[{"sqcand":160002489450,"nm":"CANDIDATO 14 1","nmu":"CANDIDATO 14 1","tp":"V","sgp":"P14"}]}]}]}]}}