{"ele":8707,"cdabr":"74187","nmabr":"BRASILÂNDIA DO SUL","t":1,"f":"S","s":"N","dg":"13/10/2020","hg":"20:03:36","v":"005","br":{"nm":"Brasil","uf":[{"sg":"PR","nm":"PARANÁ","mun":[{"cd":"74187","nm":"BRASILÂNDIA DO SUL","c":"N","s":14,"e":2746,"tzon":1,"zon":[{"cd":"0128","s":14,"e":2746}]}]}]},"carg":{"cd":11,"nmn":"Prefeito","nmm":"Prefeito","nmf":"Prefeita","nv":1,"col":[{"n":160000338148,"nm":"COLIGACAO 160000338148","tp":"P","com":"P23","par":[{"n":23,"sg":" P23 ","nm":"PARTIDO 23","cand":[{"sqcand":160002520533,"n":23,"nm":"CANDIDATO 23","nmu":"CANDIDATO 23","s":"M","dt":"17/11/1976","dvt":"Válido","vs":[{"sqcand":160002520534,"nm":"CANDIDATO 23 1","nmu":"CANDIDATO 23 1","tp":"V","sgp":"P23"}]}]}]},{"n":160000338150,"nm":"COLIGACAO 160000338150","tp":"P","com":"P14","par":[{"n":14,"sg":" P14 ","nm":"PARTIDO 14","cand":[{"sqcand":160002520550,"n":14,"nm":"CANDIDATO 14","nmu":"CANDIDATO 14","s":"M","dt":"22/03/1924","dvt":"Válido","vs":[{"sqcand":160002520551,"nm":"CANDIDATO 14 1","nmu":"CANDIDATO 14 1","tp":"V","sgp":"P14"}]}]}]}]}}