{"ele":8707,"cdabr":"74888","nmabr":"TUNAS DO PARANÁ","t":1,"f":"S","s":"N","dg":"13/10/2020","hg":"20:03:35","v":"005","br":{"nm":"Brasil","uf":[{"sg":"PR","nm":"PARANÁ","mun":[{"cd":"74888","nm":"TUNAS DO PARANÁ","c":"N","s":17,"e":4944,"tzon":1,"zon":[{"cd":"0048","s":17,"e":4944}]}]}]},"carg":{"cd":13,"nmn":"Vereador","nmm":"Vereador","nmf":"Vereadora","nv":15,"col":[{"n":160000330119,"nm":"COLIGACAO 160000330119","tp":"P","com":"P12","par":[{"n":12,"sg":" P12 ","nm":"PARTIDO 12","cand":[{"sqcand":160002493671,"n":12007,"nm":"CANDIDATO 12007","nmu":"CANDIDATO 12007","s":"M","dt":"25/01/1926","dvt":"Válido"},{"sqcand":160002493678,"n":12014,"nm":"CANDIDATO 12014","nmu":"CANDIDATO 12014","s":"M","dt":"21/02/1922","dvt":"Válido"},{"sqcand":160002493670,"n":12006,"nm":"CANDIDATO 12006","nmu":"CANDIDATO 12006","s":"M","dt":"06/10/1929","dvt":"Válido"},{"sqcand":160002493677,"n":12013,"nm":"CANDIDATO 12013","nmu":"CANDIDATO 12013","s":"M","dt":"18/02/1929","dvt":"Válido"},{"sqcand":160002493667,"n":12003,"nm":"CANDIDATO 12003","nmu":"CANDIDATO 12003","s":"F","dt":"16/11/1929","dvt":"Válido"},{"sqcand":160002493668,"n":12004,"nm":"CANDIDATO 12004","nmu":"CANDIDATO 12004","s":"F","dt":"04/07/1926","dvt":"Válido"},{"sqcand":160002493669,"n":12005,"nm":"CANDIDATO 12005","nmu":"CANDIDATO 12005","s":"M","dt":"21/11/1972","dvt":"Válido"},{"sqcand":160002493679,"n":12015,"nm":"CANDIDATO 12015","nmu":"CANDIDATO 12015","s":"M","dt":"22/03/1926","dvt":"Válido"},{"sqcand":160002493673,"n":12009,"nm":"CANDIDATO 12009","nmu":"CANDIDATO 12009","s":"M","dt":"07/09/1985","dvt":"Válido"},{"sqcand":160002493675,"n":12011,"nm":"CANDIDATO 12011","nmu":"CANDIDATO 12011","s":"M","dt":"20/03/1964","dvt":"Válido"},{"sqcand":160002493676,"n":12012,"nm":"CANDIDATO 12012","nmu":"CANDIDATO 12012","s":"M","dt":"05/06/1960","dvt":"Válido"},{"sqcand":160002493666,"n":12002,"nm":"CANDIDATO 12002","nmu":"CANDIDATO 12002","s":"F","dt":"16/09/1929","dvt":"Válido"},{"sqcand":160002493674,"n":12010,"nm":"CANDIDATO 12010","nmu":"CANDIDATO 12010","s":"M","dt":"04/03/1995","dvt":"Válido"},{"sqcand":160002493672,"n":12008,"nm":"CANDIDATO 12008","nmu":"CANDIDATO 12008","s":"M","dt":"28/11/1928","dvt":"Válido"},{"sqcand":160002493665,"n":12001,"nm":"CANDIDATO 12001","nmu":"CANDIDATO 12001","s":"F","dt":"05/06/1929","dvt":"Válido"}]}]},{"n":160000330121,"nm":"COLIGACAO 160000330121","tp":"P","com":"P16","par":[{"n":16,"sg":" P16 ","nm":"PARTIDO 16","cand":[{"sqcand":160002493690,"n":16009,"nm":"CANDIDATO 16009","nmu":"CANDIDATO 16009","s":"M","dt":"07/08/1929","dvt":"Válido"},{"sqcand":160002493691,"n":16010,"nm":"CANDIDATO 16010","nmu":"CANDIDATO 16010","s":"M","dt":"25/05/1925","dvt":"Válido"},{"sqcand":160002493692,"n":16011,"nm":"CANDIDATO 16011","nmu":"CANDIDATO 16011","s":"M","dt":"17/12/1980","dvt":"Válido"},{"sqcand":160002493682,"n":16001,"nm":"CANDIDATO 16001","nmu":"CANDIDATO 16001","s":"F","dt":"30/06/1928","dvt":"Válido"},{"sqcand":160002493683,"n":16002,"nm":"CANDIDATO 16002","nmu":"CANDIDATO 16002","s":"F","dt":"01/10/1923","dvt":"Válido"},{"sqcand":160002493686,"n":16005,"nm":"CANDIDATO 16005","nmu":"CANDIDATO 16005","s":"M","dt":"14/04/1993","dvt":"Válido"},{"sqcand":160002493695,"n":16014,"nm":"CANDIDATO 16014","nmu":"CANDIDATO 16014","s":"M","dt":"16/11/1925","dvt":"Válido"},{"sqcand":160002493693,"n":16012,"nm":"CANDIDATO 16012","nmu":"CANDIDATO 16012","s":"M","dt":"14/02/1929","dvt":"Válido"},{"sqcand":160002493696,"n":16015,"nm":"CANDIDATO 16015","nmu":"CANDIDATO 16015","s":"M","dt":"29/12/1929","dvt":"Válido"},{"sqcand":160002493689,"n":16008,"nm":"CANDIDATO 16008","nmu":"CANDIDATO 16008","s":"M","dt":"07/10/1928","dvt":"Válido"},{"sqcand":160002493688,"n":16007,"nm":"CANDIDATO 16007","nmu":"CANDIDATO 16007","s":"M","dt":"27/06/1929","dvt":"Válido"},{"sqcand":160002493694,"n":16013,"nm":"CANDIDATO 16013","nmu":"CANDIDATO 16013","s":"M","dt":"31/03/1929","dvt":"Válido"},{"sqcand":160002493684,"n":16003,"nm":"CANDIDATO 16003","nmu":"CANDIDATO 16003","s":"F","dt":"16/10/1929","dvt":"Válido"},{"sqcand":160002493687,"n":16006,"nm":"CANDIDATO 16006","nmu":"CANDIDATO 16006","s":"M","dt":"17/06/1928","dvt":"Válido"},{"sqcand":160002493685,"n":16004,"nm":"CANDIDATO 16004","nmu":"CANDIDATO 16004","s":"F","dt":"11/07/1929","dvt":"Válido"}]}]}]}}