{"ele":8707,"cdabr":"74683","nmabr":"QUATRO PONTES","t":1,"f":"S","s":"N","dg":"13/10/2020","hg":"20:03:41","v":"005","br":{"nm":"Brasil","uf":[{"sg":"PR","nm":"PARANÁ","mun":[{"cd":"74683","nm":"QUATRO PONTES","c":"N","s":12,"e":3559,"tzon":1,"zon":[{"cd":"0121","s":12,"e":3559}]}]}]},"carg":{"cd":13,"nmn":"Vereador","nmm":"Vereador","nmf":"Vereadora","nv":15,"col":[{"n":160000322635,"nm":"COLIGACAO 160000322635","tp":"P","com":"P16","par":[{"n":16,"sg":" P16 ","nm":"PARTIDO 16","cand":[{"sqcand":160002468311,"n":16007,"nm":"CANDIDATO 16007","nmu":"CANDIDATO 16007","s":"M","dt":"25/07/1985","dvt":"Válido"},{"sqcand":160002468307,"n":16003,"nm":"CANDIDATO 16003","nmu":"CANDIDATO 16003","s":"F","dt":"29/04/1929","dvt":"Válido"},{"sqcand":160002468309,"n":16005,"nm":"CANDIDATO 16005","nmu":"CANDIDATO 16005","s":"M","dt":"25/02/1925","dvt":"Válido"},{"sqcand":160002468315,"n":16011,"nm":"CANDIDATO 16011","nmu":"CANDIDATO 16011","s":"M","dt":"29/06/1926","dvt":"Válido"},{"sqcand":160002468313,"n":16009,"nm":"CANDIDATO 16009","nmu":"CANDIDATO 16009","s":"M","dt":"15/03/1996","dvt":"Válido"},{"sqcand":160002468338,"n":16014,"nm":"CANDIDATO 16014","nmu":"CANDIDATO 16014","s":"M","dt":"20/03/1957","dvt":"Válido"},{"sqcand":160002468316,"n":16012,"nm":"CANDIDATO 16012","nmu":"CANDIDATO 16012","s":"M","dt":"19/09/1962","dvt":"Válido"},{"sqcand":160002468339,"n":16015,"nm":"CANDIDATO 16015","nmu":"CANDIDATO 16015","s":"M","dt":"25/08/1923","dvt":"Válido"},{"sqcand":160002468308,"n":16004,"nm":"CANDIDATO 16004","nmu":"CANDIDATO 16004","s":"F","dt":"08/06/1921","dvt":"Válido"},{"sqcand":160002468312,"n":16008,"nm":"CANDIDATO 16008","nmu":"CANDIDATO 16008","s":"M","dt":"18/06/1929","dvt":"Válido"},{"sqcand":160002468317,"n":16013,"nm":"CANDIDATO 16013","nmu":"CANDIDATO 16013","s":"M","dt":"12/10/1929","dvt":"Válido"},{"sqcand":160002468310,"n":16006,"nm":"CANDIDATO 16006","nmu":"CANDIDATO 16006","s":"M","dt":"26/07/1926","dvt":"Válido"},{"sqcand":160002468305,"n":16001,"nm":"CANDIDATO 16001","nmu":"CANDIDATO 16001","s":"F","dt":"04/10/1924","dvt":"Válido"},{"sqcand":160002468306,"n":16002,"nm":"CANDIDATO 16002","nmu":"CANDIDATO 16002","s":"F","dt":"20/01/1921","dvt":"Válido"},{"sqcand":160002468314,"n":16010,"nm":"CANDIDATO 16010","nmu":"CANDIDATO 16010","s":"M","dt":"11/08/1929","dvt":"Válido"}]}]},{"n":160000322633,"nm":"COLIGACAO 160000322633","tp":"P","com":"P14","par":[{"n":14,"sg":" P14 ","nm":"PARTIDO 14","cand":[{"sqcand":160002466355,"n":14008,"nm":"CANDIDATO 14008","nmu":"CANDIDATO 14008","s":"M","dt":"11/07/1928","dvt":"Válido"},{"sqcand":160002466356,"n":14009,"nm":"CANDIDATO 14009","nmu":"CANDIDATO 14009","s":"M","dt":"17/09/1927","dvt":"Válido"},{"sqcand":160002468302,"n":14015,"nm":"CANDIDATO 14015","nmu":"CANDIDATO 14015","s":"M","dt":"14/03/1968","dvt":"Válido"},{"sqcand":160002466349,"n":14002,"nm":"CANDIDATO 14002","nmu":"CANDIDATO 14002","s":"F","dt":"25/08/1926","dvt":"Válido"},{"sqcand":160002466357,"n":14010,"nm":"CANDIDATO 14010","nmu":"CANDIDATO 14010","s":"M","dt":"06/02/1964","dvt":"Válido"},{"sqcand":160002468299,"n":14012,"nm":"CANDIDATO 14012","nmu":"CANDIDATO 14012","s":"M","dt":"07/06/1929","dvt":"Válido"},{"sqcand":160002466351,"n":14004,"nm":"CANDIDATO 14004","nmu":"CANDIDATO 14004","s":"F","dt":"14/12/1927","dvt":"Válido"},{"sqcand":160002468300,"n":14013,"nm":"CANDIDATO 14013","nmu":"CANDIDATO 14013","s":"M","dt":"14/03/1956","dvt":"Válido"},{"sqcand":160002466352,"n":14005,"nm":"CANDIDATO 14005","nmu":"CANDIDATO 14005","s":"M","dt":"12/11/1929","dvt":"Válido"},{"sqcand":160002466348,"n":14001,"nm":"CANDIDATO 14001","nmu":"CANDIDATO 14001","s":"F","dt":"16/06/1926","dvt":"Válido"},{"sqcand":160002466350,"n":14003,"nm":"CANDIDATO 14003","nmu":"CANDIDATO 14003","s":"F","dt":"29/09/1928","dvt":"Válido"},{"sqcand":160002466354,"n":14007,"nm":"CANDIDATO 14007","nmu":"CANDIDATO 14007","s":"M","dt":"02/04/1929","dvt":"Válido"},{"sqcand":160002466353,"n":14006,"nm":"CANDIDATO 14006","nmu":"CANDIDATO 14006","s":"M","dt":"16/07/1929","dvt":"Válido"},{"sqcand":160002468298,"n":14011,"nm":"CANDIDATO 14011","nmu":"CANDIDATO 14011","s":"M","dt":"08/11/1979","dvt":"Válido"},{"sqcand":160002468301,"n":14014,"nm":"CANDIDATO 14014","nmu":"CANDIDATO 14014","s":"M","dt":"10/07/1921","dvt":"Válido"}]}]}]}}