{"ele":8707,"cdabr":"74349","nmabr":"FLOR DA SERRA DO SUL","t":1,"f":"S","s":"N","dg":"13/10/2020","hg":"20:03:36","v":"005","br":{"nm":"Brasil","uf":[{"sg":"PR","nm":"PARANÁ","mun":[{"cd":"74349","nm":"FLOR DA SERRA DO SUL","c":"N","s":16,"e":4210,"tzon":2,"zon":[{"cd":"0140","s":16,"e":4210}]}]}]},"carg":{"cd":11,"nmn":"Prefeito","nmm":"Prefeito","nmf":"Prefeita","nv":1,"col":[{"n":160000330388,"nm":"COLIGACAO 160000330388","tp":"P","com":"P16","par":[{"n":16,"sg":" P16 ","nm":"PARTIDO 16","cand":[{"sqcand":160002495170,"n":16,"nm":"CANDIDATO 16","nmu":"CANDIDATO 16","s":"M","dt":"28/06/1929","dvt":"Válido","vs":[{"sqcand":160002495171,"nm":"CANDIDATO 16 1","nmu":"CANDIDATO 16 1","tp":"V","sgp":"P16"}]}]}]},{"n":160000330385,"nm":"COLIGACAO 160000330385","tp":"P","com":"P14","par":[{"n":14,"sg":" P14 ","nm":"PARTIDO 14","cand":[{"sqcand":160002495164,"n":14,"nm":"CANDIDATO 14","nmu":"CANDIDATO 14","s":"M","dt":"25/05/1929","dvt":"Válido","vs":[{"sqcand":160002495165,"nm":"CANDIDATO 14 1","nmu":"CANDIDATO 14 1","tp":"V","sgp":"P14"}]}]}]}]}}