{"ele":8707,"carper":13,"t":1,"f":"S","esae":"N","mnae":" ","dg":"13/10/2020","hg":"20:06:08","dv":"S","nadf":"pr74020-c0013-e008707-006-f","abr":[{"dt":"13/10/2020","ht":"20:06:08","tf":"N","and":"N","s":16,"st":0,"pst":"   0,00","snt":16,"psnt":" 100,00","si":0,"psi":"   0,00","sni":0,"psni":"   0,00","sa":0,"psa":"   0,00","sna":0,"psna":"   0,00","e":0,"ea":0,"pea":"   0,00","ena":0,"pena":"   0,00","esi":0,"pesi":"   0,00","esni":0,"pesni":"   0,00","c":0,"pc":"   0,00","a":0,"pa":"   0,00","tv":0,"vscv":0,"vb":0,"pvb":"00,00","tvn":0,"ptvn":"00,00","vn":0,"pvn":"00,00","vnt":0,"pvnt":"00,00","vp":0,"pvp":"00,00","vv":0,"pvv":"00,00","vl":0,"pvl":"00,00","van":0,"pvan":"00,00","vansj":0,"pvansj":"00,00","vnom":0,"pvnom":"0","cand":[],"tpabr":"MU","cdabr":"74020","colig":[{"n":160000330738,"tvtn":0,"tvtl":0,"tvan":0,"tval":0,"vag":0},{"n":160000330732,"tvtn":0,"tvtl":0,"tvan":0,"tval":0,"vag":0}],"part":[{"n":26,"tvtn":0,"tvtl":0,"tvan":0,"tval":0},{"n":16,"tvtn":0,"tvtl":0,"tvan":0,"tval":0}]},{"dt":"13/10/2020","ht":"20:06:08","tf":"N","and":"N","s":16,"st":0,"pst":"   0,00","snt":16,"psnt":"16","si":0,"psi":"   0,00","sni":0,"psni":"   0,00","sa":0,"psa":"   0,00","sna":0,"psna":"   0,00","e":0,"ea":0,"pea":"   0,00","ena":0,"pena":"   0,00","esi":0,"pesi":"   0,00","esni":0,"pesni":"   0,00","c":0,"pc":"   0,00","a":0,"pa":"   0,00","tv":0,"vscv":0,"vb":0,"pvb":"00,00","tvn":0,"ptvn":"00,00","vn":0,"pvn":"00,00","vp":0,"pvp":"00,00","vv":0,"pvv":"00,00","vl":0,"pvl":"00,00","van":0,"pvan":"00,00","vansj":0,"pvansj":"00,00","vnom":0,"pvnom":"0","cand":[],"tpabr":"ZONA","cdabr":"166"}]}