{"ele":8707,"carper":11,"t":1,"f":"S","esae":"N","mnae":" ","dg":"13/10/2020","hg":"20:06:08","dv":"S","nadf":"pr74144-c0011-e008707-006-f","abr":[{"dt":"13/10/2020","ht":"18:40:03","tf":"N","and":"P","s":8,"st":8,"pst":" 100,00","snt":0,"psnt":"   0,00","si":8,"psi":" 100,00","sni":0,"psni":"   0,00","sa":8,"psa":" 100,00","sna":0,"psna":"   0,00","e":2322,"ea":2322,"pea":" 100,00","ena":0,"pena":"   0,00","esi":2322,"pesi":" 100,00","esni":0,"pesni":"   0,00","c":1977,"pc":"  85,14","a":345,"pa":"  14,86","tv":1977,"vscv":0,"vb":226,"pvb":"  11,43","tvn":477,"ptvn":"  24,13","vn":477,"pvn":" 100,00","vnt":0,"pvnt":"   0,00","vp":0,"pvp":"   0,00","vv":1274,"pvv":" 100,00","van":0,"pvan":"   0,00","vansj":0,"pvansj":"   0,00","vnom":1274,"pvnom":" 100,00","cand":[{"seq":1,"n":16,"e":"N","vap":812,"pvap":"  41,07","st":""},{"seq":2,"n":14,"e":"N","vap":462,"pvap":"  23,37","st":""}],"tpabr":"MU","cdabr":"74144","colig":[{"n":160000328522,"tvtn":812,"tvtl":0,"tvan":812,"tval":0},{"n":160000328514,"tvtn":462,"tvtl":0,"tvan":462,"tval":0}],"part":[{"n":16,"tvtn":812,"tvtl":0,"tvan":812,"tval":0},{"n":14,"tvtn":462,"tvtl":0,"tvan":462,"tval":0}]},{"dt":"13/10/2020","ht":"18:40:03","tf":"N","and":"P","s":8,"st":8,"pst":" 100,00","snt":0,"psnt":"0","si":8,"psi":" 100,00","sni":0,"psni":"   0,00","sa":8,"psa":" 100,00","sna":0,"psna":"   0,00","e":2322,"ea":2322,"pea":" 100,00","ena":0,"pena":"   0,00","esi":2322,"pesi":" 100,00","esni":0,"pesni":"   0,00","c":1977,"pc":"  85,14","a":345,"pa":"  14,86","tv":1977,"vscv":0,"vb":226,"pvb":"  11,43","tvn":477,"ptvn":"  24,13","vn":477,"pvn":" 100,00","vp":0,"pvp":"   0,00","vv":1274,"pvv":" 100,00","van":0,"pvan":"   0,00","vansj":0,"pvansj":"   0,00","vnom":1274,"pvnom":" 100,00","cand":[{"seq":1,"n":16,"e":"N","vap":812,"pvap":"  41,07","st":""},{"seq":2,"n":14,"e":"N","vap":462,"pvap":"  23,37","st":""}],"tpabr":"ZONA","cdabr":"115"}]}