{"ele":8707,"cdabr":"74896","nmabr":"CAPITÃO LEÔNIDAS MARQUES","t":1,"f":"S","s":"N","dg":"13/10/2020","hg":"20:03:34","v":"005","br":{"nm":"Brasil","uf":[{"sg":"PR","nm":"PARANÁ","mun":[{"cd":"74896","nm":"CAPITÃO LEÔNIDAS MARQUES","c":"N","s":43,"e":12049,"tzon":1,"zon":[{"cd":"0165","s":43,"e":12049}]}]}]},"carg":{"cd":11,"nmn":"Prefeito","nmm":"Prefeito","nmf":"Prefeita","nv":1,"col":[{"n":160000330661,"nm":"COLIGACAO 160000330661","tp":"P","com":"P13","par":[{"n":13,"sg":" P13 ","nm":"PARTIDO 13","cand":[{"sqcand":160002496534,"n":13,"nm":"CANDIDATO 13","nmu":"CANDIDATO 13","s":"M","dt":"06/06/1929","dvt":"Válido","vs":[{"sqcand":160002496535,"nm":"CANDIDATO 13 1","nmu":"CANDIDATO 13 1","tp":"V","sgp":"P13"}]}]}]},{"n":160000330655,"nm":"COLIGACAO 160000330655","tp":"P","com":"P16","par":[{"n":16,"sg":" P16 ","nm":"PARTIDO 16","cand":[{"sqcand":160002496463,"n":16,"nm":"CANDIDATO 16","nmu":"CANDIDATO 16","s":"M","dt":"09/03/1922","dvt":"Válido","vs":[{"sqcand":160002496464,"nm":"CANDIDATO 16 1","nmu":"CANDIDATO 16 1","tp":"V","sgp":"P16"}]}]}]}]}}