{"ele":8707,"cdabr":"74047","nmabr":"LINDOESTE","t":1,"f":"S","s":"N","dg":"13/10/2020","hg":"20:03:42","v":"005","br":{"nm":"Brasil","uf":[{"sg":"PR","nm":"PARANÁ","mun":[{"cd":"74047","nm":"LINDOESTE","c":"N","s":15,"e":4595,"tzon":1,"zon":[{"cd":"0143","s":15,"e":4595}]}]}]},"carg":{"cd":13,"nmn":"Vereador","nmm":"Vereador","nmf":"Vereadora","nv":15,"col":[{"n":160000338336,"nm":"COLIGACAO 160000338336","tp":"P","com":"P16","par":[{"n":16,"sg":" P16 ","nm":"PARTIDO 16","cand":[{"sqcand":160002521267,"n":16003,"nm":"CANDIDATO 16003","nmu":"CANDIDATO 16003","s":"F","dt":"17/09/1920","dvt":"Válido"},{"sqcand":160002521268,"n":16004,"nm":"CANDIDATO 16004","nmu":"CANDIDATO 16004","s":"F","dt":"07/09/1929","dvt":"Válido"},{"sqcand":160002521266,"n":16002,"nm":"CANDIDATO 16002","nmu":"CANDIDATO 16002","s":"F","dt":"23/12/1929","dvt":"Válido"},{"sqcand":160002521272,"n":16008,"nm":"CANDIDATO 16008","nmu":"CANDIDATO 16008","s":"M","dt":"20/10/1986","dvt":"Válido"},{"sqcand":160002521271,"n":16007,"nm":"CANDIDATO 16007","nmu":"CANDIDATO 16007","s":"M","dt":"05/02/1924","dvt":"Válido"},{"sqcand":160002521273,"n":16009,"nm":"CANDIDATO 16009","nmu":"CANDIDATO 16009","s":"M","dt":"25/02/1929","dvt":"Válido"},{"sqcand":160002521279,"n":16015,"nm":"CANDIDATO 16015","nmu":"CANDIDATO 16015","s":"M","dt":"31/05/1976","dvt":"Válido"},{"sqcand":160002521274,"n":16010,"nm":"CANDIDATO 16010","nmu":"CANDIDATO 16010","s":"M","dt":"15/07/1950","dvt":"Válido"},{"sqcand":160002521269,"n":16005,"nm":"CANDIDATO 16005","nmu":"CANDIDATO 16005","s":"M","dt":"27/01/1993","dvt":"Válido"},{"sqcand":160002521270,"n":16006,"nm":"CANDIDATO 16006","nmu":"CANDIDATO 16006","s":"M","dt":"03/01/1929","dvt":"Válido"},{"sqcand":160002521265,"n":16001,"nm":"CANDIDATO 16001","nmu":"CANDIDATO 16001","s":"F","dt":"19/11/1929","dvt":"Válido"},{"sqcand":160002521275,"n":16011,"nm":"CANDIDATO 16011","nmu":"CANDIDATO 16011","s":"M","dt":"29/08/1929","dvt":"Válido"},{"sqcand":160002521276,"n":16012,"nm":"CANDIDATO 16012","nmu":"CANDIDATO 16012","s":"M","dt":"28/03/1989","dvt":"Válido"},{"sqcand":160002521277,"n":16013,"nm":"CANDIDATO 16013","nmu":"CANDIDATO 16013","s":"M","dt":"23/03/1929","dvt":"Válido"},{"sqcand":160002521278,"n":16014,"nm":"CANDIDATO 16014","nmu":"CANDIDATO 16014","s":"M","dt":"27/05/1929","dvt":"Válido"}]}]},{"n":160000338332,"nm":"COLIGACAO 160000338332","tp":"P","com":"P14","par":[{"n":14,"sg":" P14 ","nm":"PARTIDO 14","cand":[{"sqcand":160002521231,"n":14001,"nm":"CANDIDATO 14001","nmu":"CANDIDATO 14001","s":"F","dt":"04/09/1921","dvt":"Válido"},{"sqcand":160002521235,"n":14005,"nm":"CANDIDATO 14005","nmu":"CANDIDATO 14005","s":"M","dt":"12/07/1929","dvt":"Válido"},{"sqcand":160002521236,"n":14006,"nm":"CANDIDATO 14006","nmu":"CANDIDATO 14006","s":"M","dt":"14/01/1967","dvt":"Válido"},{"sqcand":160002521238,"n":14008,"nm":"CANDIDATO 14008","nmu":"CANDIDATO 14008","s":"M","dt":"21/02/1979","dvt":"Válido"},{"sqcand":160002521242,"n":14012,"nm":"CANDIDATO 14012","nmu":"CANDIDATO 14012","s":"M","dt":"29/09/1963","dvt":"Válido"},{"sqcand":160002521243,"n":14013,"nm":"CANDIDATO 14013","nmu":"CANDIDATO 14013","s":"M","dt":"12/07/1929","dvt":"Válido"},{"sqcand":160002521232,"n":14002,"nm":"CANDIDATO 14002","nmu":"CANDIDATO 14002","s":"F","dt":"03/08/1956","dvt":"Válido"},{"sqcand":160002521239,"n":14009,"nm":"CANDIDATO 14009","nmu":"CANDIDATO 14009","s":"M","dt":"07/08/1929","dvt":"Válido"},{"sqcand":160002521240,"n":14010,"nm":"CANDIDATO 14010","nmu":"CANDIDATO 14010","s":"M","dt":"23/08/1929","dvt":"Válido"},{"sqcand":160002521241,"n":14011,"nm":"CANDIDATO 14011","nmu":"CANDIDATO 14011","s":"M","dt":"22/05/1990","dvt":"Válido"},{"sqcand":160002521244,"n":14014,"nm":"CANDIDATO 14014","nmu":"CANDIDATO 14014","s":"M","dt":"24/08/1993","dvt":"Válido"},{"sqcand":160002521233,"n":14003,"nm":"CANDIDATO 14003","nmu":"CANDIDATO 14003","s":"F","dt":"01/04/1926","dvt":"Válido"},{"sqcand":160002521234,"n":14004,"nm":"CANDIDATO 14004","nmu":"CANDIDATO 14004","s":"F","dt":"28/08/1929","dvt":"Válido"},{"sqcand":160002521237,"n":14007,"nm":"CANDIDATO 14007","nmu":"CANDIDATO 14007","s":"M","dt":"02/06/1922","dvt":"Válido"},{"sqcand":160002521245,"n":14015,"nm":"CANDIDATO 14015","nmu":"CANDIDATO 14015","s":"M","dt":"25/12/1928","dvt":"Válido"}]}]}]}}