{"ele":8707,"carper":13,"t":1,"f":"S","esae":"N","mnae":" ","dg":"13/10/2020","hg":"20:06:05","dv":"S","nadf":"pr74390-c0013-e008707-006-f","abr":[{"dt":"13/10/2020","ht":"16:55:00","tf":"N","and":"P","s":60,"st":58,"pst":"  96,67","snt":2,"psnt":"   3,33","si":58,"psi":"  96,67","sni":0,"psni":"   0,00","sa":58,"psa":" 100,00","sna":0,"psna":"   0,00","e":20054,"ea":20054,"pea":" 100,00","ena":0,"pena":"   0,00","esi":20054,"pesi":"  96,67","esni":0,"pesni":"   0,00","c":17076,"pc":"  85,15","a":2978,"pa":"  14,85","tv":17076,"vscv":0,"vb":938,"pvb":"   5,49","tvn":242,"ptvn":"   1,42","vn":242,"pvn":" 100,00","vnt":0,"pvnt":"   0,00","vp":0,"pvp":"   0,00","vv":15896,"pvv":" 100,00","vl":1244,"pvl":"   7,83","van":0,"pvan":"   0,00","vansj":0,"pvansj":"   0,00","vnom":14652,"pvnom":"  92,17","cand":[{"seq":28,"n":16004,"e":"N","vap":265,"pvap":"   1,55","st":""},{"seq":6,"n":16012,"e":"N","vap":651,"pvap":"   3,81","st":""},{"seq":4,"n":16007,"e":"N","vap":689,"pvap":"   4,03","st":""},{"seq":13,"n":16015,"e":"N","vap":543,"pvap":"   3,18","st":""},{"seq":24,"n":16009,"e":"N","vap":318,"pvap":"   1,86","st":""},{"seq":30,"n":16014,"e":"N","vap":164,"pvap":"   0,96","st":""},{"seq":15,"n":16011,"e":"N","vap":506,"pvap":"   2,96","st":""},{"seq":23,"n":16008,"e":"N","vap":326,"pvap":"   1,91","st":""},{"seq":1,"n":16001,"e":"N","vap":959,"pvap":"   5,62","st":""},{"seq":17,"n":16002,"e":"N","vap":438,"pvap":"   2,57","st":""},{"seq":5,"n":16013,"e":"N","vap":670,"pvap":"   3,92","st":""},{"seq":26,"n":16005,"e":"N","vap":275,"pvap":"   1,61","st":""},{"seq":16,"n":16010,"e":"N","vap":484,"pvap":"   2,83","st":""},{"seq":18,"n":16006,"e":"N","vap":411,"pvap":"   2,41","st":""},{"seq":8,"n":16003,"e":"N","vap":634,"pvap":"   3,71","st":""},{"seq":14,"n":14014,"e":"N","vap":529,"pvap":"   3,10","st":""},{"seq":25,"n":14007,"e":"N","vap":297,"pvap":"   1,74","st":""},{"seq":9,"n":14013,"e":"N","vap":610,"pvap":"   3,57","st":""},{"seq":22,"n":14002,"e":"N","vap":342,"pvap":"   2,00","st":""},{"seq":2,"n":14012,"e":"N","vap":895,"pvap":"   5,24","st":""},{"seq":3,"n":14004,"e":"N","vap":720,"pvap":"   4,22","st":""},{"seq":19,"n":14008,"e":"N","vap":371,"pvap":"   2,17","st":""},{"seq":29,"n":14011,"e":"N","vap":221,"pvap":"   1,29","st":""},{"seq":27,"n":14015,"e":"N","vap":270,"pvap":"   1,58","st":""},{"seq":10,"n":14010,"e":"N","vap":578,"pvap":"   3,38","st":""},{"seq":21,"n":14006,"e":"N","vap":353,"pvap":"   2,07","st":""},{"seq":12,"n":14009,"e":"N","vap":553,"pvap":"   3,24","st":""},{"seq":11,"n":14005,"e":"N","vap":575,"pvap":"   3,37","st":""},{"seq":7,"n":14001,"e":"N","vap":640,"pvap":"   3,75","st":""},{"seq":20,"n":14003,"e":"N","vap":365,"pvap":"   2,14","st":""}],"tpabr":"MU","cdabr":"74390","colig":[{"n":160000323049,"tvtn":7333,"tvtl":360,"tvan":7333,"tval":360,"vag":7},{"n":160000323043,"tvtn":7319,"tvtl":884,"tvan":7319,"tval":884,"vag":8}],"part":[{"n":16,"tvtn":7333,"tvtl":360,"tvan":7333,"tval":360},{"n":14,"tvtn":7319,"tvtl":884,"tvan":7319,"tval":884}]},{"dt":"13/10/2020","ht":"16:55:00","tf":"N","and":"P","s":60,"st":58,"pst":"  96,67","snt":2,"psnt":"2","si":58,"psi":"  96,67","sni":0,"psni":"   0,00","sa":58,"psa":" 100,00","sna":0,"psna":"   0,00","e":20054,"ea":20054,"pea":" 100,00","ena":0,"pena":"   0,00","esi":20054,"pesi":"  96,67","esni":0,"pesni":"   0,00","c":17076,"pc":"  85,15","a":2978,"pa":"  14,85","tv":17076,"vscv":0,"vb":938,"pvb":"   5,49","tvn":242,"ptvn":"   1,42","vn":242,"pvn":" 100,00","vp":0,"pvp":"   0,00","vv":15896,"pvv":" 100,00","vl":1244,"pvl":"   7,83","van":0,"pvan":"   0,00","vansj":0,"pvansj":"   0,00","vnom":14652,"pvnom":"  92,17","cand":[{"seq":28,"n":16004,"e":"N","vap":265,"pvap":"   1,55","st":""},{"seq":6,"n":16012,"e":"N","vap":651,"pvap":"   3,81","st":""},{"seq":4,"n":16007,"e":"N","vap":689,"pvap":"   4,03","st":""},{"seq":13,"n":16015,"e":"N","vap":543,"pvap":"   3,18","st":""},{"seq":24,"n":16009,"e":"N","vap":318,"pvap":"   1,86","st":""},{"seq":30,"n":16014,"e":"N","vap":164,"pvap":"   0,96","st":""},{"seq":15,"n":16011,"e":"N","vap":506,"pvap":"   2,96","st":""},{"seq":23,"n":16008,"e":"N","vap":326,"pvap":"   1,91","st":""},{"seq":1,"n":16001,"e":"N","vap":959,"pvap":"   5,62","st":""},{"seq":17,"n":16002,"e":"N","vap":438,"pvap":"   2,57","st":""},{"seq":5,"n":16013,"e":"N","vap":670,"pvap":"   3,92","st":""},{"seq":26,"n":16005,"e":"N","vap":275,"pvap":"   1,61","st":""},{"seq":16,"n":16010,"e":"N","vap":484,"pvap":"   2,83","st":""},{"seq":18,"n":16006,"e":"N","vap":411,"pvap":"   2,41","st":""},{"seq":8,"n":16003,"e":"N","vap":634,"pvap":"   3,71","st":""},{"seq":14,"n":14014,"e":"N","vap":529,"pvap":"   3,10","st":""},{"seq":25,"n":14007,"e":"N","vap":297,"pvap":"   1,74","st":""},{"seq":9,"n":14013,"e":"N","vap":610,"pvap":"   3,57","st":""},{"seq":22,"n":14002,"e":"N","vap":342,"pvap":"   2,00","st":""},{"seq":2,"n":14012,"e":"N","vap":895,"pvap":"   5,24","st":""},{"seq":3,"n":14004,"e":"N","vap":720,"pvap":"   4,22","st":""},{"seq":19,"n":14008,"e":"N","vap":371,"pvap":"   2,17","st":""},{"seq":29,"n":14011,"e":"N","vap":221,"pvap":"   1,29","st":""},{"seq":27,"n":14015,"e":"N","vap":270,"pvap":"   1,58","st":""},{"seq":10,"n":14010,"e":"N","vap":578,"pvap":"   3,38","st":""},{"seq":21,"n":14006,"e":"N","vap":353,"pvap":"   2,07","st":""},{"seq":12,"n":14009,"e":"N","vap":553,"pvap":"   3,24","st":""},{"seq":11,"n":14005,"e":"N","vap":575,"pvap":"   3,37","st":""},{"seq":7,"n":14001,"e":"N","vap":640,"pvap":"   3,75","st":""},{"seq":20,"n":14003,"e":"N","vap":365,"pvap":"   2,14","st":""}],"tpabr":"ZONA","cdabr":"67"}]}