{"ele":8707,"cdabr":"74527","nmabr":"MATO RICO","t":1,"f":"S","s":"N","dg":"13/10/2020","hg":"20:03:43","v":"005","br":{"nm":"Brasil","uf":[{"sg":"PR","nm":"PARANÁ","mun":[{"cd":"74527","nm":"MATO RICO","c":"N","s":16,"e":3086,"tzon":1,"zon":[{"cd":"0038","s":16,"e":3086}]}]}]},"carg":{"cd":13,"nmn":"Vereador","nmm":"Vereador","nmf":"Vereadora","nv":15,"col":[{"n":160000323339,"nm":"COLIGACAO 160000323339","tp":"P","com":"P16","par":[{"n":16,"sg":" P16 ","nm":"PARTIDO 16","cand":[{"sqcand":160002470704,"n":16008,"nm":"CANDIDATO 16008","nmu":"CANDIDATO 16008","s":"M","dt":"09/03/1929","dvt":"Válido"},{"sqcand":160002470709,"n":16013,"nm":"CANDIDATO 16013","nmu":"CANDIDATO 16013","s":"M","dt":"07/07/1929","dvt":"Válido"},{"sqcand":160002470700,"n":16004,"nm":"CANDIDATO 16004","nmu":"CANDIDATO 16004","s":"F","dt":"16/09/1929","dvt":"Válido"},{"sqcand":160002470702,"n":16006,"nm":"CANDIDATO 16006","nmu":"CANDIDATO 16006","s":"M","dt":"15/05/1925","dvt":"Válido"},{"sqcand":160002470705,"n":16009,"nm":"CANDIDATO 16009","nmu":"CANDIDATO 16009","s":"M","dt":"23/02/1925","dvt":"Válido"},{"sqcand":160002470711,"n":16015,"nm":"CANDIDATO 16015","nmu":"CANDIDATO 16015","s":"M","dt":"29/08/1929","dvt":"Válido"},{"sqcand":160002470699,"n":16003,"nm":"CANDIDATO 16003","nmu":"CANDIDATO 16003","s":"F","dt":"10/07/1925","dvt":"Válido"},{"sqcand":160002470698,"n":16002,"nm":"CANDIDATO 16002","nmu":"CANDIDATO 16002","s":"F","dt":"03/07/1929","dvt":"Válido"},{"sqcand":160002470703,"n":16007,"nm":"CANDIDATO 16007","nmu":"CANDIDATO 16007","s":"M","dt":"30/08/1929","dvt":"Válido"},{"sqcand":160002470701,"n":16005,"nm":"CANDIDATO 16005","nmu":"CANDIDATO 16005","s":"M","dt":"28/03/1970","dvt":"Válido"},{"sqcand":160002470706,"n":16010,"nm":"CANDIDATO 16010","nmu":"CANDIDATO 16010","s":"M","dt":"23/02/1929","dvt":"Válido"},{"sqcand":160002470710,"n":16014,"nm":"CANDIDATO 16014","nmu":"CANDIDATO 16014","s":"M","dt":"22/06/1929","dvt":"Válido"},{"sqcand":160002470708,"n":16012,"nm":"CANDIDATO 16012","nmu":"CANDIDATO 16012","s":"M","dt":"05/12/1929","dvt":"Válido"},{"sqcand":160002470697,"n":16001,"nm":"CANDIDATO 16001","nmu":"CANDIDATO 16001","s":"F","dt":"18/03/1927","dvt":"Válido"},{"sqcand":160002470707,"n":16011,"nm":"CANDIDATO 16011","nmu":"CANDIDATO 16011","s":"M","dt":"02/08/1929","dvt":"Válido"}]}]},{"n":160000323335,"nm":"COLIGACAO 160000323335","tp":"P","com":"P14","par":[{"n":14,"sg":" P14 ","nm":"PARTIDO 14","cand":[{"sqcand":160002470643,"n":14007,"nm":"CANDIDATO 14007","nmu":"CANDIDATO 14007","s":"M","dt":"20/02/1929","dvt":"Válido"},{"sqcand":160002470648,"n":14012,"nm":"CANDIDATO 14012","nmu":"CANDIDATO 14012","s":"M","dt":"20/03/1969","dvt":"Válido"},{"sqcand":160002470649,"n":14013,"nm":"CANDIDATO 14013","nmu":"CANDIDATO 14013","s":"M","dt":"03/09/1963","dvt":"Válido"},{"sqcand":160002470651,"n":14015,"nm":"CANDIDATO 14015","nmu":"CANDIDATO 14015","s":"M","dt":"26/06/1984","dvt":"Válido"},{"sqcand":160002470644,"n":14008,"nm":"CANDIDATO 14008","nmu":"CANDIDATO 14008","s":"M","dt":"05/04/1929","dvt":"Válido"},{"sqcand":160002470639,"n":14003,"nm":"CANDIDATO 14003","nmu":"CANDIDATO 14003","s":"F","dt":"10/12/1990","dvt":"Válido"},{"sqcand":160002470640,"n":14004,"nm":"CANDIDATO 14004","nmu":"CANDIDATO 14004","s":"F","dt":"13/01/1929","dvt":"Válido"},{"sqcand":160002470647,"n":14011,"nm":"CANDIDATO 14011","nmu":"CANDIDATO 14011","s":"M","dt":"23/05/1929","dvt":"Válido"},{"sqcand":160002470646,"n":14010,"nm":"CANDIDATO 14010","nmu":"CANDIDATO 14010","s":"M","dt":"14/11/1978","dvt":"Válido"},{"sqcand":160002470641,"n":14005,"nm":"CANDIDATO 14005","nmu":"CANDIDATO 14005","s":"M","dt":"25/10/1928","dvt":"Válido"},{"sqcand":160002470642,"n":14006,"nm":"CANDIDATO 14006","nmu":"CANDIDATO 14006","s":"M","dt":"05/07/1966","dvt":"Válido"},{"sqcand":160002470638,"n":14002,"nm":"CANDIDATO 14002","nmu":"CANDIDATO 14002","s":"F","dt":"05/10/1984","dvt":"Válido"},{"sqcand":160002470650,"n":14014,"nm":"CANDIDATO 14014","nmu":"CANDIDATO 14014","s":"M","dt":"13/02/1929","dvt":"Válido"},{"sqcand":160002470645,"n":14009,"nm":"CANDIDATO 14009","nmu":"CANDIDATO 14009","s":"M","dt":"03/08/1929","dvt":"Válido"},{"sqcand":160002470637,"n":14001,"nm":"CANDIDATO 14001","nmu":"CANDIDATO 14001","s":"F","dt":"10/08/1929","dvt":"Válido"}]}]}]}}