{"ele":8707,"cdabr":"74179","nmabr":"AMPÉRE","t":1,"f":"S","s":"N","dg":"13/10/2020","hg":"20:03:44","v":"005","br":{"nm":"Brasil","uf":[{"sg":"PR","nm":"PARANÁ","mun":[{"cd":"74179","nm":"AMPÉRE","c":"N","s":45,"e":13776,"tzon":1,"zon":[{"cd":"0130","s":45,"e":13776}]}]}]},"carg":{"cd":13,"nmn":"Vereador","nmm":"Vereador","nmf":"Vereadora","nv":15,"col":[{"n":160000329363,"nm":"COLIGACAO 160000329363","tp":"P","com":"P14","par":[{"n":14,"sg":" P14 ","nm":"PARTIDO 14","cand":[{"sqcand":160002490010,"n":14002,"nm":"CANDIDATO 14002","nmu":"CANDIDATO 14002","s":"F","dt":"12/06/1962","dvt":"Válido"},{"sqcand":160002490022,"n":14014,"nm":"CANDIDATO 14014","nmu":"CANDIDATO 14014","s":"M","dt":"05/06/1929","dvt":"Válido"},{"sqcand":160002490013,"n":14005,"nm":"CANDIDATO 14005","nmu":"CANDIDATO 14005","s":"M","dt":"20/05/1929","dvt":"Válido"},{"sqcand":160002490020,"n":14012,"nm":"CANDIDATO 14012","nmu":"CANDIDATO 14012","s":"M","dt":"18/07/1920","dvt":"Válido"},{"sqcand":160002490023,"n":14015,"nm":"CANDIDATO 14015","nmu":"CANDIDATO 14015","s":"M","dt":"29/07/1965","dvt":"Válido"},{"sqcand":160002490016,"n":14008,"nm":"CANDIDATO 14008","nmu":"CANDIDATO 14008","s":"M","dt":"13/06/1920","dvt":"Válido"},{"sqcand":160002490014,"n":14006,"nm":"CANDIDATO 14006","nmu":"CANDIDATO 14006","s":"M","dt":"29/08/1929","dvt":"Válido"},{"sqcand":160002490018,"n":14010,"nm":"CANDIDATO 14010","nmu":"CANDIDATO 14010","s":"M","dt":"08/07/1929","dvt":"Válido"},{"sqcand":160002490009,"n":14001,"nm":"CANDIDATO 14001","nmu":"CANDIDATO 14001","s":"F","dt":"25/06/1929","dvt":"Válido"},{"sqcand":160002490012,"n":14004,"nm":"CANDIDATO 14004","nmu":"CANDIDATO 14004","s":"F","dt":"29/11/1927","dvt":"Válido"},{"sqcand":160002490015,"n":14007,"nm":"CANDIDATO 14007","nmu":"CANDIDATO 14007","s":"M","dt":"16/07/1929","dvt":"Válido"},{"sqcand":160002490017,"n":14009,"nm":"CANDIDATO 14009","nmu":"CANDIDATO 14009","s":"M","dt":"04/07/1929","dvt":"Válido"},{"sqcand":160002490019,"n":14011,"nm":"CANDIDATO 14011","nmu":"CANDIDATO 14011","s":"M","dt":"04/12/1929","dvt":"Válido"},{"sqcand":160002490011,"n":14003,"nm":"CANDIDATO 14003","nmu":"CANDIDATO 14003","s":"F","dt":"27/06/1965","dvt":"Válido"},{"sqcand":160002490021,"n":14013,"nm":"CANDIDATO 14013","nmu":"CANDIDATO 14013","s":"M","dt":"22/05/1990","dvt":"Válido"}]}]},{"n":160000329369,"nm":"COLIGACAO 160000329369","tp":"P","com":"P16","par":[{"n":16,"sg":" P16 ","nm":"PARTIDO 16","cand":[{"sqcand":160002490066,"n":16007,"nm":"CANDIDATO 16007","nmu":"CANDIDATO 16007","s":"M","dt":"17/08/1929","dvt":"Válido"},{"sqcand":160002490065,"n":16006,"nm":"CANDIDATO 16006","nmu":"CANDIDATO 16006","s":"M","dt":"02/01/1955","dvt":"Válido"},{"sqcand":160002490061,"n":16002,"nm":"CANDIDATO 16002","nmu":"CANDIDATO 16002","s":"F","dt":"15/07/1925","dvt":"Válido"},{"sqcand":160002490070,"n":16011,"nm":"CANDIDATO 16011","nmu":"CANDIDATO 16011","s":"M","dt":"27/06/1928","dvt":"Válido"},{"sqcand":160002490062,"n":16003,"nm":"CANDIDATO 16003","nmu":"CANDIDATO 16003","s":"F","dt":"19/01/1988","dvt":"Válido"},{"sqcand":160002490069,"n":16010,"nm":"CANDIDATO 16010","nmu":"CANDIDATO 16010","s":"M","dt":"25/07/1929","dvt":"Válido"},{"sqcand":160002490071,"n":16012,"nm":"CANDIDATO 16012","nmu":"CANDIDATO 16012","s":"M","dt":"23/10/1929","dvt":"Válido"},{"sqcand":160002490073,"n":16014,"nm":"CANDIDATO 16014","nmu":"CANDIDATO 16014","s":"M","dt":"11/07/1982","dvt":"Válido"},{"sqcand":160002490072,"n":16013,"nm":"CANDIDATO 16013","nmu":"CANDIDATO 16013","s":"M","dt":"01/01/1927","dvt":"Válido"},{"sqcand":160002490068,"n":16009,"nm":"CANDIDATO 16009","nmu":"CANDIDATO 16009","s":"M","dt":"15/01/1957","dvt":"Válido"},{"sqcand":160002490074,"n":16015,"nm":"CANDIDATO 16015","nmu":"CANDIDATO 16015","s":"M","dt":"11/07/1928","dvt":"Válido"},{"sqcand":160002490067,"n":16008,"nm":"CANDIDATO 16008","nmu":"CANDIDATO 16008","s":"M","dt":"09/02/1974","dvt":"Válido"},{"sqcand":160002490060,"n":16001,"nm":"CANDIDATO 16001","nmu":"CANDIDATO 16001","s":"F","dt":"28/01/1922","dvt":"Válido"},{"sqcand":160002490063,"n":16004,"nm":"CANDIDATO 16004","nmu":"CANDIDATO 16004","s":"F","dt":"26/01/1980","dvt":"Válido"},{"sqcand":160002490064,"n":16005,"nm":"CANDIDATO 16005","nmu":"CANDIDATO 16005","s":"M","dt":"21/07/1929","dvt":"Válido"}]}]}]}}