{"ele":8707,"carper":11,"t":1,"f":"S","esae":"N","mnae":" ","dg":"13/10/2020","hg":"20:06:08","dv":"S","nadf":"pr74047-c0011-e008707-006-f","abr":[{"dt":"13/10/2020","ht":"18:54:01","tf":"N","and":"P","s":15,"st":15,"pst":" 100,00","snt":0,"psnt":"   0,00","si":15,"psi":" 100,00","sni":0,"psni":"   0,00","sa":15,"psa":" 100,00","sna":0,"psna":"   0,00","e":4595,"ea":4595,"pea":" 100,00","ena":0,"pena":"   0,00","esi":4595,"pesi":" 100,00","esni":0,"pesni":"   0,00","c":3914,"pc":"  85,18","a":681,"pa":"  14,82","tv":3914,"vscv":0,"vb":933,"pvb":"  23,83","tvn":796,"ptvn":"  20,34","vn":796,"pvn":" 100,00","vnt":0,"pvnt":"   0,00","vp":0,"pvp":"   0,00","vv":2185,"pvv":" 100,00","van":0,"pvan":"   0,00","vansj":0,"pvansj":"   0,00","vnom":2185,"pvnom":" 100,00","cand":[{"seq":2,"n":16,"e":"N","vap":1026,"pvap":"  26,21","st":""},{"seq":1,"n":14,"e":"N","vap":1159,"pvap":"  29,61","st":""}],"tpabr":"MU","cdabr":"74047","colig":[{"n":160000338334,"tvtn":1026,"tvtl":0,"tvan":1026,"tval":0},{"n":160000338330,"tvtn":1159,"tvtl":0,"tvan":1159,"tval":0}],"part":[{"n":16,"tvtn":1026,"tvtl":0,"tvan":1026,"tval":0},{"n":14,"tvtn":1159,"tvtl":0,"tvan":1159,"tval":0}]},{"dt":"13/10/2020","ht":"18:54:01","tf":"N","and":"P","s":15,"st":15,"pst":" 100,00","snt":0,"psnt":"0","si":15,"psi":" 100,00","sni":0,"psni":"   0,00","sa":15,"psa":" 100,00","sna":0,"psna":"   0,00","e":4595,"ea":4595,"pea":" 100,00","ena":0,"pena":"   0,00","esi":4595,"pesi":" 100,00","esni":0,"pesni":"   0,00","c":3914,"pc":"  85,18","a":681,"pa":"  14,82","tv":3914,"vscv":0,"vb":933,"pvb":"  23,83","tvn":796,"ptvn":"  20,34","vn":796,"pvn":" 100,00","vp":0,"pvp":"   0,00","vv":2185,"pvv":" 100,00","van":0,"pvan":"   0,00","vansj":0,"pvansj":"   0,00","vnom":2185,"pvnom":" 100,00","cand":[{"seq":1,"n":14,"e":"N","vap":1159,"pvap":"  29,61","st":""},{"seq":2,"n":16,"e":"N","vap":1026,"pvap":"  26,21","st":""}],"tpabr":"ZONA","cdabr":"143"}]}