{"ele":8707,"cdabr":"74063","nmabr":"OURO VERDE DO OESTE","t":1,"f":"S","s":"N","dg":"13/10/2020","hg":"20:03:38","v":"005","br":{"nm":"Brasil","uf":[{"sg":"PR","nm":"PARANÁ","mun":[{"cd":"74063","nm":"OURO VERDE DO OESTE","c":"N","s":14,"e":4553,"tzon":1,"zon":[{"cd":"0148","s":14,"e":4553}]}]}]},"carg":{"cd":13,"nmn":"Vereador","nmm":"Vereador","nmf":"Vereadora","nv":15,"col":[{"n":160000337715,"nm":"COLIGACAO 160000337715","tp":"P","com":"P16","par":[{"n":16,"sg":" P16 ","nm":"PARTIDO 16","cand":[{"sqcand":160002519240,"n":16003,"nm":"CANDIDATO 16003","nmu":"CANDIDATO 16003","s":"F","dt":"30/03/1929","dvt":"Válido"},{"sqcand":160002519241,"n":16004,"nm":"CANDIDATO 16004","nmu":"CANDIDATO 16004","s":"F","dt":"08/11/1920","dvt":"Válido"},{"sqcand":160002519246,"n":16009,"nm":"CANDIDATO 16009","nmu":"CANDIDATO 16009","s":"M","dt":"23/11/1972","dvt":"Válido"},{"sqcand":160002519238,"n":16001,"nm":"CANDIDATO 16001","nmu":"CANDIDATO 16001","s":"F","dt":"18/04/1929","dvt":"Válido"},{"sqcand":160002519239,"n":16002,"nm":"CANDIDATO 16002","nmu":"CANDIDATO 16002","s":"F","dt":"26/01/1926","dvt":"Válido"},{"sqcand":160002519242,"n":16005,"nm":"CANDIDATO 16005","nmu":"CANDIDATO 16005","s":"M","dt":"16/12/1929","dvt":"Válido"},{"sqcand":160002519248,"n":16011,"nm":"CANDIDATO 16011","nmu":"CANDIDATO 16011","s":"M","dt":"05/11/1929","dvt":"Válido"},{"sqcand":160002519249,"n":16012,"nm":"CANDIDATO 16012","nmu":"CANDIDATO 16012","s":"M","dt":"09/08/1929","dvt":"Válido"},{"sqcand":160002519243,"n":16006,"nm":"CANDIDATO 16006","nmu":"CANDIDATO 16006","s":"M","dt":"04/06/1982","dvt":"Válido"},{"sqcand":160002519245,"n":16008,"nm":"CANDIDATO 16008","nmu":"CANDIDATO 16008","s":"M","dt":"05/04/1926","dvt":"Válido"},{"sqcand":160002519251,"n":16014,"nm":"CANDIDATO 16014","nmu":"CANDIDATO 16014","s":"M","dt":"07/03/1989","dvt":"Válido"},{"sqcand":160002519252,"n":16015,"nm":"CANDIDATO 16015","nmu":"CANDIDATO 16015","s":"M","dt":"15/06/1929","dvt":"Válido"},{"sqcand":160002519244,"n":16007,"nm":"CANDIDATO 16007","nmu":"CANDIDATO 16007","s":"M","dt":"03/09/1926","dvt":"Válido"},{"sqcand":160002519247,"n":16010,"nm":"CANDIDATO 16010","nmu":"CANDIDATO 16010","s":"M","dt":"07/05/1972","dvt":"Válido"},{"sqcand":160002519250,"n":16013,"nm":"CANDIDATO 16013","nmu":"CANDIDATO 16013","s":"M","dt":"22/09/1958","dvt":"Válido"}]}]},{"n":160000337667,"nm":"COLIGACAO 160000337667","tp":"P","com":"P14","par":[{"n":14,"sg":" P14 ","nm":"PARTIDO 14","cand":[{"sqcand":160002519183,"n":14014,"nm":"CANDIDATO 14014","nmu":"CANDIDATO 14014","s":"M","dt":"19/01/1923","dvt":"Válido"},{"sqcand":160002519113,"n":14004,"nm":"CANDIDATO 14004","nmu":"CANDIDATO 14004","s":"F","dt":"15/02/1923","dvt":"Válido"},{"sqcand":160002519111,"n":14002,"nm":"CANDIDATO 14002","nmu":"CANDIDATO 14002","s":"F","dt":"11/03/1929","dvt":"Válido"},{"sqcand":160002519115,"n":14006,"nm":"CANDIDATO 14006","nmu":"CANDIDATO 14006","s":"M","dt":"17/10/1929","dvt":"Válido"},{"sqcand":160002519178,"n":14009,"nm":"CANDIDATO 14009","nmu":"CANDIDATO 14009","s":"M","dt":"15/07/1950","dvt":"Válido"},{"sqcand":160002519181,"n":14012,"nm":"CANDIDATO 14012","nmu":"CANDIDATO 14012","s":"M","dt":"06/06/1986","dvt":"Válido"},{"sqcand":160002519110,"n":14001,"nm":"CANDIDATO 14001","nmu":"CANDIDATO 14001","s":"F","dt":"05/06/1929","dvt":"Válido"},{"sqcand":160002519182,"n":14013,"nm":"CANDIDATO 14013","nmu":"CANDIDATO 14013","s":"M","dt":"13/02/1928","dvt":"Válido"},{"sqcand":160002519112,"n":14003,"nm":"CANDIDATO 14003","nmu":"CANDIDATO 14003","s":"F","dt":"07/08/1927","dvt":"Válido"},{"sqcand":160002519179,"n":14010,"nm":"CANDIDATO 14010","nmu":"CANDIDATO 14010","s":"M","dt":"08/06/1929","dvt":"Válido"},{"sqcand":160002519180,"n":14011,"nm":"CANDIDATO 14011","nmu":"CANDIDATO 14011","s":"M","dt":"17/06/1929","dvt":"Válido"},{"sqcand":160002519117,"n":14008,"nm":"CANDIDATO 14008","nmu":"CANDIDATO 14008","s":"M","dt":"26/06/1939","dvt":"Válido"},{"sqcand":160002519114,"n":14005,"nm":"CANDIDATO 14005","nmu":"CANDIDATO 14005","s":"M","dt":"27/05/1978","dvt":"Válido"},{"sqcand":160002519116,"n":14007,"nm":"CANDIDATO 14007","nmu":"CANDIDATO 14007","s":"M","dt":"16/11/1929","dvt":"Válido"},{"sqcand":160002519184,"n":14015,"nm":"CANDIDATO 14015","nmu":"CANDIDATO 14015","s":"M","dt":"16/09/1972","dvt":"Válido"}]}]}]}}