{"ele":8707,"cdabr":"74292","nmabr":"ARAPOTI","t":1,"f":"S","s":"N","dg":"13/10/2020","hg":"20:03:38","v":"005","br":{"nm":"Brasil","uf":[{"sg":"PR","nm":"PARANÁ","mun":[{"cd":"74292","nm":"ARAPOTI","c":"N","s":64,"e":18377,"tzon":1,"zon":[{"cd":"0164","s":64,"e":18377}]}]}]},"carg":{"cd":13,"nmn":"Vereador","nmm":"Vereador","nmf":"Vereadora","nv":15,"col":[{"n":160000330627,"nm":"COLIGACAO 160000330627","tp":"P","com":"P26","par":[{"n":26,"sg":" P26 ","nm":"PARTIDO 26","cand":[{"sqcand":160002496375,"n":26001,"nm":"CANDIDATO 26001","nmu":"CANDIDATO 26001","s":"F","dt":"20/06/1925","dvt":"Válido"},{"sqcand":160002496402,"n":26008,"nm":"CANDIDATO 26008","nmu":"CANDIDATO 26008","s":"M","dt":"25/03/1968","dvt":"Válido"},{"sqcand":160002496405,"n":26011,"nm":"CANDIDATO 26011","nmu":"CANDIDATO 26011","s":"M","dt":"12/08/1929","dvt":"Válido"},{"sqcand":160002496408,"n":26014,"nm":"CANDIDATO 26014","nmu":"CANDIDATO 26014","s":"M","dt":"12/11/1920","dvt":"Válido"},{"sqcand":160002496404,"n":26010,"nm":"CANDIDATO 26010","nmu":"CANDIDATO 26010","s":"M","dt":"24/01/1929","dvt":"Válido"},{"sqcand":160002496399,"n":26005,"nm":"CANDIDATO 26005","nmu":"CANDIDATO 26005","s":"M","dt":"23/06/1926","dvt":"Válido"},{"sqcand":160002496400,"n":26006,"nm":"CANDIDATO 26006","nmu":"CANDIDATO 26006","s":"M","dt":"09/09/1929","dvt":"Válido"},{"sqcand":160002496401,"n":26007,"nm":"CANDIDATO 26007","nmu":"CANDIDATO 26007","s":"M","dt":"30/04/1962","dvt":"Válido"},{"sqcand":160002496398,"n":26004,"nm":"CANDIDATO 26004","nmu":"CANDIDATO 26004","s":"F","dt":"04/08/1927","dvt":"Válido"},{"sqcand":160002496407,"n":26013,"nm":"CANDIDATO 26013","nmu":"CANDIDATO 26013","s":"M","dt":"13/12/1924","dvt":"Válido"},{"sqcand":160002496409,"n":26015,"nm":"CANDIDATO 26015","nmu":"CANDIDATO 26015","s":"M","dt":"01/05/1929","dvt":"Válido"},{"sqcand":160002496376,"n":26002,"nm":"CANDIDATO 26002","nmu":"CANDIDATO 26002","s":"F","dt":"15/06/1929","dvt":"Válido"},{"sqcand":160002496403,"n":26009,"nm":"CANDIDATO 26009","nmu":"CANDIDATO 26009","s":"M","dt":"21/08/1922","dvt":"Válido"},{"sqcand":160002496406,"n":26012,"nm":"CANDIDATO 26012","nmu":"CANDIDATO 26012","s":"M","dt":"16/11/1920","dvt":"Válido"},{"sqcand":160002496377,"n":26003,"nm":"CANDIDATO 26003","nmu":"CANDIDATO 26003","s":"F","dt":"11/07/1929","dvt":"Válido"}]}]},{"n":160000330629,"nm":"COLIGACAO 160000330629","tp":"P","com":"P23","par":[{"n":23,"sg":" P23 ","nm":"PARTIDO 23","cand":[{"sqcand":160002496416,"n":23005,"nm":"CANDIDATO 23005","nmu":"CANDIDATO 23005","s":"M","dt":"15/08/1946","dvt":"Válido"},{"sqcand":160002496419,"n":23008,"nm":"CANDIDATO 23008","nmu":"CANDIDATO 23008","s":"M","dt":"09/04/1927","dvt":"Válido"},{"sqcand":160002496423,"n":23012,"nm":"CANDIDATO 23012","nmu":"CANDIDATO 23012","s":"M","dt":"12/06/1926","dvt":"Válido"},{"sqcand":160002496418,"n":23007,"nm":"CANDIDATO 23007","nmu":"CANDIDATO 23007","s":"M","dt":"18/08/1929","dvt":"Válido"},{"sqcand":160002496413,"n":23002,"nm":"CANDIDATO 23002","nmu":"CANDIDATO 23002","s":"F","dt":"30/04/1929","dvt":"Válido"},{"sqcand":160002496415,"n":23004,"nm":"CANDIDATO 23004","nmu":"CANDIDATO 23004","s":"F","dt":"25/08/1929","dvt":"Válido"},{"sqcand":160002496417,"n":23006,"nm":"CANDIDATO 23006","nmu":"CANDIDATO 23006","s":"M","dt":"10/08/1929","dvt":"Válido"},{"sqcand":160002496424,"n":23013,"nm":"CANDIDATO 23013","nmu":"CANDIDATO 23013","s":"M","dt":"20/02/1925","dvt":"Válido"},{"sqcand":160002496420,"n":23009,"nm":"CANDIDATO 23009","nmu":"CANDIDATO 23009","s":"M","dt":"24/01/1929","dvt":"Válido"},{"sqcand":160002496426,"n":23015,"nm":"CANDIDATO 23015","nmu":"CANDIDATO 23015","s":"M","dt":"20/09/1929","dvt":"Válido"},{"sqcand":160002496414,"n":23003,"nm":"CANDIDATO 23003","nmu":"CANDIDATO 23003","s":"F","dt":"04/07/1974","dvt":"Válido"},{"sqcand":160002496421,"n":23010,"nm":"CANDIDATO 23010","nmu":"CANDIDATO 23010","s":"M","dt":"03/08/1929","dvt":"Válido"},{"sqcand":160002496422,"n":23011,"nm":"CANDIDATO 23011","nmu":"CANDIDATO 23011","s":"M","dt":"08/01/1971","dvt":"Válido"},{"sqcand":160002496425,"n":23014,"nm":"CANDIDATO 23014","nmu":"CANDIDATO 23014","s":"M","dt":"04/03/1928","dvt":"Válido"},{"sqcand":160002496412,"n":23001,"nm":"CANDIDATO 23001","nmu":"CANDIDATO 23001","s":"F","dt":"27/11/1929","dvt":"Válido"}]}]}]}}