{"ele":8707,"carper":11,"t":1,"f":"S","esae":"N","mnae":" ","dg":"13/10/2020","hg":"20:06:08","dv":"S","nadf":"pr74390-c0011-e008707-006-f","abr":[{"dt":"13/10/2020","ht":"16:55:00","tf":"N","and":"P","s":60,"st":58,"pst":"  96,67","snt":2,"psnt":"   3,33","si":58,"psi":"  96,67","sni":0,"psni":"   0,00","sa":58,"psa":" 100,00","sna":0,"psna":"   0,00","e":20054,"ea":20054,"pea":" 100,00","ena":0,"pena":"   0,00","esi":20054,"pesi":"  96,67","esni":0,"pesni":"   0,00","c":17076,"pc":"  85,15","a":2978,"pa":"  14,85","tv":17076,"vscv":0,"vb":4203,"pvb":"  24,62","tvn":4903,"ptvn":"  28,71","vn":4903,"pvn":" 100,00","vnt":0,"pvnt":"   0,00","vp":0,"pvp":"   0,00","vv":7970,"pvv":" 100,00","van":0,"pvan":"   0,00","vansj":0,"pvansj":"   0,00","vnom":7970,"pvnom":" 100,00","cand":[{"seq":1,"n":16,"e":"N","vap":4130,"pvap":"  24,19","st":""},{"seq":2,"n":14,"e":"N","vap":3840,"pvap":"  22,49","st":""}],"tpabr":"MU","cdabr":"74390","colig":[{"n":160000323046,"tvtn":4130,"tvtl":0,"tvan":4130,"tval":0},{"n":160000323040,"tvtn":3840,"tvtl":0,"tvan":3840,"tval":0}],"part":[{"n":16,"tvtn":4130,"tvtl":0,"tvan":4130,"tval":0},{"n":14,"tvtn":3840,"tvtl":0,"tvan":3840,"tval":0}]},{"dt":"13/10/2020","ht":"16:55:00","tf":"N","and":"P","s":60,"st":58,"pst":"  96,67","snt":2,"psnt":"2","si":58,"psi":"  96,67","sni":0,"psni":"   0,00","sa":58,"psa":" 100,00","sna":0,"psna":"   0,00","e":20054,"ea":20054,"pea":" 100,00","ena":0,"pena":"   0,00","esi":20054,"pesi":"  96,67","esni":0,"pesni":"   0,00","c":17076,"pc":"  85,15","a":2978,"pa":"  14,85","tv":17076,"vscv":0,"vb":4203,"pvb":"  24,62","tvn":4903,"ptvn":"  28,71","vn":4903,"pvn":" 100,00","vp":0,"pvp":"   0,00","vv":7970,"pvv":" 100,00","van":0,"pvan":"   0,00","vansj":0,"pvansj":"   0,00","vnom":7970,"pvnom":" 100,00","cand":[{"seq":2,"n":14,"e":"N","vap":3840,"pvap":"  22,49","st":""},{"seq":1,"n":16,"e":"N","vap":4130,"pvap":"  24,19","st":""}],"tpabr":"ZONA","cdabr":"67"}]}