{"ele":8707,"carper":13,"t":1,"f":"S","esae":"N","mnae":" ","dg":"13/10/2020","hg":"20:06:10","dv":"S","nadf":"pr74438-c0013-e008707-006-f","abr":[{"dt":"13/10/2020","ht":"16:55:00","tf":"N","and":"P","s":40,"st":37,"pst":"  92,50","snt":3,"psnt":"   7,50","si":37,"psi":"  92,50","sni":0,"psni":"   0,00","sa":37,"psa":" 100,00","sna":0,"psna":"   0,00","e":10401,"ea":10401,"pea":" 100,00","ena":0,"pena":"   0,00","esi":10401,"pesi":"  92,50","esni":0,"pesni":"   0,00","c":8859,"pc":"  85,17","a":1542,"pa":"  14,83","tv":8859,"vscv":0,"vb":163,"pvb":"   1,84","tvn":277,"ptvn":"   3,13","vn":277,"pvn":" 100,00","vnt":0,"pvnt":"   0,00","vp":0,"pvp":"   0,00","vv":8419,"pvv":" 100,00","vl":357,"pvl":"   4,24","van":0,"pvan":"   0,00","vansj":0,"pvansj":"   0,00","vnom":8062,"pvnom":"  95,76","cand":[{"seq":3,"n":23005,"e":"N","vap":478,"pvap":"   5,40","st":""},{"seq":20,"n":23010,"e":"N","vap":160,"pvap":"   1,81","st":""},{"seq":19,"n":23011,"e":"N","vap":161,"pvap":"   1,82","st":""},{"seq":24,"n":23006,"e":"N","vap":120,"pvap":"   1,35","st":""},{"seq":25,"n":23008,"e":"N","vap":116,"pvap":"   1,31","st":""},{"seq":10,"n":23012,"e":"N","vap":367,"pvap":"   4,14","st":""},{"seq":21,"n":23001,"e":"N","vap":157,"pvap":"   1,77","st":""},{"seq":13,"n":23009,"e":"N","vap":330,"pvap":"   3,73","st":""},{"seq":23,"n":23007,"e":"N","vap":122,"pvap":"   1,38","st":""},{"seq":18,"n":23002,"e":"N","vap":162,"pvap":"   1,83","st":""},{"seq":22,"n":23015,"e":"N","vap":126,"pvap":"   1,42","st":""},{"seq":17,"n":23003,"e":"N","vap":193,"pvap":"   2,18","st":""},{"seq":12,"n":23013,"e":"N","vap":336,"pvap":"   3,79","st":""},{"seq":5,"n":23004,"e":"N","vap":406,"pvap":"   4,58","st":""},{"seq":11,"n":23014,"e":"N","vap":341,"pvap":"   3,85","st":""},{"seq":28,"n":16004,"e":"N","vap":78,"pvap":"   0,88","st":""},{"seq":9,"n":16015,"e":"N","vap":374,"pvap":"   4,22","st":""},{"seq":4,"n":16012,"e":"N","vap":450,"pvap":"   5,08","st":""},{"seq":16,"n":16007,"e":"N","vap":230,"pvap":"   2,60","st":""},{"seq":30,"n":16009,"e":"N","vap":38,"pvap":"   0,43","st":""},{"seq":27,"n":16014,"e":"N","vap":79,"pvap":"   0,89","st":""},{"seq":14,"n":16011,"e":"N","vap":276,"pvap":"   3,12","st":""},{"seq":26,"n":16008,"e":"N","vap":92,"pvap":"   1,04","st":""},{"seq":6,"n":16001,"e":"N","vap":398,"pvap":"   4,49","st":""},{"seq":7,"n":16002,"e":"N","vap":389,"pvap":"   4,39","st":""},{"seq":15,"n":16013,"e":"N","vap":273,"pvap":"   3,08","st":""},{"seq":8,"n":16005,"e":"N","vap":386,"pvap":"   4,36","st":""},{"seq":29,"n":16010,"e":"N","vap":59,"pvap":"   0,67","st":""},{"seq":1,"n":16006,"e":"N","vap":802,"pvap":"   9,05","st":""},{"seq":2,"n":16003,"e":"N","vap":563,"pvap":"   6,36","st":""}],"tpabr":"MU","cdabr":"74438","colig":[{"n":160000336323,"tvtn":3575,"tvtl":101,"tvan":3575,"tval":101,"vag":6},{"n":160000336321,"tvtn":4487,"tvtl":256,"tvan":4487,"tval":256,"vag":9}],"part":[{"n":23,"tvtn":3575,"tvtl":101,"tvan":3575,"tval":101},{"n":16,"tvtn":4487,"tvtl":256,"tvan":4487,"tval":256}]},{"dt":"13/10/2020","ht":"16:55:00","tf":"N","and":"P","s":40,"st":37,"pst":"  92,50","snt":3,"psnt":"3","si":37,"psi":"  92,50","sni":0,"psni":"   0,00","sa":37,"psa":" 100,00","sna":0,"psna":"   0,00","e":10401,"ea":10401,"pea":" 100,00","ena":0,"pena":"   0,00","esi":10401,"pesi":"  92,50","esni":0,"pesni":"   0,00","c":8859,"pc":"  85,17","a":1542,"pa":"  14,83","tv":8859,"vscv":0,"vb":163,"pvb":"   1,84","tvn":277,"ptvn":"   3,13","vn":277,"pvn":" 100,00","vp":0,"pvp":"   0,00","vv":8419,"pvv":" 100,00","vl":357,"pvl":"   4,24","van":0,"pvan":"   0,00","vansj":0,"pvansj":"   0,00","vnom":8062,"pvnom":"  95,76","cand":[{"seq":28,"n":16004,"e":"N","vap":78,"pvap":"   0,88","st":""},{"seq":9,"n":16015,"e":"N","vap":374,"pvap":"   4,22","st":""},{"seq":4,"n":16012,"e":"N","vap":450,"pvap":"   5,08","st":""},{"seq":16,"n":16007,"e":"N","vap":230,"pvap":"   2,60","st":""},{"seq":30,"n":16009,"e":"N","vap":38,"pvap":"   0,43","st":""},{"seq":27,"n":16014,"e":"N","vap":79,"pvap":"   0,89","st":""},{"seq":14,"n":16011,"e":"N","vap":276,"pvap":"   3,12","st":""},{"seq":26,"n":16008,"e":"N","vap":92,"pvap":"   1,04","st":""},{"seq":6,"n":16001,"e":"N","vap":398,"pvap":"   4,49","st":""},{"seq":7,"n":16002,"e":"N","vap":389,"pvap":"   4,39","st":""},{"seq":15,"n":16013,"e":"N","vap":273,"pvap":"   3,08","st":""},{"seq":8,"n":16005,"e":"N","vap":386,"pvap":"   4,36","st":""},{"seq":29,"n":16010,"e":"N","vap":59,"pvap":"   0,67","st":""},{"seq":1,"n":16006,"e":"N","vap":802,"pvap":"   9,05","st":""},{"seq":2,"n":16003,"e":"N","vap":563,"pvap":"   6,36","st":""},{"seq":3,"n":23005,"e":"N","vap":478,"pvap":"   5,40","st":""},{"seq":20,"n":23010,"e":"N","vap":160,"pvap":"   1,81","st":""},{"seq":19,"n":23011,"e":"N","vap":161,"pvap":"   1,82","st":""},{"seq":24,"n":23006,"e":"N","vap":120,"pvap":"   1,35","st":""},{"seq":25,"n":23008,"e":"N","vap":116,"pvap":"   1,31","st":""},{"seq":10,"n":23012,"e":"N","vap":367,"pvap":"   4,14","st":""},{"seq":21,"n":23001,"e":"N","vap":157,"pvap":"   1,77","st":""},{"seq":13,"n":23009,"e":"N","vap":330,"pvap":"   3,73","st":""},{"seq":23,"n":23007,"e":"N","vap":122,"pvap":"   1,38","st":""},{"seq":18,"n":23002,"e":"N","vap":162,"pvap":"   1,83","st":""},{"seq":22,"n":23015,"e":"N","vap":126,"pvap":"   1,42","st":""},{"seq":17,"n":23003,"e":"N","vap":193,"pvap":"   2,18","st":""},{"seq":12,"n":23013,"e":"N","vap":336,"pvap":"   3,79","st":""},{"seq":5,"n":23004,"e":"N","vap":406,"pvap":"   4,58","st":""},{"seq":11,"n":23014,"e":"N","vap":341,"pvap":"   3,85","st":""}],"tpabr":"ZONA","cdabr":"182"}]}