{"ele":8707,"cdabr":"74446","nmabr":"ITAPERUÇU","t":1,"f":"S","s":"N","dg":"13/10/2020","hg":"20:03:39","v":"005","br":{"nm":"Brasil","uf":[{"sg":"PR","nm":"PARANÁ","mun":[{"cd":"74446","nm":"ITAPERUÇU","c":"N","s":65,"e":18945,"tzon":1,"zon":[{"cd":"0156","s":65,"e":18945}]}]}]},"carg":{"cd":13,"nmn":"Vereador","nmm":"Vereador","nmf":"Vereadora","nv":15,"col":[{"n":160000331124,"nm":"COLIGACAO 160000331124","tp":"P","com":"P16","par":[{"n":16,"sg":" P16 ","nm":"PARTIDO 16","cand":[{"sqcand":160002498998,"n":16013,"nm":"CANDIDATO 16013","nmu":"CANDIDATO 16013","s":"M","dt":"25/12/1929","dvt":"Válido"},{"sqcand":160002498987,"n":16002,"nm":"CANDIDATO 16002","nmu":"CANDIDATO 16002","s":"F","dt":"04/07/1974","dvt":"Válido"},{"sqcand":160002498992,"n":16007,"nm":"CANDIDATO 16007","nmu":"CANDIDATO 16007","s":"M","dt":"17/08/1925","dvt":"Válido"},{"sqcand":160002498996,"n":16011,"nm":"CANDIDATO 16011","nmu":"CANDIDATO 16011","s":"M","dt":"15/09/1929","dvt":"Válido"},{"sqcand":160002498999,"n":16014,"nm":"CANDIDATO 16014","nmu":"CANDIDATO 16014","s":"M","dt":"15/11/1929","dvt":"Válido"},{"sqcand":160002498988,"n":16003,"nm":"CANDIDATO 16003","nmu":"CANDIDATO 16003","s":"F","dt":"24/12/1929","dvt":"Válido"},{"sqcand":160002498994,"n":16009,"nm":"CANDIDATO 16009","nmu":"CANDIDATO 16009","s":"M","dt":"23/10/1929","dvt":"Válido"},{"sqcand":160002498986,"n":16001,"nm":"CANDIDATO 16001","nmu":"CANDIDATO 16001","s":"F","dt":"10/01/1927","dvt":"Válido"},{"sqcand":160002498993,"n":16008,"nm":"CANDIDATO 16008","nmu":"CANDIDATO 16008","s":"M","dt":"15/07/1925","dvt":"Válido"},{"sqcand":160002498989,"n":16004,"nm":"CANDIDATO 16004","nmu":"CANDIDATO 16004","s":"F","dt":"04/11/1929","dvt":"Válido"},{"sqcand":160002498997,"n":16012,"nm":"CANDIDATO 16012","nmu":"CANDIDATO 16012","s":"M","dt":"30/05/1991","dvt":"Válido"},{"sqcand":160002498990,"n":16005,"nm":"CANDIDATO 16005","nmu":"CANDIDATO 16005","s":"M","dt":"22/06/1925","dvt":"Válido"},{"sqcand":160002498995,"n":16010,"nm":"CANDIDATO 16010","nmu":"CANDIDATO 16010","s":"M","dt":"22/08/1929","dvt":"Válido"},{"sqcand":160002499000,"n":16015,"nm":"CANDIDATO 16015","nmu":"CANDIDATO 16015","s":"M","dt":"24/02/1929","dvt":"Válido"},{"sqcand":160002498991,"n":16006,"nm":"CANDIDATO 16006","nmu":"CANDIDATO 16006","s":"M","dt":"06/02/1927","dvt":"Válido"}]}]},{"n":160000331120,"nm":"COLIGACAO 160000331120","tp":"P","com":"P14","par":[{"n":14,"sg":" P14 ","nm":"PARTIDO 14","cand":[{"sqcand":160002498955,"n":14004,"nm":"CANDIDATO 14004","nmu":"CANDIDATO 14004","s":"F","dt":"18/02/1925","dvt":"Válido"},{"sqcand":160002498958,"n":14007,"nm":"CANDIDATO 14007","nmu":"CANDIDATO 14007","s":"M","dt":"18/01/1925","dvt":"Válido"},{"sqcand":160002498960,"n":14009,"nm":"CANDIDATO 14009","nmu":"CANDIDATO 14009","s":"M","dt":"12/08/1995","dvt":"Válido"},{"sqcand":160002498962,"n":14011,"nm":"CANDIDATO 14011","nmu":"CANDIDATO 14011","s":"M","dt":"02/09/1929","dvt":"Válido"},{"sqcand":160002498963,"n":14012,"nm":"CANDIDATO 14012","nmu":"CANDIDATO 14012","s":"M","dt":"15/06/1929","dvt":"Válido"},{"sqcand":160002498966,"n":14015,"nm":"CANDIDATO 14015","nmu":"CANDIDATO 14015","s":"M","dt":"09/09/1928","dvt":"Válido"},{"sqcand":160002498956,"n":14005,"nm":"CANDIDATO 14005","nmu":"CANDIDATO 14005","s":"M","dt":"10/11/1923","dvt":"Válido"},{"sqcand":160002498957,"n":14006,"nm":"CANDIDATO 14006","nmu":"CANDIDATO 14006","s":"M","dt":"24/10/1929","dvt":"Válido"},{"sqcand":160002498965,"n":14014,"nm":"CANDIDATO 14014","nmu":"CANDIDATO 14014","s":"M","dt":"27/01/1929","dvt":"Válido"},{"sqcand":160002498959,"n":14008,"nm":"CANDIDATO 14008","nmu":"CANDIDATO 14008","s":"M","dt":"21/06/1975","dvt":"Válido"},{"sqcand":160002498964,"n":14013,"nm":"CANDIDATO 14013","nmu":"CANDIDATO 14013","s":"M","dt":"28/01/1958","dvt":"Válido"},{"sqcand":160002498961,"n":14010,"nm":"CANDIDATO 14010","nmu":"CANDIDATO 14010","s":"M","dt":"20/05/1929","dvt":"Válido"},{"sqcand":160002498953,"n":14002,"nm":"CANDIDATO 14002","nmu":"CANDIDATO 14002","s":"F","dt":"08/11/1924","dvt":"Válido"},{"sqcand":160002498954,"n":14003,"nm":"CANDIDATO 14003","nmu":"CANDIDATO 14003","s":"F","dt":"23/01/1929","dvt":"Válido"},{"sqcand":160002498952,"n":14001,"nm":"CANDIDATO 14001","nmu":"CANDIDATO 14001","s":"F","dt":"26/07/1923","dvt":"Válido"}]}]}]}}