{"ele":8707,"cdabr":"74675","nmabr":"CALIFÓRNIA","t":1,"f":"S","s":"N","dg":"13/10/2020","hg":"20:03:37","v":"005","br":{"nm":"Brasil","uf":[{"sg":"PR","nm":"PARANÁ","mun":[{"cd":"74675","nm":"CALIFÓRNIA","c":"N","s":30,"e":6567,"tzon":1,"zon":[{"cd":"0076","s":30,"e":6567}]}]}]},"carg":{"cd":13,"nmn":"Vereador","nmm":"Vereador","nmf":"Vereadora","nv":15,"col":[{"n":160000322202,"nm":"COLIGACAO 160000322202","tp":"P","com":"P16","par":[{"n":16,"sg":" P16 ","nm":"PARTIDO 16","cand":[{"sqcand":160002463978,"n":16012,"nm":"CANDIDATO 16012","nmu":"CANDIDATO 16012","s":"M","dt":"13/08/1966","dvt":"Válido"},{"sqcand":160002463980,"n":16014,"nm":"CANDIDATO 16014","nmu":"CANDIDATO 16014","s":"M","dt":"17/08/1929","dvt":"Válido"},{"sqcand":160002463972,"n":16006,"nm":"CANDIDATO 16006","nmu":"CANDIDATO 16006","s":"M","dt":"02/05/1929","dvt":"Válido"},{"sqcand":160002463974,"n":16008,"nm":"CANDIDATO 16008","nmu":"CANDIDATO 16008","s":"M","dt":"02/08/1929","dvt":"Válido"},{"sqcand":160002463977,"n":16011,"nm":"CANDIDATO 16011","nmu":"CANDIDATO 16011","s":"M","dt":"12/12/1925","dvt":"Válido"},{"sqcand":160002463979,"n":16013,"nm":"CANDIDATO 16013","nmu":"CANDIDATO 16013","s":"M","dt":"22/07/1977","dvt":"Válido"},{"sqcand":160002463971,"n":16005,"nm":"CANDIDATO 16005","nmu":"CANDIDATO 16005","s":"M","dt":"04/09/1929","dvt":"Válido"},{"sqcand":160002463976,"n":16010,"nm":"CANDIDATO 16010","nmu":"CANDIDATO 16010","s":"M","dt":"20/12/1929","dvt":"Válido"},{"sqcand":160002463968,"n":16002,"nm":"CANDIDATO 16002","nmu":"CANDIDATO 16002","s":"F","dt":"22/08/1922","dvt":"Válido"},{"sqcand":160002463970,"n":16004,"nm":"CANDIDATO 16004","nmu":"CANDIDATO 16004","s":"F","dt":"16/09/1929","dvt":"Válido"},{"sqcand":160002463975,"n":16009,"nm":"CANDIDATO 16009","nmu":"CANDIDATO 16009","s":"M","dt":"10/08/1920","dvt":"Válido"},{"sqcand":160002463981,"n":16015,"nm":"CANDIDATO 16015","nmu":"CANDIDATO 16015","s":"M","dt":"08/03/1929","dvt":"Válido"},{"sqcand":160002463969,"n":16003,"nm":"CANDIDATO 16003","nmu":"CANDIDATO 16003","s":"F","dt":"09/08/1929","dvt":"Válido"},{"sqcand":160002463967,"n":16001,"nm":"CANDIDATO 16001","nmu":"CANDIDATO 16001","s":"F","dt":"12/12/1925","dvt":"Válido"},{"sqcand":160002463973,"n":16007,"nm":"CANDIDATO 16007","nmu":"CANDIDATO 16007","s":"M","dt":"24/01/1967","dvt":"Válido"}]}]},{"n":160000322206,"nm":"COLIGACAO 160000322206","tp":"P","com":"P14","par":[{"n":14,"sg":" P14 ","nm":"PARTIDO 14","cand":[{"sqcand":160002464030,"n":14004,"nm":"CANDIDATO 14004","nmu":"CANDIDATO 14004","s":"F","dt":"13/11/1923","dvt":"Válido"},{"sqcand":160002464035,"n":14009,"nm":"CANDIDATO 14009","nmu":"CANDIDATO 14009","s":"M","dt":"06/08/1957","dvt":"Válido"},{"sqcand":160002464039,"n":14013,"nm":"CANDIDATO 14013","nmu":"CANDIDATO 14013","s":"M","dt":"02/04/1929","dvt":"Válido"},{"sqcand":160002464029,"n":14003,"nm":"CANDIDATO 14003","nmu":"CANDIDATO 14003","s":"F","dt":"01/08/1929","dvt":"Válido"},{"sqcand":160002464028,"n":14002,"nm":"CANDIDATO 14002","nmu":"CANDIDATO 14002","s":"F","dt":"12/03/1929","dvt":"Válido"},{"sqcand":160002464032,"n":14006,"nm":"CANDIDATO 14006","nmu":"CANDIDATO 14006","s":"M","dt":"22/03/1929","dvt":"Válido"},{"sqcand":160002464034,"n":14008,"nm":"CANDIDATO 14008","nmu":"CANDIDATO 14008","s":"M","dt":"01/10/1926","dvt":"Válido"},{"sqcand":160002464038,"n":14012,"nm":"CANDIDATO 14012","nmu":"CANDIDATO 14012","s":"M","dt":"23/06/1929","dvt":"Válido"},{"sqcand":160002464027,"n":14001,"nm":"CANDIDATO 14001","nmu":"CANDIDATO 14001","s":"F","dt":"25/04/1924","dvt":"Válido"},{"sqcand":160002464031,"n":14005,"nm":"CANDIDATO 14005","nmu":"CANDIDATO 14005","s":"M","dt":"09/06/1929","dvt":"Válido"},{"sqcand":160002464037,"n":14011,"nm":"CANDIDATO 14011","nmu":"CANDIDATO 14011","s":"M","dt":"04/07/1983","dvt":"Válido"},{"sqcand":160002464040,"n":14014,"nm":"CANDIDATO 14014","nmu":"CANDIDATO 14014","s":"M","dt":"14/03/1929","dvt":"Válido"},{"sqcand":160002464036,"n":14010,"nm":"CANDIDATO 14010","nmu":"CANDIDATO 14010","s":"M","dt":"01/03/1929","dvt":"Válido"},{"sqcand":160002464033,"n":14007,"nm":"CANDIDATO 14007","nmu":"CANDIDATO 14007","s":"M","dt":"06/03/1923","dvt":"Válido"},{"sqcand":160002464041,"n":14015,"nm":"CANDIDATO 14015","nmu":"CANDIDATO 14015","s":"M","dt":"06/10/1922","dvt":"Válido"}]}]}]}}