{"ele":8707,"cdabr":"74551","nmabr":"BITURUNA","t":1,"f":"S","s":"N","dg":"13/10/2020","hg":"20:03:33","v":"005","br":{"nm":"Brasil","uf":[{"sg":"PR","nm":"PARANÁ","mun":[{"cd":"74551","nm":"BITURUNA","c":"N","s":56,"e":11491,"tzon":1,"zon":[{"cd":"0153","s":56,"e":11491}]}]}]},"carg":{"cd":11,"nmn":"Prefeito","nmm":"Prefeito","nmf":"Prefeita","nv":1,"col":[{"n":160000330821,"nm":"COLIGACAO 160000330821","tp":"P","com":"P16","par":[{"n":16,"sg":" P16 ","nm":"PARTIDO 16","cand":[{"sqcand":160002497572,"n":16,"nm":"CANDIDATO 16","nmu":"CANDIDATO 16","s":"M","dt":"30/05/1922","dvt":"Válido","vs":[{"sqcand":160002497573,"nm":"CANDIDATO 16 1","nmu":"CANDIDATO 16 1","tp":"V","sgp":"P16"}]}]}]},{"n":160000330813,"nm":"COLIGACAO 160000330813","tp":"P","com":"P14","par":[{"n":14,"sg":" P14 ","nm":"PARTIDO 14","cand":[{"sqcand":160002497304,"n":14,"nm":"CANDIDATO 14","nmu":"CANDIDATO 14","s":"M","dt":"12/08/1925","dvt":"Válido","vs":[{"sqcand":160002497305,"nm":"CANDIDATO 14 1","nmu":"CANDIDATO 14 1","tp":"V","sgp":"P14"}]}]}]}]}}