{"ele":8707,"cdabr":"74942","nmabr":"DOUTOR ULYSSES","t":1,"f":"S","s":"N","dg":"13/10/2020","hg":"20:03:37","v":"005","br":{"nm":"Brasil","uf":[{"sg":"PR","nm":"PARANÁ","mun":[{"cd":"74942","nm":"DOUTOR ULYSSES","c":"N","s":21,"e":4425,"tzon":1,"zon":[{"cd":"0007","s":21,"e":4425}]}]}]},"carg":{"cd":13,"nmn":"Vereador","nmm":"Vereador","nmf":"Vereadora","nv":15,"col":[{"n":160000336368,"nm":"COLIGACAO 160000336368","tp":"P","com":"P16","par":[{"n":16,"sg":" P16 ","nm":"PARTIDO 16","cand":[{"sqcand":160002514234,"n":16010,"nm":"CANDIDATO 16010","nmu":"CANDIDATO 16010","s":"M","dt":"11/11/1929","dvt":"Válido"},{"sqcand":160002514237,"n":16013,"nm":"CANDIDATO 16013","nmu":"CANDIDATO 16013","s":"M","dt":"10/04/1929","dvt":"Válido"},{"sqcand":160002514231,"n":16007,"nm":"CANDIDATO 16007","nmu":"CANDIDATO 16007","s":"M","dt":"22/04/1928","dvt":"Válido"},{"sqcand":160002514239,"n":16015,"nm":"CANDIDATO 16015","nmu":"CANDIDATO 16015","s":"M","dt":"13/08/1929","dvt":"Válido"},{"sqcand":160002514232,"n":16008,"nm":"CANDIDATO 16008","nmu":"CANDIDATO 16008","s":"M","dt":"28/03/1976","dvt":"Válido"},{"sqcand":160002514235,"n":16011,"nm":"CANDIDATO 16011","nmu":"CANDIDATO 16011","s":"M","dt":"27/12/1929","dvt":"Válido"},{"sqcand":160002514236,"n":16012,"nm":"CANDIDATO 16012","nmu":"CANDIDATO 16012","s":"M","dt":"05/03/1929","dvt":"Válido"},{"sqcand":160002514228,"n":16004,"nm":"CANDIDATO 16004","nmu":"CANDIDATO 16004","s":"F","dt":"18/09/1966","dvt":"Válido"},{"sqcand":160002514233,"n":16009,"nm":"CANDIDATO 16009","nmu":"CANDIDATO 16009","s":"M","dt":"06/06/1986","dvt":"Válido"},{"sqcand":160002514225,"n":16001,"nm":"CANDIDATO 16001","nmu":"CANDIDATO 16001","s":"F","dt":"23/09/1929","dvt":"Válido"},{"sqcand":160002514230,"n":16006,"nm":"CANDIDATO 16006","nmu":"CANDIDATO 16006","s":"M","dt":"18/10/1960","dvt":"Válido"},{"sqcand":160002514238,"n":16014,"nm":"CANDIDATO 16014","nmu":"CANDIDATO 16014","s":"M","dt":"09/12/1964","dvt":"Válido"},{"sqcand":160002514226,"n":16002,"nm":"CANDIDATO 16002","nmu":"CANDIDATO 16002","s":"F","dt":"21/09/1929","dvt":"Válido"},{"sqcand":160002514227,"n":16003,"nm":"CANDIDATO 16003","nmu":"CANDIDATO 16003","s":"F","dt":"15/03/1924","dvt":"Válido"},{"sqcand":160002514229,"n":16005,"nm":"CANDIDATO 16005","nmu":"CANDIDATO 16005","s":"M","dt":"19/02/1923","dvt":"Válido"}]}]}]}}