{"ele":8707,"carper":13,"t":1,"f":"S","esae":"N","mnae":" ","dg":"13/10/2020","hg":"20:06:08","dv":"S","nadf":"pr74551-c0013-e008707-006-f","abr":[{"dt":"13/10/2020","ht":"18:40:03","tf":"N","and":"P","s":56,"st":3,"pst":"   5,36","snt":53,"psnt":"  94,64","si":3,"psi":"   5,36","sni":0,"psni":"   0,00","sa":3,"psa":" 100,00","sna":0,"psna":"   0,00","e":990,"ea":990,"pea":" 100,00","ena":0,"pena":"   0,00","esi":990,"pesi":"   5,36","esni":0,"pesni":"   0,00","c":30,"pc":"   3,03","a":960,"pa":"  96,97","tv":30,"vscv":0,"vb":0,"pvb":"   0,00","tvn":0,"ptvn":"   0,00","vn":0,"pvn":"   0,00","vnt":0,"pvnt":"   0,00","vp":0,"pvp":"   0,00","vv":30,"pvv":" 100,00","vl":1,"pvl":"   3,33","van":0,"pvan":"   0,00","vansj":0,"pvansj":"   0,00","vnom":29,"pvnom":"  96,67","cand":[{"seq":5,"n":16004,"e":"N","vap":2,"pvap":"   6,67","st":""},{"seq":6,"n":16007,"e":"N","vap":2,"pvap":"   6,67","st":""},{"seq":13,"n":16015,"e":"N","vap":1,"pvap":"   3,33","st":""},{"seq":1,"n":16001,"e":"N","vap":6,"pvap":"  20,00","st":""},{"seq":3,"n":16002,"e":"N","vap":3,"pvap":"  10,00","st":""},{"seq":14,"n":16005,"e":"N","vap":1,"pvap":"   3,33","st":""},{"seq":2,"n":16003,"e":"N","vap":4,"pvap":"  13,33","st":""},{"seq":10,"n":16006,"e":"N","vap":1,"pvap":"   3,33","st":""},{"seq":7,"n":14002,"e":"N","vap":2,"pvap":"   6,67","st":""},{"seq":11,"n":14007,"e":"N","vap":1,"pvap":"   3,33","st":""},{"seq":9,"n":14004,"e":"N","vap":1,"pvap":"   3,33","st":""},{"seq":8,"n":14015,"e":"N","vap":1,"pvap":"   3,33","st":""},{"seq":4,"n":14001,"e":"N","vap":3,"pvap":"  10,00","st":""},{"seq":12,"n":14005,"e":"N","vap":1,"pvap":"   3,33","st":""}],"tpabr":"MU","cdabr":"74551","colig":[{"n":160000330825,"tvtn":20,"tvtl":1,"tvan":20,"tval":1,"vag":8},{"n":160000330817,"tvtn":9,"tvtl":0,"tvan":9,"tval":0,"vag":6}],"part":[{"n":16,"tvtn":20,"tvtl":1,"tvan":20,"tval":1},{"n":14,"tvtn":9,"tvtl":0,"tvan":9,"tval":0}]},{"dt":"13/10/2020","ht":"18:40:03","tf":"N","and":"P","s":56,"st":3,"pst":"   5,36","snt":53,"psnt":"53","si":3,"psi":"   5,36","sni":0,"psni":"   0,00","sa":3,"psa":" 100,00","sna":0,"psna":"   0,00","e":990,"ea":990,"pea":" 100,00","ena":0,"pena":"   0,00","esi":990,"pesi":"   5,36","esni":0,"pesni":"   0,00","c":30,"pc":"   3,03","a":960,"pa":"  96,97","tv":30,"vscv":0,"vb":0,"pvb":"   0,00","tvn":0,"ptvn":"   0,00","vn":0,"pvn":"   0,00","vp":0,"pvp":"   0,00","vv":30,"pvv":" 100,00","vl":1,"pvl":"   3,33","van":0,"pvan":"   0,00","vansj":0,"pvansj":"   0,00","vnom":29,"pvnom":"  96,67","cand":[{"seq":7,"n":14002,"e":"N","vap":2,"pvap":"   6,67","st":""},{"seq":11,"n":14007,"e":"N","vap":1,"pvap":"   3,33","st":""},{"seq":9,"n":14004,"e":"N","vap":1,"pvap":"   3,33","st":""},{"seq":8,"n":14015,"e":"N","vap":1,"pvap":"   3,33","st":""},{"seq":4,"n":14001,"e":"N","vap":3,"pvap":"  10,00","st":""},{"seq":12,"n":14005,"e":"N","vap":1,"pvap":"   3,33","st":""},{"seq":5,"n":16004,"e":"N","vap":2,"pvap":"   6,67","st":""},{"seq":6,"n":16007,"e":"N","vap":2,"pvap":"   6,67","st":""},{"seq":13,"n":16015,"e":"N","vap":1,"pvap":"   3,33","st":""},{"seq":1,"n":16001,"e":"N","vap":6,"pvap":"  20,00","st":""},{"seq":3,"n":16002,"e":"N","vap":3,"pvap":"  10,00","st":""},{"seq":14,"n":16005,"e":"N","vap":1,"pvap":"   3,33","st":""},{"seq":2,"n":16003,"e":"N","vap":4,"pvap":"  13,33","st":""},{"seq":10,"n":16006,"e":"N","vap":1,"pvap":"   3,33","st":""}],"tpabr":"ZONA","cdabr":"153"}]}