{"ele":8707,"carper":13,"t":1,"f":"S","esae":"N","mnae":" ","dg":"13/10/2020","hg":"20:06:03","dv":"S","nadf":"pr74101-c0013-e008707-006-f","abr":[{"dt":"13/10/2020","ht":"18:40:03","tf":"N","and":"P","s":8,"st":6,"pst":"  75,00","snt":2,"psnt":"  25,00","si":6,"psi":"  75,00","sni":0,"psni":"   0,00","sa":6,"psa":" 100,00","sna":0,"psna":"   0,00","e":1885,"ea":1885,"pea":" 100,00","ena":0,"pena":"   0,00","esi":1885,"pesi":"  75,00","esni":0,"pesni":"   0,00","c":1382,"pc":"  73,32","a":503,"pa":"  26,68","tv":1382,"vscv":0,"vb":223,"pvb":"  16,14","tvn":21,"ptvn":"   1,52","vn":21,"pvn":" 100,00","vnt":0,"pvnt":"   0,00","vp":0,"pvp":"   0,00","vv":1138,"pvv":" 100,00","vl":34,"pvl":"   2,99","van":0,"pvan":"   0,00","vansj":0,"pvansj":"   0,00","vnom":1104,"pvnom":"  97,01","cand":[{"seq":10,"n":14014,"e":"N","vap":24,"pvap":"   1,74","st":""},{"seq":19,"n":14002,"e":"N","vap":8,"pvap":"   0,58","st":""},{"seq":13,"n":14013,"e":"N","vap":18,"pvap":"   1,30","st":""},{"seq":15,"n":14007,"e":"N","vap":13,"pvap":"   0,94","st":""},{"seq":1,"n":14008,"e":"N","vap":247,"pvap":"  17,87","st":""},{"seq":22,"n":14004,"e":"N","vap":6,"pvap":"   0,43","st":""},{"seq":14,"n":14012,"e":"N","vap":17,"pvap":"   1,23","st":""},{"seq":24,"n":14011,"e":"N","vap":5,"pvap":"   0,36","st":""},{"seq":29,"n":14010,"e":"N","vap":5,"pvap":"   0,36","st":""},{"seq":5,"n":14015,"e":"N","vap":73,"pvap":"   5,28","st":""},{"seq":20,"n":14009,"e":"N","vap":7,"pvap":"   0,51","st":""},{"seq":9,"n":14006,"e":"N","vap":30,"pvap":"   2,17","st":""},{"seq":7,"n":14003,"e":"N","vap":43,"pvap":"   3,11","st":""},{"seq":18,"n":14005,"e":"N","vap":8,"pvap":"   0,58","st":""},{"seq":17,"n":14001,"e":"N","vap":9,"pvap":"   0,65","st":""},{"seq":4,"n":16004,"e":"N","vap":75,"pvap":"   5,43","st":""},{"seq":28,"n":16012,"e":"N","vap":5,"pvap":"   0,36","st":""},{"seq":12,"n":16015,"e":"N","vap":18,"pvap":"   1,30","st":""},{"seq":3,"n":16007,"e":"N","vap":172,"pvap":"  12,45","st":""},{"seq":25,"n":16009,"e":"N","vap":5,"pvap":"   0,36","st":""},{"seq":30,"n":16014,"e":"N","vap":5,"pvap":"   0,36","st":""},{"seq":27,"n":16011,"e":"N","vap":5,"pvap":"   0,36","st":""},{"seq":8,"n":16001,"e":"N","vap":31,"pvap":"   2,24","st":""},{"seq":21,"n":16008,"e":"N","vap":7,"pvap":"   0,51","st":""},{"seq":16,"n":16002,"e":"N","vap":11,"pvap":"   0,80","st":""},{"seq":11,"n":16013,"e":"N","vap":22,"pvap":"   1,59","st":""},{"seq":26,"n":16005,"e":"N","vap":5,"pvap":"   0,36","st":""},{"seq":2,"n":16010,"e":"N","vap":179,"pvap":"  12,95","st":""},{"seq":6,"n":16006,"e":"N","vap":46,"pvap":"   3,33","st":""},{"seq":23,"n":16003,"e":"N","vap":5,"pvap":"   0,36","st":""}],"tpabr":"MU","cdabr":"74101","colig":[{"n":160000328585,"tvtn":513,"tvtl":12,"tvan":513,"tval":12,"vag":7},{"n":160000328622,"tvtn":591,"tvtl":22,"tvan":591,"tval":22,"vag":8}],"part":[{"n":14,"tvtn":513,"tvtl":12,"tvan":513,"tval":12},{"n":16,"tvtn":591,"tvtl":22,"tvan":591,"tval":22}]},{"dt":"13/10/2020","ht":"18:40:03","tf":"N","and":"P","s":8,"st":6,"pst":"  75,00","snt":2,"psnt":"2","si":6,"psi":"  75,00","sni":0,"psni":"   0,00","sa":6,"psa":" 100,00","sna":0,"psna":"   0,00","e":1885,"ea":1885,"pea":" 100,00","ena":0,"pena":"   0,00","esi":1885,"pesi":"  75,00","esni":0,"pesni":"   0,00","c":1382,"pc":"  73,32","a":503,"pa":"  26,68","tv":1382,"vscv":0,"vb":223,"pvb":"  16,14","tvn":21,"ptvn":"   1,52","vn":21,"pvn":" 100,00","vp":0,"pvp":"   0,00","vv":1138,"pvv":" 100,00","vl":34,"pvl":"   2,99","van":0,"pvan":"   0,00","vansj":0,"pvansj":"   0,00","vnom":1104,"pvnom":"  97,01","cand":[{"seq":4,"n":16004,"e":"N","vap":75,"pvap":"   5,43","st":""},{"seq":28,"n":16012,"e":"N","vap":5,"pvap":"   0,36","st":""},{"seq":12,"n":16015,"e":"N","vap":18,"pvap":"   1,30","st":""},{"seq":3,"n":16007,"e":"N","vap":172,"pvap":"  12,45","st":""},{"seq":25,"n":16009,"e":"N","vap":5,"pvap":"   0,36","st":""},{"seq":30,"n":16014,"e":"N","vap":5,"pvap":"   0,36","st":""},{"seq":27,"n":16011,"e":"N","vap":5,"pvap":"   0,36","st":""},{"seq":8,"n":16001,"e":"N","vap":31,"pvap":"   2,24","st":""},{"seq":21,"n":16008,"e":"N","vap":7,"pvap":"   0,51","st":""},{"seq":16,"n":16002,"e":"N","vap":11,"pvap":"   0,80","st":""},{"seq":11,"n":16013,"e":"N","vap":22,"pvap":"   1,59","st":""},{"seq":26,"n":16005,"e":"N","vap":5,"pvap":"   0,36","st":""},{"seq":2,"n":16010,"e":"N","vap":179,"pvap":"  12,95","st":""},{"seq":6,"n":16006,"e":"N","vap":46,"pvap":"   3,33","st":""},{"seq":23,"n":16003,"e":"N","vap":5,"pvap":"   0,36","st":""},{"seq":10,"n":14014,"e":"N","vap":24,"pvap":"   1,74","st":""},{"seq":19,"n":14002,"e":"N","vap":8,"pvap":"   0,58","st":""},{"seq":13,"n":14013,"e":"N","vap":18,"pvap":"   1,30","st":""},{"seq":15,"n":14007,"e":"N","vap":13,"pvap":"   0,94","st":""},{"seq":1,"n":14008,"e":"N","vap":247,"pvap":"  17,87","st":""},{"seq":22,"n":14004,"e":"N","vap":6,"pvap":"   0,43","st":""},{"seq":14,"n":14012,"e":"N","vap":17,"pvap":"   1,23","st":""},{"seq":24,"n":14011,"e":"N","vap":5,"pvap":"   0,36","st":""},{"seq":29,"n":14010,"e":"N","vap":5,"pvap":"   0,36","st":""},{"seq":5,"n":14015,"e":"N","vap":73,"pvap":"   5,28","st":""},{"seq":20,"n":14009,"e":"N","vap":7,"pvap":"   0,51","st":""},{"seq":9,"n":14006,"e":"N","vap":30,"pvap":"   2,17","st":""},{"seq":7,"n":14003,"e":"N","vap":43,"pvap":"   3,11","st":""},{"seq":18,"n":14005,"e":"N","vap":8,"pvap":"   0,58","st":""},{"seq":17,"n":14001,"e":"N","vap":9,"pvap":"   0,65","st":""}],"tpabr":"ZONA","cdabr":"126"}]}