{"ele":8707,"cdabr":"74500","nmabr":"MARIPÁ","t":1,"f":"S","s":"N","dg":"13/10/2020","hg":"20:03:39","v":"005","br":{"nm":"Brasil","uf":[{"sg":"PR","nm":"PARANÁ","mun":[{"cd":"74500","nm":"MARIPÁ","c":"N","s":19,"e":5070,"tzon":1,"zon":[{"cd":"0124","s":19,"e":5070}]}]}]},"carg":{"cd":13,"nmn":"Vereador","nmm":"Vereador","nmf":"Vereadora","nv":15,"col":[{"n":160000323487,"nm":"COLIGACAO 160000323487","tp":"P","com":"P14","par":[{"n":14,"sg":" P14 ","nm":"PARTIDO 14","cand":[{"sqcand":160002471602,"n":14009,"nm":"CANDIDATO 14009","nmu":"CANDIDATO 14009","s":"M","dt":"09/12/1964","dvt":"Válido"},{"sqcand":160002471606,"n":14013,"nm":"CANDIDATO 14013","nmu":"CANDIDATO 14013","s":"M","dt":"17/05/1978","dvt":"Válido"},{"sqcand":160002471596,"n":14003,"nm":"CANDIDATO 14003","nmu":"CANDIDATO 14003","s":"F","dt":"29/11/1929","dvt":"Válido"},{"sqcand":160002471603,"n":14010,"nm":"CANDIDATO 14010","nmu":"CANDIDATO 14010","s":"M","dt":"09/09/1979","dvt":"Válido"},{"sqcand":160002471594,"n":14001,"nm":"CANDIDATO 14001","nmu":"CANDIDATO 14001","s":"F","dt":"20/05/1929","dvt":"Válido"},{"sqcand":160002471598,"n":14005,"nm":"CANDIDATO 14005","nmu":"CANDIDATO 14005","s":"M","dt":"29/06/1929","dvt":"Válido"},{"sqcand":160002471597,"n":14004,"nm":"CANDIDATO 14004","nmu":"CANDIDATO 14004","s":"F","dt":"22/09/1929","dvt":"Válido"},{"sqcand":160002471600,"n":14007,"nm":"CANDIDATO 14007","nmu":"CANDIDATO 14007","s":"M","dt":"04/07/1929","dvt":"Válido"},{"sqcand":160002471595,"n":14002,"nm":"CANDIDATO 14002","nmu":"CANDIDATO 14002","s":"F","dt":"15/02/1929","dvt":"Válido"},{"sqcand":160002471608,"n":14015,"nm":"CANDIDATO 14015","nmu":"CANDIDATO 14015","s":"M","dt":"28/07/1926","dvt":"Válido"},{"sqcand":160002471605,"n":14012,"nm":"CANDIDATO 14012","nmu":"CANDIDATO 14012","s":"M","dt":"03/10/1923","dvt":"Válido"},{"sqcand":160002471601,"n":14008,"nm":"CANDIDATO 14008","nmu":"CANDIDATO 14008","s":"M","dt":"30/04/1967","dvt":"Válido"},{"sqcand":160002471604,"n":14011,"nm":"CANDIDATO 14011","nmu":"CANDIDATO 14011","s":"M","dt":"04/12/2000","dvt":"Válido"},{"sqcand":160002471607,"n":14014,"nm":"CANDIDATO 14014","nmu":"CANDIDATO 14014","s":"M","dt":"08/03/1981","dvt":"Válido"},{"sqcand":160002471599,"n":14006,"nm":"CANDIDATO 14006","nmu":"CANDIDATO 14006","s":"M","dt":"29/01/1929","dvt":"Válido"}]}]},{"n":160000323493,"nm":"COLIGACAO 160000323493","tp":"P","com":"P16","par":[{"n":16,"sg":" P16 ","nm":"PARTIDO 16","cand":[{"sqcand":160002471647,"n":16003,"nm":"CANDIDATO 16003","nmu":"CANDIDATO 16003","s":"F","dt":"09/05/1929","dvt":"Válido"},{"sqcand":160002471651,"n":16007,"nm":"CANDIDATO 16007","nmu":"CANDIDATO 16007","s":"M","dt":"23/06/1972","dvt":"Válido"},{"sqcand":160002471655,"n":16011,"nm":"CANDIDATO 16011","nmu":"CANDIDATO 16011","s":"M","dt":"04/12/1975","dvt":"Válido"},{"sqcand":160002471657,"n":16013,"nm":"CANDIDATO 16013","nmu":"CANDIDATO 16013","s":"M","dt":"11/12/1929","dvt":"Válido"},{"sqcand":160002471654,"n":16010,"nm":"CANDIDATO 16010","nmu":"CANDIDATO 16010","s":"M","dt":"21/05/1929","dvt":"Válido"},{"sqcand":160002471656,"n":16012,"nm":"CANDIDATO 16012","nmu":"CANDIDATO 16012","s":"M","dt":"14/07/1927","dvt":"Válido"},{"sqcand":160002471653,"n":16009,"nm":"CANDIDATO 16009","nmu":"CANDIDATO 16009","s":"M","dt":"31/10/1929","dvt":"Válido"},{"sqcand":160002471649,"n":16005,"nm":"CANDIDATO 16005","nmu":"CANDIDATO 16005","s":"M","dt":"19/01/1923","dvt":"Válido"},{"sqcand":160002471652,"n":16008,"nm":"CANDIDATO 16008","nmu":"CANDIDATO 16008","s":"M","dt":"22/08/1929","dvt":"Válido"},{"sqcand":160002471648,"n":16004,"nm":"CANDIDATO 16004","nmu":"CANDIDATO 16004","s":"F","dt":"04/04/1928","dvt":"Válido"},{"sqcand":160002471645,"n":16001,"nm":"CANDIDATO 16001","nmu":"CANDIDATO 16001","s":"F","dt":"21/06/1928","dvt":"Válido"},{"sqcand":160002471650,"n":16006,"nm":"CANDIDATO 16006","nmu":"CANDIDATO 16006","s":"M","dt":"12/02/1929","dvt":"Válido"},{"sqcand":160002471658,"n":16014,"nm":"CANDIDATO 16014","nmu":"CANDIDATO 16014","s":"M","dt":"31/08/1928","dvt":"Válido"},{"sqcand":160002471646,"n":16002,"nm":"CANDIDATO 16002","nmu":"CANDIDATO 16002","s":"F","dt":"28/12/1926","dvt":"Válido"},{"sqcand":160002471659,"n":16015,"nm":"CANDIDATO 16015","nmu":"CANDIDATO 16015","s":"M","dt":"02/02/1924","dvt":"Válido"}]}]}]}}