{"ele":8707,"carper":11,"t":1,"f":"S","esae":"N","mnae":" ","dg":"13/10/2020","hg":"20:06:03","dv":"S","nadf":"pr74527-c0011-e008707-006-f","abr":[{"dt":"13/10/2020","ht":"18:40:02","tf":"N","and":"P","s":16,"st":16,"pst":" 100,00","snt":0,"psnt":"   0,00","si":16,"psi":" 100,00","sni":0,"psni":"   0,00","sa":16,"psa":" 100,00","sna":0,"psna":"   0,00","e":3086,"ea":3086,"pea":" 100,00","ena":0,"pena":"   0,00","esi":3086,"pesi":" 100,00","esni":0,"pesni":"   0,00","c":2630,"pc":"  85,22","a":456,"pa":"  14,78","tv":2630,"vscv":0,"vb":963,"pvb":"  36,62","tvn":581,"ptvn":"  22,09","vn":581,"pvn":" 100,00","vnt":0,"pvnt":"   0,00","vp":0,"pvp":"   0,00","vv":1086,"pvv":" 100,00","van":0,"pvan":"   0,00","vansj":0,"pvansj":"   0,00","vnom":1086,"pvnom":" 100,00","cand":[{"seq":1,"n":16,"e":"N","vap":634,"pvap":"  24,11","st":""},{"seq":2,"n":14,"e":"N","vap":452,"pvap":"  17,19","st":""}],"tpabr":"MU","cdabr":"74527","colig":[{"n":160000323331,"tvtn":634,"tvtl":0,"tvan":634,"tval":0},{"n":160000323327,"tvtn":452,"tvtl":0,"tvan":452,"tval":0}],"part":[{"n":16,"tvtn":634,"tvtl":0,"tvan":634,"tval":0},{"n":14,"tvtn":452,"tvtl":0,"tvan":452,"tval":0}]},{"dt":"13/10/2020","ht":"18:40:02","tf":"N","and":"P","s":16,"st":16,"pst":" 100,00","snt":0,"psnt":"0","si":16,"psi":" 100,00","sni":0,"psni":"   0,00","sa":16,"psa":" 100,00","sna":0,"psna":"   0,00","e":3086,"ea":3086,"pea":" 100,00","ena":0,"pena":"   0,00","esi":3086,"pesi":" 100,00","esni":0,"pesni":"   0,00","c":2630,"pc":"  85,22","a":456,"pa":"  14,78","tv":2630,"vscv":0,"vb":963,"pvb":"  36,62","tvn":581,"ptvn":"  22,09","vn":581,"pvn":" 100,00","vp":0,"pvp":"   0,00","vv":1086,"pvv":" 100,00","van":0,"pvan":"   0,00","vansj":0,"pvansj":"   0,00","vnom":1086,"pvnom":" 100,00","cand":[{"seq":1,"n":16,"e":"N","vap":634,"pvap":"  24,11","st":""},{"seq":2,"n":14,"e":"N","vap":452,"pvap":"  17,19","st":""}],"tpabr":"ZONA","cdabr":"38"}]}