{"ele":8707,"carper":11,"t":1,"f":"S","esae":"N","mnae":" ","dg":"13/10/2020","hg":"20:06:05","dv":"S","nadf":"pr74870-c0011-e008707-006-f","abr":[{"dt":"11/10/2020","ht":"16:05:13","tf":"N","and":"P","s":54,"st":54,"pst":" 100,00","snt":0,"psnt":"   0,00","si":54,"psi":" 100,00","sni":0,"psni":"   0,00","sa":54,"psa":" 100,00","sna":0,"psna":"   0,00","e":15361,"ea":15361,"pea":" 100,00","ena":0,"pena":"   0,00","esi":15361,"pesi":" 100,00","esni":0,"pesni":"   0,00","c":13083,"pc":"  85,17","a":2278,"pa":"  14,83","tv":13083,"vscv":0,"vb":3411,"pvb":"  26,07","tvn":2974,"ptvn":"  22,73","vn":2974,"pvn":" 100,00","vnt":0,"pvnt":"   0,00","vp":0,"pvp":"   0,00","vv":6698,"pvv":" 100,00","van":0,"pvan":"   0,00","vansj":0,"pvansj":"   0,00","vnom":6698,"pvnom":" 100,00","cand":[{"seq":2,"n":16,"e":"N","vap":3070,"pvap":"  23,47","st":""},{"seq":1,"n":14,"e":"N","vap":3628,"pvap":"  27,73","st":""}],"tpabr":"MU","cdabr":"74870","colig":[{"n":160000336532,"tvtn":3070,"tvtl":0,"tvan":3070,"tval":0},{"n":160000336530,"tvtn":3628,"tvtl":0,"tvan":3628,"tval":0}],"part":[{"n":16,"tvtn":3070,"tvtl":0,"tvan":3070,"tval":0},{"n":14,"tvtn":3628,"tvtl":0,"tvan":3628,"tval":0}]},{"dt":"11/10/2020","ht":"16:05:13","tf":"N","and":"P","s":54,"st":54,"pst":" 100,00","snt":0,"psnt":"0","si":54,"psi":" 100,00","sni":0,"psni":"   0,00","sa":54,"psa":" 100,00","sna":0,"psna":"   0,00","e":15361,"ea":15361,"pea":" 100,00","ena":0,"pena":"   0,00","esi":15361,"pesi":" 100,00","esni":0,"pesni":"   0,00","c":13083,"pc":"  85,17","a":2278,"pa":"  14,83","tv":13083,"vscv":0,"vb":3411,"pvb":"  26,07","tvn":2974,"ptvn":"  22,73","vn":2974,"pvn":" 100,00","vp":0,"pvp":"   0,00","vv":6698,"pvv":" 100,00","van":0,"pvan":"   0,00","vansj":0,"pvansj":"   0,00","vnom":6698,"pvnom":" 100,00","cand":[{"seq":1,"n":14,"e":"N","vap":3628,"pvap":"  27,73","st":""},{"seq":2,"n":16,"e":"N","vap":3070,"pvap":"  23,47","st":""}],"tpabr":"ZONA","cdabr":"107"}]}