{"ele":8707,"carper":13,"t":1,"f":"S","esae":"N","mnae":" ","dg":"13/10/2020","hg":"20:06:09","dv":"S","nadf":"pr74349-c0013-e008707-006-f","abr":[{"dt":"13/10/2020","ht":"18:58:32","tf":"S","and":"F","s":16,"st":16,"pst":" 100,00","snt":0,"psnt":"   0,00","si":16,"psi":" 100,00","sni":0,"psni":"   0,00","sa":16,"psa":" 100,00","sna":0,"psna":"   0,00","e":4210,"ea":4210,"pea":" 100,00","ena":0,"pena":"   0,00","esi":4210,"pesi":" 100,00","esni":0,"pesni":"   0,00","c":3585,"pc":"  85,15","a":625,"pa":"  14,85","tv":3585,"vscv":0,"vb":83,"pvb":"   2,31","tvn":16,"ptvn":"   0,45","vn":16,"pvn":" 100,00","vnt":0,"pvnt":"   0,00","vp":0,"pvp":"   0,00","vv":3486,"pvv":" 100,00","vl":246,"pvl":"   7,06","van":0,"pvan":"   0,00","vansj":0,"pvansj":"   0,00","vnom":3240,"pvnom":"  92,94","cand":[{"seq":21,"n":16015,"e":"N","vap":32,"pvap":"   0,89","st":"Suplente"},{"seq":1,"n":16012,"e":"S","vap":311,"pvap":"   8,68","st":"Eleito"},{"seq":26,"n":16004,"e":"N","vap":22,"pvap":"   0,61","st":"Suplente"},{"seq":16,"n":16014,"e":"N","vap":100,"pvap":"   2,79","st":"Suplente"},{"seq":22,"n":16013,"e":"N","vap":31,"pvap":"   0,86","st":"Suplente"},{"seq":9,"n":16010,"e":"S","vap":135,"pvap":"   3,77","st":"Eleito"},{"seq":18,"n":16006,"e":"N","vap":72,"pvap":"   2,01","st":"Suplente"},{"seq":10,"n":16005,"e":"S","vap":123,"pvap":"   3,43","st":"Eleito"},{"seq":6,"n":16007,"e":"S","vap":202,"pvap":"   5,63","st":"Eleito"},{"seq":23,"n":16011,"e":"N","vap":29,"pvap":"   0,81","st":"Suplente"},{"seq":30,"n":16002,"e":"N","vap":16,"pvap":"   0,45","st":"Suplente"},{"seq":7,"n":16001,"e":"S","vap":194,"pvap":"   5,41","st":"Eleito"},{"seq":12,"n":16003,"e":"S","vap":106,"pvap":"   2,96","st":"Eleito"},{"seq":27,"n":16008,"e":"N","vap":22,"pvap":"   0,61","st":"Suplente"},{"seq":17,"n":16009,"e":"N","vap":77,"pvap":"   2,15","st":"Suplente"},{"seq":4,"n":14011,"e":"S","vap":262,"pvap":"   7,31","st":"Eleito"},{"seq":19,"n":14007,"e":"N","vap":48,"pvap":"   1,34","st":"Suplente"},{"seq":2,"n":14014,"e":"S","vap":290,"pvap":"   8,09","st":"Eleito"},{"seq":15,"n":14008,"e":"S","vap":50,"pvap":"   1,39","st":"Eleito"},{"seq":25,"n":14005,"e":"N","vap":23,"pvap":"   0,64","st":"Suplente"},{"seq":28,"n":14006,"e":"N","vap":18,"pvap":"   0,50","st":"Suplente"},{"seq":14,"n":14012,"e":"S","vap":87,"pvap":"   2,43","st":"Eleito"},{"seq":5,"n":14013,"e":"S","vap":221,"pvap":"   6,16","st":"Eleito"},{"seq":20,"n":14003,"e":"N","vap":42,"pvap":"   1,17","st":"Suplente"},{"seq":29,"n":14001,"e":"N","vap":16,"pvap":"   0,45","st":"Suplente"},{"seq":3,"n":14015,"e":"S","vap":279,"pvap":"   7,78","st":"Eleito"},{"seq":13,"n":14004,"e":"S","vap":104,"pvap":"   2,90","st":"Eleito"},{"seq":8,"n":14009,"e":"S","vap":192,"pvap":"   5,36","st":"Eleito"},{"seq":24,"n":14010,"e":"N","vap":29,"pvap":"   0,81","st":"Suplente"},{"seq":11,"n":14002,"e":"S","vap":107,"pvap":"   2,98","st":"Eleito"}],"tpabr":"MU","cdabr":"74349","colig":[{"n":160000330411,"tvtn":1472,"tvtl":52,"tvan":1472,"tval":52,"vag":6},{"n":160000330414,"tvtn":1768,"tvtl":194,"tvan":1768,"tval":194,"vag":9}],"part":[{"n":16,"tvtn":1472,"tvtl":52,"tvan":1472,"tval":52},{"n":14,"tvtn":1768,"tvtl":194,"tvan":1768,"tval":194}]},{"dt":"13/10/2020","ht":"18:58:32","tf":"S","and":"F","s":16,"st":16,"pst":" 100,00","snt":0,"psnt":"0","si":16,"psi":" 100,00","sni":0,"psni":"   0,00","sa":16,"psa":" 100,00","sna":0,"psna":"   0,00","e":4210,"ea":4210,"pea":" 100,00","ena":0,"pena":"   0,00","esi":4210,"pesi":" 100,00","esni":0,"pesni":"   0,00","c":3585,"pc":"  85,15","a":625,"pa":"  14,85","tv":3585,"vscv":0,"vb":83,"pvb":"   2,31","tvn":16,"ptvn":"   0,45","vn":16,"pvn":" 100,00","vp":0,"pvp":"   0,00","vv":3486,"pvv":" 100,00","vl":246,"pvl":"   7,06","van":0,"pvan":"   0,00","vansj":0,"pvansj":"   0,00","vnom":3240,"pvnom":"  92,94","cand":[{"seq":4,"n":14011,"e":"S","vap":262,"pvap":"   7,31","st":"Eleito"},{"seq":19,"n":14007,"e":"N","vap":48,"pvap":"   1,34","st":"Suplente"},{"seq":2,"n":14014,"e":"S","vap":290,"pvap":"   8,09","st":"Eleito"},{"seq":15,"n":14008,"e":"S","vap":50,"pvap":"   1,39","st":"Eleito"},{"seq":25,"n":14005,"e":"N","vap":23,"pvap":"   0,64","st":"Suplente"},{"seq":28,"n":14006,"e":"N","vap":18,"pvap":"   0,50","st":"Suplente"},{"seq":14,"n":14012,"e":"S","vap":87,"pvap":"   2,43","st":"Eleito"},{"seq":5,"n":14013,"e":"S","vap":221,"pvap":"   6,16","st":"Eleito"},{"seq":20,"n":14003,"e":"N","vap":42,"pvap":"   1,17","st":"Suplente"},{"seq":29,"n":14001,"e":"N","vap":16,"pvap":"   0,45","st":"Suplente"},{"seq":3,"n":14015,"e":"S","vap":279,"pvap":"   7,78","st":"Eleito"},{"seq":13,"n":14004,"e":"S","vap":104,"pvap":"   2,90","st":"Eleito"},{"seq":8,"n":14009,"e":"S","vap":192,"pvap":"   5,36","st":"Eleito"},{"seq":24,"n":14010,"e":"N","vap":29,"pvap":"   0,81","st":"Suplente"},{"seq":11,"n":14002,"e":"S","vap":107,"pvap":"   2,98","st":"Eleito"},{"seq":21,"n":16015,"e":"N","vap":32,"pvap":"   0,89","st":"Suplente"},{"seq":1,"n":16012,"e":"S","vap":311,"pvap":"   8,68","st":"Eleito"},{"seq":26,"n":16004,"e":"N","vap":22,"pvap":"   0,61","st":"Suplente"},{"seq":16,"n":16014,"e":"N","vap":100,"pvap":"   2,79","st":"Suplente"},{"seq":22,"n":16013,"e":"N","vap":31,"pvap":"   0,86","st":"Suplente"},{"seq":9,"n":16010,"e":"S","vap":135,"pvap":"   3,77","st":"Eleito"},{"seq":18,"n":16006,"e":"N","vap":72,"pvap":"   2,01","st":"Suplente"},{"seq":10,"n":16005,"e":"S","vap":123,"pvap":"   3,43","st":"Eleito"},{"seq":6,"n":16007,"e":"S","vap":202,"pvap":"   5,63","st":"Eleito"},{"seq":23,"n":16011,"e":"N","vap":29,"pvap":"   0,81","st":"Suplente"},{"seq":30,"n":16002,"e":"N","vap":16,"pvap":"   0,45","st":"Suplente"},{"seq":7,"n":16001,"e":"S","vap":194,"pvap":"   5,41","st":"Eleito"},{"seq":12,"n":16003,"e":"S","vap":106,"pvap":"   2,96","st":"Eleito"},{"seq":27,"n":16008,"e":"N","vap":22,"pvap":"   0,61","st":"Suplente"},{"seq":17,"n":16009,"e":"N","vap":77,"pvap":"   2,15","st":"Suplente"}],"tpabr":"ZONA","cdabr":"140"}]}