{"ele":8707,"carper":11,"t":1,"f":"S","esae":"N","mnae":" ","dg":"13/10/2020","hg":"20:06:03","dv":"S","nadf":"pr74497-c0011-e008707-006-f","abr":[{"dt":"13/10/2020","ht":"18:55:23","tf":"S","and":"F","s":30,"st":30,"pst":" 100,00","snt":0,"psnt":"   0,00","si":30,"psi":" 100,00","sni":0,"psni":"   0,00","sa":30,"psa":" 100,00","sna":0,"psna":"   0,00","e":7059,"ea":7059,"pea":" 100,00","ena":0,"pena":"   0,00","esi":7059,"pesi":" 100,00","esni":0,"pesni":"   0,00","c":5261,"pc":"  74,53","a":1798,"pa":"  25,47","tv":5261,"vscv":0,"vb":1300,"pvb":"  24,71","tvn":1867,"ptvn":"  35,49","vn":1867,"pvn":" 100,00","vnt":0,"pvnt":"   0,00","vp":0,"pvp":"   0,00","vv":2094,"pvv":" 100,00","van":0,"pvan":"   0,00","vansj":0,"pvansj":"   0,00","vnom":2094,"pvnom":" 100,00","cand":[{"seq":1,"n":16,"e":"S","vap":1182,"pvap":"  22,47","st":"Eleito"},{"seq":2,"n":14,"e":"N","vap":912,"pvap":"  17,34","st":"Não eleito"}],"tpabr":"MU","cdabr":"74497","colig":[{"n":160000342495,"tvtn":1182,"tvtl":0,"tvan":1182,"tval":0},{"n":160000342492,"tvtn":912,"tvtl":0,"tvan":912,"tval":0}],"part":[{"n":16,"tvtn":1182,"tvtl":0,"tvan":1182,"tval":0},{"n":14,"tvtn":912,"tvtl":0,"tvan":912,"tval":0}]},{"dt":"13/10/2020","ht":"18:55:23","tf":"S","and":"F","s":30,"st":30,"pst":" 100,00","snt":0,"psnt":"0","si":30,"psi":" 100,00","sni":0,"psni":"   0,00","sa":30,"psa":" 100,00","sna":0,"psna":"   0,00","e":7059,"ea":7059,"pea":" 100,00","ena":0,"pena":"   0,00","esi":7059,"pesi":" 100,00","esni":0,"pesni":"   0,00","c":5261,"pc":"  74,53","a":1798,"pa":"  25,47","tv":5261,"vscv":0,"vb":1300,"pvb":"  24,71","tvn":1867,"ptvn":"  35,49","vn":1867,"pvn":" 100,00","vp":0,"pvp":"   0,00","vv":2094,"pvv":" 100,00","van":0,"pvan":"   0,00","vansj":0,"pvansj":"   0,00","vnom":2094,"pvnom":" 100,00","cand":[{"seq":2,"n":14,"e":"N","vap":912,"pvap":"  17,34","st":"Não eleito"},{"seq":1,"n":16,"e":"S","vap":1182,"pvap":"  22,47","st":"Eleito"}],"tpabr":"ZONA","cdabr":"131"}]}