{"ele":8707,"cdabr":"74985","nmabr":"LARANJAL","t":1,"f":"S","s":"N","dg":"13/10/2020","hg":"20:03:33","v":"005","br":{"nm":"Brasil","uf":[{"sg":"PR","nm":"PARANÁ","mun":[{"cd":"74985","nm":"LARANJAL","c":"N","s":19,"e":4293,"tzon":1,"zon":[{"cd":"0134","s":19,"e":4293}]}]}]},"carg":{"cd":11,"nmn":"Prefeito","nmm":"Prefeito","nmf":"Prefeita","nv":1,"col":[{"n":160000329866,"nm":"COLIGACAO 160000329866","tp":"P","com":"P16","par":[{"n":16,"sg":" P16 ","nm":"PARTIDO 16","cand":[{"sqcand":160002492566,"n":16,"nm":"CANDIDATO 16","nmu":"CANDIDATO 16","s":"M","dt":"01/01/1929","dvt":"Válido","vs":[{"sqcand":160002492567,"nm":"CANDIDATO 16 1","nmu":"CANDIDATO 16 1","tp":"V","sgp":"P16"}]}]}]},{"n":160000329863,"nm":"COLIGACAO 160000329863","tp":"P","com":"P14","par":[{"n":14,"sg":" P14 ","nm":"PARTIDO 14","cand":[{"sqcand":160002492560,"n":14,"nm":"CANDIDATO 14","nmu":"CANDIDATO 14","s":"M","dt":"27/05/1929","dvt":"Válido","vs":[{"sqcand":160002492561,"nm":"CANDIDATO 14 1","nmu":"CANDIDATO 14 1","tp":"V","sgp":"P14"}]}]}]}]}}