{"ele":8707,"cdabr":"74268","nmabr":"DIAMANTE DO SUL","t":1,"f":"S","s":"N","dg":"13/10/2020","hg":"20:03:34","v":"005","br":{"nm":"Brasil","uf":[{"sg":"PR","nm":"PARANÁ","mun":[{"cd":"74268","nm":"DIAMANTE DO SUL","c":"N","s":10,"e":2883,"tzon":1,"zon":[{"cd":"0112","s":10,"e":2883}]}]}]},"carg":{"cd":11,"nmn":"Prefeito","nmm":"Prefeito","nmf":"Prefeita","nv":1,"col":[{"n":160000323370,"nm":"COLIGACAO 160000323370","tp":"P","com":"P16","par":[{"n":16,"sg":" P16 ","nm":"PARTIDO 16","cand":[{"sqcand":160002470925,"n":16,"nm":"CANDIDATO 16","nmu":"CANDIDATO 16","s":"M","dt":"04/02/1968","dvt":"Válido","vs":[{"sqcand":160002470926,"nm":"CANDIDATO 16 1","nmu":"CANDIDATO 16 1","tp":"V","sgp":"P16"}]}]}]},{"n":160000323368,"nm":"COLIGACAO 160000323368","tp":"P","com":"P14","par":[{"n":14,"sg":" P14 ","nm":"PARTIDO 14","cand":[{"sqcand":160002470908,"n":14,"nm":"CANDIDATO 14","nmu":"CANDIDATO 14","s":"M","dt":"13/08/1929","dvt":"Válido","vs":[{"sqcand":160002470909,"nm":"CANDIDATO 14 1","nmu":"CANDIDATO 14 1","tp":"V","sgp":"P14"}]}]}]}]}}