{"ele":8707,"cdabr":"74799","nmabr":"CAMPO DO TENENTE","t":1,"f":"S","s":"N","dg":"13/10/2020","hg":"20:03:37","v":"005","br":{"nm":"Brasil","uf":[{"sg":"PR","nm":"PARANÁ","mun":[{"cd":"74799","nm":"CAMPO DO TENENTE","c":"N","s":18,"e":5675,"tzon":1,"zon":[{"cd":"0011","s":18,"e":5675}]}]}]},"carg":{"cd":13,"nmn":"Vereador","nmm":"Vereador","nmf":"Vereadora","nv":15,"col":[{"n":160000322397,"nm":"COLIGACAO 160000322397","tp":"P","com":"P16","par":[{"n":16,"sg":" P16 ","nm":"PARTIDO 16","cand":[{"sqcand":160002465075,"n":16010,"nm":"CANDIDATO 16010","nmu":"CANDIDATO 16010","s":"M","dt":"21/12/1967","dvt":"Válido"},{"sqcand":160002465078,"n":16013,"nm":"CANDIDATO 16013","nmu":"CANDIDATO 16013","s":"M","dt":"30/06/1967","dvt":"Válido"},{"sqcand":160002465080,"n":16015,"nm":"CANDIDATO 16015","nmu":"CANDIDATO 16015","s":"M","dt":"25/05/1925","dvt":"Válido"},{"sqcand":160002465073,"n":16008,"nm":"CANDIDATO 16008","nmu":"CANDIDATO 16008","s":"M","dt":"26/09/1929","dvt":"Válido"},{"sqcand":160002465076,"n":16011,"nm":"CANDIDATO 16011","nmu":"CANDIDATO 16011","s":"M","dt":"07/08/1928","dvt":"Válido"},{"sqcand":160002465077,"n":16012,"nm":"CANDIDATO 16012","nmu":"CANDIDATO 16012","s":"M","dt":"08/02/1929","dvt":"Válido"},{"sqcand":160002465079,"n":16014,"nm":"CANDIDATO 16014","nmu":"CANDIDATO 16014","s":"M","dt":"19/03/1980","dvt":"Válido"},{"sqcand":160002465066,"n":16001,"nm":"CANDIDATO 16001","nmu":"CANDIDATO 16001","s":"F","dt":"20/10/1922","dvt":"Válido"},{"sqcand":160002465069,"n":16004,"nm":"CANDIDATO 16004","nmu":"CANDIDATO 16004","s":"F","dt":"10/05/1926","dvt":"Válido"},{"sqcand":160002465071,"n":16006,"nm":"CANDIDATO 16006","nmu":"CANDIDATO 16006","s":"M","dt":"13/08/1966","dvt":"Válido"},{"sqcand":160002465067,"n":16002,"nm":"CANDIDATO 16002","nmu":"CANDIDATO 16002","s":"F","dt":"16/04/1926","dvt":"Válido"},{"sqcand":160002465070,"n":16005,"nm":"CANDIDATO 16005","nmu":"CANDIDATO 16005","s":"M","dt":"01/05/1927","dvt":"Válido"},{"sqcand":160002465072,"n":16007,"nm":"CANDIDATO 16007","nmu":"CANDIDATO 16007","s":"M","dt":"20/08/1929","dvt":"Válido"},{"sqcand":160002465074,"n":16009,"nm":"CANDIDATO 16009","nmu":"CANDIDATO 16009","s":"M","dt":"11/06/1925","dvt":"Válido"},{"sqcand":160002465068,"n":16003,"nm":"CANDIDATO 16003","nmu":"CANDIDATO 16003","s":"F","dt":"30/08/1925","dvt":"Válido"}]}]},{"n":160000322394,"nm":"COLIGACAO 160000322394","tp":"P","com":"P14","par":[{"n":14,"sg":" P14 ","nm":"PARTIDO 14","cand":[{"sqcand":160002465029,"n":14009,"nm":"CANDIDATO 14009","nmu":"CANDIDATO 14009","s":"M","dt":"02/11/1922","dvt":"Válido"},{"sqcand":160002465022,"n":14002,"nm":"CANDIDATO 14002","nmu":"CANDIDATO 14002","s":"F","dt":"23/01/1928","dvt":"Válido"},{"sqcand":160002465025,"n":14005,"nm":"CANDIDATO 14005","nmu":"CANDIDATO 14005","s":"M","dt":"26/11/1929","dvt":"Válido"},{"sqcand":160002465031,"n":14011,"nm":"CANDIDATO 14011","nmu":"CANDIDATO 14011","s":"M","dt":"15/12/1920","dvt":"Válido"},{"sqcand":160002465032,"n":14012,"nm":"CANDIDATO 14012","nmu":"CANDIDATO 14012","s":"M","dt":"30/03/1961","dvt":"Válido"},{"sqcand":160002465033,"n":14013,"nm":"CANDIDATO 14013","nmu":"CANDIDATO 14013","s":"M","dt":"13/11/1924","dvt":"Válido"},{"sqcand":160002465021,"n":14001,"nm":"CANDIDATO 14001","nmu":"CANDIDATO 14001","s":"F","dt":"24/04/1925","dvt":"Válido"},{"sqcand":160002465026,"n":14006,"nm":"CANDIDATO 14006","nmu":"CANDIDATO 14006","s":"M","dt":"26/12/1929","dvt":"Válido"},{"sqcand":160002465027,"n":14007,"nm":"CANDIDATO 14007","nmu":"CANDIDATO 14007","s":"M","dt":"29/11/1929","dvt":"Válido"},{"sqcand":160002465030,"n":14010,"nm":"CANDIDATO 14010","nmu":"CANDIDATO 14010","s":"M","dt":"10/09/1929","dvt":"Válido"},{"sqcand":160002465034,"n":14014,"nm":"CANDIDATO 14014","nmu":"CANDIDATO 14014","s":"M","dt":"28/03/1970","dvt":"Válido"},{"sqcand":160002465035,"n":14015,"nm":"CANDIDATO 14015","nmu":"CANDIDATO 14015","s":"M","dt":"07/08/1929","dvt":"Válido"},{"sqcand":160002465028,"n":14008,"nm":"CANDIDATO 14008","nmu":"CANDIDATO 14008","s":"M","dt":"14/07/1969","dvt":"Válido"},{"sqcand":160002465023,"n":14003,"nm":"CANDIDATO 14003","nmu":"CANDIDATO 14003","s":"F","dt":"11/05/1929","dvt":"Válido"},{"sqcand":160002465024,"n":14004,"nm":"CANDIDATO 14004","nmu":"CANDIDATO 14004","s":"F","dt":"26/02/1929","dvt":"Válido"}]}]}]}}