{"ele":8707,"cdabr":"74055","nmabr":"AGUDOS DO SUL","t":1,"f":"S","s":"N","dg":"13/10/2020","hg":"20:03:39","v":"005","br":{"nm":"Brasil","uf":[{"sg":"PR","nm":"PARANÁ","mun":[{"cd":"74055","nm":"AGUDOS DO SUL","c":"N","s":26,"e":6867,"tzon":1,"zon":[{"cd":"0144","s":26,"e":6867}]}]}]},"carg":{"cd":13,"nmn":"Vereador","nmm":"Vereador","nmf":"Vereadora","nv":15,"col":[{"n":160000337580,"nm":"COLIGACAO 160000337580","tp":"P","com":"P16","par":[{"n":16,"sg":" P16 ","nm":"PARTIDO 16","cand":[{"sqcand":160002518853,"n":16001,"nm":"CANDIDATO 16001","nmu":"CANDIDATO 16001","s":"F","dt":"29/01/1925","dvt":"Válido"},{"sqcand":160002518865,"n":16013,"nm":"CANDIDATO 16013","nmu":"CANDIDATO 16013","s":"M","dt":"15/07/1929","dvt":"Válido"},{"sqcand":160002518858,"n":16006,"nm":"CANDIDATO 16006","nmu":"CANDIDATO 16006","s":"M","dt":"04/08/1929","dvt":"Válido"},{"sqcand":160002518860,"n":16008,"nm":"CANDIDATO 16008","nmu":"CANDIDATO 16008","s":"M","dt":"18/11/1929","dvt":"Válido"},{"sqcand":160002518864,"n":16012,"nm":"CANDIDATO 16012","nmu":"CANDIDATO 16012","s":"M","dt":"06/07/1978","dvt":"Válido"},{"sqcand":160002518867,"n":16015,"nm":"CANDIDATO 16015","nmu":"CANDIDATO 16015","s":"M","dt":"13/05/1967","dvt":"Válido"},{"sqcand":160002518866,"n":16014,"nm":"CANDIDATO 16014","nmu":"CANDIDATO 16014","s":"M","dt":"05/02/1924","dvt":"Válido"},{"sqcand":160002518862,"n":16010,"nm":"CANDIDATO 16010","nmu":"CANDIDATO 16010","s":"M","dt":"26/02/1963","dvt":"Válido"},{"sqcand":160002518855,"n":16003,"nm":"CANDIDATO 16003","nmu":"CANDIDATO 16003","s":"F","dt":"10/09/1982","dvt":"Válido"},{"sqcand":160002518857,"n":16005,"nm":"CANDIDATO 16005","nmu":"CANDIDATO 16005","s":"M","dt":"01/10/1929","dvt":"Válido"},{"sqcand":160002518856,"n":16004,"nm":"CANDIDATO 16004","nmu":"CANDIDATO 16004","s":"F","dt":"03/04/1928","dvt":"Válido"},{"sqcand":160002518854,"n":16002,"nm":"CANDIDATO 16002","nmu":"CANDIDATO 16002","s":"F","dt":"06/09/1928","dvt":"Válido"},{"sqcand":160002518861,"n":16009,"nm":"CANDIDATO 16009","nmu":"CANDIDATO 16009","s":"M","dt":"25/12/1928","dvt":"Válido"},{"sqcand":160002518859,"n":16007,"nm":"CANDIDATO 16007","nmu":"CANDIDATO 16007","s":"M","dt":"06/08/1921","dvt":"Válido"},{"sqcand":160002518863,"n":16011,"nm":"CANDIDATO 16011","nmu":"CANDIDATO 16011","s":"M","dt":"24/12/1929","dvt":"Válido"}]}]},{"n":160000337572,"nm":"COLIGACAO 160000337572","tp":"P","com":"P14","par":[{"n":14,"sg":" P14 ","nm":"PARTIDO 14","cand":[{"sqcand":160002518785,"n":14001,"nm":"CANDIDATO 14001","nmu":"CANDIDATO 14001","s":"F","dt":"28/12/1927","dvt":"Válido"},{"sqcand":160002518787,"n":14003,"nm":"CANDIDATO 14003","nmu":"CANDIDATO 14003","s":"F","dt":"25/12/1987","dvt":"Válido"},{"sqcand":160002518788,"n":14004,"nm":"CANDIDATO 14004","nmu":"CANDIDATO 14004","s":"F","dt":"08/05/1929","dvt":"Válido"},{"sqcand":160002518790,"n":14006,"nm":"CANDIDATO 14006","nmu":"CANDIDATO 14006","s":"M","dt":"10/09/1929","dvt":"Válido"},{"sqcand":160002518792,"n":14008,"nm":"CANDIDATO 14008","nmu":"CANDIDATO 14008","s":"M","dt":"26/03/1925","dvt":"Válido"},{"sqcand":160002518796,"n":14012,"nm":"CANDIDATO 14012","nmu":"CANDIDATO 14012","s":"M","dt":"15/01/1929","dvt":"Válido"},{"sqcand":160002518797,"n":14013,"nm":"CANDIDATO 14013","nmu":"CANDIDATO 14013","s":"M","dt":"12/05/1929","dvt":"Válido"},{"sqcand":160002518793,"n":14009,"nm":"CANDIDATO 14009","nmu":"CANDIDATO 14009","s":"M","dt":"04/05/1928","dvt":"Válido"},{"sqcand":160002518786,"n":14002,"nm":"CANDIDATO 14002","nmu":"CANDIDATO 14002","s":"F","dt":"02/12/1925","dvt":"Válido"},{"sqcand":160002518794,"n":14010,"nm":"CANDIDATO 14010","nmu":"CANDIDATO 14010","s":"M","dt":"09/09/1928","dvt":"Válido"},{"sqcand":160002518799,"n":14015,"nm":"CANDIDATO 14015","nmu":"CANDIDATO 14015","s":"M","dt":"20/12/1929","dvt":"Válido"},{"sqcand":160002518789,"n":14005,"nm":"CANDIDATO 14005","nmu":"CANDIDATO 14005","s":"M","dt":"25/05/1920","dvt":"Válido"},{"sqcand":160002518791,"n":14007,"nm":"CANDIDATO 14007","nmu":"CANDIDATO 14007","s":"M","dt":"29/10/1926","dvt":"Válido"},{"sqcand":160002518798,"n":14014,"nm":"CANDIDATO 14014","nmu":"CANDIDATO 14014","s":"M","dt":"29/11/1929","dvt":"Válido"},{"sqcand":160002518795,"n":14011,"nm":"CANDIDATO 14011","nmu":"CANDIDATO 14011","s":"M","dt":"03/09/1963","dvt":"Válido"}]}]}]}}