{"ele":8707,"carper":11,"t":1,"f":"S","esae":"N","mnae":" ","dg":"13/10/2020","hg":"20:06:03","dv":"S","nadf":"pr74772-c0011-e008707-006-f","abr":[{"dt":"13/10/2020","ht":"16:55:01","tf":"N","and":"P","s":95,"st":93,"pst":"  97,89","snt":2,"psnt":"   2,11","si":93,"psi":"  97,89","sni":0,"psni":"   0,00","sa":93,"psa":" 100,00","sna":0,"psna":"   0,00","e":30378,"ea":30378,"pea":" 100,00","ena":0,"pena":"   0,00","esi":30378,"pesi":"  97,89","esni":0,"pesni":"   0,00","c":25670,"pc":"  84,50","a":4708,"pa":"  15,50","tv":25670,"vscv":0,"vb":7182,"pvb":"  27,98","tvn":6086,"ptvn":"  23,71","vn":6086,"pvn":" 100,00","vnt":0,"pvnt":"   0,00","vp":0,"pvp":"   0,00","vv":12402,"pvv":" 100,00","van":0,"pvan":"   0,00","vansj":0,"pvansj":"   0,00","vnom":12402,"pvnom":" 100,00","cand":[{"seq":1,"n":16,"e":"N","vap":6646,"pvap":"  25,89","st":""},{"seq":2,"n":14,"e":"N","vap":5756,"pvap":"  22,42","st":""}],"tpabr":"MU","cdabr":"74772","colig":[{"n":160000336484,"tvtn":6646,"tvtl":0,"tvan":6646,"tval":0},{"n":160000336480,"tvtn":5756,"tvtl":0,"tvan":5756,"tval":0}],"part":[{"n":16,"tvtn":6646,"tvtl":0,"tvan":6646,"tval":0},{"n":14,"tvtn":5756,"tvtl":0,"tvan":5756,"tval":0}]},{"dt":"13/10/2020","ht":"16:55:01","tf":"N","and":"P","s":95,"st":93,"pst":"  97,89","snt":2,"psnt":"2","si":93,"psi":"  97,89","sni":0,"psni":"   0,00","sa":93,"psa":" 100,00","sna":0,"psna":"   0,00","e":30378,"ea":30378,"pea":" 100,00","ena":0,"pena":"   0,00","esi":30378,"pesi":"  97,89","esni":0,"pesni":"   0,00","c":25670,"pc":"  84,50","a":4708,"pa":"  15,50","tv":25670,"vscv":0,"vb":7182,"pvb":"  27,98","tvn":6086,"ptvn":"  23,71","vn":6086,"pvn":" 100,00","vp":0,"pvp":"   0,00","vv":12402,"pvv":" 100,00","van":0,"pvan":"   0,00","vansj":0,"pvansj":"   0,00","vnom":12402,"pvnom":" 100,00","cand":[{"seq":1,"n":16,"e":"N","vap":6646,"pvap":"  25,89","st":""},{"seq":2,"n":14,"e":"N","vap":5756,"pvap":"  22,42","st":""}],"tpabr":"ZONA","cdabr":"195"}]}