{"ele":8707,"cdabr":"74160","nmabr":"BOM SUCESSO DO SUL","t":1,"f":"S","s":"N","dg":"13/10/2020","hg":"20:03:41","v":"005","br":{"nm":"Brasil","uf":[{"sg":"PR","nm":"PARANÁ","mun":[{"cd":"74160","nm":"BOM SUCESSO DO SUL","c":"N","s":11,"e":2921,"tzon":1,"zon":[{"cd":"0073","s":11,"e":2921}]}]}]},"carg":{"cd":13,"nmn":"Vereador","nmm":"Vereador","nmf":"Vereadora","nv":15,"col":[{"n":160000323384,"nm":"COLIGACAO 160000323384","tp":"P","com":"P14","par":[{"n":14,"sg":" P14 ","nm":"PARTIDO 14","cand":[{"sqcand":160002471004,"n":14011,"nm":"CANDIDATO 14011","nmu":"CANDIDATO 14011","s":"M","dt":"03/04/1967","dvt":"Válido"},{"sqcand":160002471008,"n":14015,"nm":"CANDIDATO 14015","nmu":"CANDIDATO 14015","s":"M","dt":"28/01/1928","dvt":"Válido"},{"sqcand":160002470994,"n":14001,"nm":"CANDIDATO 14001","nmu":"CANDIDATO 14001","s":"F","dt":"27/04/1928","dvt":"Válido"},{"sqcand":160002471000,"n":14007,"nm":"CANDIDATO 14007","nmu":"CANDIDATO 14007","s":"M","dt":"25/04/1929","dvt":"Válido"},{"sqcand":160002471003,"n":14010,"nm":"CANDIDATO 14010","nmu":"CANDIDATO 14010","s":"M","dt":"18/11/1929","dvt":"Válido"},{"sqcand":160002470996,"n":14003,"nm":"CANDIDATO 14003","nmu":"CANDIDATO 14003","s":"F","dt":"10/10/1929","dvt":"Válido"},{"sqcand":160002471007,"n":14014,"nm":"CANDIDATO 14014","nmu":"CANDIDATO 14014","s":"M","dt":"20/09/1921","dvt":"Válido"},{"sqcand":160002470997,"n":14004,"nm":"CANDIDATO 14004","nmu":"CANDIDATO 14004","s":"F","dt":"22/02/1929","dvt":"Válido"},{"sqcand":160002470999,"n":14006,"nm":"CANDIDATO 14006","nmu":"CANDIDATO 14006","s":"M","dt":"26/05/1929","dvt":"Válido"},{"sqcand":160002471005,"n":14012,"nm":"CANDIDATO 14012","nmu":"CANDIDATO 14012","s":"M","dt":"08/05/1928","dvt":"Válido"},{"sqcand":160002471006,"n":14013,"nm":"CANDIDATO 14013","nmu":"CANDIDATO 14013","s":"M","dt":"09/10/1962","dvt":"Válido"},{"sqcand":160002470995,"n":14002,"nm":"CANDIDATO 14002","nmu":"CANDIDATO 14002","s":"F","dt":"01/08/1923","dvt":"Válido"},{"sqcand":160002470998,"n":14005,"nm":"CANDIDATO 14005","nmu":"CANDIDATO 14005","s":"M","dt":"04/05/1958","dvt":"Válido"},{"sqcand":160002471001,"n":14008,"nm":"CANDIDATO 14008","nmu":"CANDIDATO 14008","s":"M","dt":"19/01/1928","dvt":"Válido"},{"sqcand":160002471002,"n":14009,"nm":"CANDIDATO 14009","nmu":"CANDIDATO 14009","s":"M","dt":"05/01/1992","dvt":"Válido"}]}]},{"n":160000323392,"nm":"COLIGACAO 160000323392","tp":"P","com":"P16","par":[{"n":16,"sg":" P16 ","nm":"PARTIDO 16","cand":[{"sqcand":160002471067,"n":16006,"nm":"CANDIDATO 16006","nmu":"CANDIDATO 16006","s":"M","dt":"08/07/1928","dvt":"Válido"},{"sqcand":160002471076,"n":16015,"nm":"CANDIDATO 16015","nmu":"CANDIDATO 16015","s":"M","dt":"05/08/1929","dvt":"Válido"},{"sqcand":160002471070,"n":16009,"nm":"CANDIDATO 16009","nmu":"CANDIDATO 16009","s":"M","dt":"04/05/1929","dvt":"Válido"},{"sqcand":160002471065,"n":16004,"nm":"CANDIDATO 16004","nmu":"CANDIDATO 16004","s":"F","dt":"21/05/1929","dvt":"Válido"},{"sqcand":160002471071,"n":16010,"nm":"CANDIDATO 16010","nmu":"CANDIDATO 16010","s":"M","dt":"09/04/1927","dvt":"Válido"},{"sqcand":160002471069,"n":16008,"nm":"CANDIDATO 16008","nmu":"CANDIDATO 16008","s":"M","dt":"20/05/1928","dvt":"Válido"},{"sqcand":160002471062,"n":16001,"nm":"CANDIDATO 16001","nmu":"CANDIDATO 16001","s":"F","dt":"31/12/1923","dvt":"Válido"},{"sqcand":160002471073,"n":16012,"nm":"CANDIDATO 16012","nmu":"CANDIDATO 16012","s":"M","dt":"11/09/1929","dvt":"Válido"},{"sqcand":160002471063,"n":16002,"nm":"CANDIDATO 16002","nmu":"CANDIDATO 16002","s":"F","dt":"22/06/1922","dvt":"Válido"},{"sqcand":160002471064,"n":16003,"nm":"CANDIDATO 16003","nmu":"CANDIDATO 16003","s":"F","dt":"18/03/1924","dvt":"Válido"},{"sqcand":160002471075,"n":16014,"nm":"CANDIDATO 16014","nmu":"CANDIDATO 16014","s":"M","dt":"24/12/1922","dvt":"Válido"},{"sqcand":160002471066,"n":16005,"nm":"CANDIDATO 16005","nmu":"CANDIDATO 16005","s":"M","dt":"24/08/1924","dvt":"Válido"},{"sqcand":160002471068,"n":16007,"nm":"CANDIDATO 16007","nmu":"CANDIDATO 16007","s":"M","dt":"12/11/1928","dvt":"Válido"},{"sqcand":160002471074,"n":16013,"nm":"CANDIDATO 16013","nmu":"CANDIDATO 16013","s":"M","dt":"04/06/1929","dvt":"Válido"},{"sqcand":160002471072,"n":16011,"nm":"CANDIDATO 16011","nmu":"CANDIDATO 16011","s":"M","dt":"11/12/1927","dvt":"Válido"}]}]}]}}