{"ele":8707,"cdabr":"74349","nmabr":"FLOR DA SERRA DO SUL","t":1,"f":"S","dg":"13/10/2020","hg":"20:03:46","car":{"cd":11,"nm":"Prefeito","scv":"N","cand":[{"n":14,"nmu":"CANDIDATO 14","c":"#a9a9a9","sgp":"P14","ap":[{"dataHoraApuracao":"13/10/2020 16:50:00","da":"13/10/2020","ha":"16:50:00","vap":703,"tvap":1668,"pvap":"42,14"}]},{"n":16,"nmu":"CANDIDATO 16","c":"#a9a9a9","sgp":"P16","ap":[{"dataHoraApuracao":"13/10/2020 16:50:00","da":"13/10/2020","ha":"16:50:00","vap":965,"tvap":1668,"pvap":"57,85"}]}]}}