{"ele":8707,"carper":11,"t":1,"f":"S","esae":"N","mnae":" ","dg":"13/10/2020","hg":"20:06:09","dv":"S","nadf":"pr74179-c0011-e008707-006-f","abr":[{"dt":"13/10/2020","ht":"19:02:00","tf":"N","and":"P","s":45,"st":45,"pst":" 100,00","snt":0,"psnt":"   0,00","si":45,"psi":" 100,00","sni":0,"psni":"   0,00","sa":45,"psa":" 100,00","sna":0,"psna":"   0,00","e":13776,"ea":13776,"pea":" 100,00","ena":0,"pena":"   0,00","esi":13776,"pesi":" 100,00","esni":0,"pesni":"   0,00","c":11728,"pc":"  85,13","a":2048,"pa":"  14,87","tv":11728,"vscv":0,"vb":2766,"pvb":"  23,58","tvn":2451,"ptvn":"  20,90","vn":2451,"pvn":" 100,00","vnt":0,"pvnt":"   0,00","vp":0,"pvp":"   0,00","vv":6511,"pvv":" 100,00","van":0,"pvan":"   0,00","vansj":0,"pvansj":"   0,00","vnom":6511,"pvnom":" 100,00","cand":[{"seq":1,"n":16,"e":"N","vap":4066,"pvap":"  34,67","st":""},{"seq":2,"n":14,"e":"N","vap":2445,"pvap":"  20,85","st":""}],"tpabr":"MU","cdabr":"74179","colig":[{"n":160000329366,"tvtn":4066,"tvtl":0,"tvan":4066,"tval":0},{"n":160000329360,"tvtn":2445,"tvtl":0,"tvan":2445,"tval":0}],"part":[{"n":16,"tvtn":4066,"tvtl":0,"tvan":4066,"tval":0},{"n":14,"tvtn":2445,"tvtl":0,"tvan":2445,"tval":0}]},{"dt":"13/10/2020","ht":"19:02:00","tf":"N","and":"P","s":45,"st":45,"pst":" 100,00","snt":0,"psnt":"0","si":45,"psi":" 100,00","sni":0,"psni":"   0,00","sa":45,"psa":" 100,00","sna":0,"psna":"   0,00","e":13776,"ea":13776,"pea":" 100,00","ena":0,"pena":"   0,00","esi":13776,"pesi":" 100,00","esni":0,"pesni":"   0,00","c":11728,"pc":"  85,13","a":2048,"pa":"  14,87","tv":11728,"vscv":0,"vb":2766,"pvb":"  23,58","tvn":2451,"ptvn":"  20,90","vn":2451,"pvn":" 100,00","vp":0,"pvp":"   0,00","vv":6511,"pvv":" 100,00","van":0,"pvan":"   0,00","vansj":0,"pvansj":"   0,00","vnom":6511,"pvnom":" 100,00","cand":[{"seq":1,"n":16,"e":"N","vap":4066,"pvap":"  34,67","st":""},{"seq":2,"n":14,"e":"N","vap":2445,"pvap":"  20,85","st":""}],"tpabr":"ZONA","cdabr":"130"}]}