{"ele":8707,"cdabr":"74691","nmabr":"CAMBARÁ","t":1,"f":"S","s":"N","dg":"13/10/2020","hg":"20:03:33","v":"005","br":{"nm":"Brasil","uf":[{"sg":"PR","nm":"PARANÁ","mun":[{"cd":"74691","nm":"CAMBARÁ","c":"N","s":55,"e":17820,"tzon":1,"zon":[{"cd":"0025","s":55,"e":17820}]}]}]},"carg":{"cd":11,"nmn":"Prefeito","nmm":"Prefeito","nmf":"Prefeita","nv":1,"col":[{"n":160000335799,"nm":"COLIGACAO 160000335799","tp":"P","com":"P13","par":[{"n":13,"sg":" P13 ","nm":"PARTIDO 13","cand":[{"sqcand":160002512198,"n":13,"nm":"CANDIDATO 13","nmu":"CANDIDATO 13","s":"M","dt":"04/10/1929","dvt":"Válido","vs":[{"sqcand":160002512199,"nm":"CANDIDATO 13 1","nmu":"CANDIDATO 13 1","tp":"V","sgp":"P13"}]}]}]},{"n":160000335798,"nm":"COLIGACAO 160000335798","tp":"P","com":"P16","par":[{"n":16,"sg":" P16 ","nm":"PARTIDO 16","cand":[{"sqcand":160002512176,"n":16,"nm":"CANDIDATO 16","nmu":"CANDIDATO 16","s":"M","dt":"18/12/1958","dvt":"Válido","vs":[{"sqcand":160002512177,"nm":"CANDIDATO 16 1","nmu":"CANDIDATO 16 1","tp":"V","sgp":"P16"}]}]}]}]}}