{"ele":8707,"cdabr":"74861","nmabr":"SÃO PEDRO DO IGUAÇU","t":1,"f":"S","s":"N","dg":"13/10/2020","hg":"20:03:35","v":"005","br":{"nm":"Brasil","uf":[{"sg":"PR","nm":"PARANÁ","mun":[{"cd":"74861","nm":"SÃO PEDRO DO IGUAÇU","c":"N","s":21,"e":5016,"tzon":1,"zon":[{"cd":"0148","s":21,"e":5016}]}]}]},"carg":{"cd":11,"nmn":"Prefeito","nmm":"Prefeito","nmf":"Prefeita","nv":1,"col":[{"n":160000337712,"nm":"COLIGACAO 160000337712","tp":"P","com":"P16","par":[{"n":16,"sg":" P16 ","nm":"PARTIDO 16","cand":[{"sqcand":160002519232,"n":16,"nm":"CANDIDATO 16","nmu":"CANDIDATO 16","s":"M","dt":"15/08/1926","dvt":"Válido","vs":[{"sqcand":160002519233,"nm":"CANDIDATO 16 1","nmu":"CANDIDATO 16 1","tp":"V","sgp":"P16"}]}]}]},{"n":160000337664,"nm":"COLIGACAO 160000337664","tp":"P","com":"P14","par":[{"n":14,"sg":" P14 ","nm":"PARTIDO 14","cand":[{"sqcand":160002519104,"n":14,"nm":"CANDIDATO 14","nmu":"CANDIDATO 14","s":"M","dt":"10/07/1927","dvt":"Válido","vs":[{"sqcand":160002519105,"nm":"CANDIDATO 14 1","nmu":"CANDIDATO 14 1","tp":"V","sgp":"P14"}]}]}]}]}}