{"ele":8707,"cdabr":"74640","nmabr":"PINHAL DE SÃO BENTO","t":1,"f":"S","s":"N","dg":"13/10/2020","hg":"20:03:37","v":"005","br":{"nm":"Brasil","uf":[{"sg":"PR","nm":"PARANÁ","mun":[{"cd":"74640","nm":"PINHAL DE SÃO BENTO","c":"N","s":8,"e":2104,"tzon":1,"zon":[{"cd":"0083","s":8,"e":2104}]}]}]},"carg":{"cd":13,"nmn":"Vereador","nmm":"Vereador","nmf":"Vereadora","nv":15,"col":[{"n":160000322564,"nm":"COLIGACAO 160000322564","tp":"P","com":"P16","par":[{"n":16,"sg":" P16 ","nm":"PARTIDO 16","cand":[{"sqcand":160002466026,"n":16015,"nm":"CANDIDATO 16015","nmu":"CANDIDATO 16015","s":"M","dt":"06/10/1929","dvt":"Válido"},{"sqcand":160002466016,"n":16005,"nm":"CANDIDATO 16005","nmu":"CANDIDATO 16005","s":"M","dt":"28/01/1929","dvt":"Válido"},{"sqcand":160002466019,"n":16008,"nm":"CANDIDATO 16008","nmu":"CANDIDATO 16008","s":"M","dt":"06/04/1921","dvt":"Válido"},{"sqcand":160002466024,"n":16013,"nm":"CANDIDATO 16013","nmu":"CANDIDATO 16013","s":"M","dt":"14/02/1929","dvt":"Válido"},{"sqcand":160002466014,"n":16003,"nm":"CANDIDATO 16003","nmu":"CANDIDATO 16003","s":"F","dt":"18/11/1925","dvt":"Válido"},{"sqcand":160002466015,"n":16004,"nm":"CANDIDATO 16004","nmu":"CANDIDATO 16004","s":"F","dt":"27/04/1928","dvt":"Válido"},{"sqcand":160002466018,"n":16007,"nm":"CANDIDATO 16007","nmu":"CANDIDATO 16007","s":"M","dt":"18/01/1925","dvt":"Válido"},{"sqcand":160002466012,"n":16001,"nm":"CANDIDATO 16001","nmu":"CANDIDATO 16001","s":"F","dt":"23/10/1920","dvt":"Válido"},{"sqcand":160002466020,"n":16009,"nm":"CANDIDATO 16009","nmu":"CANDIDATO 16009","s":"M","dt":"30/08/1925","dvt":"Válido"},{"sqcand":160002466023,"n":16012,"nm":"CANDIDATO 16012","nmu":"CANDIDATO 16012","s":"M","dt":"21/10/1927","dvt":"Válido"},{"sqcand":160002466017,"n":16006,"nm":"CANDIDATO 16006","nmu":"CANDIDATO 16006","s":"M","dt":"15/11/1929","dvt":"Válido"},{"sqcand":160002466022,"n":16011,"nm":"CANDIDATO 16011","nmu":"CANDIDATO 16011","s":"M","dt":"01/05/1927","dvt":"Válido"},{"sqcand":160002466025,"n":16014,"nm":"CANDIDATO 16014","nmu":"CANDIDATO 16014","s":"M","dt":"13/11/1929","dvt":"Válido"},{"sqcand":160002466013,"n":16002,"nm":"CANDIDATO 16002","nmu":"CANDIDATO 16002","s":"F","dt":"25/10/1989","dvt":"Válido"},{"sqcand":160002466021,"n":16010,"nm":"CANDIDATO 16010","nmu":"CANDIDATO 16010","s":"M","dt":"31/05/1926","dvt":"Válido"}]}]},{"n":160000322556,"nm":"COLIGACAO 160000322556","tp":"P","com":"P14","par":[{"n":14,"sg":" P14 ","nm":"PARTIDO 14","cand":[{"sqcand":160002465946,"n":14003,"nm":"CANDIDATO 14003","nmu":"CANDIDATO 14003","s":"F","dt":"13/10/1926","dvt":"Válido"},{"sqcand":160002465954,"n":14011,"nm":"CANDIDATO 14011","nmu":"CANDIDATO 14011","s":"M","dt":"02/07/1929","dvt":"Válido"},{"sqcand":160002465955,"n":14012,"nm":"CANDIDATO 14012","nmu":"CANDIDATO 14012","s":"M","dt":"26/11/1929","dvt":"Válido"},{"sqcand":160002465957,"n":14014,"nm":"CANDIDATO 14014","nmu":"CANDIDATO 14014","s":"M","dt":"21/12/1956","dvt":"Válido"},{"sqcand":160002465945,"n":14002,"nm":"CANDIDATO 14002","nmu":"CANDIDATO 14002","s":"F","dt":"21/10/1982","dvt":"Válido"},{"sqcand":160002465949,"n":14006,"nm":"CANDIDATO 14006","nmu":"CANDIDATO 14006","s":"M","dt":"05/11/1929","dvt":"Válido"},{"sqcand":160002465951,"n":14008,"nm":"CANDIDATO 14008","nmu":"CANDIDATO 14008","s":"M","dt":"23/11/1927","dvt":"Válido"},{"sqcand":160002465950,"n":14007,"nm":"CANDIDATO 14007","nmu":"CANDIDATO 14007","s":"M","dt":"28/11/1929","dvt":"Válido"},{"sqcand":160002465952,"n":14009,"nm":"CANDIDATO 14009","nmu":"CANDIDATO 14009","s":"M","dt":"25/09/1971","dvt":"Válido"},{"sqcand":160002465956,"n":14013,"nm":"CANDIDATO 14013","nmu":"CANDIDATO 14013","s":"M","dt":"11/10/1929","dvt":"Válido"},{"sqcand":160002465944,"n":14001,"nm":"CANDIDATO 14001","nmu":"CANDIDATO 14001","s":"F","dt":"16/07/1929","dvt":"Válido"},{"sqcand":160002465953,"n":14010,"nm":"CANDIDATO 14010","nmu":"CANDIDATO 14010","s":"M","dt":"16/12/1929","dvt":"Válido"},{"sqcand":160002465948,"n":14005,"nm":"CANDIDATO 14005","nmu":"CANDIDATO 14005","s":"M","dt":"19/10/1929","dvt":"Válido"},{"sqcand":160002465958,"n":14015,"nm":"CANDIDATO 14015","nmu":"CANDIDATO 14015","s":"M","dt":"07/06/1964","dvt":"Válido"},{"sqcand":160002465947,"n":14004,"nm":"CANDIDATO 14004","nmu":"CANDIDATO 14004","s":"F","dt":"25/03/1924","dvt":"Válido"}]}]}]}}