{"ele":8707,"cdabr":"74772","nmabr":"CAMPINA GRANDE DO SUL","t":1,"f":"S","s":"N","dg":"13/10/2020","hg":"20:03:40","v":"005","br":{"nm":"Brasil","uf":[{"sg":"PR","nm":"PARANÁ","mun":[{"cd":"74772","nm":"CAMPINA GRANDE DO SUL","c":"N","s":95,"e":30779,"tzon":1,"zon":[{"cd":"0195","s":95,"e":30779}]}]}]},"carg":{"cd":13,"nmn":"Vereador","nmm":"Vereador","nmf":"Vereadora","nv":15,"col":[{"n":160000336486,"nm":"COLIGACAO 160000336486","tp":"P","com":"P16","par":[{"n":16,"sg":" P16 ","nm":"PARTIDO 16","cand":[{"sqcand":160002514792,"n":16006,"nm":"CANDIDATO 16006","nmu":"CANDIDATO 16006","s":"M","dt":"19/02/1929","dvt":"Válido"},{"sqcand":160002514794,"n":16008,"nm":"CANDIDATO 16008","nmu":"CANDIDATO 16008","s":"M","dt":"18/06/1929","dvt":"Válido"},{"sqcand":160002514798,"n":16012,"nm":"CANDIDATO 16012","nmu":"CANDIDATO 16012","s":"M","dt":"22/07/1929","dvt":"Válido"},{"sqcand":160002514787,"n":16001,"nm":"CANDIDATO 16001","nmu":"CANDIDATO 16001","s":"F","dt":"23/10/1921","dvt":"Válido"},{"sqcand":160002514789,"n":16003,"nm":"CANDIDATO 16003","nmu":"CANDIDATO 16003","s":"F","dt":"28/04/1951","dvt":"Válido"},{"sqcand":160002514788,"n":16002,"nm":"CANDIDATO 16002","nmu":"CANDIDATO 16002","s":"F","dt":"10/07/1929","dvt":"Válido"},{"sqcand":160002514799,"n":16013,"nm":"CANDIDATO 16013","nmu":"CANDIDATO 16013","s":"M","dt":"22/04/1929","dvt":"Válido"},{"sqcand":160002514790,"n":16004,"nm":"CANDIDATO 16004","nmu":"CANDIDATO 16004","s":"F","dt":"07/06/1984","dvt":"Válido"},{"sqcand":160002514796,"n":16010,"nm":"CANDIDATO 16010","nmu":"CANDIDATO 16010","s":"M","dt":"10/11/1929","dvt":"Válido"},{"sqcand":160002514797,"n":16011,"nm":"CANDIDATO 16011","nmu":"CANDIDATO 16011","s":"M","dt":"26/01/1969","dvt":"Válido"},{"sqcand":160002514795,"n":16009,"nm":"CANDIDATO 16009","nmu":"CANDIDATO 16009","s":"M","dt":"08/11/1929","dvt":"Válido"},{"sqcand":160002514791,"n":16005,"nm":"CANDIDATO 16005","nmu":"CANDIDATO 16005","s":"M","dt":"23/02/1929","dvt":"Válido"},{"sqcand":160002514793,"n":16007,"nm":"CANDIDATO 16007","nmu":"CANDIDATO 16007","s":"M","dt":"11/03/1956","dvt":"Válido"},{"sqcand":160002514801,"n":16015,"nm":"CANDIDATO 16015","nmu":"CANDIDATO 16015","s":"M","dt":"24/04/1975","dvt":"Válido"},{"sqcand":160002514800,"n":16014,"nm":"CANDIDATO 16014","nmu":"CANDIDATO 16014","s":"M","dt":"11/10/1929","dvt":"Válido"}]}]},{"n":160000336482,"nm":"COLIGACAO 160000336482","tp":"P","com":"P14","par":[{"n":14,"sg":" P14 ","nm":"PARTIDO 14","cand":[{"sqcand":160002514753,"n":14001,"nm":"CANDIDATO 14001","nmu":"CANDIDATO 14001","s":"F","dt":"04/08/1924","dvt":"Válido"},{"sqcand":160002514756,"n":14004,"nm":"CANDIDATO 14004","nmu":"CANDIDATO 14004","s":"F","dt":"27/06/1929","dvt":"Válido"},{"sqcand":160002514757,"n":14005,"nm":"CANDIDATO 14005","nmu":"CANDIDATO 14005","s":"M","dt":"02/03/1925","dvt":"Válido"},{"sqcand":160002514759,"n":14007,"nm":"CANDIDATO 14007","nmu":"CANDIDATO 14007","s":"M","dt":"10/10/1925","dvt":"Válido"},{"sqcand":160002514762,"n":14010,"nm":"CANDIDATO 14010","nmu":"CANDIDATO 14010","s":"M","dt":"23/06/1929","dvt":"Válido"},{"sqcand":160002514764,"n":14012,"nm":"CANDIDATO 14012","nmu":"CANDIDATO 14012","s":"M","dt":"17/08/1976","dvt":"Válido"},{"sqcand":160002514755,"n":14003,"nm":"CANDIDATO 14003","nmu":"CANDIDATO 14003","s":"F","dt":"26/01/1927","dvt":"Válido"},{"sqcand":160002514763,"n":14011,"nm":"CANDIDATO 14011","nmu":"CANDIDATO 14011","s":"M","dt":"18/07/1965","dvt":"Válido"},{"sqcand":160002514766,"n":14014,"nm":"CANDIDATO 14014","nmu":"CANDIDATO 14014","s":"M","dt":"28/01/1928","dvt":"Válido"},{"sqcand":160002514754,"n":14002,"nm":"CANDIDATO 14002","nmu":"CANDIDATO 14002","s":"F","dt":"28/09/1970","dvt":"Válido"},{"sqcand":160002514760,"n":14008,"nm":"CANDIDATO 14008","nmu":"CANDIDATO 14008","s":"M","dt":"07/01/1974","dvt":"Válido"},{"sqcand":160002514765,"n":14013,"nm":"CANDIDATO 14013","nmu":"CANDIDATO 14013","s":"M","dt":"17/10/1929","dvt":"Válido"},{"sqcand":160002514758,"n":14006,"nm":"CANDIDATO 14006","nmu":"CANDIDATO 14006","s":"M","dt":"21/05/1924","dvt":"Válido"},{"sqcand":160002514761,"n":14009,"nm":"CANDIDATO 14009","nmu":"CANDIDATO 14009","s":"M","dt":"02/09/1929","dvt":"Válido"},{"sqcand":160002514767,"n":14015,"nm":"CANDIDATO 14015","nmu":"CANDIDATO 14015","s":"M","dt":"18/11/1929","dvt":"Válido"}]}]}]}}