{"ele":8707,"carper":11,"t":1,"f":"S","esae":"N","mnae":" ","dg":"13/10/2020","hg":"20:06:10","dv":"S","nadf":"pr74292-c0011-e008707-006-f","abr":[{"dt":"13/10/2020","ht":"16:50:00","tf":"N","and":"P","s":64,"st":64,"pst":" 100,00","snt":0,"psnt":"   0,00","si":64,"psi":" 100,00","sni":0,"psni":"   0,00","sa":64,"psa":" 100,00","sna":0,"psna":"   0,00","e":18377,"ea":18377,"pea":" 100,00","ena":0,"pena":"   0,00","esi":18377,"pesi":" 100,00","esni":0,"pesni":"   0,00","c":15654,"pc":"  85,18","a":2723,"pa":"  14,82","tv":15654,"vscv":0,"vb":4860,"pvb":"  31,05","tvn":2428,"ptvn":"  15,51","vn":2428,"pvn":" 100,00","vnt":0,"pvnt":"   0,00","vp":0,"pvp":"   0,00","vv":8366,"pvv":" 100,00","van":0,"pvan":"   0,00","vansj":0,"pvansj":"   0,00","vnom":8366,"pvnom":" 100,00","cand":[{"seq":1,"n":26,"e":"N","vap":4455,"pvap":"  28,46","st":""},{"seq":2,"n":23,"e":"N","vap":3911,"pvap":"  24,98","st":""}],"tpabr":"MU","cdabr":"74292","colig":[{"n":160000330626,"tvtn":4455,"tvtl":0,"tvan":4455,"tval":0},{"n":160000330628,"tvtn":3911,"tvtl":0,"tvan":3911,"tval":0}],"part":[{"n":26,"tvtn":4455,"tvtl":0,"tvan":4455,"tval":0},{"n":23,"tvtn":3911,"tvtl":0,"tvan":3911,"tval":0}]},{"dt":"13/10/2020","ht":"16:50:00","tf":"N","and":"P","s":64,"st":64,"pst":" 100,00","snt":0,"psnt":"0","si":64,"psi":" 100,00","sni":0,"psni":"   0,00","sa":64,"psa":" 100,00","sna":0,"psna":"   0,00","e":18377,"ea":18377,"pea":" 100,00","ena":0,"pena":"   0,00","esi":18377,"pesi":" 100,00","esni":0,"pesni":"   0,00","c":15654,"pc":"  85,18","a":2723,"pa":"  14,82","tv":15654,"vscv":0,"vb":4860,"pvb":"  31,05","tvn":2428,"ptvn":"  15,51","vn":2428,"pvn":" 100,00","vp":0,"pvp":"   0,00","vv":8366,"pvv":" 100,00","van":0,"pvan":"   0,00","vansj":0,"pvansj":"   0,00","vnom":8366,"pvnom":" 100,00","cand":[{"seq":2,"n":23,"e":"N","vap":3911,"pvap":"  24,98","st":""},{"seq":1,"n":26,"e":"N","vap":4455,"pvap":"  28,46","st":""}],"tpabr":"ZONA","cdabr":"164"}]}