{"ele":8707,"cdabr":"74497","nmabr":"BARRACÃO","t":1,"f":"S","s":"N","dg":"13/10/2020","hg":"20:03:43","v":"005","br":{"nm":"Brasil","uf":[{"sg":"PR","nm":"PARANÁ","mun":[{"cd":"74497","nm":"BARRACÃO","c":"N","s":30,"e":7059,"tzon":2,"zon":[{"cd":"0131","s":30,"e":7059}]}]}]},"carg":{"cd":13,"nmn":"Vereador","nmm":"Vereador","nmf":"Vereadora","nv":15,"col":[{"n":160000342501,"nm":"COLIGACAO 160000342501","tp":"P","com":"P16","par":[{"n":16,"sg":" P16 ","nm":"PARTIDO 16","cand":[{"sqcand":160002533164,"n":16009,"nm":"CANDIDATO 16009","nmu":"CANDIDATO 16009","s":"M","dt":"28/04/1976","dvt":"Válido"},{"sqcand":160002533157,"n":16002,"nm":"CANDIDATO 16002","nmu":"CANDIDATO 16002","s":"F","dt":"15/03/1923","dvt":"Válido"},{"sqcand":160002533158,"n":16003,"nm":"CANDIDATO 16003","nmu":"CANDIDATO 16003","s":"F","dt":"21/08/1929","dvt":"Válido"},{"sqcand":160002533159,"n":16004,"nm":"CANDIDATO 16004","nmu":"CANDIDATO 16004","s":"F","dt":"28/02/1929","dvt":"Válido"},{"sqcand":160002533160,"n":16005,"nm":"CANDIDATO 16005","nmu":"CANDIDATO 16005","s":"M","dt":"11/03/1929","dvt":"Válido"},{"sqcand":160002533168,"n":16013,"nm":"CANDIDATO 16013","nmu":"CANDIDATO 16013","s":"M","dt":"19/12/1929","dvt":"Válido"},{"sqcand":160002533169,"n":16014,"nm":"CANDIDATO 16014","nmu":"CANDIDATO 16014","s":"M","dt":"05/02/1929","dvt":"Válido"},{"sqcand":160002533156,"n":16001,"nm":"CANDIDATO 16001","nmu":"CANDIDATO 16001","s":"F","dt":"31/08/1975","dvt":"Válido"},{"sqcand":160002533162,"n":16007,"nm":"CANDIDATO 16007","nmu":"CANDIDATO 16007","s":"M","dt":"12/02/1972","dvt":"Válido"},{"sqcand":160002533161,"n":16006,"nm":"CANDIDATO 16006","nmu":"CANDIDATO 16006","s":"M","dt":"09/08/1924","dvt":"Válido"},{"sqcand":160002533163,"n":16008,"nm":"CANDIDATO 16008","nmu":"CANDIDATO 16008","s":"M","dt":"15/03/1929","dvt":"Válido"},{"sqcand":160002533166,"n":16011,"nm":"CANDIDATO 16011","nmu":"CANDIDATO 16011","s":"M","dt":"01/05/1929","dvt":"Válido"},{"sqcand":160002533167,"n":16012,"nm":"CANDIDATO 16012","nmu":"CANDIDATO 16012","s":"M","dt":"11/10/1928","dvt":"Válido"},{"sqcand":160002533170,"n":16015,"nm":"CANDIDATO 16015","nmu":"CANDIDATO 16015","s":"M","dt":"03/07/1925","dvt":"Válido"},{"sqcand":160002533165,"n":16010,"nm":"CANDIDATO 16010","nmu":"CANDIDATO 16010","s":"M","dt":"14/03/1956","dvt":"Válido"}]}]},{"n":160000342498,"nm":"COLIGACAO 160000342498","tp":"P","com":"P14","par":[{"n":14,"sg":" P14 ","nm":"PARTIDO 14","cand":[{"sqcand":160002533125,"n":14015,"nm":"CANDIDATO 14015","nmu":"CANDIDATO 14015","s":"M","dt":"07/12/1928","dvt":"Válido"},{"sqcand":160002532633,"n":14003,"nm":"CANDIDATO 14003","nmu":"CANDIDATO 14003","s":"F","dt":"25/07/1929","dvt":"Válido"},{"sqcand":160002532636,"n":14006,"nm":"CANDIDATO 14006","nmu":"CANDIDATO 14006","s":"M","dt":"21/06/1929","dvt":"Válido"},{"sqcand":160002533119,"n":14009,"nm":"CANDIDATO 14009","nmu":"CANDIDATO 14009","s":"M","dt":"18/12/1929","dvt":"Válido"},{"sqcand":160002532631,"n":14001,"nm":"CANDIDATO 14001","nmu":"CANDIDATO 14001","s":"F","dt":"12/03/1973","dvt":"Válido"},{"sqcand":160002532632,"n":14002,"nm":"CANDIDATO 14002","nmu":"CANDIDATO 14002","s":"F","dt":"21/12/1925","dvt":"Válido"},{"sqcand":160002533120,"n":14010,"nm":"CANDIDATO 14010","nmu":"CANDIDATO 14010","s":"M","dt":"02/09/1925","dvt":"Válido"},{"sqcand":160002532634,"n":14004,"nm":"CANDIDATO 14004","nmu":"CANDIDATO 14004","s":"F","dt":"27/04/1926","dvt":"Válido"},{"sqcand":160002533118,"n":14008,"nm":"CANDIDATO 14008","nmu":"CANDIDATO 14008","s":"M","dt":"25/05/1929","dvt":"Válido"},{"sqcand":160002532637,"n":14007,"nm":"CANDIDATO 14007","nmu":"CANDIDATO 14007","s":"M","dt":"21/12/1956","dvt":"Válido"},{"sqcand":160002533121,"n":14011,"nm":"CANDIDATO 14011","nmu":"CANDIDATO 14011","s":"M","dt":"19/03/1926","dvt":"Válido"},{"sqcand":160002533124,"n":14014,"nm":"CANDIDATO 14014","nmu":"CANDIDATO 14014","s":"M","dt":"29/05/1929","dvt":"Válido"},{"sqcand":160002532635,"n":14005,"nm":"CANDIDATO 14005","nmu":"CANDIDATO 14005","s":"M","dt":"05/04/1972","dvt":"Válido"},{"sqcand":160002533122,"n":14012,"nm":"CANDIDATO 14012","nmu":"CANDIDATO 14012","s":"M","dt":"22/06/1925","dvt":"Válido"},{"sqcand":160002533123,"n":14013,"nm":"CANDIDATO 14013","nmu":"CANDIDATO 14013","s":"M","dt":"05/10/1921","dvt":"Válido"}]}]}]}}