{"ele":8707,"cdabr":"74233","nmabr":"ANTONIO OLINTO","t":1,"f":"S","s":"N","dg":"13/10/2020","hg":"20:03:36","v":"005","br":{"nm":"Brasil","uf":[{"sg":"PR","nm":"PARANÁ","mun":[{"cd":"74233","nm":"ANTONIO OLINTO","c":"N","s":24,"e":6271,"tzon":1,"zon":[{"cd":"0012","s":24,"e":6271}]}]}]},"carg":{"cd":13,"nmn":"Vereador","nmm":"Vereador","nmf":"Vereadora","nv":15,"col":[{"n":160000330265,"nm":"COLIGACAO 160000330265","tp":"P","com":"P16","par":[{"n":16,"sg":" P16 ","nm":"PARTIDO 16","cand":[{"sqcand":160002494499,"n":16003,"nm":"CANDIDATO 16003","nmu":"CANDIDATO 16003","s":"F","dt":"15/10/1928","dvt":"Válido"},{"sqcand":160002494508,"n":16012,"nm":"CANDIDATO 16012","nmu":"CANDIDATO 16012","s":"M","dt":"20/02/1929","dvt":"Válido"},{"sqcand":160002494509,"n":16013,"nm":"CANDIDATO 16013","nmu":"CANDIDATO 16013","s":"M","dt":"20/12/1928","dvt":"Válido"},{"sqcand":160002494501,"n":16005,"nm":"CANDIDATO 16005","nmu":"CANDIDATO 16005","s":"M","dt":"30/09/2003","dvt":"Válido"},{"sqcand":160002494507,"n":16011,"nm":"CANDIDATO 16011","nmu":"CANDIDATO 16011","s":"M","dt":"23/03/1929","dvt":"Válido"},{"sqcand":160002494505,"n":16009,"nm":"CANDIDATO 16009","nmu":"CANDIDATO 16009","s":"M","dt":"18/10/1960","dvt":"Válido"},{"sqcand":160002494497,"n":16001,"nm":"CANDIDATO 16001","nmu":"CANDIDATO 16001","s":"F","dt":"28/09/1922","dvt":"Válido"},{"sqcand":160002494498,"n":16002,"nm":"CANDIDATO 16002","nmu":"CANDIDATO 16002","s":"F","dt":"25/10/1929","dvt":"Válido"},{"sqcand":160002494500,"n":16004,"nm":"CANDIDATO 16004","nmu":"CANDIDATO 16004","s":"F","dt":"25/12/1927","dvt":"Válido"},{"sqcand":160002494510,"n":16014,"nm":"CANDIDATO 16014","nmu":"CANDIDATO 16014","s":"M","dt":"23/03/1929","dvt":"Válido"},{"sqcand":160002494502,"n":16006,"nm":"CANDIDATO 16006","nmu":"CANDIDATO 16006","s":"M","dt":"11/12/1920","dvt":"Válido"},{"sqcand":160002494503,"n":16007,"nm":"CANDIDATO 16007","nmu":"CANDIDATO 16007","s":"M","dt":"29/09/1928","dvt":"Válido"},{"sqcand":160002494504,"n":16008,"nm":"CANDIDATO 16008","nmu":"CANDIDATO 16008","s":"M","dt":"20/03/1929","dvt":"Válido"},{"sqcand":160002494506,"n":16010,"nm":"CANDIDATO 16010","nmu":"CANDIDATO 16010","s":"M","dt":"10/01/1929","dvt":"Válido"}]}]},{"n":160000330263,"nm":"COLIGACAO 160000330263","tp":"P","com":"P13","par":[{"n":13,"sg":" P13 ","nm":"PARTIDO 13","cand":[{"sqcand":160002494469,"n":13005,"nm":"CANDIDATO 13005","nmu":"CANDIDATO 13005","s":"M","dt":"20/07/1928","dvt":"Válido"},{"sqcand":160002494467,"n":13003,"nm":"CANDIDATO 13003","nmu":"CANDIDATO 13003","s":"F","dt":"14/06/1927","dvt":"Válido"},{"sqcand":160002494478,"n":13014,"nm":"CANDIDATO 13014","nmu":"CANDIDATO 13014","s":"M","dt":"22/07/1929","dvt":"Válido"},{"sqcand":160002494474,"n":13010,"nm":"CANDIDATO 13010","nmu":"CANDIDATO 13010","s":"M","dt":"04/08/1929","dvt":"Válido"},{"sqcand":160002494471,"n":13007,"nm":"CANDIDATO 13007","nmu":"CANDIDATO 13007","s":"M","dt":"17/08/1929","dvt":"Válido"},{"sqcand":160002494465,"n":13001,"nm":"CANDIDATO 13001","nmu":"CANDIDATO 13001","s":"F","dt":"28/10/1929","dvt":"Válido"},{"sqcand":160002494466,"n":13002,"nm":"CANDIDATO 13002","nmu":"CANDIDATO 13002","s":"F","dt":"15/10/1984","dvt":"Válido"},{"sqcand":160002494479,"n":13015,"nm":"CANDIDATO 13015","nmu":"CANDIDATO 13015","s":"M","dt":"20/06/1929","dvt":"Válido"},{"sqcand":160002494470,"n":13006,"nm":"CANDIDATO 13006","nmu":"CANDIDATO 13006","s":"M","dt":"13/02/1929","dvt":"Válido"},{"sqcand":160002494472,"n":13008,"nm":"CANDIDATO 13008","nmu":"CANDIDATO 13008","s":"M","dt":"10/02/1929","dvt":"Válido"},{"sqcand":160002494476,"n":13012,"nm":"CANDIDATO 13012","nmu":"CANDIDATO 13012","s":"M","dt":"23/06/1984","dvt":"Válido"},{"sqcand":160002494477,"n":13013,"nm":"CANDIDATO 13013","nmu":"CANDIDATO 13013","s":"M","dt":"16/05/1923","dvt":"Válido"},{"sqcand":160002494475,"n":13011,"nm":"CANDIDATO 13011","nmu":"CANDIDATO 13011","s":"M","dt":"10/11/1929","dvt":"Válido"},{"sqcand":160002494473,"n":13009,"nm":"CANDIDATO 13009","nmu":"CANDIDATO 13009","s":"M","dt":"08/09/1929","dvt":"Válido"},{"sqcand":160002494468,"n":13004,"nm":"CANDIDATO 13004","nmu":"CANDIDATO 13004","s":"F","dt":"06/06/1929","dvt":"Válido"},{"sqcand":160002494480,"n":13016,"nm":"CANDIDATO 13016","nmu":"CANDIDATO 13016","s":"M","dt":"23/02/1991","dvt":"Válido"}]}]}]}}