{"ele":8707,"cdabr":"74110","nmabr":"ALTO PIQUIRI","t":1,"f":"S","s":"N","dg":"13/10/2020","hg":"20:03:41","v":"005","br":{"nm":"Brasil","uf":[{"sg":"PR","nm":"PARANÁ","mun":[{"cd":"74110","nm":"ALTO PIQUIRI","c":"N","s":39,"e":7096,"tzon":1,"zon":[{"cd":"0128","s":39,"e":7096}]}]}]},"carg":{"cd":13,"nmn":"Vereador","nmm":"Vereador","nmf":"Vereadora","nv":15,"col":[{"n":160000329000,"nm":"COLIGACAO 160000329000","tp":"P","com":"P14","par":[{"n":14,"sg":" P14 ","nm":"PARTIDO 14","cand":[{"sqcand":160002488357,"n":14002,"nm":"CANDIDATO 14002","nmu":"CANDIDATO 14002","s":"F","dt":"24/08/1929","dvt":"Válido"},{"sqcand":160002488359,"n":14004,"nm":"CANDIDATO 14004","nmu":"CANDIDATO 14004","s":"F","dt":"04/03/1925","dvt":"Válido"},{"sqcand":160002488366,"n":14011,"nm":"CANDIDATO 14011","nmu":"CANDIDATO 14011","s":"M","dt":"27/11/1961","dvt":"Válido"},{"sqcand":160002488368,"n":14013,"nm":"CANDIDATO 14013","nmu":"CANDIDATO 14013","s":"M","dt":"11/03/1956","dvt":"Válido"},{"sqcand":160002488369,"n":14014,"nm":"CANDIDATO 14014","nmu":"CANDIDATO 14014","s":"M","dt":"09/05/1976","dvt":"Válido"},{"sqcand":160002488358,"n":14003,"nm":"CANDIDATO 14003","nmu":"CANDIDATO 14003","s":"F","dt":"13/08/1925","dvt":"Válido"},{"sqcand":160002488361,"n":14006,"nm":"CANDIDATO 14006","nmu":"CANDIDATO 14006","s":"M","dt":"20/09/1926","dvt":"Válido"},{"sqcand":160002488360,"n":14005,"nm":"CANDIDATO 14005","nmu":"CANDIDATO 14005","s":"M","dt":"26/07/1960","dvt":"Válido"},{"sqcand":160002488363,"n":14008,"nm":"CANDIDATO 14008","nmu":"CANDIDATO 14008","s":"M","dt":"10/12/1929","dvt":"Válido"},{"sqcand":160002488370,"n":14015,"nm":"CANDIDATO 14015","nmu":"CANDIDATO 14015","s":"M","dt":"29/11/1929","dvt":"Válido"},{"sqcand":160002488367,"n":14012,"nm":"CANDIDATO 14012","nmu":"CANDIDATO 14012","s":"M","dt":"09/09/1929","dvt":"Válido"},{"sqcand":160002488356,"n":14001,"nm":"CANDIDATO 14001","nmu":"CANDIDATO 14001","s":"F","dt":"20/06/1927","dvt":"Válido"},{"sqcand":160002488365,"n":14010,"nm":"CANDIDATO 14010","nmu":"CANDIDATO 14010","s":"M","dt":"26/02/1963","dvt":"Válido"},{"sqcand":160002488362,"n":14007,"nm":"CANDIDATO 14007","nmu":"CANDIDATO 14007","s":"M","dt":"18/01/1929","dvt":"Válido"},{"sqcand":160002488364,"n":14009,"nm":"CANDIDATO 14009","nmu":"CANDIDATO 14009","s":"M","dt":"11/08/1929","dvt":"Válido"}]}]},{"n":160000329004,"nm":"COLIGACAO 160000329004","tp":"P","com":"P16","par":[{"n":16,"sg":" P16 ","nm":"PARTIDO 16","cand":[{"sqcand":160002488400,"n":16011,"nm":"CANDIDATO 16011","nmu":"CANDIDATO 16011","s":"M","dt":"08/11/1979","dvt":"Válido"},{"sqcand":160002488395,"n":16006,"nm":"CANDIDATO 16006","nmu":"CANDIDATO 16006","s":"M","dt":"10/01/1929","dvt":"Válido"},{"sqcand":160002488403,"n":16014,"nm":"CANDIDATO 16014","nmu":"CANDIDATO 16014","s":"M","dt":"21/06/1929","dvt":"Válido"},{"sqcand":160002488391,"n":16002,"nm":"CANDIDATO 16002","nmu":"CANDIDATO 16002","s":"F","dt":"17/10/1929","dvt":"Válido"},{"sqcand":160002488392,"n":16003,"nm":"CANDIDATO 16003","nmu":"CANDIDATO 16003","s":"F","dt":"26/01/1928","dvt":"Válido"},{"sqcand":160002488402,"n":16013,"nm":"CANDIDATO 16013","nmu":"CANDIDATO 16013","s":"M","dt":"02/12/1929","dvt":"Válido"},{"sqcand":160002488393,"n":16004,"nm":"CANDIDATO 16004","nmu":"CANDIDATO 16004","s":"F","dt":"04/07/1925","dvt":"Válido"},{"sqcand":160002488397,"n":16008,"nm":"CANDIDATO 16008","nmu":"CANDIDATO 16008","s":"M","dt":"29/03/1925","dvt":"Válido"},{"sqcand":160002488401,"n":16012,"nm":"CANDIDATO 16012","nmu":"CANDIDATO 16012","s":"M","dt":"12/11/1929","dvt":"Válido"},{"sqcand":160002488390,"n":16001,"nm":"CANDIDATO 16001","nmu":"CANDIDATO 16001","s":"F","dt":"29/06/1920","dvt":"Válido"},{"sqcand":160002488394,"n":16005,"nm":"CANDIDATO 16005","nmu":"CANDIDATO 16005","s":"M","dt":"20/12/1927","dvt":"Válido"},{"sqcand":160002488396,"n":16007,"nm":"CANDIDATO 16007","nmu":"CANDIDATO 16007","s":"M","dt":"07/06/1929","dvt":"Válido"},{"sqcand":160002488398,"n":16009,"nm":"CANDIDATO 16009","nmu":"CANDIDATO 16009","s":"M","dt":"25/09/1971","dvt":"Válido"},{"sqcand":160002488399,"n":16010,"nm":"CANDIDATO 16010","nmu":"CANDIDATO 16010","s":"M","dt":"29/12/1972","dvt":"Válido"},{"sqcand":160002488404,"n":16015,"nm":"CANDIDATO 16015","nmu":"CANDIDATO 16015","s":"M","dt":"20/09/1929","dvt":"Válido"}]}]}]}}