{"ele":8707,"cdabr":"74020","nmabr":"IBEMA","t":1,"f":"S","s":"N","dg":"13/10/2020","hg":"20:03:39","v":"005","br":{"nm":"Brasil","uf":[{"sg":"PR","nm":"PARANÁ","mun":[{"cd":"74020","nm":"IBEMA","c":"N","s":16,"e":5059,"tzon":1,"zon":[{"cd":"0166","s":16,"e":5059}]}]}]},"carg":{"cd":13,"nmn":"Vereador","nmm":"Vereador","nmf":"Vereadora","nv":15,"col":[{"n":160000330738,"nm":"COLIGACAO 160000330738","tp":"P","com":"P26","par":[{"n":26,"sg":" P26 ","nm":"PARTIDO 26","cand":[{"sqcand":160002496873,"n":26014,"nm":"CANDIDATO 26014","nmu":"CANDIDATO 26014","s":"M","dt":"24/12/1957","dvt":"Válido"},{"sqcand":160002496867,"n":26008,"nm":"CANDIDATO 26008","nmu":"CANDIDATO 26008","s":"M","dt":"06/01/1927","dvt":"Válido"},{"sqcand":160002496872,"n":26013,"nm":"CANDIDATO 26013","nmu":"CANDIDATO 26013","s":"M","dt":"08/06/1929","dvt":"Válido"},{"sqcand":160002496863,"n":26004,"nm":"CANDIDATO 26004","nmu":"CANDIDATO 26004","s":"F","dt":"22/01/1929","dvt":"Válido"},{"sqcand":160002496864,"n":26005,"nm":"CANDIDATO 26005","nmu":"CANDIDATO 26005","s":"M","dt":"24/01/1929","dvt":"Válido"},{"sqcand":160002496870,"n":26011,"nm":"CANDIDATO 26011","nmu":"CANDIDATO 26011","s":"M","dt":"30/06/1926","dvt":"Válido"},{"sqcand":160002496874,"n":26015,"nm":"CANDIDATO 26015","nmu":"CANDIDATO 26015","s":"M","dt":"28/06/1929","dvt":"Válido"},{"sqcand":160002496860,"n":26001,"nm":"CANDIDATO 26001","nmu":"CANDIDATO 26001","s":"F","dt":"08/09/1929","dvt":"Válido"},{"sqcand":160002496865,"n":26006,"nm":"CANDIDATO 26006","nmu":"CANDIDATO 26006","s":"M","dt":"05/10/1921","dvt":"Válido"},{"sqcand":160002496866,"n":26007,"nm":"CANDIDATO 26007","nmu":"CANDIDATO 26007","s":"M","dt":"05/02/1929","dvt":"Válido"},{"sqcand":160002496861,"n":26002,"nm":"CANDIDATO 26002","nmu":"CANDIDATO 26002","s":"F","dt":"28/03/1929","dvt":"Válido"},{"sqcand":160002496869,"n":26010,"nm":"CANDIDATO 26010","nmu":"CANDIDATO 26010","s":"M","dt":"22/04/1921","dvt":"Válido"},{"sqcand":160002496862,"n":26003,"nm":"CANDIDATO 26003","nmu":"CANDIDATO 26003","s":"F","dt":"01/06/2002","dvt":"Válido"},{"sqcand":160002496871,"n":26012,"nm":"CANDIDATO 26012","nmu":"CANDIDATO 26012","s":"M","dt":"13/04/1929","dvt":"Válido"},{"sqcand":160002496868,"n":26009,"nm":"CANDIDATO 26009","nmu":"CANDIDATO 26009","s":"M","dt":"27/01/1993","dvt":"Válido"}]}]},{"n":160000330732,"nm":"COLIGACAO 160000330732","tp":"P","com":"P16","par":[{"n":16,"sg":" P16 ","nm":"PARTIDO 16","cand":[{"sqcand":160002496810,"n":16002,"nm":"CANDIDATO 16002","nmu":"CANDIDATO 16002","s":"F","dt":"07/09/1929","dvt":"Válido"},{"sqcand":160002496817,"n":16009,"nm":"CANDIDATO 16009","nmu":"CANDIDATO 16009","s":"M","dt":"23/05/1929","dvt":"Válido"},{"sqcand":160002496821,"n":16013,"nm":"CANDIDATO 16013","nmu":"CANDIDATO 16013","s":"M","dt":"29/09/1928","dvt":"Válido"},{"sqcand":160002496815,"n":16007,"nm":"CANDIDATO 16007","nmu":"CANDIDATO 16007","s":"M","dt":"19/03/1924","dvt":"Válido"},{"sqcand":160002496818,"n":16010,"nm":"CANDIDATO 16010","nmu":"CANDIDATO 16010","s":"M","dt":"29/12/1929","dvt":"Válido"},{"sqcand":160002496820,"n":16012,"nm":"CANDIDATO 16012","nmu":"CANDIDATO 16012","s":"M","dt":"29/06/1929","dvt":"Válido"},{"sqcand":160002496816,"n":16008,"nm":"CANDIDATO 16008","nmu":"CANDIDATO 16008","s":"M","dt":"11/12/1928","dvt":"Válido"},{"sqcand":160002496811,"n":16003,"nm":"CANDIDATO 16003","nmu":"CANDIDATO 16003","s":"F","dt":"07/09/1929","dvt":"Válido"},{"sqcand":160002496812,"n":16004,"nm":"CANDIDATO 16004","nmu":"CANDIDATO 16004","s":"F","dt":"03/10/1928","dvt":"Válido"},{"sqcand":160002496819,"n":16011,"nm":"CANDIDATO 16011","nmu":"CANDIDATO 16011","s":"M","dt":"13/05/1967","dvt":"Válido"},{"sqcand":160002496809,"n":16001,"nm":"CANDIDATO 16001","nmu":"CANDIDATO 16001","s":"F","dt":"08/02/1929","dvt":"Válido"},{"sqcand":160002496813,"n":16005,"nm":"CANDIDATO 16005","nmu":"CANDIDATO 16005","s":"M","dt":"12/11/1928","dvt":"Válido"},{"sqcand":160002496814,"n":16006,"nm":"CANDIDATO 16006","nmu":"CANDIDATO 16006","s":"M","dt":"10/08/1923","dvt":"Válido"},{"sqcand":160002496823,"n":16015,"nm":"CANDIDATO 16015","nmu":"CANDIDATO 16015","s":"M","dt":"28/03/1924","dvt":"Válido"},{"sqcand":160002496822,"n":16014,"nm":"CANDIDATO 16014","nmu":"CANDIDATO 16014","s":"M","dt":"09/07/1929","dvt":"Válido"}]}]}]}}