{"ele":8707,"cdabr":"74250","nmabr":"APUCARANA","t":1,"f":"S","s":"N","dg":"13/10/2020","hg":"20:03:36","v":"005","br":{"nm":"Brasil","uf":[{"sg":"PR","nm":"PARANÁ","mun":[{"cd":"74250","nm":"APUCARANA","c":"N","s":277,"e":91287,"tzon":1,"zon":[{"cd":"0028","s":277,"e":91287}]}]}]},"carg":{"cd":13,"nmn":"Vereador","nmm":"Vereador","nmf":"Vereadora","nv":4,"col":[{"n":160000329272,"nm":"COLIGACAO 160000329272","tp":"P","com":"P12","par":[{"n":12,"sg":" P12 ","nm":"PARTIDO 12","cand":[{"sqcand":160002489754,"n":12002,"nm":"CANDIDATO 12002","nmu":"CANDIDATO 12002","s":"M","dt":"19/12/1929","dvt":"Válido"},{"sqcand":160002489798,"n":12006,"nm":"CANDIDATO 12006","nmu":"CANDIDATO 12006","s":"M","dt":"08/05/1980","dvt":"Válido"},{"sqcand":160002489753,"n":12001,"nm":"CANDIDATO 12001","nmu":"CANDIDATO 12001","s":"F","dt":"01/09/1922","dvt":"Válido"},{"sqcand":160002489755,"n":12003,"nm":"CANDIDATO 12003","nmu":"CANDIDATO 12003","s":"M","dt":"26/09/1928","dvt":"Válido"},{"sqcand":160002489756,"n":12004,"nm":"CANDIDATO 12004","nmu":"CANDIDATO 12004","s":"M","dt":"15/02/1929","dvt":"Válido"},{"sqcand":160002489757,"n":12005,"nm":"CANDIDATO 12005","nmu":"CANDIDATO 12005","s":"M","dt":"26/04/1923","dvt":"Válido"}]}]},{"n":160000329274,"nm":"COLIGACAO 160000329274","tp":"P","com":"P14","par":[{"n":14,"sg":" P14 ","nm":"PARTIDO 14","cand":[{"sqcand":160002489804,"n":14004,"nm":"CANDIDATO 14004","nmu":"CANDIDATO 14004","s":"M","dt":"08/04/1929","dvt":"Válido"},{"sqcand":160002489805,"n":14005,"nm":"CANDIDATO 14005","nmu":"CANDIDATO 14005","s":"M","dt":"01/08/1929","dvt":"Válido"},{"sqcand":160002489801,"n":14001,"nm":"CANDIDATO 14001","nmu":"CANDIDATO 14001","s":"F","dt":"17/09/1955","dvt":"Válido"},{"sqcand":160002489802,"n":14002,"nm":"CANDIDATO 14002","nmu":"CANDIDATO 14002","s":"M","dt":"27/05/1923","dvt":"Válido"},{"sqcand":160002489803,"n":14003,"nm":"CANDIDATO 14003","nmu":"CANDIDATO 14003","s":"M","dt":"18/11/1929","dvt":"Válido"},{"sqcand":160002489806,"n":14006,"nm":"CANDIDATO 14006","nmu":"CANDIDATO 14006","s":"M","dt":"19/04/1929","dvt":"Válido"}]}]}]}}