{"ele":8707,"cdabr":"74730","nmabr":"CAMBIRA","t":1,"f":"S","s":"N","dg":"13/10/2020","hg":"20:03:36","v":"005","br":{"nm":"Brasil","uf":[{"sg":"PR","nm":"PARANÁ","mun":[{"cd":"74730","nm":"CAMBIRA","c":"N","s":17,"e":5742,"tzon":1,"zon":[{"cd":"0028","s":17,"e":5742}]}]}]},"carg":{"cd":13,"nmn":"Vereador","nmm":"Vereador","nmf":"Vereadora","nv":7,"col":[{"n":160000322471,"nm":"COLIGACAO 160000322471","tp":"P","com":"P16","par":[{"n":16,"sg":" P16 ","nm":"PARTIDO 16","cand":[{"sqcand":160002465458,"n":16006,"nm":"CANDIDATO 16006","nmu":"CANDIDATO 16006","s":"M","dt":"08/04/1929","dvt":"Válido"},{"sqcand":160002465453,"n":16001,"nm":"CANDIDATO 16001","nmu":"CANDIDATO 16001","s":"F","dt":"28/09/1920","dvt":"Válido"},{"sqcand":160002465457,"n":16005,"nm":"CANDIDATO 16005","nmu":"CANDIDATO 16005","s":"M","dt":"19/02/1923","dvt":"Válido"},{"sqcand":160002465456,"n":16004,"nm":"CANDIDATO 16004","nmu":"CANDIDATO 16004","s":"M","dt":"12/11/1929","dvt":"Válido"},{"sqcand":160002465454,"n":16002,"nm":"CANDIDATO 16002","nmu":"CANDIDATO 16002","s":"M","dt":"03/05/1929","dvt":"Válido"},{"sqcand":160002465455,"n":16003,"nm":"CANDIDATO 16003","nmu":"CANDIDATO 16003","s":"M","dt":"17/06/1964","dvt":"Válido"}]}]},{"n":160000322468,"nm":"COLIGACAO 160000322468","tp":"P","com":"P14","par":[{"n":14,"sg":" P14 ","nm":"PARTIDO 14","cand":[{"sqcand":160002465439,"n":14005,"nm":"CANDIDATO 14005","nmu":"CANDIDATO 14005","s":"M","dt":"15/01/1924","dvt":"Válido"},{"sqcand":160002465436,"n":14002,"nm":"CANDIDATO 14002","nmu":"CANDIDATO 14002","s":"M","dt":"01/01/1929","dvt":"Válido"},{"sqcand":160002465440,"n":14006,"nm":"CANDIDATO 14006","nmu":"CANDIDATO 14006","s":"M","dt":"24/08/1993","dvt":"Válido"},{"sqcand":160002465437,"n":14003,"nm":"CANDIDATO 14003","nmu":"CANDIDATO 14003","s":"M","dt":"19/07/1976","dvt":"Válido"},{"sqcand":160002465438,"n":14004,"nm":"CANDIDATO 14004","nmu":"CANDIDATO 14004","s":"M","dt":"22/08/1929","dvt":"Válido"},{"sqcand":160002465435,"n":14001,"nm":"CANDIDATO 14001","nmu":"CANDIDATO 14001","s":"F","dt":"16/12/1988","dvt":"Válido"}]}]}]}}