{"ele":8707,"cdabr":"74241","nmabr":"CRUZEIRO DO IGUAÇU","t":1,"f":"S","s":"N","dg":"13/10/2020","hg":"20:03:36","v":"005","br":{"nm":"Brasil","uf":[{"sg":"PR","nm":"PARANÁ","mun":[{"cd":"74241","nm":"CRUZEIRO DO IGUAÇU","c":"N","s":13,"e":3563,"tzon":1,"zon":[{"cd":"0115","s":13,"e":3563}]}]}]},"carg":{"cd":13,"nmn":"Vereador","nmm":"Vereador","nmf":"Vereadora","nv":15,"col":[{"n":160000328519,"nm":"COLIGACAO 160000328519","tp":"P","com":"P14","par":[{"n":14,"sg":" P14 ","nm":"PARTIDO 14","cand":[{"sqcand":160002486114,"n":14006,"nm":"CANDIDATO 14006","nmu":"CANDIDATO 14006","s":"M","dt":"01/11/1924","dvt":"Válido"},{"sqcand":160002486117,"n":14009,"nm":"CANDIDATO 14009","nmu":"CANDIDATO 14009","s":"M","dt":"26/11/1992","dvt":"Válido"},{"sqcand":160002486122,"n":14014,"nm":"CANDIDATO 14014","nmu":"CANDIDATO 14014","s":"M","dt":"10/11/1929","dvt":"Válido"},{"sqcand":160002486110,"n":14002,"nm":"CANDIDATO 14002","nmu":"CANDIDATO 14002","s":"F","dt":"19/09/1968","dvt":"Válido"},{"sqcand":160002486116,"n":14008,"nm":"CANDIDATO 14008","nmu":"CANDIDATO 14008","s":"M","dt":"29/07/1958","dvt":"Válido"},{"sqcand":160002486112,"n":14004,"nm":"CANDIDATO 14004","nmu":"CANDIDATO 14004","s":"F","dt":"22/06/1927","dvt":"Válido"},{"sqcand":160002486120,"n":14012,"nm":"CANDIDATO 14012","nmu":"CANDIDATO 14012","s":"M","dt":"06/02/1927","dvt":"Válido"},{"sqcand":160002486109,"n":14001,"nm":"CANDIDATO 14001","nmu":"CANDIDATO 14001","s":"F","dt":"02/09/1924","dvt":"Válido"},{"sqcand":160002486111,"n":14003,"nm":"CANDIDATO 14003","nmu":"CANDIDATO 14003","s":"F","dt":"15/09/1929","dvt":"Válido"},{"sqcand":160002486113,"n":14005,"nm":"CANDIDATO 14005","nmu":"CANDIDATO 14005","s":"M","dt":"07/09/1950","dvt":"Válido"},{"sqcand":160002486121,"n":14013,"nm":"CANDIDATO 14013","nmu":"CANDIDATO 14013","s":"M","dt":"30/03/1929","dvt":"Válido"},{"sqcand":160002486123,"n":14015,"nm":"CANDIDATO 14015","nmu":"CANDIDATO 14015","s":"M","dt":"20/02/1929","dvt":"Válido"},{"sqcand":160002486115,"n":14007,"nm":"CANDIDATO 14007","nmu":"CANDIDATO 14007","s":"M","dt":"10/08/1925","dvt":"Válido"},{"sqcand":160002486118,"n":14010,"nm":"CANDIDATO 14010","nmu":"CANDIDATO 14010","s":"M","dt":"27/11/1928","dvt":"Válido"},{"sqcand":160002486119,"n":14011,"nm":"CANDIDATO 14011","nmu":"CANDIDATO 14011","s":"M","dt":"10/01/1929","dvt":"Válido"}]}]},{"n":160000328527,"nm":"COLIGACAO 160000328527","tp":"P","com":"P16","par":[{"n":16,"sg":" P16 ","nm":"PARTIDO 16","cand":[{"sqcand":160002486179,"n":16003,"nm":"CANDIDATO 16003","nmu":"CANDIDATO 16003","s":"F","dt":"06/08/1929","dvt":"Válido"},{"sqcand":160002486180,"n":16004,"nm":"CANDIDATO 16004","nmu":"CANDIDATO 16004","s":"F","dt":"26/02/1929","dvt":"Válido"},{"sqcand":160002486189,"n":16013,"nm":"CANDIDATO 16013","nmu":"CANDIDATO 16013","s":"M","dt":"06/08/1929","dvt":"Válido"},{"sqcand":160002486187,"n":16011,"nm":"CANDIDATO 16011","nmu":"CANDIDATO 16011","s":"M","dt":"25/11/1929","dvt":"Válido"},{"sqcand":160002486191,"n":16015,"nm":"CANDIDATO 16015","nmu":"CANDIDATO 16015","s":"M","dt":"12/09/1929","dvt":"Válido"},{"sqcand":160002486184,"n":16008,"nm":"CANDIDATO 16008","nmu":"CANDIDATO 16008","s":"M","dt":"28/11/1929","dvt":"Válido"},{"sqcand":160002486182,"n":16006,"nm":"CANDIDATO 16006","nmu":"CANDIDATO 16006","s":"M","dt":"01/11/1929","dvt":"Válido"},{"sqcand":160002486186,"n":16010,"nm":"CANDIDATO 16010","nmu":"CANDIDATO 16010","s":"M","dt":"19/03/1926","dvt":"Válido"},{"sqcand":160002486177,"n":16001,"nm":"CANDIDATO 16001","nmu":"CANDIDATO 16001","s":"F","dt":"10/09/1929","dvt":"Válido"},{"sqcand":160002486178,"n":16002,"nm":"CANDIDATO 16002","nmu":"CANDIDATO 16002","s":"F","dt":"25/09/1929","dvt":"Válido"},{"sqcand":160002486181,"n":16005,"nm":"CANDIDATO 16005","nmu":"CANDIDATO 16005","s":"M","dt":"20/02/1929","dvt":"Válido"},{"sqcand":160002486183,"n":16007,"nm":"CANDIDATO 16007","nmu":"CANDIDATO 16007","s":"M","dt":"07/07/1929","dvt":"Válido"},{"sqcand":160002486185,"n":16009,"nm":"CANDIDATO 16009","nmu":"CANDIDATO 16009","s":"M","dt":"09/03/1929","dvt":"Válido"},{"sqcand":160002486188,"n":16012,"nm":"CANDIDATO 16012","nmu":"CANDIDATO 16012","s":"M","dt":"07/01/1958","dvt":"Válido"},{"sqcand":160002486190,"n":16014,"nm":"CANDIDATO 16014","nmu":"CANDIDATO 16014","s":"M","dt":"26/04/1923","dvt":"Válido"}]}]}]}}