{"ele":8707,"cdabr":"74004","nmabr":"GODOY MOREIRA","t":1,"f":"S","s":"N","dg":"13/10/2020","hg":"20:03:39","v":"005","br":{"nm":"Brasil","uf":[{"sg":"PR","nm":"PARANÁ","mun":[{"cd":"74004","nm":"GODOY MOREIRA","c":"N","s":11,"e":2568,"tzon":1,"zon":[{"cd":"0132","s":11,"e":2568}]}]}]},"carg":{"cd":13,"nmn":"Vereador","nmm":"Vereador","nmf":"Vereadora","nv":15,"col":[{"n":160000329724,"nm":"COLIGACAO 160000329724","tp":"P","com":"P16","par":[{"n":16,"sg":" P16 ","nm":"PARTIDO 16","cand":[{"sqcand":160002491799,"n":16004,"nm":"CANDIDATO 16004","nmu":"CANDIDATO 16004","s":"F","dt":"21/10/1925","dvt":"Válido"},{"sqcand":160002491803,"n":16008,"nm":"CANDIDATO 16008","nmu":"CANDIDATO 16008","s":"M","dt":"11/12/1928","dvt":"Válido"},{"sqcand":160002491806,"n":16011,"nm":"CANDIDATO 16011","nmu":"CANDIDATO 16011","s":"M","dt":"31/12/1986","dvt":"Válido"},{"sqcand":160002491802,"n":16007,"nm":"CANDIDATO 16007","nmu":"CANDIDATO 16007","s":"M","dt":"25/05/1929","dvt":"Válido"},{"sqcand":160002491798,"n":16003,"nm":"CANDIDATO 16003","nmu":"CANDIDATO 16003","s":"F","dt":"30/05/1926","dvt":"Válido"},{"sqcand":160002491800,"n":16005,"nm":"CANDIDATO 16005","nmu":"CANDIDATO 16005","s":"M","dt":"26/09/1929","dvt":"Válido"},{"sqcand":160002491807,"n":16012,"nm":"CANDIDATO 16012","nmu":"CANDIDATO 16012","s":"M","dt":"23/09/1956","dvt":"Válido"},{"sqcand":160002491797,"n":16002,"nm":"CANDIDATO 16002","nmu":"CANDIDATO 16002","s":"F","dt":"04/04/1929","dvt":"Válido"},{"sqcand":160002491804,"n":16009,"nm":"CANDIDATO 16009","nmu":"CANDIDATO 16009","s":"M","dt":"14/09/1922","dvt":"Válido"},{"sqcand":160002491809,"n":16014,"nm":"CANDIDATO 16014","nmu":"CANDIDATO 16014","s":"M","dt":"28/01/1929","dvt":"Válido"},{"sqcand":160002491810,"n":16015,"nm":"CANDIDATO 16015","nmu":"CANDIDATO 16015","s":"M","dt":"20/10/1981","dvt":"Válido"},{"sqcand":160002491801,"n":16006,"nm":"CANDIDATO 16006","nmu":"CANDIDATO 16006","s":"M","dt":"27/04/1978","dvt":"Válido"},{"sqcand":160002491805,"n":16010,"nm":"CANDIDATO 16010","nmu":"CANDIDATO 16010","s":"M","dt":"01/06/1989","dvt":"Válido"},{"sqcand":160002491796,"n":16001,"nm":"CANDIDATO 16001","nmu":"CANDIDATO 16001","s":"F","dt":"20/03/1929","dvt":"Válido"},{"sqcand":160002491808,"n":16013,"nm":"CANDIDATO 16013","nmu":"CANDIDATO 16013","s":"M","dt":"04/02/1971","dvt":"Válido"}]}]},{"n":160000329720,"nm":"COLIGACAO 160000329720","tp":"P","com":"P14","par":[{"n":14,"sg":" P14 ","nm":"PARTIDO 14","cand":[{"sqcand":160002491739,"n":14004,"nm":"CANDIDATO 14004","nmu":"CANDIDATO 14004","s":"F","dt":"06/05/1929","dvt":"Válido"},{"sqcand":160002491750,"n":14015,"nm":"CANDIDATO 14015","nmu":"CANDIDATO 14015","s":"M","dt":"03/01/1924","dvt":"Válido"},{"sqcand":160002491740,"n":14005,"nm":"CANDIDATO 14005","nmu":"CANDIDATO 14005","s":"M","dt":"16/11/1925","dvt":"Válido"},{"sqcand":160002491744,"n":14009,"nm":"CANDIDATO 14009","nmu":"CANDIDATO 14009","s":"M","dt":"05/06/1929","dvt":"Válido"},{"sqcand":160002491741,"n":14006,"nm":"CANDIDATO 14006","nmu":"CANDIDATO 14006","s":"M","dt":"29/09/1929","dvt":"Válido"},{"sqcand":160002491745,"n":14010,"nm":"CANDIDATO 14010","nmu":"CANDIDATO 14010","s":"M","dt":"20/01/1929","dvt":"Válido"},{"sqcand":160002491736,"n":14001,"nm":"CANDIDATO 14001","nmu":"CANDIDATO 14001","s":"F","dt":"15/11/1929","dvt":"Válido"},{"sqcand":160002491742,"n":14007,"nm":"CANDIDATO 14007","nmu":"CANDIDATO 14007","s":"M","dt":"01/09/1957","dvt":"Válido"},{"sqcand":160002491747,"n":14012,"nm":"CANDIDATO 14012","nmu":"CANDIDATO 14012","s":"M","dt":"04/05/1929","dvt":"Válido"},{"sqcand":160002491737,"n":14002,"nm":"CANDIDATO 14002","nmu":"CANDIDATO 14002","s":"F","dt":"14/02/1929","dvt":"Válido"},{"sqcand":160002491738,"n":14003,"nm":"CANDIDATO 14003","nmu":"CANDIDATO 14003","s":"F","dt":"19/07/1926","dvt":"Válido"},{"sqcand":160002491749,"n":14014,"nm":"CANDIDATO 14014","nmu":"CANDIDATO 14014","s":"M","dt":"12/04/1925","dvt":"Válido"},{"sqcand":160002491746,"n":14011,"nm":"CANDIDATO 14011","nmu":"CANDIDATO 14011","s":"M","dt":"25/05/1925","dvt":"Válido"},{"sqcand":160002491748,"n":14013,"nm":"CANDIDATO 14013","nmu":"CANDIDATO 14013","s":"M","dt":"06/08/1929","dvt":"Válido"},{"sqcand":160002491743,"n":14008,"nm":"CANDIDATO 14008","nmu":"CANDIDATO 14008","s":"M","dt":"28/10/1929","dvt":"Válido"}]}]}]}}