{"ele":8707,"cdabr":"74772","nmabr":"CAMPINA GRANDE DO SUL","t":1,"f":"S","s":"N","dg":"13/10/2020","hg":"20:03:37","v":"005","br":{"nm":"Brasil","uf":[{"sg":"PR","nm":"PARANÁ","mun":[{"cd":"74772","nm":"CAMPINA GRANDE DO SUL","c":"N","s":95,"e":30779,"tzon":1,"zon":[{"cd":"0195","s":95,"e":30779}]}]}]},"carg":{"cd":11,"nmn":"Prefeito","nmm":"Prefeito","nmf":"Prefeita","nv":1,"col":[{"n":160000336484,"nm":"COLIGACAO 160000336484","tp":"P","com":"P16","par":[{"n":16,"sg":" P16 ","nm":"PARTIDO 16","cand":[{"sqcand":160002514783,"n":16,"nm":"CANDIDATO 16","nmu":"CANDIDATO 16","s":"M","dt":"03/03/1921","dvt":"Válido","vs":[{"sqcand":160002514784,"nm":"CANDIDATO 16 1","nmu":"CANDIDATO 16 1","tp":"V","sgp":"P16"}]}]}]},{"n":160000336480,"nm":"COLIGACAO 160000336480","tp":"P","com":"P14","par":[{"n":14,"sg":" P14 ","nm":"PARTIDO 14","cand":[{"sqcand":160002514749,"n":14,"nm":"CANDIDATO 14","nmu":"CANDIDATO 14","s":"M","dt":"24/01/1929","dvt":"Válido","vs":[{"sqcand":160002514750,"nm":"CANDIDATO 14 1","nmu":"CANDIDATO 14 1","tp":"V","sgp":"P14"}]}]}]}]}}