{"ele":8707,"cdabr":"74098","nmabr":"ALTO PARANÁ","t":1,"f":"S","s":"N","dg":"13/10/2020","hg":"20:03:39","v":"005","br":{"nm":"Brasil","uf":[{"sg":"PR","nm":"PARANÁ","mun":[{"cd":"74098","nm":"ALTO PARANÁ","c":"N","s":32,"e":10356,"tzon":1,"zon":[{"cd":"0087","s":32,"e":10356}]}]}]},"carg":{"cd":13,"nmn":"Vereador","nmm":"Vereador","nmf":"Vereadora","nv":15,"col":[{"n":160000328698,"nm":"COLIGACAO 160000328698","tp":"P","com":"P14","par":[{"n":14,"sg":" P14 ","nm":"PARTIDO 14","cand":[{"sqcand":160002487060,"n":14003,"nm":"CANDIDATO 14003","nmu":"CANDIDATO 14003","s":"F","dt":"07/11/1929","dvt":"Válido"},{"sqcand":160002487066,"n":14009,"nm":"CANDIDATO 14009","nmu":"CANDIDATO 14009","s":"M","dt":"02/11/1929","dvt":"Válido"},{"sqcand":160002487067,"n":14010,"nm":"CANDIDATO 14010","nmu":"CANDIDATO 14010","s":"M","dt":"27/11/1927","dvt":"Válido"},{"sqcand":160002487068,"n":14011,"nm":"CANDIDATO 14011","nmu":"CANDIDATO 14011","s":"M","dt":"18/12/1929","dvt":"Válido"},{"sqcand":160002487069,"n":14012,"nm":"CANDIDATO 14012","nmu":"CANDIDATO 14012","s":"M","dt":"07/09/1985","dvt":"Válido"},{"sqcand":160002487070,"n":14013,"nm":"CANDIDATO 14013","nmu":"CANDIDATO 14013","s":"M","dt":"23/11/1972","dvt":"Válido"},{"sqcand":160002487065,"n":14008,"nm":"CANDIDATO 14008","nmu":"CANDIDATO 14008","s":"M","dt":"21/02/1924","dvt":"Válido"},{"sqcand":160002487058,"n":14001,"nm":"CANDIDATO 14001","nmu":"CANDIDATO 14001","s":"F","dt":"05/11/1929","dvt":"Válido"},{"sqcand":160002487071,"n":14014,"nm":"CANDIDATO 14014","nmu":"CANDIDATO 14014","s":"M","dt":"21/05/1929","dvt":"Válido"},{"sqcand":160002487062,"n":14005,"nm":"CANDIDATO 14005","nmu":"CANDIDATO 14005","s":"M","dt":"03/10/1966","dvt":"Válido"},{"sqcand":160002487063,"n":14006,"nm":"CANDIDATO 14006","nmu":"CANDIDATO 14006","s":"M","dt":"09/11/1929","dvt":"Válido"},{"sqcand":160002487064,"n":14007,"nm":"CANDIDATO 14007","nmu":"CANDIDATO 14007","s":"M","dt":"27/05/1929","dvt":"Válido"},{"sqcand":160002487059,"n":14002,"nm":"CANDIDATO 14002","nmu":"CANDIDATO 14002","s":"F","dt":"20/08/1929","dvt":"Válido"},{"sqcand":160002487061,"n":14004,"nm":"CANDIDATO 14004","nmu":"CANDIDATO 14004","s":"F","dt":"25/07/1929","dvt":"Válido"},{"sqcand":160002487072,"n":14015,"nm":"CANDIDATO 14015","nmu":"CANDIDATO 14015","s":"M","dt":"30/05/1991","dvt":"Válido"}]}]},{"n":160000328704,"nm":"COLIGACAO 160000328704","tp":"P","com":"P16","par":[{"n":16,"sg":" P16 ","nm":"PARTIDO 16","cand":[{"sqcand":160002487119,"n":16011,"nm":"CANDIDATO 16011","nmu":"CANDIDATO 16011","s":"M","dt":"30/05/1993","dvt":"Válido"},{"sqcand":160002487123,"n":16015,"nm":"CANDIDATO 16015","nmu":"CANDIDATO 16015","s":"M","dt":"20/06/1929","dvt":"Válido"},{"sqcand":160002487115,"n":16007,"nm":"CANDIDATO 16007","nmu":"CANDIDATO 16007","s":"M","dt":"03/02/1929","dvt":"Válido"},{"sqcand":160002487118,"n":16010,"nm":"CANDIDATO 16010","nmu":"CANDIDATO 16010","s":"M","dt":"28/03/1929","dvt":"Válido"},{"sqcand":160002487113,"n":16005,"nm":"CANDIDATO 16005","nmu":"CANDIDATO 16005","s":"M","dt":"04/10/1929","dvt":"Válido"},{"sqcand":160002487117,"n":16009,"nm":"CANDIDATO 16009","nmu":"CANDIDATO 16009","s":"M","dt":"26/05/1926","dvt":"Válido"},{"sqcand":160002487120,"n":16012,"nm":"CANDIDATO 16012","nmu":"CANDIDATO 16012","s":"M","dt":"24/06/1920","dvt":"Válido"},{"sqcand":160002487122,"n":16014,"nm":"CANDIDATO 16014","nmu":"CANDIDATO 16014","s":"M","dt":"20/12/1929","dvt":"Válido"},{"sqcand":160002487109,"n":16001,"nm":"CANDIDATO 16001","nmu":"CANDIDATO 16001","s":"F","dt":"03/11/1929","dvt":"Válido"},{"sqcand":160002487111,"n":16003,"nm":"CANDIDATO 16003","nmu":"CANDIDATO 16003","s":"F","dt":"28/02/1929","dvt":"Válido"},{"sqcand":160002487121,"n":16013,"nm":"CANDIDATO 16013","nmu":"CANDIDATO 16013","s":"M","dt":"08/06/1929","dvt":"Válido"},{"sqcand":160002487110,"n":16002,"nm":"CANDIDATO 16002","nmu":"CANDIDATO 16002","s":"F","dt":"27/10/1929","dvt":"Válido"},{"sqcand":160002487116,"n":16008,"nm":"CANDIDATO 16008","nmu":"CANDIDATO 16008","s":"M","dt":"05/01/1929","dvt":"Válido"},{"sqcand":160002487112,"n":16004,"nm":"CANDIDATO 16004","nmu":"CANDIDATO 16004","s":"F","dt":"03/05/1929","dvt":"Válido"},{"sqcand":160002487114,"n":16006,"nm":"CANDIDATO 16006","nmu":"CANDIDATO 16006","s":"M","dt":"01/12/1928","dvt":"Válido"}]}]}]}}