{"ele":8707,"carper":13,"t":1,"f":"S","esae":"N","mnae":" ","dg":"13/10/2020","hg":"20:06:05","dv":"S","nadf":"pr74950-c0013-e008707-006-f","abr":[{"dt":"13/10/2020","ht":"16:55:03","tf":"N","and":"P","s":180,"st":1,"pst":"   0,56","snt":179,"psnt":"  99,44","si":1,"psi":"   0,56","sni":0,"psni":"   0,00","sa":1,"psa":" 100,00","sna":0,"psna":"   0,00","e":309,"ea":309,"pea":" 100,00","ena":0,"pena":"   0,00","esi":309,"pesi":"   0,56","esni":0,"pesni":"   0,00","c":9,"pc":"   2,91","a":300,"pa":"  97,09","tv":9,"vscv":0,"vb":1,"pvb":"  11,11","tvn":1,"ptvn":"  11,11","vn":1,"pvn":" 100,00","vnt":0,"pvnt":"   0,00","vp":0,"pvp":"   0,00","vv":7,"pvv":" 100,00","vl":1,"pvl":"  14,29","van":0,"pvan":"   0,00","vansj":0,"pvansj":"   0,00","vnom":6,"pvnom":"  85,71","cand":[{"seq":6,"n":16011,"e":"N","vap":1,"pvap":"  11,11","st":""},{"seq":4,"n":16001,"e":"N","vap":1,"pvap":"  11,11","st":""},{"seq":1,"n":16005,"e":"N","vap":1,"pvap":"  11,11","st":""},{"seq":5,"n":16006,"e":"N","vap":1,"pvap":"  11,11","st":""},{"seq":3,"n":14011,"e":"N","vap":1,"pvap":"  11,11","st":""},{"seq":2,"n":14001,"e":"N","vap":1,"pvap":"  11,11","st":""}],"tpabr":"MU","cdabr":"74950","colig":[{"n":160000330449,"tvtn":4,"tvtl":0,"tvan":4,"tval":0,"vag":0},{"n":160000330448,"tvtn":2,"tvtl":1,"tvan":2,"tval":1,"vag":0}],"part":[{"n":16,"tvtn":4,"tvtl":0,"tvan":4,"tval":0},{"n":14,"tvtn":2,"tvtl":1,"tvan":2,"tval":1}]},{"dt":"13/10/2020","ht":"16:55:03","tf":"N","and":"P","s":180,"st":1,"pst":"   0,56","snt":179,"psnt":"179","si":1,"psi":"   0,56","sni":0,"psni":"   0,00","sa":1,"psa":" 100,00","sna":0,"psna":"   0,00","e":309,"ea":309,"pea":" 100,00","ena":0,"pena":"   0,00","esi":309,"pesi":"   0,56","esni":0,"pesni":"   0,00","c":9,"pc":"   2,91","a":300,"pa":"  97,09","tv":9,"vscv":0,"vb":1,"pvb":"  11,11","tvn":1,"ptvn":"  11,11","vn":1,"pvn":" 100,00","vp":0,"pvp":"   0,00","vv":7,"pvv":" 100,00","vl":1,"pvl":"  14,29","van":0,"pvan":"   0,00","vansj":0,"pvansj":"   0,00","vnom":6,"pvnom":"  85,71","cand":[{"seq":6,"n":16011,"e":"N","vap":1,"pvap":"  11,11","st":""},{"seq":4,"n":16001,"e":"N","vap":1,"pvap":"  11,11","st":""},{"seq":1,"n":16005,"e":"N","vap":1,"pvap":"  11,11","st":""},{"seq":5,"n":16006,"e":"N","vap":1,"pvap":"  11,11","st":""},{"seq":3,"n":14011,"e":"N","vap":1,"pvap":"  11,11","st":""},{"seq":2,"n":14001,"e":"N","vap":1,"pvap":"  11,11","st":""}],"tpabr":"ZONA","cdabr":"16"}]}