{"ele":8707,"cdabr":"74667","nmabr":"PITANGUEIRAS","t":1,"f":"S","s":"N","dg":"13/10/2020","hg":"20:03:36","v":"005","br":{"nm":"Brasil","uf":[{"sg":"PR","nm":"PARANÁ","mun":[{"cd":"74667","nm":"PITANGUEIRAS","c":"N","s":7,"e":2557,"tzon":1,"zon":[{"cd":"0067","s":7,"e":2557}]}]}]},"carg":{"cd":13,"nmn":"Vereador","nmm":"Vereador","nmf":"Vereadora","nv":15,"col":[{"n":160000329451,"nm":"COLIGACAO 160000329451","tp":"P","com":"P23","par":[{"n":23,"sg":" P23 ","nm":"PARTIDO 23","cand":[{"sqcand":160002490399,"n":23003,"nm":"CANDIDATO 23003","nmu":"CANDIDATO 23003","s":"F","dt":"27/01/1929","dvt":"Válido"},{"sqcand":160002490408,"n":23012,"nm":"CANDIDATO 23012","nmu":"CANDIDATO 23012","s":"M","dt":"07/06/1928","dvt":"Válido"},{"sqcand":160002490401,"n":23005,"nm":"CANDIDATO 23005","nmu":"CANDIDATO 23005","s":"M","dt":"20/06/1929","dvt":"Válido"},{"sqcand":160002490411,"n":23015,"nm":"CANDIDATO 23015","nmu":"CANDIDATO 23015","s":"M","dt":"02/12/1926","dvt":"Válido"},{"sqcand":160002490409,"n":23013,"nm":"CANDIDATO 23013","nmu":"CANDIDATO 23013","s":"M","dt":"17/05/1965","dvt":"Válido"},{"sqcand":160002490398,"n":23002,"nm":"CANDIDATO 23002","nmu":"CANDIDATO 23002","s":"F","dt":"08/06/1929","dvt":"Válido"},{"sqcand":160002490405,"n":23009,"nm":"CANDIDATO 23009","nmu":"CANDIDATO 23009","s":"M","dt":"15/01/1928","dvt":"Válido"},{"sqcand":160002490397,"n":23001,"nm":"CANDIDATO 23001","nmu":"CANDIDATO 23001","s":"F","dt":"17/12/1929","dvt":"Válido"},{"sqcand":160002490410,"n":23014,"nm":"CANDIDATO 23014","nmu":"CANDIDATO 23014","s":"M","dt":"06/09/1977","dvt":"Válido"},{"sqcand":160002490407,"n":23011,"nm":"CANDIDATO 23011","nmu":"CANDIDATO 23011","s":"M","dt":"02/11/1929","dvt":"Válido"},{"sqcand":160002490402,"n":23006,"nm":"CANDIDATO 23006","nmu":"CANDIDATO 23006","s":"M","dt":"21/11/1929","dvt":"Válido"},{"sqcand":160002490404,"n":23008,"nm":"CANDIDATO 23008","nmu":"CANDIDATO 23008","s":"M","dt":"13/12/1999","dvt":"Válido"},{"sqcand":160002490400,"n":23004,"nm":"CANDIDATO 23004","nmu":"CANDIDATO 23004","s":"F","dt":"10/11/1925","dvt":"Válido"},{"sqcand":160002490403,"n":23007,"nm":"CANDIDATO 23007","nmu":"CANDIDATO 23007","s":"M","dt":"26/01/1929","dvt":"Válido"},{"sqcand":160002490406,"n":23010,"nm":"CANDIDATO 23010","nmu":"CANDIDATO 23010","s":"M","dt":"14/03/1929","dvt":"Válido"}]}]},{"n":160000329453,"nm":"COLIGACAO 160000329453","tp":"P","com":"P46","par":[{"n":46,"sg":" P46 ","nm":"PARTIDO 46","cand":[{"sqcand":160002490423,"n":46010,"nm":"CANDIDATO 46010","nmu":"CANDIDATO 46010","s":"M","dt":"02/05/1925","dvt":"Válido"},{"sqcand":160002490415,"n":46002,"nm":"CANDIDATO 46002","nmu":"CANDIDATO 46002","s":"F","dt":"08/07/1929","dvt":"Válido"},{"sqcand":160002490418,"n":46005,"nm":"CANDIDATO 46005","nmu":"CANDIDATO 46005","s":"M","dt":"25/08/1926","dvt":"Válido"},{"sqcand":160002490421,"n":46008,"nm":"CANDIDATO 46008","nmu":"CANDIDATO 46008","s":"M","dt":"29/04/1929","dvt":"Válido"},{"sqcand":160002490426,"n":46013,"nm":"CANDIDATO 46013","nmu":"CANDIDATO 46013","s":"M","dt":"10/11/1928","dvt":"Válido"},{"sqcand":160002490414,"n":46001,"nm":"CANDIDATO 46001","nmu":"CANDIDATO 46001","s":"F","dt":"05/01/1973","dvt":"Válido"},{"sqcand":160002490416,"n":46003,"nm":"CANDIDATO 46003","nmu":"CANDIDATO 46003","s":"F","dt":"05/06/1980","dvt":"Válido"},{"sqcand":160002490424,"n":46011,"nm":"CANDIDATO 46011","nmu":"CANDIDATO 46011","s":"M","dt":"18/07/1925","dvt":"Válido"},{"sqcand":160002490420,"n":46007,"nm":"CANDIDATO 46007","nmu":"CANDIDATO 46007","s":"M","dt":"29/06/1970","dvt":"Válido"},{"sqcand":160002490419,"n":46006,"nm":"CANDIDATO 46006","nmu":"CANDIDATO 46006","s":"M","dt":"22/05/1929","dvt":"Válido"},{"sqcand":160002490422,"n":46009,"nm":"CANDIDATO 46009","nmu":"CANDIDATO 46009","s":"M","dt":"01/05/1929","dvt":"Válido"},{"sqcand":160002490425,"n":46012,"nm":"CANDIDATO 46012","nmu":"CANDIDATO 46012","s":"M","dt":"18/12/1929","dvt":"Válido"},{"sqcand":160002490428,"n":46015,"nm":"CANDIDATO 46015","nmu":"CANDIDATO 46015","s":"M","dt":"15/06/1929","dvt":"Válido"},{"sqcand":160002490417,"n":46004,"nm":"CANDIDATO 46004","nmu":"CANDIDATO 46004","s":"F","dt":"13/08/1988","dvt":"Válido"},{"sqcand":160002490427,"n":46014,"nm":"CANDIDATO 46014","nmu":"CANDIDATO 46014","s":"M","dt":"06/01/1929","dvt":"Válido"}]}]}]}}