{"ele":8707,"cdabr":"74071","nmabr":"ALMIRANTE TAMANDARÉ","t":1,"f":"S","s":"N","dg":"13/10/2020","hg":"20:03:34","v":"005","br":{"nm":"Brasil","uf":[{"sg":"PR","nm":"PARANÁ","mun":[{"cd":"74071","nm":"ALMIRANTE TAMANDARÉ","c":"N","s":196,"e":68011,"tzon":1,"zon":[{"cd":"0171","s":196,"e":68011}]}]}]},"carg":{"cd":11,"nmn":"Prefeito","nmm":"Prefeito","nmf":"Prefeita","nv":1,"col":[{"n":160000335794,"nm":"COLIGACAO 160000335794","tp":"P","com":"P12","par":[{"n":12,"sg":" P12 ","nm":"PARTIDO 12","cand":[{"sqcand":160002512142,"n":12,"nm":"CANDIDATO 12","nmu":"CANDIDATO 12","s":"M","dt":"12/10/1929","dvt":"Válido","vs":[{"sqcand":160002512143,"nm":"CANDIDATO 12 1","nmu":"CANDIDATO 12 1","tp":"V","sgp":"P12"}]}]}]},{"n":160000335796,"nm":"COLIGACAO 160000335796","tp":"P","com":"P16","par":[{"n":16,"sg":" P16 ","nm":"PARTIDO 16","cand":[{"sqcand":160002512159,"n":16,"nm":"CANDIDATO 16","nmu":"CANDIDATO 16","s":"M","dt":"10/08/1929","dvt":"Válido","vs":[{"sqcand":160002512160,"nm":"CANDIDATO 16 1","nmu":"CANDIDATO 16 1","tp":"V","sgp":"P16"}]}]}]}]}}