{"ele":8707,"carper":11,"t":1,"f":"S","esae":"N","mnae":" ","dg":"13/10/2020","hg":"20:06:09","dv":"S","nadf":"pr74373-c0011-e008707-006-f","abr":[{"dt":"13/10/2020","ht":"17:10:45","tf":"S","and":"F","s":50,"st":50,"pst":" 100,00","snt":0,"psnt":"   0,00","si":50,"psi":" 100,00","sni":0,"psni":"   0,00","sa":50,"psa":" 100,00","sna":0,"psna":"   0,00","e":12134,"ea":12134,"pea":" 100,00","ena":0,"pena":"   0,00","esi":12134,"pesi":" 100,00","esni":0,"pesni":"   0,00","c":10335,"pc":"  85,17","a":1799,"pa":"  14,83","tv":10335,"vscv":0,"vb":2578,"pvb":"  24,94","tvn":2136,"ptvn":"  20,67","vn":2136,"pvn":" 100,00","vnt":0,"pvnt":"   0,00","vp":0,"pvp":"   0,00","vv":5621,"pvv":" 100,00","van":0,"pvan":"   0,00","vansj":0,"pvansj":"   0,00","vnom":5621,"pvnom":" 100,00","cand":[{"seq":1,"n":16,"e":"S","vap":2967,"pvap":"  28,71","st":"Eleito"},{"seq":2,"n":14,"e":"N","vap":2654,"pvap":"  25,68","st":"Não eleito"}],"tpabr":"MU","cdabr":"74373","colig":[{"n":160000322975,"tvtn":2967,"tvtl":0,"tvan":2967,"tval":0},{"n":160000322972,"tvtn":2654,"tvtl":0,"tvan":2654,"tval":0}],"part":[{"n":16,"tvtn":2967,"tvtl":0,"tvan":2967,"tval":0},{"n":14,"tvtn":2654,"tvtl":0,"tvan":2654,"tval":0}]},{"dt":"13/10/2020","ht":"17:10:45","tf":"S","and":"F","s":50,"st":50,"pst":" 100,00","snt":0,"psnt":"0","si":50,"psi":" 100,00","sni":0,"psni":"   0,00","sa":50,"psa":" 100,00","sna":0,"psna":"   0,00","e":12134,"ea":12134,"pea":" 100,00","ena":0,"pena":"   0,00","esi":12134,"pesi":" 100,00","esni":0,"pesni":"   0,00","c":10335,"pc":"  85,17","a":1799,"pa":"  14,83","tv":10335,"vscv":0,"vb":2578,"pvb":"  24,94","tvn":2136,"ptvn":"  20,67","vn":2136,"pvn":" 100,00","vp":0,"pvp":"   0,00","vv":5621,"pvv":" 100,00","van":0,"pvan":"   0,00","vansj":0,"pvansj":"   0,00","vnom":5621,"pvnom":" 100,00","cand":[{"seq":2,"n":14,"e":"N","vap":2654,"pvap":"  25,68","st":"Não eleito"},{"seq":1,"n":16,"e":"S","vap":2967,"pvap":"  28,71","st":"Eleito"}],"tpabr":"ZONA","cdabr":"35"}]}