{"ele":8707,"cdabr":"74519","nmabr":"BARRA DO JACARÉ","t":1,"f":"S","s":"N","dg":"13/10/2020","hg":"20:03:35","v":"005","br":{"nm":"Brasil","uf":[{"sg":"PR","nm":"PARANÁ","mun":[{"cd":"74519","nm":"BARRA DO JACARÉ","c":"N","s":9,"e":2506,"tzon":1,"zon":[{"cd":"0057","s":9,"e":2506}]}]}]},"carg":{"cd":13,"nmn":"Vereador","nmm":"Vereador","nmf":"Vereadora","nv":15,"col":[{"n":160000322667,"nm":"COLIGACAO 160000322667","tp":"P","com":"P16","par":[{"n":16,"sg":" P16 ","nm":"PARTIDO 16","cand":[{"sqcand":160002466516,"n":16004,"nm":"CANDIDATO 16004","nmu":"CANDIDATO 16004","s":"F","dt":"23/10/1989","dvt":"Válido"},{"sqcand":160002466517,"n":16005,"nm":"CANDIDATO 16005","nmu":"CANDIDATO 16005","s":"M","dt":"24/12/1923","dvt":"Válido"},{"sqcand":160002466521,"n":16009,"nm":"CANDIDATO 16009","nmu":"CANDIDATO 16009","s":"M","dt":"27/12/1967","dvt":"Válido"},{"sqcand":160002466522,"n":16010,"nm":"CANDIDATO 16010","nmu":"CANDIDATO 16010","s":"M","dt":"11/12/1989","dvt":"Válido"},{"sqcand":160002466523,"n":16011,"nm":"CANDIDATO 16011","nmu":"CANDIDATO 16011","s":"M","dt":"04/02/1973","dvt":"Válido"},{"sqcand":160002466513,"n":16001,"nm":"CANDIDATO 16001","nmu":"CANDIDATO 16001","s":"F","dt":"13/06/1929","dvt":"Válido"},{"sqcand":160002466514,"n":16002,"nm":"CANDIDATO 16002","nmu":"CANDIDATO 16002","s":"F","dt":"19/01/1927","dvt":"Válido"},{"sqcand":160002466518,"n":16006,"nm":"CANDIDATO 16006","nmu":"CANDIDATO 16006","s":"M","dt":"27/12/1956","dvt":"Válido"},{"sqcand":160002466525,"n":16013,"nm":"CANDIDATO 16013","nmu":"CANDIDATO 16013","s":"M","dt":"08/12/1929","dvt":"Válido"},{"sqcand":160002466520,"n":16008,"nm":"CANDIDATO 16008","nmu":"CANDIDATO 16008","s":"M","dt":"24/10/1929","dvt":"Válido"},{"sqcand":160002466527,"n":16015,"nm":"CANDIDATO 16015","nmu":"CANDIDATO 16015","s":"M","dt":"01/07/1996","dvt":"Válido"},{"sqcand":160002466519,"n":16007,"nm":"CANDIDATO 16007","nmu":"CANDIDATO 16007","s":"M","dt":"23/01/1958","dvt":"Válido"},{"sqcand":160002466524,"n":16012,"nm":"CANDIDATO 16012","nmu":"CANDIDATO 16012","s":"M","dt":"20/11/1986","dvt":"Válido"},{"sqcand":160002466526,"n":16014,"nm":"CANDIDATO 16014","nmu":"CANDIDATO 16014","s":"M","dt":"21/11/1972","dvt":"Válido"},{"sqcand":160002466515,"n":16003,"nm":"CANDIDATO 16003","nmu":"CANDIDATO 16003","s":"F","dt":"15/04/1927","dvt":"Válido"}]}]},{"n":160000322661,"nm":"COLIGACAO 160000322661","tp":"P","com":"P14","par":[{"n":14,"sg":" P14 ","nm":"PARTIDO 14","cand":[{"sqcand":160002466472,"n":14011,"nm":"CANDIDATO 14011","nmu":"CANDIDATO 14011","s":"M","dt":"10/03/1929","dvt":"Válido"},{"sqcand":160002466475,"n":14014,"nm":"CANDIDATO 14014","nmu":"CANDIDATO 14014","s":"M","dt":"10/08/1920","dvt":"Válido"},{"sqcand":160002466463,"n":14002,"nm":"CANDIDATO 14002","nmu":"CANDIDATO 14002","s":"F","dt":"10/05/1927","dvt":"Válido"},{"sqcand":160002466464,"n":14003,"nm":"CANDIDATO 14003","nmu":"CANDIDATO 14003","s":"F","dt":"26/06/1926","dvt":"Válido"},{"sqcand":160002466469,"n":14008,"nm":"CANDIDATO 14008","nmu":"CANDIDATO 14008","s":"M","dt":"07/11/1929","dvt":"Válido"},{"sqcand":160002466476,"n":14015,"nm":"CANDIDATO 14015","nmu":"CANDIDATO 14015","s":"M","dt":"22/08/1929","dvt":"Válido"},{"sqcand":160002466462,"n":14001,"nm":"CANDIDATO 14001","nmu":"CANDIDATO 14001","s":"F","dt":"25/10/1929","dvt":"Válido"},{"sqcand":160002466465,"n":14004,"nm":"CANDIDATO 14004","nmu":"CANDIDATO 14004","s":"F","dt":"20/08/1920","dvt":"Válido"},{"sqcand":160002466467,"n":14006,"nm":"CANDIDATO 14006","nmu":"CANDIDATO 14006","s":"M","dt":"11/07/1928","dvt":"Válido"},{"sqcand":160002466473,"n":14012,"nm":"CANDIDATO 14012","nmu":"CANDIDATO 14012","s":"M","dt":"29/08/1928","dvt":"Válido"},{"sqcand":160002466470,"n":14009,"nm":"CANDIDATO 14009","nmu":"CANDIDATO 14009","s":"M","dt":"04/10/1965","dvt":"Válido"},{"sqcand":160002466471,"n":14010,"nm":"CANDIDATO 14010","nmu":"CANDIDATO 14010","s":"M","dt":"25/08/1929","dvt":"Válido"},{"sqcand":160002466474,"n":14013,"nm":"CANDIDATO 14013","nmu":"CANDIDATO 14013","s":"M","dt":"04/02/1923","dvt":"Válido"},{"sqcand":160002466466,"n":14005,"nm":"CANDIDATO 14005","nmu":"CANDIDATO 14005","s":"M","dt":"11/02/1971","dvt":"Válido"},{"sqcand":160002466468,"n":14007,"nm":"CANDIDATO 14007","nmu":"CANDIDATO 14007","s":"M","dt":"13/04/1929","dvt":"Válido"}]}]}]}}