{"ele":8707,"cdabr":"74390","nmabr":"ASTORGA","t":1,"f":"S","s":"N","dg":"13/10/2020","hg":"20:03:35","v":"005","br":{"nm":"Brasil","uf":[{"sg":"PR","nm":"PARANÁ","mun":[{"cd":"74390","nm":"ASTORGA","c":"N","s":60,"e":20786,"tzon":1,"zon":[{"cd":"0067","s":60,"e":20786}]}]}]},"carg":{"cd":11,"nmn":"Prefeito","nmm":"Prefeito","nmf":"Prefeita","nv":1,"col":[{"n":160000323046,"nm":"COLIGACAO 160000323046","tp":"P","com":"P16","par":[{"n":16,"sg":" P16 ","nm":"PARTIDO 16","cand":[{"sqcand":160002468924,"n":16,"nm":"CANDIDATO 16","nmu":"CANDIDATO 16","s":"M","dt":"07/09/1929","dvt":"Válido","vs":[{"sqcand":160002468925,"nm":"CANDIDATO 16 1","nmu":"CANDIDATO 16 1","tp":"V","sgp":"P16"}]}]}]},{"n":160000323040,"nm":"COLIGACAO 160000323040","tp":"P","com":"P14","par":[{"n":14,"sg":" P14 ","nm":"PARTIDO 14","cand":[{"sqcand":160002468873,"n":14,"nm":"CANDIDATO 14","nmu":"CANDIDATO 14","s":"M","dt":"22/10/1929","dvt":"Válido","vs":[{"sqcand":160002468874,"nm":"CANDIDATO 14 1","nmu":"CANDIDATO 14 1","tp":"V","sgp":"P14"}]}]}]}]}}