{
    "ele": 8707,
    "cdabr": "74004",
    "nmabr": "GODOY MOREIRA",
    "t": 1,
    "f": "S",
    "s": "N",
    "dg": "13/10/2020",
    "hg": "20:03:34",
    "v": "005",
    "br": {
        "nm": "Brasil",
        "uf": [
            {
                "sg": "PR",
                "nm": "PARANÁ",
                "mun": [
                    {
                        "cd": "74004",
                        "nm": "GODOY MOREIRA",
                        "c": "N",
                        "s": 11,
                        "e": 2568,
                        "tzon": 1,
                        "zon": [
                            {
                                "cd": "0132",
                                "s": 11,
                                "e": 2568
                            }
                        ]
                    }
                ]
            }
        ]
    },
    "carg": {
        "cd": 11,
        "nmn": "Prefeito",
        "nmm": "Prefeito",
        "nmf": "Prefeita",
        "nv": 1,
        "col": [
            {
                "n": 160000329716,
                "nm": "COLIGACAO 160000329716",
                "tp": "P",
                "com": "P16",
                "par": [
                    {
                        "n": 16,
                        "sg": " P16 ",
                        "nm": "PARTIDO 16",
                        "cand": [
                            {
                                "sqcand": 160002491728,
                                "n": 16,
                                "nm": "CANDIDATO 16",
                                "nmu": "CANDIDATO 16",
                                "s": "M",
                                "dt": "12/06/1924",
                                "dvt": "Válido",
                                "vs": [
                                    {
                                        "sqcand": 160002491729,
                                        "nm": "CANDIDATO 16 1",
                                        "nmu": "CANDIDATO 16 1",
                                        "tp": "V",
                                        "sgp": "P16"
                                    }
                                ]
                            }
                        ]
                    }
                ]
            },
            {
                "n": 160000329712,
                "nm": "COLIGACAO 160000329712",
                "tp": "P",
                "com": "P14",
                "par": [
                    {
                        "n": 14,
                        "sg": " P14 ",
                        "nm": "PARTIDO 14",
                        "cand": [
                            {
                                "sqcand": 160002491720,
                                "n": 14,
                                "nm": "CANDIDATO 14",
                                "nmu": "CANDIDATO 14",
                                "s": "M",
                                "dt": "24/08/1929",
                                "dvt": "Válido",
                                "vs": [
                                    {
                                        "sqcand": 160002491721,
                                        "nm": "CANDIDATO 14 1",
                                        "nmu": "CANDIDATO 14 1",
                                        "tp": "V",
                                        "sgp": "P14"
                                    }
                                ]
                            }
                        ]
                    }
                ]
            }
        ]
    }
}