{"ele":8707,"cdabr":"74055","nmabr":"AGUDOS DO SUL","t":1,"f":"S","s":"N","dg":"13/10/2020","hg":"20:03:34","v":"005","br":{"nm":"Brasil","uf":[{"sg":"PR","nm":"PARANÁ","mun":[{"cd":"74055","nm":"AGUDOS DO SUL","c":"N","s":26,"e":6867,"tzon":1,"zon":[{"cd":"0144","s":26,"e":6867}]}]}]},"carg":{"cd":11,"nmn":"Prefeito","nmm":"Prefeito","nmf":"Prefeita","nv":1,"col":[{"n":160000337576,"nm":"COLIGACAO 160000337576","tp":"P","com":"P16","par":[{"n":16,"sg":" P16 ","nm":"PARTIDO 16","cand":[{"sqcand":160002518845,"n":16,"nm":"CANDIDATO 16","nmu":"CANDIDATO 16","s":"M","dt":"19/12/1929","dvt":"Válido","vs":[{"sqcand":160002518846,"nm":"CANDIDATO 16 1","nmu":"CANDIDATO 16 1","tp":"V","sgp":"P16"}]}]}]},{"n":160000337528,"nm":"COLIGACAO 160000337528","tp":"P","com":"P14","par":[{"n":14,"sg":" P14 ","nm":"PARTIDO 14","cand":[{"sqcand":160002518717,"n":14,"nm":"CANDIDATO 14","nmu":"CANDIDATO 14","s":"M","dt":"18/02/1928","dvt":"Válido","vs":[{"sqcand":160002518778,"nm":"CANDIDATO 14 1","nmu":"CANDIDATO 14 1","tp":"V","sgp":"P14"}]}]}]}]}}