{"ele":8707,"cdabr":"74756","nmabr":"CAMPINA DA LAGOA","t":1,"f":"S","s":"N","dg":"13/10/2020","hg":"20:03:35","v":"005","br":{"nm":"Brasil","uf":[{"sg":"PR","nm":"PARANÁ","mun":[{"cd":"74756","nm":"CAMPINA DA LAGOA","c":"N","s":40,"e":11810,"tzon":1,"zon":[{"cd":"0169","s":40,"e":11810}]}]}]},"carg":{"cd":11,"nmn":"Prefeito","nmm":"Prefeito","nmf":"Prefeita","nv":1,"col":[{"n":160000330882,"nm":"COLIGACAO 160000330882","tp":"P","com":"P16","par":[{"n":16,"sg":" P16 ","nm":"PARTIDO 16","cand":[{"sqcand":160002497730,"n":16,"nm":"CANDIDATO 16","nmu":"CANDIDATO 16","s":"M","dt":"08/07/1929","dvt":"Válido","vs":[{"sqcand":160002497731,"nm":"CANDIDATO 16 1","nmu":"CANDIDATO 16 1","tp":"V","sgp":"P16"}]}]}]},{"n":160000330888,"nm":"COLIGACAO 160000330888","tp":"P","com":"P23","par":[{"n":23,"sg":" P23 ","nm":"PARTIDO 23","cand":[{"sqcand":160002497781,"n":23,"nm":"CANDIDATO 23","nmu":"CANDIDATO 23","s":"M","dt":"10/10/1970","dvt":"Válido","vs":[{"sqcand":160002497782,"nm":"CANDIDATO 23 1","nmu":"CANDIDATO 23 1","tp":"V","sgp":"P23"}]}]}]}]}}