{"ele":8707,"cdabr":"74810","nmabr":"CAMPO LARGO","t":1,"f":"S","s":"N","dg":"13/10/2020","hg":"20:03:43","v":"005","br":{"nm":"Brasil","uf":[{"sg":"PR","nm":"PARANÁ","mun":[{"cd":"74810","nm":"CAMPO LARGO","c":"N","s":280,"e":86312,"tzon":2,"zon":[{"cd":"0009","s":280,"e":86312}]}]}]},"carg":{"cd":13,"nmn":"Vereador","nmm":"Vereador","nmf":"Vereadora","nv":15,"col":[{"n":160000322078,"nm":"COLIGACAO 160000322078","tp":"P","com":"P16","par":[{"n":16,"sg":" P16 ","nm":"PARTIDO 16","cand":[{"sqcand":160002463529,"n":16004,"nm":"CANDIDATO 16004","nmu":"CANDIDATO 16004","s":"F","dt":"20/08/1929","dvt":"Válido"},{"sqcand":160002463537,"n":16012,"nm":"CANDIDATO 16012","nmu":"CANDIDATO 16012","s":"M","dt":"22/05/1929","dvt":"Válido"},{"sqcand":160002463533,"n":16008,"nm":"CANDIDATO 16008","nmu":"CANDIDATO 16008","s":"M","dt":"19/03/1922","dvt":"Válido"},{"sqcand":160002463535,"n":16010,"nm":"CANDIDATO 16010","nmu":"CANDIDATO 16010","s":"M","dt":"25/01/1928","dvt":"Válido"},{"sqcand":160002463527,"n":16002,"nm":"CANDIDATO 16002","nmu":"CANDIDATO 16002","s":"F","dt":"10/06/1972","dvt":"Válido"},{"sqcand":160002463528,"n":16003,"nm":"CANDIDATO 16003","nmu":"CANDIDATO 16003","s":"F","dt":"05/05/1925","dvt":"Válido"},{"sqcand":160002463530,"n":16005,"nm":"CANDIDATO 16005","nmu":"CANDIDATO 16005","s":"M","dt":"28/11/1981","dvt":"Válido"},{"sqcand":160002463536,"n":16011,"nm":"CANDIDATO 16011","nmu":"CANDIDATO 16011","s":"M","dt":"20/08/1928","dvt":"Válido"},{"sqcand":160002463540,"n":16015,"nm":"CANDIDATO 16015","nmu":"CANDIDATO 16015","s":"M","dt":"29/12/1929","dvt":"Válido"},{"sqcand":160002463532,"n":16007,"nm":"CANDIDATO 16007","nmu":"CANDIDATO 16007","s":"M","dt":"01/02/1978","dvt":"Válido"},{"sqcand":160002463538,"n":16013,"nm":"CANDIDATO 16013","nmu":"CANDIDATO 16013","s":"M","dt":"29/06/1925","dvt":"Válido"},{"sqcand":160002463534,"n":16009,"nm":"CANDIDATO 16009","nmu":"CANDIDATO 16009","s":"M","dt":"09/09/1929","dvt":"Válido"},{"sqcand":160002463526,"n":16001,"nm":"CANDIDATO 16001","nmu":"CANDIDATO 16001","s":"F","dt":"25/05/1920","dvt":"Válido"},{"sqcand":160002463531,"n":16006,"nm":"CANDIDATO 16006","nmu":"CANDIDATO 16006","s":"M","dt":"10/10/1926","dvt":"Válido"},{"sqcand":160002463539,"n":16014,"nm":"CANDIDATO 16014","nmu":"CANDIDATO 16014","s":"M","dt":"28/03/1928","dvt":"Válido"}]}]},{"n":160000322077,"nm":"COLIGACAO 160000322077","tp":"P","com":"P14","par":[{"n":14,"sg":" P14 ","nm":"PARTIDO 14","cand":[{"sqcand":160002463521,"n":14011,"nm":"CANDIDATO 14011","nmu":"CANDIDATO 14011","s":"M","dt":"07/03/1929","dvt":"Válido"},{"sqcand":160002463525,"n":14015,"nm":"CANDIDATO 14015","nmu":"CANDIDATO 14015","s":"M","dt":"29/07/1929","dvt":"Válido"},{"sqcand":160002463473,"n":14003,"nm":"CANDIDATO 14003","nmu":"CANDIDATO 14003","s":"F","dt":"01/03/1929","dvt":"Válido"},{"sqcand":160002463475,"n":14005,"nm":"CANDIDATO 14005","nmu":"CANDIDATO 14005","s":"M","dt":"21/10/1927","dvt":"Válido"},{"sqcand":160002463524,"n":14014,"nm":"CANDIDATO 14014","nmu":"CANDIDATO 14014","s":"M","dt":"11/02/1971","dvt":"Válido"},{"sqcand":160002463471,"n":14001,"nm":"CANDIDATO 14001","nmu":"CANDIDATO 14001","s":"F","dt":"02/09/1929","dvt":"Válido"},{"sqcand":160002463518,"n":14008,"nm":"CANDIDATO 14008","nmu":"CANDIDATO 14008","s":"M","dt":"04/11/1935","dvt":"Válido"},{"sqcand":160002463519,"n":14009,"nm":"CANDIDATO 14009","nmu":"CANDIDATO 14009","s":"M","dt":"12/11/1929","dvt":"Válido"},{"sqcand":160002463522,"n":14012,"nm":"CANDIDATO 14012","nmu":"CANDIDATO 14012","s":"M","dt":"05/06/1929","dvt":"Válido"},{"sqcand":160002463472,"n":14002,"nm":"CANDIDATO 14002","nmu":"CANDIDATO 14002","s":"F","dt":"30/06/1928","dvt":"Válido"},{"sqcand":160002463474,"n":14004,"nm":"CANDIDATO 14004","nmu":"CANDIDATO 14004","s":"F","dt":"05/01/1928","dvt":"Válido"},{"sqcand":160002463477,"n":14007,"nm":"CANDIDATO 14007","nmu":"CANDIDATO 14007","s":"M","dt":"01/08/1927","dvt":"Válido"},{"sqcand":160002463520,"n":14010,"nm":"CANDIDATO 14010","nmu":"CANDIDATO 14010","s":"M","dt":"29/08/1960","dvt":"Válido"},{"sqcand":160002463523,"n":14013,"nm":"CANDIDATO 14013","nmu":"CANDIDATO 14013","s":"M","dt":"09/07/1929","dvt":"Válido"},{"sqcand":160002463476,"n":14006,"nm":"CANDIDATO 14006","nmu":"CANDIDATO 14006","s":"M","dt":"26/04/1929","dvt":"Válido"}]}]}]}}