{"ele":8707,"cdabr":"74748","nmabr":"RIO BONITO DO IGUAÇU","t":1,"f":"S","s":"N","dg":"13/10/2020","hg":"20:03:37","v":"005","br":{"nm":"Brasil","uf":[{"sg":"PR","nm":"PARANÁ","mun":[{"cd":"74748","nm":"RIO BONITO DO IGUAÇU","c":"N","s":37,"e":10645,"tzon":1,"zon":[{"cd":"0045","s":37,"e":10645}]}]}]},"carg":{"cd":11,"nmn":"Prefeito","nmm":"Prefeito","nmf":"Prefeita","nv":1,"col":[{"n":160000329011,"nm":"COLIGACAO 160000329011","tp":"P","com":"P16","par":[{"n":16,"sg":" P16 ","nm":"PARTIDO 16","cand":[{"sqcand":160002488430,"n":16,"nm":"CANDIDATO 16","nmu":"CANDIDATO 16","s":"M","dt":"15/06/1929","dvt":"Válido","vs":[{"sqcand":160002488431,"nm":"CANDIDATO 16 1","nmu":"CANDIDATO 16 1","tp":"V","sgp":"P16"}]}]}]},{"n":160000329007,"nm":"COLIGACAO 160000329007","tp":"P","com":"P14","par":[{"n":14,"sg":" P14 ","nm":"PARTIDO 14","cand":[{"sqcand":160002488422,"n":14,"nm":"CANDIDATO 14","nmu":"CANDIDATO 14","s":"M","dt":"07/08/1928","dvt":"Válido","vs":[{"sqcand":160002488423,"nm":"CANDIDATO 14 1","nmu":"CANDIDATO 14 1","tp":"V","sgp":"P14"}]}]}]}]}}