{"ele":8707,"carper":13,"t":1,"f":"S","esae":"N","mnae":" ","dg":"13/10/2020","hg":"20:06:10","dv":"S","nadf":"pr74810-c0013-e008707-006-f","abr":[{"dt":"13/10/2020","ht":"19:37:05","tf":"S","and":"F","s":280,"st":280,"pst":" 100,00","snt":0,"psnt":"   0,00","si":280,"psi":" 100,00","sni":0,"psni":"   0,00","sa":280,"psa":" 100,00","sna":0,"psna":"   0,00","e":86312,"ea":86312,"pea":" 100,00","ena":0,"pena":"   0,00","esi":86312,"pesi":" 100,00","esni":0,"pesni":"   0,00","c":72683,"pc":"  84,21","a":13629,"pa":"  15,79","tv":72683,"vscv":0,"vb":1624,"pvb":"   2,23","tvn":2308,"ptvn":"   3,18","vn":2308,"pvn":" 100,00","vnt":0,"pvnt":"   0,00","vp":0,"pvp":"   0,00","vv":68751,"pvv":" 100,00","vl":4258,"pvl":"   6,19","van":0,"pvan":"   0,00","vansj":0,"pvansj":"   0,00","vnom":64493,"pvnom":"  93,81","cand":[{"seq":21,"n":16010,"e":"N","vap":1845,"pvap":"   2,54","st":"Suplente"},{"seq":7,"n":16012,"e":"S","vap":2491,"pvap":"   3,43","st":"Eleito"},{"seq":24,"n":16013,"e":"N","vap":1816,"pvap":"   2,50","st":"Suplente"},{"seq":17,"n":16005,"e":"N","vap":2050,"pvap":"   2,82","st":"Suplente"},{"seq":23,"n":16006,"e":"N","vap":1823,"pvap":"   2,51","st":"Suplente"},{"seq":12,"n":16007,"e":"S","vap":2285,"pvap":"   3,14","st":"Eleito"},{"seq":19,"n":16011,"e":"N","vap":2020,"pvap":"   2,78","st":"Suplente"},{"seq":6,"n":16008,"e":"S","vap":2495,"pvap":"   3,43","st":"Eleito"},{"seq":1,"n":16015,"e":"S","vap":3009,"pvap":"   4,14","st":"Eleito"},{"seq":10,"n":16014,"e":"S","vap":2382,"pvap":"   3,28","st":"Eleito"},{"seq":9,"n":16003,"e":"S","vap":2404,"pvap":"   3,31","st":"Eleito"},{"seq":13,"n":16004,"e":"S","vap":2260,"pvap":"   3,11","st":"Eleito"},{"seq":18,"n":16001,"e":"N","vap":2028,"pvap":"   2,79","st":"Suplente"},{"seq":20,"n":16009,"e":"N","vap":1861,"pvap":"   2,56","st":"Suplente"},{"seq":15,"n":16002,"e":"S","vap":2106,"pvap":"   2,90","st":"Eleito"},{"seq":29,"n":14011,"e":"N","vap":1344,"pvap":"   1,85","st":"Suplente"},{"seq":5,"n":14005,"e":"S","vap":2737,"pvap":"   3,77","st":"Eleito"},{"seq":2,"n":14003,"e":"S","vap":3000,"pvap":"   4,13","st":"Eleito"},{"seq":3,"n":14012,"e":"S","vap":2983,"pvap":"   4,10","st":"Eleito"},{"seq":25,"n":14014,"e":"N","vap":1714,"pvap":"   2,36","st":"Suplente"},{"seq":27,"n":14006,"e":"N","vap":1617,"pvap":"   2,22","st":"Suplente"},{"seq":8,"n":14007,"e":"S","vap":2468,"pvap":"   3,40","st":"Eleito"},{"seq":4,"n":14001,"e":"S","vap":2955,"pvap":"   4,07","st":"Eleito"},{"seq":26,"n":14009,"e":"N","vap":1705,"pvap":"   2,35","st":"Suplente"},{"seq":14,"n":14015,"e":"S","vap":2144,"pvap":"   2,95","st":"Eleito"},{"seq":28,"n":14013,"e":"N","vap":1541,"pvap":"   2,12","st":"Suplente"},{"seq":30,"n":14008,"e":"N","vap":1184,"pvap":"   1,63","st":"Suplente"},{"seq":11,"n":14004,"e":"S","vap":2296,"pvap":"   3,16","st":"Eleito"},{"seq":22,"n":14002,"e":"N","vap":1835,"pvap":"   2,52","st":"Suplente"},{"seq":16,"n":14010,"e":"N","vap":2095,"pvap":"   2,88","st":"Suplente"}],"tpabr":"MU","cdabr":"74810","colig":[{"n":160000322078,"tvtn":32875,"tvtl":2088,"tvan":32875,"tval":2088,"vag":8},{"n":160000322077,"tvtn":31618,"tvtl":2170,"tvan":31618,"tval":2170,"vag":7}],"part":[{"n":16,"tvtn":32875,"tvtl":2088,"tvan":32875,"tval":2088},{"n":14,"tvtn":31618,"tvtl":2170,"tvan":31618,"tval":2170}]},{"dt":"13/10/2020","ht":"19:37:05","tf":"S","and":"F","s":280,"st":280,"pst":" 100,00","snt":0,"psnt":"0","si":280,"psi":" 100,00","sni":0,"psni":"   0,00","sa":280,"psa":" 100,00","sna":0,"psna":"   0,00","e":86312,"ea":86312,"pea":" 100,00","ena":0,"pena":"   0,00","esi":86312,"pesi":" 100,00","esni":0,"pesni":"   0,00","c":72683,"pc":"  84,21","a":13629,"pa":"  15,79","tv":72683,"vscv":0,"vb":1624,"pvb":"   2,23","tvn":2308,"ptvn":"   3,18","vn":2308,"pvn":" 100,00","vp":0,"pvp":"   0,00","vv":68751,"pvv":" 100,00","vl":4258,"pvl":"   6,19","van":0,"pvan":"   0,00","vansj":0,"pvansj":"   0,00","vnom":64493,"pvnom":"  93,81","cand":[{"seq":29,"n":14011,"e":"N","vap":1344,"pvap":"   1,85","st":"Suplente"},{"seq":5,"n":14005,"e":"S","vap":2737,"pvap":"   3,77","st":"Eleito"},{"seq":2,"n":14003,"e":"S","vap":3000,"pvap":"   4,13","st":"Eleito"},{"seq":3,"n":14012,"e":"S","vap":2983,"pvap":"   4,10","st":"Eleito"},{"seq":25,"n":14014,"e":"N","vap":1714,"pvap":"   2,36","st":"Suplente"},{"seq":27,"n":14006,"e":"N","vap":1617,"pvap":"   2,22","st":"Suplente"},{"seq":8,"n":14007,"e":"S","vap":2468,"pvap":"   3,40","st":"Eleito"},{"seq":4,"n":14001,"e":"S","vap":2955,"pvap":"   4,07","st":"Eleito"},{"seq":26,"n":14009,"e":"N","vap":1705,"pvap":"   2,35","st":"Suplente"},{"seq":14,"n":14015,"e":"S","vap":2144,"pvap":"   2,95","st":"Eleito"},{"seq":28,"n":14013,"e":"N","vap":1541,"pvap":"   2,12","st":"Suplente"},{"seq":30,"n":14008,"e":"N","vap":1184,"pvap":"   1,63","st":"Suplente"},{"seq":11,"n":14004,"e":"S","vap":2296,"pvap":"   3,16","st":"Eleito"},{"seq":22,"n":14002,"e":"N","vap":1835,"pvap":"   2,52","st":"Suplente"},{"seq":16,"n":14010,"e":"N","vap":2095,"pvap":"   2,88","st":"Suplente"},{"seq":21,"n":16010,"e":"N","vap":1845,"pvap":"   2,54","st":"Suplente"},{"seq":7,"n":16012,"e":"S","vap":2491,"pvap":"   3,43","st":"Eleito"},{"seq":24,"n":16013,"e":"N","vap":1816,"pvap":"   2,50","st":"Suplente"},{"seq":17,"n":16005,"e":"N","vap":2050,"pvap":"   2,82","st":"Suplente"},{"seq":23,"n":16006,"e":"N","vap":1823,"pvap":"   2,51","st":"Suplente"},{"seq":12,"n":16007,"e":"S","vap":2285,"pvap":"   3,14","st":"Eleito"},{"seq":19,"n":16011,"e":"N","vap":2020,"pvap":"   2,78","st":"Suplente"},{"seq":6,"n":16008,"e":"S","vap":2495,"pvap":"   3,43","st":"Eleito"},{"seq":1,"n":16015,"e":"S","vap":3009,"pvap":"   4,14","st":"Eleito"},{"seq":10,"n":16014,"e":"S","vap":2382,"pvap":"   3,28","st":"Eleito"},{"seq":9,"n":16003,"e":"S","vap":2404,"pvap":"   3,31","st":"Eleito"},{"seq":13,"n":16004,"e":"S","vap":2260,"pvap":"   3,11","st":"Eleito"},{"seq":18,"n":16001,"e":"N","vap":2028,"pvap":"   2,79","st":"Suplente"},{"seq":20,"n":16009,"e":"N","vap":1861,"pvap":"   2,56","st":"Suplente"},{"seq":15,"n":16002,"e":"S","vap":2106,"pvap":"   2,90","st":"Eleito"}],"tpabr":"ZONA","cdabr":"9"}]}