{"ele":8707,"cdabr":"74101","nmabr":"ANAHY","t":1,"f":"S","s":"N","dg":"13/10/2020","hg":"20:03:34","v":"005","br":{"nm":"Brasil","uf":[{"sg":"PR","nm":"PARANÁ","mun":[{"cd":"74101","nm":"ANAHY","c":"N","s":8,"e":2641,"tzon":1,"zon":[{"cd":"0126","s":8,"e":2641}]}]}]},"carg":{"cd":13,"nmn":"Vereador","nmm":"Vereador","nmf":"Vereadora","nv":15,"col":[{"n":160000328585,"nm":"COLIGACAO 160000328585","tp":"P","com":"P14","par":[{"n":14,"sg":" P14 ","nm":"PARTIDO 14","cand":[{"sqcand":160002486490,"n":14005,"nm":"CANDIDATO 14005","nmu":"CANDIDATO 14005","s":"M","dt":"08/06/1929","dvt":"Válido"},{"sqcand":160002486491,"n":14006,"nm":"CANDIDATO 14006","nmu":"CANDIDATO 14006","s":"M","dt":"30/01/1929","dvt":"Válido"},{"sqcand":160002486489,"n":14004,"nm":"CANDIDATO 14004","nmu":"CANDIDATO 14004","s":"F","dt":"29/07/1929","dvt":"Válido"},{"sqcand":160002486488,"n":14003,"nm":"CANDIDATO 14003","nmu":"CANDIDATO 14003","s":"F","dt":"12/02/1928","dvt":"Válido"},{"sqcand":160002486495,"n":14010,"nm":"CANDIDATO 14010","nmu":"CANDIDATO 14010","s":"M","dt":"11/07/1970","dvt":"Válido"},{"sqcand":160002486497,"n":14012,"nm":"CANDIDATO 14012","nmu":"CANDIDATO 14012","s":"M","dt":"08/11/1927","dvt":"Válido"},{"sqcand":160002486498,"n":14013,"nm":"CANDIDATO 14013","nmu":"CANDIDATO 14013","s":"M","dt":"25/08/1969","dvt":"Válido"},{"sqcand":160002486486,"n":14001,"nm":"CANDIDATO 14001","nmu":"CANDIDATO 14001","s":"F","dt":"26/02/1988","dvt":"Válido"},{"sqcand":160002486493,"n":14008,"nm":"CANDIDATO 14008","nmu":"CANDIDATO 14008","s":"M","dt":"06/04/1929","dvt":"Válido"},{"sqcand":160002486496,"n":14011,"nm":"CANDIDATO 14011","nmu":"CANDIDATO 14011","s":"M","dt":"27/03/1929","dvt":"Válido"},{"sqcand":160002486499,"n":14014,"nm":"CANDIDATO 14014","nmu":"CANDIDATO 14014","s":"M","dt":"28/01/1929","dvt":"Válido"},{"sqcand":160002486487,"n":14002,"nm":"CANDIDATO 14002","nmu":"CANDIDATO 14002","s":"F","dt":"10/12/1929","dvt":"Válido"},{"sqcand":160002486492,"n":14007,"nm":"CANDIDATO 14007","nmu":"CANDIDATO 14007","s":"M","dt":"20/03/1929","dvt":"Válido"},{"sqcand":160002486494,"n":14009,"nm":"CANDIDATO 14009","nmu":"CANDIDATO 14009","s":"M","dt":"20/12/1923","dvt":"Válido"},{"sqcand":160002486500,"n":14015,"nm":"CANDIDATO 14015","nmu":"CANDIDATO 14015","s":"M","dt":"23/06/1929","dvt":"Válido"}]}]},{"n":160000328622,"nm":"COLIGACAO 160000328622","tp":"P","com":"P16","par":[{"n":16,"sg":" P16 ","nm":"PARTIDO 16","cand":[{"sqcand":160002486673,"n":16010,"nm":"CANDIDATO 16010","nmu":"CANDIDATO 16010","s":"M","dt":"08/06/1928","dvt":"Válido"},{"sqcand":160002486669,"n":16007,"nm":"CANDIDATO 16007","nmu":"CANDIDATO 16007","s":"M","dt":"13/12/1924","dvt":"Válido"},{"sqcand":160002486663,"n":16001,"nm":"CANDIDATO 16001","nmu":"CANDIDATO 16001","s":"F","dt":"29/09/1929","dvt":"Válido"},{"sqcand":160002486666,"n":16004,"nm":"CANDIDATO 16004","nmu":"CANDIDATO 16004","s":"F","dt":"01/03/1955","dvt":"Válido"},{"sqcand":160002486674,"n":16011,"nm":"CANDIDATO 16011","nmu":"CANDIDATO 16011","s":"M","dt":"06/11/1929","dvt":"Válido"},{"sqcand":160002486679,"n":16015,"nm":"CANDIDATO 16015","nmu":"CANDIDATO 16015","s":"M","dt":"15/03/1969","dvt":"Válido"},{"sqcand":160002486664,"n":16002,"nm":"CANDIDATO 16002","nmu":"CANDIDATO 16002","s":"F","dt":"01/07/1929","dvt":"Válido"},{"sqcand":160002486667,"n":16005,"nm":"CANDIDATO 16005","nmu":"CANDIDATO 16005","s":"M","dt":"08/10/1929","dvt":"Válido"},{"sqcand":160002486671,"n":16009,"nm":"CANDIDATO 16009","nmu":"CANDIDATO 16009","s":"M","dt":"11/09/1929","dvt":"Válido"},{"sqcand":160002486678,"n":16014,"nm":"CANDIDATO 16014","nmu":"CANDIDATO 16014","s":"M","dt":"17/05/1978","dvt":"Válido"},{"sqcand":160002486676,"n":16012,"nm":"CANDIDATO 16012","nmu":"CANDIDATO 16012","s":"M","dt":"12/11/1929","dvt":"Válido"},{"sqcand":160002486665,"n":16003,"nm":"CANDIDATO 16003","nmu":"CANDIDATO 16003","s":"F","dt":"01/08/1922","dvt":"Válido"},{"sqcand":160002486668,"n":16006,"nm":"CANDIDATO 16006","nmu":"CANDIDATO 16006","s":"M","dt":"15/02/1981","dvt":"Válido"},{"sqcand":160002486670,"n":16008,"nm":"CANDIDATO 16008","nmu":"CANDIDATO 16008","s":"M","dt":"10/11/1927","dvt":"Válido"},{"sqcand":160002486677,"n":16013,"nm":"CANDIDATO 16013","nmu":"CANDIDATO 16013","s":"M","dt":"11/12/1924","dvt":"Válido"}]}]}]}}