{"ele":8707,"cdabr":"74438","nmabr":"BALSA NOVA","t":1,"f":"S","s":"N","dg":"13/10/2020","hg":"20:03:34","v":"005","br":{"nm":"Brasil","uf":[{"sg":"PR","nm":"PARANÁ","mun":[{"cd":"74438","nm":"BALSA NOVA","c":"N","s":40,"e":11178,"tzon":1,"zon":[{"cd":"0182","s":40,"e":11178}]}]}]},"carg":{"cd":13,"nmn":"Vereador","nmm":"Vereador","nmf":"Vereadora","nv":15,"col":[{"n":160000336323,"nm":"COLIGACAO 160000336323","tp":"P","com":"P23","par":[{"n":23,"sg":" P23 ","nm":"PARTIDO 23","cand":[{"sqcand":160002513982,"n":23008,"nm":"CANDIDATO 23008","nmu":"CANDIDATO 23008","s":"M","dt":"19/02/1923","dvt":"Válido"},{"sqcand":160002513986,"n":23012,"nm":"CANDIDATO 23012","nmu":"CANDIDATO 23012","s":"M","dt":"17/06/1964","dvt":"Válido"},{"sqcand":160002513977,"n":23003,"nm":"CANDIDATO 23003","nmu":"CANDIDATO 23003","s":"F","dt":"21/05/1929","dvt":"Válido"},{"sqcand":160002513980,"n":23006,"nm":"CANDIDATO 23006","nmu":"CANDIDATO 23006","s":"M","dt":"02/11/1925","dvt":"Válido"},{"sqcand":160002513984,"n":23010,"nm":"CANDIDATO 23010","nmu":"CANDIDATO 23010","s":"M","dt":"16/06/1928","dvt":"Válido"},{"sqcand":160002513985,"n":23011,"nm":"CANDIDATO 23011","nmu":"CANDIDATO 23011","s":"M","dt":"17/06/1928","dvt":"Válido"},{"sqcand":160002513987,"n":23013,"nm":"CANDIDATO 23013","nmu":"CANDIDATO 23013","s":"M","dt":"26/04/1929","dvt":"Válido"},{"sqcand":160002513975,"n":23001,"nm":"CANDIDATO 23001","nmu":"CANDIDATO 23001","s":"F","dt":"12/08/1929","dvt":"Válido"},{"sqcand":160002513979,"n":23005,"nm":"CANDIDATO 23005","nmu":"CANDIDATO 23005","s":"M","dt":"02/06/1929","dvt":"Válido"},{"sqcand":160002513983,"n":23009,"nm":"CANDIDATO 23009","nmu":"CANDIDATO 23009","s":"M","dt":"21/03/1929","dvt":"Válido"},{"sqcand":160002513989,"n":23015,"nm":"CANDIDATO 23015","nmu":"CANDIDATO 23015","s":"M","dt":"01/12/1928","dvt":"Válido"},{"sqcand":160002513976,"n":23002,"nm":"CANDIDATO 23002","nmu":"CANDIDATO 23002","s":"F","dt":"30/12/1923","dvt":"Válido"},{"sqcand":160002513978,"n":23004,"nm":"CANDIDATO 23004","nmu":"CANDIDATO 23004","s":"F","dt":"20/11/1967","dvt":"Válido"},{"sqcand":160002513988,"n":23014,"nm":"CANDIDATO 23014","nmu":"CANDIDATO 23014","s":"M","dt":"27/11/1961","dvt":"Válido"},{"sqcand":160002513981,"n":23007,"nm":"CANDIDATO 23007","nmu":"CANDIDATO 23007","s":"M","dt":"14/08/1975","dvt":"Válido"}]}]},{"n":160000336321,"nm":"COLIGACAO 160000336321","tp":"P","com":"P16","par":[{"n":16,"sg":" P16 ","nm":"PARTIDO 16","cand":[{"sqcand":160002513954,"n":16010,"nm":"CANDIDATO 16010","nmu":"CANDIDATO 16010","s":"M","dt":"28/03/1929","dvt":"Válido"},{"sqcand":160002513958,"n":16014,"nm":"CANDIDATO 16014","nmu":"CANDIDATO 16014","s":"M","dt":"08/12/1928","dvt":"Válido"},{"sqcand":160002513959,"n":16015,"nm":"CANDIDATO 16015","nmu":"CANDIDATO 16015","s":"M","dt":"01/01/1929","dvt":"Válido"},{"sqcand":160002513947,"n":16003,"nm":"CANDIDATO 16003","nmu":"CANDIDATO 16003","s":"F","dt":"28/12/1929","dvt":"Válido"},{"sqcand":160002513951,"n":16007,"nm":"CANDIDATO 16007","nmu":"CANDIDATO 16007","s":"M","dt":"13/12/1924","dvt":"Válido"},{"sqcand":160002513946,"n":16002,"nm":"CANDIDATO 16002","nmu":"CANDIDATO 16002","s":"F","dt":"07/01/1928","dvt":"Válido"},{"sqcand":160002513955,"n":16011,"nm":"CANDIDATO 16011","nmu":"CANDIDATO 16011","s":"M","dt":"05/12/1970","dvt":"Válido"},{"sqcand":160002513949,"n":16005,"nm":"CANDIDATO 16005","nmu":"CANDIDATO 16005","s":"M","dt":"01/11/1929","dvt":"Válido"},{"sqcand":160002513952,"n":16008,"nm":"CANDIDATO 16008","nmu":"CANDIDATO 16008","s":"M","dt":"14/03/1956","dvt":"Válido"},{"sqcand":160002513956,"n":16012,"nm":"CANDIDATO 16012","nmu":"CANDIDATO 16012","s":"M","dt":"17/08/1929","dvt":"Válido"},{"sqcand":160002513945,"n":16001,"nm":"CANDIDATO 16001","nmu":"CANDIDATO 16001","s":"F","dt":"27/01/1983","dvt":"Válido"},{"sqcand":160002513950,"n":16006,"nm":"CANDIDATO 16006","nmu":"CANDIDATO 16006","s":"M","dt":"01/11/1972","dvt":"Válido"},{"sqcand":160002513953,"n":16009,"nm":"CANDIDATO 16009","nmu":"CANDIDATO 16009","s":"M","dt":"22/11/1923","dvt":"Válido"},{"sqcand":160002513957,"n":16013,"nm":"CANDIDATO 16013","nmu":"CANDIDATO 16013","s":"M","dt":"24/03/1929","dvt":"Válido"},{"sqcand":160002513948,"n":16004,"nm":"CANDIDATO 16004","nmu":"CANDIDATO 16004","s":"F","dt":"08/02/1929","dvt":"Válido"}]}]}]}}