{"ele":8707,"cdabr":"74640","nmabr":"PINHAL DE SÃO BENTO","t":1,"f":"S","s":"N","dg":"13/10/2020","hg":"20:03:35","v":"005","br":{"nm":"Brasil","uf":[{"sg":"PR","nm":"PARANÁ","mun":[{"cd":"74640","nm":"PINHAL DE SÃO BENTO","c":"N","s":8,"e":2104,"tzon":1,"zon":[{"cd":"0083","s":8,"e":2104}]}]}]},"carg":{"cd":11,"nmn":"Prefeito","nmm":"Prefeito","nmf":"Prefeita","nv":1,"col":[{"n":160000322560,"nm":"COLIGACAO 160000322560","tp":"P","com":"P16","par":[{"n":16,"sg":" P16 ","nm":"PARTIDO 16","cand":[{"sqcand":160002466004,"n":16,"nm":"CANDIDATO 16","nmu":"CANDIDATO 16","s":"M","dt":"18/02/1928","dvt":"Válido","vs":[{"sqcand":160002466005,"nm":"CANDIDATO 16 1","nmu":"CANDIDATO 16 1","tp":"V","sgp":"P16"}]}]}]},{"n":160000322552,"nm":"COLIGACAO 160000322552","tp":"P","com":"P14","par":[{"n":14,"sg":" P14 ","nm":"PARTIDO 14","cand":[{"sqcand":160002465936,"n":14,"nm":"CANDIDATO 14","nmu":"CANDIDATO 14","s":"M","dt":"10/10/1929","dvt":"Válido","vs":[{"sqcand":160002465937,"nm":"CANDIDATO 14 1","nmu":"CANDIDATO 14 1","tp":"V","sgp":"P14"}]}]}]}]}}