{"ele":8707,"carper":13,"t":1,"f":"S","esae":"N","mnae":" ","dg":"13/10/2020","hg":"20:06:07","dv":"S","nadf":"pr74128-c0013-e008707-006-f","abr":[{"dt":"13/10/2020","ht":"16:55:03","tf":"N","and":"P","s":8,"st":8,"pst":" 100,00","snt":0,"psnt":"   0,00","si":8,"psi":" 100,00","sni":0,"psni":"   0,00","sa":8,"psa":" 100,00","sna":0,"psna":"   0,00","e":2477,"ea":2477,"pea":" 100,00","ena":0,"pena":"   0,00","esi":2477,"pesi":" 100,00","esni":0,"pesni":"   0,00","c":2110,"pc":"  85,18","a":367,"pa":"  14,82","tv":2110,"vscv":0,"vb":26,"pvb":"   1,23","tvn":28,"ptvn":"   1,33","vn":28,"pvn":" 100,00","vnt":0,"pvnt":"   0,00","vp":0,"pvp":"   0,00","vv":2056,"pvv":" 100,00","vl":40,"pvl":"   1,95","van":0,"pvan":"   0,00","vansj":0,"pvansj":"   0,00","vnom":2016,"pvnom":"  98,05","cand":[{"seq":23,"n":24011,"e":"N","vap":16,"pvap":"   0,76","st":""},{"seq":8,"n":24008,"e":"N","vap":101,"pvap":"   4,79","st":""},{"seq":9,"n":24009,"e":"N","vap":85,"pvap":"   4,03","st":""},{"seq":26,"n":24007,"e":"N","vap":13,"pvap":"   0,62","st":""},{"seq":12,"n":24010,"e":"N","vap":56,"pvap":"   2,65","st":""},{"seq":21,"n":24004,"e":"N","vap":17,"pvap":"   0,81","st":""},{"seq":19,"n":24006,"e":"N","vap":20,"pvap":"   0,95","st":""},{"seq":16,"n":24015,"e":"N","vap":42,"pvap":"   1,99","st":""},{"seq":29,"n":24001,"e":"N","vap":8,"pvap":"   0,38","st":""},{"seq":30,"n":24014,"e":"N","vap":8,"pvap":"   0,38","st":""},{"seq":22,"n":24003,"e":"N","vap":17,"pvap":"   0,81","st":""},{"seq":7,"n":24012,"e":"N","vap":111,"pvap":"   5,26","st":""},{"seq":3,"n":24002,"e":"N","vap":207,"pvap":"   9,81","st":""},{"seq":4,"n":24005,"e":"N","vap":164,"pvap":"   7,77","st":""},{"seq":10,"n":24013,"e":"N","vap":80,"pvap":"   3,79","st":""},{"seq":14,"n":16004,"e":"N","vap":45,"pvap":"   2,13","st":""},{"seq":11,"n":16007,"e":"N","vap":66,"pvap":"   3,13","st":""},{"seq":13,"n":16015,"e":"N","vap":56,"pvap":"   2,65","st":""},{"seq":25,"n":16012,"e":"N","vap":15,"pvap":"   0,71","st":""},{"seq":6,"n":16009,"e":"N","vap":115,"pvap":"   5,45","st":""},{"seq":27,"n":16014,"e":"N","vap":13,"pvap":"   0,62","st":""},{"seq":2,"n":16011,"e":"N","vap":221,"pvap":"  10,47","st":""},{"seq":15,"n":16008,"e":"N","vap":45,"pvap":"   2,13","st":""},{"seq":28,"n":16001,"e":"N","vap":8,"pvap":"   0,38","st":""},{"seq":1,"n":16002,"e":"N","vap":241,"pvap":"  11,42","st":""},{"seq":24,"n":16013,"e":"N","vap":16,"pvap":"   0,76","st":""},{"seq":17,"n":16005,"e":"N","vap":29,"pvap":"   1,37","st":""},{"seq":5,"n":16010,"e":"N","vap":160,"pvap":"   7,58","st":""},{"seq":18,"n":16006,"e":"N","vap":21,"pvap":"   1,00","st":""},{"seq":20,"n":16003,"e":"N","vap":20,"pvap":"   0,95","st":""}],"tpabr":"MU","cdabr":"74128","colig":[{"n":160000338240,"tvtn":945,"tvtl":8,"tvan":945,"tval":8,"vag":7},{"n":160000338242,"tvtn":1071,"tvtl":32,"tvan":1071,"tval":32,"vag":8}],"part":[{"n":24,"tvtn":945,"tvtl":8,"tvan":945,"tval":8},{"n":16,"tvtn":1071,"tvtl":32,"tvan":1071,"tval":32}]},{"dt":"13/10/2020","ht":"16:55:03","tf":"N","and":"P","s":8,"st":8,"pst":" 100,00","snt":0,"psnt":"0","si":8,"psi":" 100,00","sni":0,"psni":"   0,00","sa":8,"psa":" 100,00","sna":0,"psna":"   0,00","e":2477,"ea":2477,"pea":" 100,00","ena":0,"pena":"   0,00","esi":2477,"pesi":" 100,00","esni":0,"pesni":"   0,00","c":2110,"pc":"  85,18","a":367,"pa":"  14,82","tv":2110,"vscv":0,"vb":26,"pvb":"   1,23","tvn":28,"ptvn":"   1,33","vn":28,"pvn":" 100,00","vp":0,"pvp":"   0,00","vv":2056,"pvv":" 100,00","vl":40,"pvl":"   1,95","van":0,"pvan":"   0,00","vansj":0,"pvansj":"   0,00","vnom":2016,"pvnom":"  98,05","cand":[{"seq":23,"n":24011,"e":"N","vap":16,"pvap":"   0,76","st":""},{"seq":8,"n":24008,"e":"N","vap":101,"pvap":"   4,79","st":""},{"seq":9,"n":24009,"e":"N","vap":85,"pvap":"   4,03","st":""},{"seq":26,"n":24007,"e":"N","vap":13,"pvap":"   0,62","st":""},{"seq":12,"n":24010,"e":"N","vap":56,"pvap":"   2,65","st":""},{"seq":21,"n":24004,"e":"N","vap":17,"pvap":"   0,81","st":""},{"seq":19,"n":24006,"e":"N","vap":20,"pvap":"   0,95","st":""},{"seq":16,"n":24015,"e":"N","vap":42,"pvap":"   1,99","st":""},{"seq":29,"n":24001,"e":"N","vap":8,"pvap":"   0,38","st":""},{"seq":30,"n":24014,"e":"N","vap":8,"pvap":"   0,38","st":""},{"seq":22,"n":24003,"e":"N","vap":17,"pvap":"   0,81","st":""},{"seq":7,"n":24012,"e":"N","vap":111,"pvap":"   5,26","st":""},{"seq":3,"n":24002,"e":"N","vap":207,"pvap":"   9,81","st":""},{"seq":4,"n":24005,"e":"N","vap":164,"pvap":"   7,77","st":""},{"seq":10,"n":24013,"e":"N","vap":80,"pvap":"   3,79","st":""},{"seq":14,"n":16004,"e":"N","vap":45,"pvap":"   2,13","st":""},{"seq":11,"n":16007,"e":"N","vap":66,"pvap":"   3,13","st":""},{"seq":13,"n":16015,"e":"N","vap":56,"pvap":"   2,65","st":""},{"seq":25,"n":16012,"e":"N","vap":15,"pvap":"   0,71","st":""},{"seq":6,"n":16009,"e":"N","vap":115,"pvap":"   5,45","st":""},{"seq":27,"n":16014,"e":"N","vap":13,"pvap":"   0,62","st":""},{"seq":2,"n":16011,"e":"N","vap":221,"pvap":"  10,47","st":""},{"seq":15,"n":16008,"e":"N","vap":45,"pvap":"   2,13","st":""},{"seq":28,"n":16001,"e":"N","vap":8,"pvap":"   0,38","st":""},{"seq":1,"n":16002,"e":"N","vap":241,"pvap":"  11,42","st":""},{"seq":24,"n":16013,"e":"N","vap":16,"pvap":"   0,76","st":""},{"seq":17,"n":16005,"e":"N","vap":29,"pvap":"   1,37","st":""},{"seq":5,"n":16010,"e":"N","vap":160,"pvap":"   7,58","st":""},{"seq":18,"n":16006,"e":"N","vap":21,"pvap":"   1,00","st":""},{"seq":20,"n":16003,"e":"N","vap":20,"pvap":"   0,95","st":""}],"tpabr":"ZONA","cdabr":"150"}]}