{"ele":8707,"cdabr":"74713","nmabr":"CAMBÉ","t":1,"f":"S","s":"N","dg":"13/10/2020","hg":"20:03:39","v":"005","br":{"nm":"Brasil","uf":[{"sg":"PR","nm":"PARANÁ","mun":[{"cd":"74713","nm":"CAMBÉ","c":"N","s":216,"e":69279,"tzon":1,"zon":[{"cd":"0078","s":216,"e":69279}]}]}]},"carg":{"cd":13,"nmn":"Vereador","nmm":"Vereador","nmf":"Vereadora","nv":15,"col":[{"n":160000322266,"nm":"COLIGACAO 160000322266","tp":"P","com":"P16","par":[{"n":16,"sg":" P16 ","nm":"PARTIDO 16","cand":[{"sqcand":160002464377,"n":16011,"nm":"CANDIDATO 16011","nmu":"CANDIDATO 16011","s":"M","dt":"19/10/1929","dvt":"Válido"},{"sqcand":160002464370,"n":16004,"nm":"CANDIDATO 16004","nmu":"CANDIDATO 16004","s":"F","dt":"10/09/1929","dvt":"Válido"},{"sqcand":160002464380,"n":16014,"nm":"CANDIDATO 16014","nmu":"CANDIDATO 16014","s":"M","dt":"30/01/1929","dvt":"Válido"},{"sqcand":160002464381,"n":16015,"nm":"CANDIDATO 16015","nmu":"CANDIDATO 16015","s":"M","dt":"04/01/1929","dvt":"Válido"},{"sqcand":160002464374,"n":16008,"nm":"CANDIDATO 16008","nmu":"CANDIDATO 16008","s":"M","dt":"17/06/1929","dvt":"Válido"},{"sqcand":160002464379,"n":16013,"nm":"CANDIDATO 16013","nmu":"CANDIDATO 16013","s":"M","dt":"25/10/1929","dvt":"Válido"},{"sqcand":160002464376,"n":16010,"nm":"CANDIDATO 16010","nmu":"CANDIDATO 16010","s":"M","dt":"09/04/1927","dvt":"Válido"},{"sqcand":160002464368,"n":16002,"nm":"CANDIDATO 16002","nmu":"CANDIDATO 16002","s":"F","dt":"29/09/1927","dvt":"Válido"},{"sqcand":160002464371,"n":16005,"nm":"CANDIDATO 16005","nmu":"CANDIDATO 16005","s":"M","dt":"26/07/1929","dvt":"Válido"},{"sqcand":160002464373,"n":16007,"nm":"CANDIDATO 16007","nmu":"CANDIDATO 16007","s":"M","dt":"11/12/1928","dvt":"Válido"},{"sqcand":160002464367,"n":16001,"nm":"CANDIDATO 16001","nmu":"CANDIDATO 16001","s":"F","dt":"30/06/1926","dvt":"Válido"},{"sqcand":160002464375,"n":16009,"nm":"CANDIDATO 16009","nmu":"CANDIDATO 16009","s":"M","dt":"16/02/1929","dvt":"Válido"},{"sqcand":160002464378,"n":16012,"nm":"CANDIDATO 16012","nmu":"CANDIDATO 16012","s":"M","dt":"15/12/1929","dvt":"Válido"},{"sqcand":160002464369,"n":16003,"nm":"CANDIDATO 16003","nmu":"CANDIDATO 16003","s":"F","dt":"09/09/1929","dvt":"Válido"},{"sqcand":160002464372,"n":16006,"nm":"CANDIDATO 16006","nmu":"CANDIDATO 16006","s":"M","dt":"20/03/1929","dvt":"Válido"}]}]},{"n":160000322264,"nm":"COLIGACAO 160000322264","tp":"P","com":"P14","par":[{"n":14,"sg":" P14 ","nm":"PARTIDO 14","cand":[{"sqcand":160002464332,"n":14003,"nm":"CANDIDATO 14003","nmu":"CANDIDATO 14003","s":"F","dt":"20/10/1920","dvt":"Válido"},{"sqcand":160002464337,"n":14008,"nm":"CANDIDATO 14008","nmu":"CANDIDATO 14008","s":"M","dt":"09/01/1929","dvt":"Válido"},{"sqcand":160002464333,"n":14004,"nm":"CANDIDATO 14004","nmu":"CANDIDATO 14004","s":"F","dt":"18/01/1929","dvt":"Válido"},{"sqcand":160002464359,"n":14010,"nm":"CANDIDATO 14010","nmu":"CANDIDATO 14010","s":"M","dt":"25/03/1927","dvt":"Válido"},{"sqcand":160002464334,"n":14005,"nm":"CANDIDATO 14005","nmu":"CANDIDATO 14005","s":"M","dt":"23/12/1929","dvt":"Válido"},{"sqcand":160002464358,"n":14009,"nm":"CANDIDATO 14009","nmu":"CANDIDATO 14009","s":"M","dt":"15/10/1922","dvt":"Válido"},{"sqcand":160002464360,"n":14011,"nm":"CANDIDATO 14011","nmu":"CANDIDATO 14011","s":"M","dt":"09/12/1964","dvt":"Válido"},{"sqcand":160002464336,"n":14007,"nm":"CANDIDATO 14007","nmu":"CANDIDATO 14007","s":"M","dt":"19/08/1929","dvt":"Válido"},{"sqcand":160002464362,"n":14013,"nm":"CANDIDATO 14013","nmu":"CANDIDATO 14013","s":"M","dt":"09/02/1974","dvt":"Válido"},{"sqcand":160002464364,"n":14015,"nm":"CANDIDATO 14015","nmu":"CANDIDATO 14015","s":"M","dt":"21/02/1921","dvt":"Válido"},{"sqcand":160002464330,"n":14001,"nm":"CANDIDATO 14001","nmu":"CANDIDATO 14001","s":"F","dt":"20/03/1923","dvt":"Válido"},{"sqcand":160002464331,"n":14002,"nm":"CANDIDATO 14002","nmu":"CANDIDATO 14002","s":"F","dt":"21/08/1924","dvt":"Válido"},{"sqcand":160002464335,"n":14006,"nm":"CANDIDATO 14006","nmu":"CANDIDATO 14006","s":"M","dt":"18/08/1929","dvt":"Válido"},{"sqcand":160002464361,"n":14012,"nm":"CANDIDATO 14012","nmu":"CANDIDATO 14012","s":"M","dt":"10/11/1929","dvt":"Válido"},{"sqcand":160002464363,"n":14014,"nm":"CANDIDATO 14014","nmu":"CANDIDATO 14014","s":"M","dt":"16/06/1983","dvt":"Válido"}]}]}]}}