{"ele":8707,"cdabr":"74403","nmabr":"IRACEMA DO OESTE","t":1,"f":"S","s":"N","dg":"13/10/2020","hg":"20:03:38","v":"005","br":{"nm":"Brasil","uf":[{"sg":"PR","nm":"PARANÁ","mun":[{"cd":"74403","nm":"IRACEMA DO OESTE","c":"N","s":12,"e":2376,"tzon":1,"zon":[{"cd":"0120","s":12,"e":2376}]}]}]},"carg":{"cd":13,"nmn":"Vereador","nmm":"Vereador","nmf":"Vereadora","nv":15,"col":[{"n":160000329834,"nm":"COLIGACAO 160000329834","tp":"P","com":"P16","par":[{"n":16,"sg":" P16 ","nm":"PARTIDO 16","cand":[{"sqcand":160002492369,"n":16011,"nm":"CANDIDATO 16011","nmu":"CANDIDATO 16011","s":"M","dt":"25/04/1923","dvt":"Válido"},{"sqcand":160002492367,"n":16009,"nm":"CANDIDATO 16009","nmu":"CANDIDATO 16009","s":"M","dt":"06/05/1929","dvt":"Válido"},{"sqcand":160002492368,"n":16010,"nm":"CANDIDATO 16010","nmu":"CANDIDATO 16010","s":"M","dt":"24/07/1929","dvt":"Válido"},{"sqcand":160002492366,"n":16008,"nm":"CANDIDATO 16008","nmu":"CANDIDATO 16008","s":"M","dt":"30/05/1978","dvt":"Válido"},{"sqcand":160002492373,"n":16015,"nm":"CANDIDATO 16015","nmu":"CANDIDATO 16015","s":"M","dt":"02/10/1976","dvt":"Válido"},{"sqcand":160002492372,"n":16014,"nm":"CANDIDATO 16014","nmu":"CANDIDATO 16014","s":"M","dt":"23/07/1929","dvt":"Válido"},{"sqcand":160002492365,"n":16007,"nm":"CANDIDATO 16007","nmu":"CANDIDATO 16007","s":"M","dt":"11/07/1970","dvt":"Válido"},{"sqcand":160002492361,"n":16003,"nm":"CANDIDATO 16003","nmu":"CANDIDATO 16003","s":"F","dt":"09/04/1927","dvt":"Válido"},{"sqcand":160002492371,"n":16013,"nm":"CANDIDATO 16013","nmu":"CANDIDATO 16013","s":"M","dt":"12/11/1929","dvt":"Válido"},{"sqcand":160002492362,"n":16004,"nm":"CANDIDATO 16004","nmu":"CANDIDATO 16004","s":"F","dt":"17/05/1923","dvt":"Válido"},{"sqcand":160002492370,"n":16012,"nm":"CANDIDATO 16012","nmu":"CANDIDATO 16012","s":"M","dt":"03/12/1978","dvt":"Válido"},{"sqcand":160002492364,"n":16006,"nm":"CANDIDATO 16006","nmu":"CANDIDATO 16006","s":"M","dt":"07/12/1929","dvt":"Válido"},{"sqcand":160002492359,"n":16001,"nm":"CANDIDATO 16001","nmu":"CANDIDATO 16001","s":"F","dt":"10/08/1929","dvt":"Válido"},{"sqcand":160002492360,"n":16002,"nm":"CANDIDATO 16002","nmu":"CANDIDATO 16002","s":"F","dt":"29/04/1927","dvt":"Válido"},{"sqcand":160002492363,"n":16005,"nm":"CANDIDATO 16005","nmu":"CANDIDATO 16005","s":"M","dt":"16/06/1929","dvt":"Válido"}]}]},{"n":160000329826,"nm":"COLIGACAO 160000329826","tp":"P","com":"P14","par":[{"n":14,"sg":" P14 ","nm":"PARTIDO 14","cand":[{"sqcand":160002492300,"n":14010,"nm":"CANDIDATO 14010","nmu":"CANDIDATO 14010","s":"M","dt":"06/07/1927","dvt":"Válido"},{"sqcand":160002492299,"n":14009,"nm":"CANDIDATO 14009","nmu":"CANDIDATO 14009","s":"M","dt":"21/10/1964","dvt":"Válido"},{"sqcand":160002492294,"n":14004,"nm":"CANDIDATO 14004","nmu":"CANDIDATO 14004","s":"F","dt":"22/07/1924","dvt":"Válido"},{"sqcand":160002492292,"n":14002,"nm":"CANDIDATO 14002","nmu":"CANDIDATO 14002","s":"F","dt":"23/02/1929","dvt":"Válido"},{"sqcand":160002492301,"n":14011,"nm":"CANDIDATO 14011","nmu":"CANDIDATO 14011","s":"M","dt":"22/08/1929","dvt":"Válido"},{"sqcand":160002492296,"n":14006,"nm":"CANDIDATO 14006","nmu":"CANDIDATO 14006","s":"M","dt":"05/01/1928","dvt":"Válido"},{"sqcand":160002492293,"n":14003,"nm":"CANDIDATO 14003","nmu":"CANDIDATO 14003","s":"F","dt":"30/12/1923","dvt":"Válido"},{"sqcand":160002492297,"n":14007,"nm":"CANDIDATO 14007","nmu":"CANDIDATO 14007","s":"M","dt":"11/10/1924","dvt":"Válido"},{"sqcand":160002492295,"n":14005,"nm":"CANDIDATO 14005","nmu":"CANDIDATO 14005","s":"M","dt":"13/12/1969","dvt":"Válido"},{"sqcand":160002492303,"n":14013,"nm":"CANDIDATO 14013","nmu":"CANDIDATO 14013","s":"M","dt":"10/08/1967","dvt":"Válido"},{"sqcand":160002492298,"n":14008,"nm":"CANDIDATO 14008","nmu":"CANDIDATO 14008","s":"M","dt":"12/03/1929","dvt":"Válido"},{"sqcand":160002492291,"n":14001,"nm":"CANDIDATO 14001","nmu":"CANDIDATO 14001","s":"F","dt":"05/04/1926","dvt":"Válido"},{"sqcand":160002492304,"n":14014,"nm":"CANDIDATO 14014","nmu":"CANDIDATO 14014","s":"M","dt":"26/03/1929","dvt":"Válido"},{"sqcand":160002492305,"n":14015,"nm":"CANDIDATO 14015","nmu":"CANDIDATO 14015","s":"M","dt":"22/02/1924","dvt":"Válido"},{"sqcand":160002492302,"n":14012,"nm":"CANDIDATO 14012","nmu":"CANDIDATO 14012","s":"M","dt":"18/02/1964","dvt":"Válido"}]}]}]}}