{"ele":8707,"cdabr":"74390","nmabr":"ASTORGA","t":1,"f":"S","s":"N","dg":"13/10/2020","hg":"20:03:39","v":"005","br":{"nm":"Brasil","uf":[{"sg":"PR","nm":"PARANÁ","mun":[{"cd":"74390","nm":"ASTORGA","c":"N","s":60,"e":20786,"tzon":1,"zon":[{"cd":"0067","s":60,"e":20786}]}]}]},"carg":{"cd":13,"nmn":"Vereador","nmm":"Vereador","nmf":"Vereadora","nv":15,"col":[{"n":160000323049,"nm":"COLIGACAO 160000323049","tp":"P","com":"P16","par":[{"n":16,"sg":" P16 ","nm":"PARTIDO 16","cand":[{"sqcand":160002468937,"n":16008,"nm":"CANDIDATO 16008","nmu":"CANDIDATO 16008","s":"M","dt":"30/05/1991","dvt":"Válido"},{"sqcand":160002468938,"n":16009,"nm":"CANDIDATO 16009","nmu":"CANDIDATO 16009","s":"M","dt":"26/05/1926","dvt":"Válido"},{"sqcand":160002468939,"n":16010,"nm":"CANDIDATO 16010","nmu":"CANDIDATO 16010","s":"M","dt":"17/05/1965","dvt":"Válido"},{"sqcand":160002468942,"n":16013,"nm":"CANDIDATO 16013","nmu":"CANDIDATO 16013","s":"M","dt":"30/03/1965","dvt":"Válido"},{"sqcand":160002468932,"n":16003,"nm":"CANDIDATO 16003","nmu":"CANDIDATO 16003","s":"F","dt":"08/09/1981","dvt":"Válido"},{"sqcand":160002468943,"n":16014,"nm":"CANDIDATO 16014","nmu":"CANDIDATO 16014","s":"M","dt":"19/10/1929","dvt":"Válido"},{"sqcand":160002468936,"n":16007,"nm":"CANDIDATO 16007","nmu":"CANDIDATO 16007","s":"M","dt":"10/06/1929","dvt":"Válido"},{"sqcand":160002468933,"n":16004,"nm":"CANDIDATO 16004","nmu":"CANDIDATO 16004","s":"F","dt":"04/01/1928","dvt":"Válido"},{"sqcand":160002468934,"n":16005,"nm":"CANDIDATO 16005","nmu":"CANDIDATO 16005","s":"M","dt":"15/08/1926","dvt":"Válido"},{"sqcand":160002468940,"n":16011,"nm":"CANDIDATO 16011","nmu":"CANDIDATO 16011","s":"M","dt":"16/05/1929","dvt":"Válido"},{"sqcand":160002468941,"n":16012,"nm":"CANDIDATO 16012","nmu":"CANDIDATO 16012","s":"M","dt":"17/11/1976","dvt":"Válido"},{"sqcand":160002468931,"n":16002,"nm":"CANDIDATO 16002","nmu":"CANDIDATO 16002","s":"F","dt":"12/02/1924","dvt":"Válido"},{"sqcand":160002468930,"n":16001,"nm":"CANDIDATO 16001","nmu":"CANDIDATO 16001","s":"F","dt":"18/10/1926","dvt":"Válido"},{"sqcand":160002468944,"n":16015,"nm":"CANDIDATO 16015","nmu":"CANDIDATO 16015","s":"M","dt":"07/12/1929","dvt":"Válido"},{"sqcand":160002468935,"n":16006,"nm":"CANDIDATO 16006","nmu":"CANDIDATO 16006","s":"M","dt":"21/01/1924","dvt":"Válido"}]}]},{"n":160000323043,"nm":"COLIGACAO 160000323043","tp":"P","com":"P14","par":[{"n":14,"sg":" P14 ","nm":"PARTIDO 14","cand":[{"sqcand":160002468889,"n":14011,"nm":"CANDIDATO 14011","nmu":"CANDIDATO 14011","s":"M","dt":"03/02/1929","dvt":"Válido"},{"sqcand":160002468886,"n":14008,"nm":"CANDIDATO 14008","nmu":"CANDIDATO 14008","s":"M","dt":"02/11/1925","dvt":"Válido"},{"sqcand":160002468888,"n":14010,"nm":"CANDIDATO 14010","nmu":"CANDIDATO 14010","s":"M","dt":"24/02/1929","dvt":"Válido"},{"sqcand":160002468884,"n":14006,"nm":"CANDIDATO 14006","nmu":"CANDIDATO 14006","s":"M","dt":"26/12/1929","dvt":"Válido"},{"sqcand":160002468885,"n":14007,"nm":"CANDIDATO 14007","nmu":"CANDIDATO 14007","s":"M","dt":"12/08/1929","dvt":"Válido"},{"sqcand":160002468892,"n":14014,"nm":"CANDIDATO 14014","nmu":"CANDIDATO 14014","s":"M","dt":"20/02/1929","dvt":"Válido"},{"sqcand":160002468893,"n":14015,"nm":"CANDIDATO 14015","nmu":"CANDIDATO 14015","s":"M","dt":"29/05/1929","dvt":"Válido"},{"sqcand":160002468890,"n":14012,"nm":"CANDIDATO 14012","nmu":"CANDIDATO 14012","s":"M","dt":"01/05/1929","dvt":"Válido"},{"sqcand":160002468887,"n":14009,"nm":"CANDIDATO 14009","nmu":"CANDIDATO 14009","s":"M","dt":"22/04/1929","dvt":"Válido"},{"sqcand":160002468879,"n":14001,"nm":"CANDIDATO 14001","nmu":"CANDIDATO 14001","s":"F","dt":"12/07/1980","dvt":"Válido"},{"sqcand":160002468881,"n":14003,"nm":"CANDIDATO 14003","nmu":"CANDIDATO 14003","s":"F","dt":"10/01/1928","dvt":"Válido"},{"sqcand":160002468880,"n":14002,"nm":"CANDIDATO 14002","nmu":"CANDIDATO 14002","s":"F","dt":"05/11/1928","dvt":"Válido"},{"sqcand":160002468882,"n":14004,"nm":"CANDIDATO 14004","nmu":"CANDIDATO 14004","s":"F","dt":"02/03/1929","dvt":"Válido"},{"sqcand":160002468883,"n":14005,"nm":"CANDIDATO 14005","nmu":"CANDIDATO 14005","s":"M","dt":"15/11/1929","dvt":"Válido"},{"sqcand":160002468891,"n":14013,"nm":"CANDIDATO 14013","nmu":"CANDIDATO 14013","s":"M","dt":"26/01/1925","dvt":"Válido"}]}]}]}}