{"ele":8707,"cdabr":"74039","nmabr":"ADRIANÓPOLIS","t":1,"f":"S","s":"N","dg":"13/10/2020","hg":"20:03:44","v":"005","br":{"nm":"Brasil","uf":[{"sg":"PR","nm":"PARANÁ","mun":[{"cd":"74039","nm":"ADRIANÓPOLIS","c":"N","s":24,"e":5076,"tzon":1,"zon":[{"cd":"0048","s":24,"e":5076}]}]}]},"carg":{"cd":13,"nmn":"Vereador","nmm":"Vereador","nmf":"Vereadora","nv":15,"col":[{"n":160000329117,"nm":"COLIGACAO 160000329117","tp":"P","com":"P14","par":[{"n":14,"sg":" P14 ","nm":"PARTIDO 14","cand":[{"sqcand":160002489003,"n":14013,"nm":"CANDIDATO 14013","nmu":"CANDIDATO 14013","s":"M","dt":"15/08/1946","dvt":"Válido"},{"sqcand":160002489004,"n":14014,"nm":"CANDIDATO 14014","nmu":"CANDIDATO 14014","s":"M","dt":"28/01/1928","dvt":"Válido"},{"sqcand":160002489005,"n":14015,"nm":"CANDIDATO 14015","nmu":"CANDIDATO 14015","s":"M","dt":"18/07/1925","dvt":"Válido"},{"sqcand":160002488998,"n":14008,"nm":"CANDIDATO 14008","nmu":"CANDIDATO 14008","s":"M","dt":"15/01/1929","dvt":"Válido"},{"sqcand":160002488999,"n":14009,"nm":"CANDIDATO 14009","nmu":"CANDIDATO 14009","s":"M","dt":"17/10/1975","dvt":"Válido"},{"sqcand":160002489001,"n":14011,"nm":"CANDIDATO 14011","nmu":"CANDIDATO 14011","s":"M","dt":"30/04/1962","dvt":"Válido"},{"sqcand":160002488994,"n":14004,"nm":"CANDIDATO 14004","nmu":"CANDIDATO 14004","s":"F","dt":"11/07/1929","dvt":"Válido"},{"sqcand":160002488997,"n":14007,"nm":"CANDIDATO 14007","nmu":"CANDIDATO 14007","s":"M","dt":"22/08/1929","dvt":"Válido"},{"sqcand":160002488996,"n":14006,"nm":"CANDIDATO 14006","nmu":"CANDIDATO 14006","s":"M","dt":"04/05/1981","dvt":"Válido"},{"sqcand":160002488992,"n":14002,"nm":"CANDIDATO 14002","nmu":"CANDIDATO 14002","s":"F","dt":"18/05/1988","dvt":"Válido"},{"sqcand":160002488991,"n":14001,"nm":"CANDIDATO 14001","nmu":"CANDIDATO 14001","s":"F","dt":"05/10/1984","dvt":"Válido"},{"sqcand":160002489000,"n":14010,"nm":"CANDIDATO 14010","nmu":"CANDIDATO 14010","s":"M","dt":"24/05/1929","dvt":"Válido"},{"sqcand":160002489002,"n":14012,"nm":"CANDIDATO 14012","nmu":"CANDIDATO 14012","s":"M","dt":"05/07/1927","dvt":"Válido"},{"sqcand":160002488993,"n":14003,"nm":"CANDIDATO 14003","nmu":"CANDIDATO 14003","s":"F","dt":"28/11/1966","dvt":"Válido"},{"sqcand":160002488995,"n":14005,"nm":"CANDIDATO 14005","nmu":"CANDIDATO 14005","s":"M","dt":"11/04/1929","dvt":"Válido"}]}]},{"n":160000329120,"nm":"COLIGACAO 160000329120","tp":"P","com":"P16","par":[{"n":16,"sg":" P16 ","nm":"PARTIDO 16","cand":[{"sqcand":160002489041,"n":16006,"nm":"CANDIDATO 16006","nmu":"CANDIDATO 16006","s":"M","dt":"02/12/1929","dvt":"Válido"},{"sqcand":160002489044,"n":16009,"nm":"CANDIDATO 16009","nmu":"CANDIDATO 16009","s":"M","dt":"07/01/1974","dvt":"Válido"},{"sqcand":160002489046,"n":16011,"nm":"CANDIDATO 16011","nmu":"CANDIDATO 16011","s":"M","dt":"28/07/1972","dvt":"Válido"},{"sqcand":160002489037,"n":16002,"nm":"CANDIDATO 16002","nmu":"CANDIDATO 16002","s":"F","dt":"28/02/1983","dvt":"Válido"},{"sqcand":160002489045,"n":16010,"nm":"CANDIDATO 16010","nmu":"CANDIDATO 16010","s":"M","dt":"12/05/1927","dvt":"Válido"},{"sqcand":160002489040,"n":16005,"nm":"CANDIDATO 16005","nmu":"CANDIDATO 16005","s":"M","dt":"11/05/1928","dvt":"Válido"},{"sqcand":160002489047,"n":16012,"nm":"CANDIDATO 16012","nmu":"CANDIDATO 16012","s":"M","dt":"23/05/1929","dvt":"Válido"},{"sqcand":160002489042,"n":16007,"nm":"CANDIDATO 16007","nmu":"CANDIDATO 16007","s":"M","dt":"01/05/1927","dvt":"Válido"},{"sqcand":160002489043,"n":16008,"nm":"CANDIDATO 16008","nmu":"CANDIDATO 16008","s":"M","dt":"19/02/1929","dvt":"Válido"},{"sqcand":160002489036,"n":16001,"nm":"CANDIDATO 16001","nmu":"CANDIDATO 16001","s":"F","dt":"07/01/1927","dvt":"Válido"},{"sqcand":160002489038,"n":16003,"nm":"CANDIDATO 16003","nmu":"CANDIDATO 16003","s":"F","dt":"17/01/1925","dvt":"Válido"},{"sqcand":160002489048,"n":16013,"nm":"CANDIDATO 16013","nmu":"CANDIDATO 16013","s":"M","dt":"26/09/1929","dvt":"Válido"},{"sqcand":160002489050,"n":16015,"nm":"CANDIDATO 16015","nmu":"CANDIDATO 16015","s":"M","dt":"28/06/1992","dvt":"Válido"},{"sqcand":160002489049,"n":16014,"nm":"CANDIDATO 16014","nmu":"CANDIDATO 16014","s":"M","dt":"02/03/1972","dvt":"Válido"},{"sqcand":160002489039,"n":16004,"nm":"CANDIDATO 16004","nmu":"CANDIDATO 16004","s":"F","dt":"03/02/1968","dvt":"Válido"}]}]}]}}