{"ele":8707,"cdabr":"74144","nmabr":"BOA ESPERANÇA DO IGUAÇU","t":1,"f":"S","s":"N","dg":"13/10/2020","hg":"20:03:41","v":"005","br":{"nm":"Brasil","uf":[{"sg":"PR","nm":"PARANÁ","mun":[{"cd":"74144","nm":"BOA ESPERANÇA DO IGUAÇU","c":"N","s":8,"e":2322,"tzon":1,"zon":[{"cd":"0115","s":8,"e":2322}]}]}]},"carg":{"cd":13,"nmn":"Vereador","nmm":"Vereador","nmf":"Vereadora","nv":15,"col":[{"n":160000328518,"nm":"COLIGACAO 160000328518","tp":"P","com":"P14","par":[{"n":14,"sg":" P14 ","nm":"PARTIDO 14","cand":[{"sqcand":160002486106,"n":14013,"nm":"CANDIDATO 14013","nmu":"CANDIDATO 14013","s":"M","dt":"19/10/1929","dvt":"Válido"},{"sqcand":160002486097,"n":14004,"nm":"CANDIDATO 14004","nmu":"CANDIDATO 14004","s":"F","dt":"20/08/1929","dvt":"Válido"},{"sqcand":160002486102,"n":14009,"nm":"CANDIDATO 14009","nmu":"CANDIDATO 14009","s":"M","dt":"20/10/1922","dvt":"Válido"},{"sqcand":160002486107,"n":14014,"nm":"CANDIDATO 14014","nmu":"CANDIDATO 14014","s":"M","dt":"01/06/1924","dvt":"Válido"},{"sqcand":160002486095,"n":14002,"nm":"CANDIDATO 14002","nmu":"CANDIDATO 14002","s":"F","dt":"15/01/1928","dvt":"Válido"},{"sqcand":160002486098,"n":14005,"nm":"CANDIDATO 14005","nmu":"CANDIDATO 14005","s":"M","dt":"04/12/1929","dvt":"Válido"},{"sqcand":160002486100,"n":14007,"nm":"CANDIDATO 14007","nmu":"CANDIDATO 14007","s":"M","dt":"08/08/1958","dvt":"Válido"},{"sqcand":160002486103,"n":14010,"nm":"CANDIDATO 14010","nmu":"CANDIDATO 14010","s":"M","dt":"05/10/1921","dvt":"Válido"},{"sqcand":160002486101,"n":14008,"nm":"CANDIDATO 14008","nmu":"CANDIDATO 14008","s":"M","dt":"01/09/1929","dvt":"Válido"},{"sqcand":160002486094,"n":14001,"nm":"CANDIDATO 14001","nmu":"CANDIDATO 14001","s":"F","dt":"21/02/1929","dvt":"Válido"},{"sqcand":160002486104,"n":14011,"nm":"CANDIDATO 14011","nmu":"CANDIDATO 14011","s":"M","dt":"29/08/1925","dvt":"Válido"},{"sqcand":160002486096,"n":14003,"nm":"CANDIDATO 14003","nmu":"CANDIDATO 14003","s":"F","dt":"20/11/1926","dvt":"Válido"},{"sqcand":160002486099,"n":14006,"nm":"CANDIDATO 14006","nmu":"CANDIDATO 14006","s":"M","dt":"18/06/1923","dvt":"Válido"},{"sqcand":160002486105,"n":14012,"nm":"CANDIDATO 14012","nmu":"CANDIDATO 14012","s":"M","dt":"07/03/1929","dvt":"Válido"},{"sqcand":160002486108,"n":14015,"nm":"CANDIDATO 14015","nmu":"CANDIDATO 14015","s":"M","dt":"30/12/1929","dvt":"Válido"}]}]},{"n":160000328526,"nm":"COLIGACAO 160000328526","tp":"P","com":"P16","par":[{"n":16,"sg":" P16 ","nm":"PARTIDO 16","cand":[{"sqcand":160002486168,"n":16007,"nm":"CANDIDATO 16007","nmu":"CANDIDATO 16007","s":"M","dt":"25/03/1994","dvt":"Válido"},{"sqcand":160002486169,"n":16008,"nm":"CANDIDATO 16008","nmu":"CANDIDATO 16008","s":"M","dt":"19/07/1991","dvt":"Válido"},{"sqcand":160002486171,"n":16010,"nm":"CANDIDATO 16010","nmu":"CANDIDATO 16010","s":"M","dt":"27/11/1961","dvt":"Válido"},{"sqcand":160002486176,"n":16015,"nm":"CANDIDATO 16015","nmu":"CANDIDATO 16015","s":"M","dt":"23/06/1924","dvt":"Válido"},{"sqcand":160002486162,"n":16001,"nm":"CANDIDATO 16001","nmu":"CANDIDATO 16001","s":"F","dt":"01/01/1968","dvt":"Válido"},{"sqcand":160002486173,"n":16012,"nm":"CANDIDATO 16012","nmu":"CANDIDATO 16012","s":"M","dt":"16/05/1923","dvt":"Válido"},{"sqcand":160002486175,"n":16014,"nm":"CANDIDATO 16014","nmu":"CANDIDATO 16014","s":"M","dt":"13/08/1929","dvt":"Válido"},{"sqcand":160002486167,"n":16006,"nm":"CANDIDATO 16006","nmu":"CANDIDATO 16006","s":"M","dt":"26/03/1929","dvt":"Válido"},{"sqcand":160002486164,"n":16003,"nm":"CANDIDATO 16003","nmu":"CANDIDATO 16003","s":"F","dt":"28/01/1929","dvt":"Válido"},{"sqcand":160002486165,"n":16004,"nm":"CANDIDATO 16004","nmu":"CANDIDATO 16004","s":"F","dt":"07/02/1924","dvt":"Válido"},{"sqcand":160002486170,"n":16009,"nm":"CANDIDATO 16009","nmu":"CANDIDATO 16009","s":"M","dt":"10/09/1926","dvt":"Válido"},{"sqcand":160002486163,"n":16002,"nm":"CANDIDATO 16002","nmu":"CANDIDATO 16002","s":"F","dt":"05/11/1929","dvt":"Válido"},{"sqcand":160002486166,"n":16005,"nm":"CANDIDATO 16005","nmu":"CANDIDATO 16005","s":"M","dt":"20/03/1980","dvt":"Válido"},{"sqcand":160002486172,"n":16011,"nm":"CANDIDATO 16011","nmu":"CANDIDATO 16011","s":"M","dt":"28/06/1968","dvt":"Válido"},{"sqcand":160002486174,"n":16013,"nm":"CANDIDATO 16013","nmu":"CANDIDATO 16013","s":"M","dt":"20/03/1957","dvt":"Válido"}]}]}]}}