{"ele":8707,"cdabr":"74152","nmabr":"AMAPORÃ","t":1,"f":"S","s":"N","dg":"13/10/2020","hg":"20:03:38","v":"005","br":{"nm":"Brasil","uf":[{"sg":"PR","nm":"PARANÁ","mun":[{"cd":"74152","nm":"AMAPORÃ","c":"N","s":13,"e":3807,"tzon":1,"zon":[{"cd":"0072","s":13,"e":3807}]}]}]},"carg":{"cd":13,"nmn":"Vereador","nmm":"Vereador","nmf":"Vereadora","nv":15,"col":[{"n":160000323319,"nm":"COLIGACAO 160000323319","tp":"P","com":"P16","par":[{"n":16,"sg":" P16 ","nm":"PARTIDO 16","cand":[{"sqcand":160002470554,"n":16002,"nm":"CANDIDATO 16002","nmu":"CANDIDATO 16002","s":"F","dt":"14/08/1997","dvt":"Válido"},{"sqcand":160002470562,"n":16010,"nm":"CANDIDATO 16010","nmu":"CANDIDATO 16010","s":"M","dt":"11/08/1924","dvt":"Válido"},{"sqcand":160002470556,"n":16004,"nm":"CANDIDATO 16004","nmu":"CANDIDATO 16004","s":"F","dt":"04/12/1970","dvt":"Válido"},{"sqcand":160002470561,"n":16009,"nm":"CANDIDATO 16009","nmu":"CANDIDATO 16009","s":"M","dt":"10/04/1975","dvt":"Válido"},{"sqcand":160002470564,"n":16012,"nm":"CANDIDATO 16012","nmu":"CANDIDATO 16012","s":"M","dt":"30/11/1928","dvt":"Válido"},{"sqcand":160002470567,"n":16015,"nm":"CANDIDATO 16015","nmu":"CANDIDATO 16015","s":"M","dt":"22/05/1929","dvt":"Válido"},{"sqcand":160002470555,"n":16003,"nm":"CANDIDATO 16003","nmu":"CANDIDATO 16003","s":"F","dt":"24/06/1929","dvt":"Válido"},{"sqcand":160002470557,"n":16005,"nm":"CANDIDATO 16005","nmu":"CANDIDATO 16005","s":"M","dt":"30/08/1926","dvt":"Válido"},{"sqcand":160002470558,"n":16006,"nm":"CANDIDATO 16006","nmu":"CANDIDATO 16006","s":"M","dt":"14/08/1929","dvt":"Válido"},{"sqcand":160002470559,"n":16007,"nm":"CANDIDATO 16007","nmu":"CANDIDATO 16007","s":"M","dt":"20/06/1929","dvt":"Válido"},{"sqcand":160002470553,"n":16001,"nm":"CANDIDATO 16001","nmu":"CANDIDATO 16001","s":"F","dt":"14/02/1927","dvt":"Válido"},{"sqcand":160002470560,"n":16008,"nm":"CANDIDATO 16008","nmu":"CANDIDATO 16008","s":"M","dt":"24/04/1929","dvt":"Válido"},{"sqcand":160002470565,"n":16013,"nm":"CANDIDATO 16013","nmu":"CANDIDATO 16013","s":"M","dt":"05/11/1929","dvt":"Válido"},{"sqcand":160002470566,"n":16014,"nm":"CANDIDATO 16014","nmu":"CANDIDATO 16014","s":"M","dt":"22/09/1929","dvt":"Válido"},{"sqcand":160002470563,"n":16011,"nm":"CANDIDATO 16011","nmu":"CANDIDATO 16011","s":"M","dt":"15/02/1929","dvt":"Válido"}]}]},{"n":160000323315,"nm":"COLIGACAO 160000323315","tp":"P","com":"P14","par":[{"n":14,"sg":" P14 ","nm":"PARTIDO 14","cand":[{"sqcand":160002470506,"n":14014,"nm":"CANDIDATO 14014","nmu":"CANDIDATO 14014","s":"M","dt":"06/10/1929","dvt":"Válido"},{"sqcand":160002470500,"n":14008,"nm":"CANDIDATO 14008","nmu":"CANDIDATO 14008","s":"M","dt":"08/07/1929","dvt":"Válido"},{"sqcand":160002470505,"n":14013,"nm":"CANDIDATO 14013","nmu":"CANDIDATO 14013","s":"M","dt":"03/02/1929","dvt":"Válido"},{"sqcand":160002470497,"n":14005,"nm":"CANDIDATO 14005","nmu":"CANDIDATO 14005","s":"M","dt":"10/07/1929","dvt":"Válido"},{"sqcand":160002470501,"n":14009,"nm":"CANDIDATO 14009","nmu":"CANDIDATO 14009","s":"M","dt":"01/07/1996","dvt":"Válido"},{"sqcand":160002470507,"n":14015,"nm":"CANDIDATO 14015","nmu":"CANDIDATO 14015","s":"M","dt":"12/03/1922","dvt":"Válido"},{"sqcand":160002470494,"n":14002,"nm":"CANDIDATO 14002","nmu":"CANDIDATO 14002","s":"F","dt":"30/03/1994","dvt":"Válido"},{"sqcand":160002470495,"n":14003,"nm":"CANDIDATO 14003","nmu":"CANDIDATO 14003","s":"F","dt":"25/06/1929","dvt":"Válido"},{"sqcand":160002470496,"n":14004,"nm":"CANDIDATO 14004","nmu":"CANDIDATO 14004","s":"F","dt":"27/08/1928","dvt":"Válido"},{"sqcand":160002470493,"n":14001,"nm":"CANDIDATO 14001","nmu":"CANDIDATO 14001","s":"F","dt":"18/02/1925","dvt":"Válido"},{"sqcand":160002470499,"n":14007,"nm":"CANDIDATO 14007","nmu":"CANDIDATO 14007","s":"M","dt":"10/09/1947","dvt":"Válido"},{"sqcand":160002470504,"n":14012,"nm":"CANDIDATO 14012","nmu":"CANDIDATO 14012","s":"M","dt":"10/02/1929","dvt":"Válido"},{"sqcand":160002470498,"n":14006,"nm":"CANDIDATO 14006","nmu":"CANDIDATO 14006","s":"M","dt":"02/05/1959","dvt":"Válido"},{"sqcand":160002470502,"n":14010,"nm":"CANDIDATO 14010","nmu":"CANDIDATO 14010","s":"M","dt":"30/03/1929","dvt":"Válido"},{"sqcand":160002470503,"n":14011,"nm":"CANDIDATO 14011","nmu":"CANDIDATO 14011","s":"M","dt":"22/07/1920","dvt":"Válido"}]}]}]}}