{"ele":8707,"cdabr":"74608","nmabr":"NOVA SANTA BÁRBARA","t":1,"f":"S","s":"N","dg":"13/10/2020","hg":"20:03:38","v":"005","br":{"nm":"Brasil","uf":[{"sg":"PR","nm":"PARANÁ","mun":[{"cd":"74608","nm":"NOVA SANTA BÁRBARA","c":"N","s":11,"e":3315,"tzon":1,"zon":[{"cd":"0063","s":11,"e":3315}]}]}]},"carg":{"cd":13,"nmn":"Vereador","nmm":"Vereador","nmf":"Vereadora","nv":15,"col":[{"n":160000322859,"nm":"COLIGACAO 160000322859","tp":"P","com":"P16","par":[{"n":16,"sg":" P16 ","nm":"PARTIDO 16","cand":[{"sqcand":160002467703,"n":16003,"nm":"CANDIDATO 16003","nmu":"CANDIDATO 16003","s":"F","dt":"29/12/1929","dvt":"Válido"},{"sqcand":160002467712,"n":16012,"nm":"CANDIDATO 16012","nmu":"CANDIDATO 16012","s":"M","dt":"24/06/1929","dvt":"Válido"},{"sqcand":160002467714,"n":16014,"nm":"CANDIDATO 16014","nmu":"CANDIDATO 16014","s":"M","dt":"24/10/1929","dvt":"Válido"},{"sqcand":160002467706,"n":16006,"nm":"CANDIDATO 16006","nmu":"CANDIDATO 16006","s":"M","dt":"11/05/1966","dvt":"Válido"},{"sqcand":160002467708,"n":16008,"nm":"CANDIDATO 16008","nmu":"CANDIDATO 16008","s":"M","dt":"29/11/1929","dvt":"Válido"},{"sqcand":160002467709,"n":16009,"nm":"CANDIDATO 16009","nmu":"CANDIDATO 16009","s":"M","dt":"15/07/1929","dvt":"Válido"},{"sqcand":160002467710,"n":16010,"nm":"CANDIDATO 16010","nmu":"CANDIDATO 16010","s":"M","dt":"04/04/1953","dvt":"Válido"},{"sqcand":160002467715,"n":16015,"nm":"CANDIDATO 16015","nmu":"CANDIDATO 16015","s":"M","dt":"05/12/1929","dvt":"Válido"},{"sqcand":160002467704,"n":16004,"nm":"CANDIDATO 16004","nmu":"CANDIDATO 16004","s":"F","dt":"25/08/1929","dvt":"Válido"},{"sqcand":160002467707,"n":16007,"nm":"CANDIDATO 16007","nmu":"CANDIDATO 16007","s":"M","dt":"22/04/1929","dvt":"Válido"},{"sqcand":160002467702,"n":16002,"nm":"CANDIDATO 16002","nmu":"CANDIDATO 16002","s":"F","dt":"29/12/1991","dvt":"Válido"},{"sqcand":160002467705,"n":16005,"nm":"CANDIDATO 16005","nmu":"CANDIDATO 16005","s":"M","dt":"31/12/1957","dvt":"Válido"},{"sqcand":160002467713,"n":16013,"nm":"CANDIDATO 16013","nmu":"CANDIDATO 16013","s":"M","dt":"17/07/1929","dvt":"Válido"},{"sqcand":160002467701,"n":16001,"nm":"CANDIDATO 16001","nmu":"CANDIDATO 16001","s":"F","dt":"30/12/1929","dvt":"Válido"},{"sqcand":160002467711,"n":16011,"nm":"CANDIDATO 16011","nmu":"CANDIDATO 16011","s":"M","dt":"06/08/1967","dvt":"Válido"}]}]},{"n":160000322853,"nm":"COLIGACAO 160000322853","tp":"P","com":"P14","par":[{"n":14,"sg":" P14 ","nm":"PARTIDO 14","cand":[{"sqcand":160002467654,"n":14005,"nm":"CANDIDATO 14005","nmu":"CANDIDATO 14005","s":"M","dt":"29/05/1929","dvt":"Válido"},{"sqcand":160002467663,"n":14014,"nm":"CANDIDATO 14014","nmu":"CANDIDATO 14014","s":"M","dt":"11/12/1920","dvt":"Válido"},{"sqcand":160002467651,"n":14002,"nm":"CANDIDATO 14002","nmu":"CANDIDATO 14002","s":"F","dt":"25/09/1927","dvt":"Válido"},{"sqcand":160002467658,"n":14009,"nm":"CANDIDATO 14009","nmu":"CANDIDATO 14009","s":"M","dt":"02/08/1967","dvt":"Válido"},{"sqcand":160002467650,"n":14001,"nm":"CANDIDATO 14001","nmu":"CANDIDATO 14001","s":"F","dt":"10/05/1929","dvt":"Válido"},{"sqcand":160002467652,"n":14003,"nm":"CANDIDATO 14003","nmu":"CANDIDATO 14003","s":"F","dt":"10/07/1954","dvt":"Válido"},{"sqcand":160002467653,"n":14004,"nm":"CANDIDATO 14004","nmu":"CANDIDATO 14004","s":"F","dt":"05/10/1926","dvt":"Válido"},{"sqcand":160002467656,"n":14007,"nm":"CANDIDATO 14007","nmu":"CANDIDATO 14007","s":"M","dt":"19/07/1920","dvt":"Válido"},{"sqcand":160002467657,"n":14008,"nm":"CANDIDATO 14008","nmu":"CANDIDATO 14008","s":"M","dt":"25/03/1994","dvt":"Válido"},{"sqcand":160002467660,"n":14011,"nm":"CANDIDATO 14011","nmu":"CANDIDATO 14011","s":"M","dt":"08/01/1965","dvt":"Válido"},{"sqcand":160002467655,"n":14006,"nm":"CANDIDATO 14006","nmu":"CANDIDATO 14006","s":"M","dt":"28/06/1968","dvt":"Válido"},{"sqcand":160002467659,"n":14010,"nm":"CANDIDATO 14010","nmu":"CANDIDATO 14010","s":"M","dt":"04/03/1929","dvt":"Válido"},{"sqcand":160002467661,"n":14012,"nm":"CANDIDATO 14012","nmu":"CANDIDATO 14012","s":"M","dt":"01/01/1929","dvt":"Válido"},{"sqcand":160002467662,"n":14013,"nm":"CANDIDATO 14013","nmu":"CANDIDATO 14013","s":"M","dt":"03/10/1929","dvt":"Válido"},{"sqcand":160002467664,"n":14015,"nm":"CANDIDATO 14015","nmu":"CANDIDATO 14015","s":"M","dt":"03/12/1929","dvt":"Válido"}]}]}]}}