{"ele":8707,"cdabr":"74195","nmabr":"ANDIRÁ","t":1,"f":"S","s":"N","dg":"13/10/2020","hg":"20:03:35","v":"005","br":{"nm":"Brasil","uf":[{"sg":"PR","nm":"PARANÁ","mun":[{"cd":"74195","nm":"ANDIRÁ","c":"N","s":55,"e":16354,"tzon":1,"zon":[{"cd":"0057","s":55,"e":16354}]}]}]},"carg":{"cd":13,"nmn":"Vereador","nmm":"Vereador","nmf":"Vereadora","nv":15,"col":[{"n":160000322666,"nm":"COLIGACAO 160000322666","tp":"P","com":"P16","par":[{"n":16,"sg":" P16 ","nm":"PARTIDO 16","cand":[{"sqcand":160002466506,"n":16009,"nm":"CANDIDATO 16009","nmu":"CANDIDATO 16009","s":"M","dt":"14/05/1975","dvt":"Válido"},{"sqcand":160002466507,"n":16010,"nm":"CANDIDATO 16010","nmu":"CANDIDATO 16010","s":"M","dt":"10/11/1928","dvt":"Válido"},{"sqcand":160002466499,"n":16002,"nm":"CANDIDATO 16002","nmu":"CANDIDATO 16002","s":"F","dt":"01/03/1929","dvt":"Válido"},{"sqcand":160002466512,"n":16015,"nm":"CANDIDATO 16015","nmu":"CANDIDATO 16015","s":"M","dt":"28/08/1929","dvt":"Válido"},{"sqcand":160002466505,"n":16008,"nm":"CANDIDATO 16008","nmu":"CANDIDATO 16008","s":"M","dt":"04/04/1991","dvt":"Válido"},{"sqcand":160002466509,"n":16012,"nm":"CANDIDATO 16012","nmu":"CANDIDATO 16012","s":"M","dt":"10/05/1988","dvt":"Válido"},{"sqcand":160002466498,"n":16001,"nm":"CANDIDATO 16001","nmu":"CANDIDATO 16001","s":"F","dt":"27/05/1928","dvt":"Válido"},{"sqcand":160002466500,"n":16003,"nm":"CANDIDATO 16003","nmu":"CANDIDATO 16003","s":"F","dt":"30/12/1927","dvt":"Válido"},{"sqcand":160002466504,"n":16007,"nm":"CANDIDATO 16007","nmu":"CANDIDATO 16007","s":"M","dt":"22/08/1971","dvt":"Válido"},{"sqcand":160002466510,"n":16013,"nm":"CANDIDATO 16013","nmu":"CANDIDATO 16013","s":"M","dt":"02/05/1929","dvt":"Válido"},{"sqcand":160002466502,"n":16005,"nm":"CANDIDATO 16005","nmu":"CANDIDATO 16005","s":"M","dt":"19/01/1928","dvt":"Válido"},{"sqcand":160002466501,"n":16004,"nm":"CANDIDATO 16004","nmu":"CANDIDATO 16004","s":"F","dt":"08/11/1954","dvt":"Válido"},{"sqcand":160002466508,"n":16011,"nm":"CANDIDATO 16011","nmu":"CANDIDATO 16011","s":"M","dt":"05/02/1988","dvt":"Válido"},{"sqcand":160002466511,"n":16014,"nm":"CANDIDATO 16014","nmu":"CANDIDATO 16014","s":"M","dt":"25/08/1922","dvt":"Válido"},{"sqcand":160002466503,"n":16006,"nm":"CANDIDATO 16006","nmu":"CANDIDATO 16006","s":"M","dt":"14/03/1956","dvt":"Válido"}]}]},{"n":160000322660,"nm":"COLIGACAO 160000322660","tp":"P","com":"P14","par":[{"n":14,"sg":" P14 ","nm":"PARTIDO 14","cand":[{"sqcand":160002466461,"n":14015,"nm":"CANDIDATO 14015","nmu":"CANDIDATO 14015","s":"M","dt":"16/06/1922","dvt":"Válido"},{"sqcand":160002466452,"n":14006,"nm":"CANDIDATO 14006","nmu":"CANDIDATO 14006","s":"M","dt":"18/12/1923","dvt":"Válido"},{"sqcand":160002466453,"n":14007,"nm":"CANDIDATO 14007","nmu":"CANDIDATO 14007","s":"M","dt":"30/04/1926","dvt":"Válido"},{"sqcand":160002466456,"n":14010,"nm":"CANDIDATO 14010","nmu":"CANDIDATO 14010","s":"M","dt":"21/07/1929","dvt":"Válido"},{"sqcand":160002466457,"n":14011,"nm":"CANDIDATO 14011","nmu":"CANDIDATO 14011","s":"M","dt":"06/06/1920","dvt":"Válido"},{"sqcand":160002466459,"n":14013,"nm":"CANDIDATO 14013","nmu":"CANDIDATO 14013","s":"M","dt":"02/01/1955","dvt":"Válido"},{"sqcand":160002466447,"n":14001,"nm":"CANDIDATO 14001","nmu":"CANDIDATO 14001","s":"F","dt":"07/05/1929","dvt":"Válido"},{"sqcand":160002466450,"n":14004,"nm":"CANDIDATO 14004","nmu":"CANDIDATO 14004","s":"F","dt":"20/01/1927","dvt":"Válido"},{"sqcand":160002466454,"n":14008,"nm":"CANDIDATO 14008","nmu":"CANDIDATO 14008","s":"M","dt":"12/04/1926","dvt":"Válido"},{"sqcand":160002466448,"n":14002,"nm":"CANDIDATO 14002","nmu":"CANDIDATO 14002","s":"F","dt":"05/06/1929","dvt":"Válido"},{"sqcand":160002466449,"n":14003,"nm":"CANDIDATO 14003","nmu":"CANDIDATO 14003","s":"F","dt":"15/04/1925","dvt":"Válido"},{"sqcand":160002466451,"n":14005,"nm":"CANDIDATO 14005","nmu":"CANDIDATO 14005","s":"M","dt":"26/05/1958","dvt":"Válido"},{"sqcand":160002466455,"n":14009,"nm":"CANDIDATO 14009","nmu":"CANDIDATO 14009","s":"M","dt":"27/04/1929","dvt":"Válido"},{"sqcand":160002466458,"n":14012,"nm":"CANDIDATO 14012","nmu":"CANDIDATO 14012","s":"M","dt":"03/08/1929","dvt":"Válido"},{"sqcand":160002466460,"n":14014,"nm":"CANDIDATO 14014","nmu":"CANDIDATO 14014","s":"M","dt":"28/01/1929","dvt":"Válido"}]}]}]}}