{"ele":8707,"cdabr":"74128","nmabr":"ÂNGULO","t":1,"f":"S","s":"N","dg":"13/10/2020","hg":"20:03:43","v":"005","br":{"nm":"Brasil","uf":[{"sg":"PR","nm":"PARANÁ","mun":[{"cd":"74128","nm":"ÂNGULO","c":"N","s":8,"e":2477,"tzon":1,"zon":[{"cd":"0150","s":8,"e":2477}]}]}]},"carg":{"cd":13,"nmn":"Vereador","nmm":"Vereador","nmf":"Vereadora","nv":15,"col":[{"n":160000338240,"nm":"COLIGACAO 160000338240","tp":"P","com":"P24","par":[{"n":24,"sg":" P24 ","nm":"PARTIDO 24","cand":[{"sqcand":160002520895,"n":24010,"nm":"CANDIDATO 24010","nmu":"CANDIDATO 24010","s":"M","dt":"13/04/1929","dvt":"Válido"},{"sqcand":160002520898,"n":24013,"nm":"CANDIDATO 24013","nmu":"CANDIDATO 24013","s":"M","dt":"27/08/1929","dvt":"Válido"},{"sqcand":160002520888,"n":24003,"nm":"CANDIDATO 24003","nmu":"CANDIDATO 24003","s":"F","dt":"04/07/1929","dvt":"Válido"},{"sqcand":160002520891,"n":24006,"nm":"CANDIDATO 24006","nmu":"CANDIDATO 24006","s":"M","dt":"28/08/1922","dvt":"Válido"},{"sqcand":160002520892,"n":24007,"nm":"CANDIDATO 24007","nmu":"CANDIDATO 24007","s":"M","dt":"29/12/1929","dvt":"Válido"},{"sqcand":160002520893,"n":24008,"nm":"CANDIDATO 24008","nmu":"CANDIDATO 24008","s":"M","dt":"22/05/1929","dvt":"Válido"},{"sqcand":160002520896,"n":24011,"nm":"CANDIDATO 24011","nmu":"CANDIDATO 24011","s":"M","dt":"18/01/1929","dvt":"Válido"},{"sqcand":160002520897,"n":24012,"nm":"CANDIDATO 24012","nmu":"CANDIDATO 24012","s":"M","dt":"02/02/1924","dvt":"Válido"},{"sqcand":160002520900,"n":24015,"nm":"CANDIDATO 24015","nmu":"CANDIDATO 24015","s":"M","dt":"29/05/1929","dvt":"Válido"},{"sqcand":160002520886,"n":24001,"nm":"CANDIDATO 24001","nmu":"CANDIDATO 24001","s":"F","dt":"12/12/1925","dvt":"Válido"},{"sqcand":160002520899,"n":24014,"nm":"CANDIDATO 24014","nmu":"CANDIDATO 24014","s":"M","dt":"25/12/1928","dvt":"Válido"},{"sqcand":160002520889,"n":24004,"nm":"CANDIDATO 24004","nmu":"CANDIDATO 24004","s":"F","dt":"29/11/1927","dvt":"Válido"},{"sqcand":160002520890,"n":24005,"nm":"CANDIDATO 24005","nmu":"CANDIDATO 24005","s":"M","dt":"30/09/1965","dvt":"Válido"},{"sqcand":160002520887,"n":24002,"nm":"CANDIDATO 24002","nmu":"CANDIDATO 24002","s":"F","dt":"18/11/1926","dvt":"Válido"},{"sqcand":160002520894,"n":24009,"nm":"CANDIDATO 24009","nmu":"CANDIDATO 24009","s":"M","dt":"10/01/1929","dvt":"Válido"}]}]},{"n":160000338242,"nm":"COLIGACAO 160000338242","tp":"P","com":"P16","par":[{"n":16,"sg":" P16 ","nm":"PARTIDO 16","cand":[{"sqcand":160002520907,"n":16005,"nm":"CANDIDATO 16005","nmu":"CANDIDATO 16005","s":"M","dt":"04/02/1968","dvt":"Válido"},{"sqcand":160002520908,"n":16006,"nm":"CANDIDATO 16006","nmu":"CANDIDATO 16006","s":"M","dt":"22/01/1929","dvt":"Válido"},{"sqcand":160002520913,"n":16011,"nm":"CANDIDATO 16011","nmu":"CANDIDATO 16011","s":"M","dt":"20/06/1929","dvt":"Válido"},{"sqcand":160002520915,"n":16013,"nm":"CANDIDATO 16013","nmu":"CANDIDATO 16013","s":"M","dt":"20/06/1929","dvt":"Válido"},{"sqcand":160002520903,"n":16001,"nm":"CANDIDATO 16001","nmu":"CANDIDATO 16001","s":"F","dt":"10/08/1924","dvt":"Válido"},{"sqcand":160002520904,"n":16002,"nm":"CANDIDATO 16002","nmu":"CANDIDATO 16002","s":"F","dt":"29/05/1923","dvt":"Válido"},{"sqcand":160002520914,"n":16012,"nm":"CANDIDATO 16012","nmu":"CANDIDATO 16012","s":"M","dt":"01/08/1927","dvt":"Válido"},{"sqcand":160002520917,"n":16015,"nm":"CANDIDATO 16015","nmu":"CANDIDATO 16015","s":"M","dt":"12/11/1929","dvt":"Válido"},{"sqcand":160002520910,"n":16008,"nm":"CANDIDATO 16008","nmu":"CANDIDATO 16008","s":"M","dt":"20/10/1922","dvt":"Válido"},{"sqcand":160002520911,"n":16009,"nm":"CANDIDATO 16009","nmu":"CANDIDATO 16009","s":"M","dt":"11/02/1993","dvt":"Válido"},{"sqcand":160002520906,"n":16004,"nm":"CANDIDATO 16004","nmu":"CANDIDATO 16004","s":"F","dt":"11/09/1922","dvt":"Válido"},{"sqcand":160002520912,"n":16010,"nm":"CANDIDATO 16010","nmu":"CANDIDATO 16010","s":"M","dt":"10/11/1929","dvt":"Válido"},{"sqcand":160002520916,"n":16014,"nm":"CANDIDATO 16014","nmu":"CANDIDATO 16014","s":"M","dt":"26/01/1969","dvt":"Válido"},{"sqcand":160002520905,"n":16003,"nm":"CANDIDATO 16003","nmu":"CANDIDATO 16003","s":"F","dt":"06/12/1969","dvt":"Válido"},{"sqcand":160002520909,"n":16007,"nm":"CANDIDATO 16007","nmu":"CANDIDATO 16007","s":"M","dt":"26/05/1929","dvt":"Válido"}]}]}]}}