{"ele":8707,"cdabr":"74209","nmabr":"CAFEZAL DO SUL","t":1,"f":"S","s":"N","dg":"13/10/2020","hg":"20:03:43","v":"005","br":{"nm":"Brasil","uf":[{"sg":"PR","nm":"PARANÁ","mun":[{"cd":"74209","nm":"CAFEZAL DO SUL","c":"N","s":14,"e":3653,"tzon":1,"zon":[{"cd":"0097","s":14,"e":3653}]}]}]},"carg":{"cd":13,"nmn":"Vereador","nmm":"Vereador","nmf":"Vereadora","nv":15,"col":[{"n":160000324537,"nm":"COLIGACAO 160000324537","tp":"P","com":"P14","par":[{"n":14,"sg":" P14 ","nm":"PARTIDO 14","cand":[{"sqcand":160002475173,"n":14010,"nm":"CANDIDATO 14010","nmu":"CANDIDATO 14010","s":"M","dt":"11/03/1929","dvt":"Válido"},{"sqcand":160002475178,"n":14015,"nm":"CANDIDATO 14015","nmu":"CANDIDATO 14015","s":"M","dt":"19/09/1962","dvt":"Válido"},{"sqcand":160002475171,"n":14008,"nm":"CANDIDATO 14008","nmu":"CANDIDATO 14008","s":"M","dt":"02/08/1967","dvt":"Válido"},{"sqcand":160002475168,"n":14005,"nm":"CANDIDATO 14005","nmu":"CANDIDATO 14005","s":"M","dt":"15/12/1929","dvt":"Válido"},{"sqcand":160002475176,"n":14013,"nm":"CANDIDATO 14013","nmu":"CANDIDATO 14013","s":"M","dt":"23/09/1968","dvt":"Válido"},{"sqcand":160002475165,"n":14002,"nm":"CANDIDATO 14002","nmu":"CANDIDATO 14002","s":"F","dt":"15/03/1922","dvt":"Válido"},{"sqcand":160002475166,"n":14003,"nm":"CANDIDATO 14003","nmu":"CANDIDATO 14003","s":"F","dt":"28/10/1929","dvt":"Válido"},{"sqcand":160002475169,"n":14006,"nm":"CANDIDATO 14006","nmu":"CANDIDATO 14006","s":"M","dt":"05/05/1925","dvt":"Válido"},{"sqcand":160002475172,"n":14009,"nm":"CANDIDATO 14009","nmu":"CANDIDATO 14009","s":"M","dt":"18/10/1960","dvt":"Válido"},{"sqcand":160002475175,"n":14012,"nm":"CANDIDATO 14012","nmu":"CANDIDATO 14012","s":"M","dt":"15/02/1929","dvt":"Válido"},{"sqcand":160002475164,"n":14001,"nm":"CANDIDATO 14001","nmu":"CANDIDATO 14001","s":"F","dt":"02/12/1921","dvt":"Válido"},{"sqcand":160002475170,"n":14007,"nm":"CANDIDATO 14007","nmu":"CANDIDATO 14007","s":"M","dt":"28/09/1928","dvt":"Válido"},{"sqcand":160002475174,"n":14011,"nm":"CANDIDATO 14011","nmu":"CANDIDATO 14011","s":"M","dt":"10/05/1929","dvt":"Válido"},{"sqcand":160002475177,"n":14014,"nm":"CANDIDATO 14014","nmu":"CANDIDATO 14014","s":"M","dt":"14/08/1929","dvt":"Válido"},{"sqcand":160002475167,"n":14004,"nm":"CANDIDATO 14004","nmu":"CANDIDATO 14004","s":"F","dt":"10/08/1929","dvt":"Válido"}]}]},{"n":160000324540,"nm":"COLIGACAO 160000324540","tp":"P","com":"P16","par":[{"n":16,"sg":" P16 ","nm":"PARTIDO 16","cand":[{"sqcand":160002475214,"n":16006,"nm":"CANDIDATO 16006","nmu":"CANDIDATO 16006","s":"M","dt":"05/07/1923","dvt":"Válido"},{"sqcand":160002475217,"n":16009,"nm":"CANDIDATO 16009","nmu":"CANDIDATO 16009","s":"M","dt":"18/11/1928","dvt":"Válido"},{"sqcand":160002475213,"n":16005,"nm":"CANDIDATO 16005","nmu":"CANDIDATO 16005","s":"M","dt":"18/02/1929","dvt":"Válido"},{"sqcand":160002475216,"n":16008,"nm":"CANDIDATO 16008","nmu":"CANDIDATO 16008","s":"M","dt":"02/08/1929","dvt":"Válido"},{"sqcand":160002475210,"n":16002,"nm":"CANDIDATO 16002","nmu":"CANDIDATO 16002","s":"F","dt":"22/09/1928","dvt":"Válido"},{"sqcand":160002475221,"n":16013,"nm":"CANDIDATO 16013","nmu":"CANDIDATO 16013","s":"M","dt":"25/06/1929","dvt":"Válido"},{"sqcand":160002475212,"n":16004,"nm":"CANDIDATO 16004","nmu":"CANDIDATO 16004","s":"F","dt":"03/05/1929","dvt":"Válido"},{"sqcand":160002475222,"n":16014,"nm":"CANDIDATO 16014","nmu":"CANDIDATO 16014","s":"M","dt":"21/06/1929","dvt":"Válido"},{"sqcand":160002475215,"n":16007,"nm":"CANDIDATO 16007","nmu":"CANDIDATO 16007","s":"M","dt":"15/01/1924","dvt":"Válido"},{"sqcand":160002475220,"n":16012,"nm":"CANDIDATO 16012","nmu":"CANDIDATO 16012","s":"M","dt":"10/12/1992","dvt":"Válido"},{"sqcand":160002475223,"n":16015,"nm":"CANDIDATO 16015","nmu":"CANDIDATO 16015","s":"M","dt":"02/08/1982","dvt":"Válido"},{"sqcand":160002475209,"n":16001,"nm":"CANDIDATO 16001","nmu":"CANDIDATO 16001","s":"F","dt":"05/04/1975","dvt":"Válido"},{"sqcand":160002475211,"n":16003,"nm":"CANDIDATO 16003","nmu":"CANDIDATO 16003","s":"F","dt":"13/12/1925","dvt":"Válido"},{"sqcand":160002475218,"n":16010,"nm":"CANDIDATO 16010","nmu":"CANDIDATO 16010","s":"M","dt":"24/08/1924","dvt":"Válido"},{"sqcand":160002475219,"n":16011,"nm":"CANDIDATO 16011","nmu":"CANDIDATO 16011","s":"M","dt":"27/08/1929","dvt":"Válido"}]}]}]}}