{"ele":8707,"cdabr":"74934","nmabr":"CASCAVEL","t":1,"f":"S","s":"N","dg":"13/10/2020","hg":"20:03:42","v":"005","br":{"nm":"Brasil","uf":[{"sg":"PR","nm":"PARANÁ","mun":[{"cd":"74934","nm":"CASCAVEL","c":"N","s":659,"e":218414,"tzon":2,"zon":[{"cd":"0068","s":350,"e":116229},{"cd":"0143","s":309,"e":102185}]}]}]},"carg":{"cd":13,"nmn":"Vereador","nmm":"Vereador","nmf":"Vereadora","nv":15,"col":[{"n":160000323088,"nm":"COLIGACAO 160000323088","tp":"P","com":"P16","par":[{"n":16,"sg":" P16 ","nm":"PARTIDO 16","cand":[{"sqcand":160002469145,"n":16007,"nm":"CANDIDATO 16007","nmu":"CANDIDATO 16007","s":"M","dt":"23/05/1929","dvt":"Válido"},{"sqcand":160002469146,"n":16008,"nm":"CANDIDATO 16008","nmu":"CANDIDATO 16008","s":"M","dt":"24/02/1929","dvt":"Válido"},{"sqcand":160002469150,"n":16012,"nm":"CANDIDATO 16012","nmu":"CANDIDATO 16012","s":"M","dt":"15/03/1929","dvt":"Válido"},{"sqcand":160002469139,"n":16001,"nm":"CANDIDATO 16001","nmu":"CANDIDATO 16001","s":"F","dt":"25/11/1926","dvt":"Válido"},{"sqcand":160002469152,"n":16014,"nm":"CANDIDATO 16014","nmu":"CANDIDATO 16014","s":"M","dt":"06/07/1929","dvt":"Válido"},{"sqcand":160002469140,"n":16002,"nm":"CANDIDATO 16002","nmu":"CANDIDATO 16002","s":"F","dt":"19/05/1952","dvt":"Válido"},{"sqcand":160002469142,"n":16004,"nm":"CANDIDATO 16004","nmu":"CANDIDATO 16004","s":"F","dt":"10/05/1923","dvt":"Válido"},{"sqcand":160002469143,"n":16005,"nm":"CANDIDATO 16005","nmu":"CANDIDATO 16005","s":"M","dt":"30/04/1962","dvt":"Válido"},{"sqcand":160002469149,"n":16011,"nm":"CANDIDATO 16011","nmu":"CANDIDATO 16011","s":"M","dt":"23/07/1929","dvt":"Válido"},{"sqcand":160002469148,"n":16010,"nm":"CANDIDATO 16010","nmu":"CANDIDATO 16010","s":"M","dt":"01/10/1969","dvt":"Válido"},{"sqcand":160002469153,"n":16015,"nm":"CANDIDATO 16015","nmu":"CANDIDATO 16015","s":"M","dt":"29/07/1929","dvt":"Válido"},{"sqcand":160002469151,"n":16013,"nm":"CANDIDATO 16013","nmu":"CANDIDATO 16013","s":"M","dt":"11/05/1971","dvt":"Válido"},{"sqcand":160002469141,"n":16003,"nm":"CANDIDATO 16003","nmu":"CANDIDATO 16003","s":"F","dt":"11/03/1978","dvt":"Válido"},{"sqcand":160002469144,"n":16006,"nm":"CANDIDATO 16006","nmu":"CANDIDATO 16006","s":"M","dt":"05/05/1925","dvt":"Válido"},{"sqcand":160002469147,"n":16009,"nm":"CANDIDATO 16009","nmu":"CANDIDATO 16009","s":"M","dt":"23/02/1929","dvt":"Válido"}]}]},{"n":160000323086,"nm":"COLIGACAO 160000323086","tp":"P","com":"P14","par":[{"n":14,"sg":" P14 ","nm":"PARTIDO 14","cand":[{"sqcand":160002469131,"n":14010,"nm":"CANDIDATO 14010","nmu":"CANDIDATO 14010","s":"M","dt":"30/01/1926","dvt":"Válido"},{"sqcand":160002469123,"n":14002,"nm":"CANDIDATO 14002","nmu":"CANDIDATO 14002","s":"F","dt":"17/08/1929","dvt":"Válido"},{"sqcand":160002469126,"n":14005,"nm":"CANDIDATO 14005","nmu":"CANDIDATO 14005","s":"M","dt":"15/01/1957","dvt":"Válido"},{"sqcand":160002469130,"n":14009,"nm":"CANDIDATO 14009","nmu":"CANDIDATO 14009","s":"M","dt":"10/06/1970","dvt":"Válido"},{"sqcand":160002469122,"n":14001,"nm":"CANDIDATO 14001","nmu":"CANDIDATO 14001","s":"F","dt":"25/10/1926","dvt":"Válido"},{"sqcand":160002469127,"n":14006,"nm":"CANDIDATO 14006","nmu":"CANDIDATO 14006","s":"M","dt":"08/08/1929","dvt":"Válido"},{"sqcand":160002469129,"n":14008,"nm":"CANDIDATO 14008","nmu":"CANDIDATO 14008","s":"M","dt":"15/09/1951","dvt":"Válido"},{"sqcand":160002469132,"n":14011,"nm":"CANDIDATO 14011","nmu":"CANDIDATO 14011","s":"M","dt":"16/08/1924","dvt":"Válido"},{"sqcand":160002469133,"n":14012,"nm":"CANDIDATO 14012","nmu":"CANDIDATO 14012","s":"M","dt":"30/05/1924","dvt":"Válido"},{"sqcand":160002469136,"n":14015,"nm":"CANDIDATO 14015","nmu":"CANDIDATO 14015","s":"M","dt":"01/10/1925","dvt":"Válido"},{"sqcand":160002469124,"n":14003,"nm":"CANDIDATO 14003","nmu":"CANDIDATO 14003","s":"F","dt":"06/05/1926","dvt":"Válido"},{"sqcand":160002469125,"n":14004,"nm":"CANDIDATO 14004","nmu":"CANDIDATO 14004","s":"F","dt":"15/08/1926","dvt":"Válido"},{"sqcand":160002469128,"n":14007,"nm":"CANDIDATO 14007","nmu":"CANDIDATO 14007","s":"M","dt":"25/04/1976","dvt":"Válido"},{"sqcand":160002469135,"n":14014,"nm":"CANDIDATO 14014","nmu":"CANDIDATO 14014","s":"M","dt":"20/06/1929","dvt":"Válido"},{"sqcand":160002469134,"n":14013,"nm":"CANDIDATO 14013","nmu":"CANDIDATO 14013","s":"M","dt":"05/05/1928","dvt":"Válido"}]}]}]}}