{"ele":8707,"carper":13,"t":1,"f":"S","esae":"N","mnae":" ","dg":"13/10/2020","hg":"20:06:17","dv":"S","nadf":"pr74233-c0013-e008707-006-f","abr":[{"dt":"13/10/2020","ht":"16:55:00","tf":"N","and":"P","s":24,"st":24,"pst":" 100,00","snt":0,"psnt":"   0,00","si":24,"psi":" 100,00","sni":0,"psni":"   0,00","sa":24,"psa":" 100,00","sna":0,"psna":"   0,00","e":6271,"ea":6271,"pea":" 100,00","ena":0,"pena":"   0,00","esi":6271,"pesi":" 100,00","esni":0,"pesni":"   0,00","c":5341,"pc":"  85,17","a":930,"pa":"  14,83","tv":5341,"vscv":0,"vb":259,"pvb":"   4,85","tvn":45,"ptvn":"   0,84","vn":45,"pvn":" 100,00","vnt":0,"pvnt":"   0,00","vp":0,"pvp":"   0,00","vv":5037,"pvv":" 100,00","vl":151,"pvl":"   3,00","van":0,"pvan":"   0,00","vansj":0,"pvansj":"   0,00","vnom":4886,"pvnom":"  97,00","cand":[{"seq":13,"n":16004,"e":"N","vap":160,"pvap":"   3,00","st":""},{"seq":7,"n":16009,"e":"N","vap":259,"pvap":"   4,85","st":""},{"seq":9,"n":16012,"e":"N","vap":193,"pvap":"   3,61","st":""},{"seq":6,"n":16007,"e":"N","vap":273,"pvap":"   5,11","st":""},{"seq":10,"n":16014,"e":"N","vap":192,"pvap":"   3,59","st":""},{"seq":21,"n":16011,"e":"N","vap":96,"pvap":"   1,80","st":""},{"seq":15,"n":16008,"e":"N","vap":139,"pvap":"   2,60","st":""},{"seq":11,"n":16001,"e":"N","vap":174,"pvap":"   3,26","st":""},{"seq":19,"n":16013,"e":"N","vap":103,"pvap":"   1,93","st":""},{"seq":14,"n":16002,"e":"N","vap":151,"pvap":"   2,83","st":""},{"seq":12,"n":16005,"e":"N","vap":161,"pvap":"   3,01","st":""},{"seq":28,"n":16010,"e":"N","vap":33,"pvap":"   0,62","st":""},{"seq":8,"n":16003,"e":"N","vap":228,"pvap":"   4,27","st":""},{"seq":20,"n":16006,"e":"N","vap":96,"pvap":"   1,80","st":""},{"seq":24,"n":13008,"e":"N","vap":71,"pvap":"   1,33","st":""},{"seq":5,"n":13006,"e":"N","vap":287,"pvap":"   5,37","st":""},{"seq":25,"n":13003,"e":"N","vap":63,"pvap":"   1,18","st":""},{"seq":17,"n":13001,"e":"N","vap":118,"pvap":"   2,21","st":""},{"seq":26,"n":13009,"e":"N","vap":56,"pvap":"   1,05","st":""},{"seq":4,"n":13005,"e":"N","vap":344,"pvap":"   6,44","st":""},{"seq":2,"n":13004,"e":"N","vap":370,"pvap":"   6,93","st":""},{"seq":3,"n":13010,"e":"N","vap":370,"pvap":"   6,93","st":""},{"seq":23,"n":13015,"e":"N","vap":72,"pvap":"   1,35","st":""},{"seq":30,"n":13011,"e":"N","vap":24,"pvap":"   0,45","st":""},{"seq":27,"n":13012,"e":"N","vap":40,"pvap":"   0,75","st":""},{"seq":16,"n":13007,"e":"N","vap":136,"pvap":"   2,55","st":""},{"seq":1,"n":13013,"e":"N","vap":455,"pvap":"   8,52","st":""},{"seq":22,"n":13002,"e":"N","vap":85,"pvap":"   1,59","st":""},{"seq":29,"n":13016,"e":"N","vap":27,"pvap":"   0,51","st":""},{"seq":18,"n":13014,"e":"N","vap":110,"pvap":"   2,06","st":""}],"tpabr":"MU","cdabr":"74233","colig":[{"n":160000330265,"tvtn":2258,"tvtl":24,"tvan":2258,"tval":24,"vag":7},{"n":160000330263,"tvtn":2628,"tvtl":127,"tvan":2628,"tval":127,"vag":8}],"part":[{"n":16,"tvtn":2258,"tvtl":24,"tvan":2258,"tval":24},{"n":13,"tvtn":2628,"tvtl":127,"tvan":2628,"tval":127}]},{"dt":"13/10/2020","ht":"16:55:00","tf":"N","and":"P","s":24,"st":24,"pst":" 100,00","snt":0,"psnt":"0","si":24,"psi":" 100,00","sni":0,"psni":"   0,00","sa":24,"psa":" 100,00","sna":0,"psna":"   0,00","e":6271,"ea":6271,"pea":" 100,00","ena":0,"pena":"   0,00","esi":6271,"pesi":" 100,00","esni":0,"pesni":"   0,00","c":5341,"pc":"  85,17","a":930,"pa":"  14,83","tv":5341,"vscv":0,"vb":259,"pvb":"   4,85","tvn":45,"ptvn":"   0,84","vn":45,"pvn":" 100,00","vp":0,"pvp":"   0,00","vv":5037,"pvv":" 100,00","vl":151,"pvl":"   3,00","van":0,"pvan":"   0,00","vansj":0,"pvansj":"   0,00","vnom":4886,"pvnom":"  97,00","cand":[{"seq":24,"n":13008,"e":"N","vap":71,"pvap":"   1,33","st":""},{"seq":5,"n":13006,"e":"N","vap":287,"pvap":"   5,37","st":""},{"seq":25,"n":13003,"e":"N","vap":63,"pvap":"   1,18","st":""},{"seq":17,"n":13001,"e":"N","vap":118,"pvap":"   2,21","st":""},{"seq":26,"n":13009,"e":"N","vap":56,"pvap":"   1,05","st":""},{"seq":4,"n":13005,"e":"N","vap":344,"pvap":"   6,44","st":""},{"seq":2,"n":13004,"e":"N","vap":370,"pvap":"   6,93","st":""},{"seq":3,"n":13010,"e":"N","vap":370,"pvap":"   6,93","st":""},{"seq":23,"n":13015,"e":"N","vap":72,"pvap":"   1,35","st":""},{"seq":30,"n":13011,"e":"N","vap":24,"pvap":"   0,45","st":""},{"seq":27,"n":13012,"e":"N","vap":40,"pvap":"   0,75","st":""},{"seq":16,"n":13007,"e":"N","vap":136,"pvap":"   2,55","st":""},{"seq":1,"n":13013,"e":"N","vap":455,"pvap":"   8,52","st":""},{"seq":22,"n":13002,"e":"N","vap":85,"pvap":"   1,59","st":""},{"seq":29,"n":13016,"e":"N","vap":27,"pvap":"   0,51","st":""},{"seq":18,"n":13014,"e":"N","vap":110,"pvap":"   2,06","st":""},{"seq":13,"n":16004,"e":"N","vap":160,"pvap":"   3,00","st":""},{"seq":7,"n":16009,"e":"N","vap":259,"pvap":"   4,85","st":""},{"seq":9,"n":16012,"e":"N","vap":193,"pvap":"   3,61","st":""},{"seq":6,"n":16007,"e":"N","vap":273,"pvap":"   5,11","st":""},{"seq":10,"n":16014,"e":"N","vap":192,"pvap":"   3,59","st":""},{"seq":21,"n":16011,"e":"N","vap":96,"pvap":"   1,80","st":""},{"seq":15,"n":16008,"e":"N","vap":139,"pvap":"   2,60","st":""},{"seq":11,"n":16001,"e":"N","vap":174,"pvap":"   3,26","st":""},{"seq":19,"n":16013,"e":"N","vap":103,"pvap":"   1,93","st":""},{"seq":14,"n":16002,"e":"N","vap":151,"pvap":"   2,83","st":""},{"seq":12,"n":16005,"e":"N","vap":161,"pvap":"   3,01","st":""},{"seq":28,"n":16010,"e":"N","vap":33,"pvap":"   0,62","st":""},{"seq":8,"n":16003,"e":"N","vap":228,"pvap":"   4,27","st":""},{"seq":20,"n":16006,"e":"N","vap":96,"pvap":"   1,80","st":""}],"tpabr":"ZONA","cdabr":"12"}]}