{"ele":8707,"cdabr":"74756","nmabr":"CAMPINA DA LAGOA","t":1,"f":"S","s":"N","dg":"13/10/2020","hg":"20:03:36","v":"005","br":{"nm":"Brasil","uf":[{"sg":"PR","nm":"PARANÁ","mun":[{"cd":"74756","nm":"CAMPINA DA LAGOA","c":"N","s":40,"e":11810,"tzon":1,"zon":[{"cd":"0169","s":40,"e":11810}]}]}]},"carg":{"cd":13,"nmn":"Vereador","nmm":"Vereador","nmf":"Vereadora","nv":15,"col":[{"n":160000330911,"nm":"COLIGACAO 160000330911","tp":"P","com":"P23","par":[{"n":23,"sg":" P23 ","nm":"PARTIDO 23","cand":[{"sqcand":160002497791,"n":23005,"nm":"CANDIDATO 23005","nmu":"CANDIDATO 23005","s":"M","dt":"16/12/1929","dvt":"Válido"},{"sqcand":160002497795,"n":23009,"nm":"CANDIDATO 23009","nmu":"CANDIDATO 23009","s":"M","dt":"13/11/1929","dvt":"Válido"},{"sqcand":160002497790,"n":23004,"nm":"CANDIDATO 23004","nmu":"CANDIDATO 23004","s":"F","dt":"28/09/1927","dvt":"Válido"},{"sqcand":160002497788,"n":23002,"nm":"CANDIDATO 23002","nmu":"CANDIDATO 23002","s":"F","dt":"21/07/1925","dvt":"Válido"},{"sqcand":160002497794,"n":23008,"nm":"CANDIDATO 23008","nmu":"CANDIDATO 23008","s":"M","dt":"08/01/1928","dvt":"Válido"},{"sqcand":160002497800,"n":23014,"nm":"CANDIDATO 23014","nmu":"CANDIDATO 23014","s":"M","dt":"21/05/1929","dvt":"Válido"},{"sqcand":160002497797,"n":23011,"nm":"CANDIDATO 23011","nmu":"CANDIDATO 23011","s":"M","dt":"02/11/1929","dvt":"Válido"},{"sqcand":160002497787,"n":23001,"nm":"CANDIDATO 23001","nmu":"CANDIDATO 23001","s":"F","dt":"04/12/1973","dvt":"Válido"},{"sqcand":160002497799,"n":23013,"nm":"CANDIDATO 23013","nmu":"CANDIDATO 23013","s":"M","dt":"19/06/1968","dvt":"Válido"},{"sqcand":160002497793,"n":23007,"nm":"CANDIDATO 23007","nmu":"CANDIDATO 23007","s":"M","dt":"15/08/1929","dvt":"Válido"},{"sqcand":160002497792,"n":23006,"nm":"CANDIDATO 23006","nmu":"CANDIDATO 23006","s":"M","dt":"19/01/1929","dvt":"Válido"},{"sqcand":160002497789,"n":23003,"nm":"CANDIDATO 23003","nmu":"CANDIDATO 23003","s":"F","dt":"19/06/1929","dvt":"Válido"},{"sqcand":160002497796,"n":23010,"nm":"CANDIDATO 23010","nmu":"CANDIDATO 23010","s":"M","dt":"07/10/1929","dvt":"Válido"},{"sqcand":160002497801,"n":23015,"nm":"CANDIDATO 23015","nmu":"CANDIDATO 23015","s":"M","dt":"21/07/1970","dvt":"Válido"},{"sqcand":160002497798,"n":23012,"nm":"CANDIDATO 23012","nmu":"CANDIDATO 23012","s":"M","dt":"21/09/1929","dvt":"Válido"}]}]},{"n":160000330885,"nm":"COLIGACAO 160000330885","tp":"P","com":"P16","par":[{"n":16,"sg":" P16 ","nm":"PARTIDO 16","cand":[{"sqcand":160002497737,"n":16002,"nm":"CANDIDATO 16002","nmu":"CANDIDATO 16002","s":"F","dt":"10/12/1972","dvt":"Válido"},{"sqcand":160002497743,"n":16008,"nm":"CANDIDATO 16008","nmu":"CANDIDATO 16008","s":"M","dt":"10/12/1929","dvt":"Válido"},{"sqcand":160002497749,"n":16014,"nm":"CANDIDATO 16014","nmu":"CANDIDATO 16014","s":"M","dt":"16/11/1929","dvt":"Válido"},{"sqcand":160002497744,"n":16009,"nm":"CANDIDATO 16009","nmu":"CANDIDATO 16009","s":"M","dt":"23/11/1929","dvt":"Válido"},{"sqcand":160002497745,"n":16010,"nm":"CANDIDATO 16010","nmu":"CANDIDATO 16010","s":"M","dt":"15/07/1950","dvt":"Válido"},{"sqcand":160002497741,"n":16006,"nm":"CANDIDATO 16006","nmu":"CANDIDATO 16006","s":"M","dt":"12/02/1951","dvt":"Válido"},{"sqcand":160002497738,"n":16003,"nm":"CANDIDATO 16003","nmu":"CANDIDATO 16003","s":"F","dt":"12/05/1929","dvt":"Válido"},{"sqcand":160002497739,"n":16004,"nm":"CANDIDATO 16004","nmu":"CANDIDATO 16004","s":"F","dt":"18/07/1929","dvt":"Válido"},{"sqcand":160002497740,"n":16005,"nm":"CANDIDATO 16005","nmu":"CANDIDATO 16005","s":"M","dt":"29/09/1963","dvt":"Válido"},{"sqcand":160002497750,"n":16015,"nm":"CANDIDATO 16015","nmu":"CANDIDATO 16015","s":"M","dt":"08/10/1929","dvt":"Válido"},{"sqcand":160002497747,"n":16012,"nm":"CANDIDATO 16012","nmu":"CANDIDATO 16012","s":"M","dt":"11/02/1927","dvt":"Válido"},{"sqcand":160002497748,"n":16013,"nm":"CANDIDATO 16013","nmu":"CANDIDATO 16013","s":"M","dt":"10/02/1929","dvt":"Válido"},{"sqcand":160002497736,"n":16001,"nm":"CANDIDATO 16001","nmu":"CANDIDATO 16001","s":"F","dt":"15/12/1929","dvt":"Válido"},{"sqcand":160002497742,"n":16007,"nm":"CANDIDATO 16007","nmu":"CANDIDATO 16007","s":"M","dt":"27/12/1929","dvt":"Válido"},{"sqcand":160002497746,"n":16011,"nm":"CANDIDATO 16011","nmu":"CANDIDATO 16011","s":"M","dt":"06/08/1967","dvt":"Válido"}]}]}]}}