{"ele":8707,"cdabr":"74268","nmabr":"DIAMANTE DO SUL","t":1,"f":"S","s":"N","dg":"13/10/2020","hg":"20:03:38","v":"005","br":{"nm":"Brasil","uf":[{"sg":"PR","nm":"PARANÁ","mun":[{"cd":"74268","nm":"DIAMANTE DO SUL","c":"N","s":10,"e":2883,"tzon":1,"zon":[{"cd":"0112","s":10,"e":2883}]}]}]},"carg":{"cd":13,"nmn":"Vereador","nmm":"Vereador","nmf":"Vereadora","nv":15,"col":[{"n":160000323369,"nm":"COLIGACAO 160000323369","tp":"P","com":"P14","par":[{"n":14,"sg":" P14 ","nm":"PARTIDO 14","cand":[{"sqcand":160002470923,"n":14014,"nm":"CANDIDATO 14014","nmu":"CANDIDATO 14014","s":"M","dt":"16/05/1923","dvt":"Válido"},{"sqcand":160002470918,"n":14009,"nm":"CANDIDATO 14009","nmu":"CANDIDATO 14009","s":"M","dt":"28/09/1928","dvt":"Válido"},{"sqcand":160002470914,"n":14005,"nm":"CANDIDATO 14005","nmu":"CANDIDATO 14005","s":"M","dt":"03/04/1929","dvt":"Válido"},{"sqcand":160002470922,"n":14013,"nm":"CANDIDATO 14013","nmu":"CANDIDATO 14013","s":"M","dt":"15/07/1929","dvt":"Válido"},{"sqcand":160002470916,"n":14007,"nm":"CANDIDATO 14007","nmu":"CANDIDATO 14007","s":"M","dt":"10/08/1922","dvt":"Válido"},{"sqcand":160002470910,"n":14001,"nm":"CANDIDATO 14001","nmu":"CANDIDATO 14001","s":"F","dt":"05/02/1929","dvt":"Válido"},{"sqcand":160002470912,"n":14003,"nm":"CANDIDATO 14003","nmu":"CANDIDATO 14003","s":"F","dt":"01/01/1929","dvt":"Válido"},{"sqcand":160002470924,"n":14015,"nm":"CANDIDATO 14015","nmu":"CANDIDATO 14015","s":"M","dt":"27/04/1929","dvt":"Válido"},{"sqcand":160002470911,"n":14002,"nm":"CANDIDATO 14002","nmu":"CANDIDATO 14002","s":"F","dt":"20/10/1929","dvt":"Válido"},{"sqcand":160002470917,"n":14008,"nm":"CANDIDATO 14008","nmu":"CANDIDATO 14008","s":"M","dt":"13/11/1929","dvt":"Válido"},{"sqcand":160002470919,"n":14010,"nm":"CANDIDATO 14010","nmu":"CANDIDATO 14010","s":"M","dt":"02/08/1925","dvt":"Válido"},{"sqcand":160002470921,"n":14012,"nm":"CANDIDATO 14012","nmu":"CANDIDATO 14012","s":"M","dt":"04/04/1929","dvt":"Válido"},{"sqcand":160002470913,"n":14004,"nm":"CANDIDATO 14004","nmu":"CANDIDATO 14004","s":"F","dt":"17/03/1927","dvt":"Válido"},{"sqcand":160002470915,"n":14006,"nm":"CANDIDATO 14006","nmu":"CANDIDATO 14006","s":"M","dt":"19/04/1924","dvt":"Válido"},{"sqcand":160002470920,"n":14011,"nm":"CANDIDATO 14011","nmu":"CANDIDATO 14011","s":"M","dt":"11/05/1927","dvt":"Válido"}]}]},{"n":160000323371,"nm":"COLIGACAO 160000323371","tp":"P","com":"P16","par":[{"n":16,"sg":" P16 ","nm":"PARTIDO 16","cand":[{"sqcand":160002470936,"n":16010,"nm":"CANDIDATO 16010","nmu":"CANDIDATO 16010","s":"M","dt":"30/01/1929","dvt":"Válido"},{"sqcand":160002470933,"n":16007,"nm":"CANDIDATO 16007","nmu":"CANDIDATO 16007","s":"M","dt":"27/11/1962","dvt":"Válido"},{"sqcand":160002470929,"n":16003,"nm":"CANDIDATO 16003","nmu":"CANDIDATO 16003","s":"F","dt":"29/09/1929","dvt":"Válido"},{"sqcand":160002470938,"n":16012,"nm":"CANDIDATO 16012","nmu":"CANDIDATO 16012","s":"M","dt":"08/08/1929","dvt":"Válido"},{"sqcand":160002470937,"n":16011,"nm":"CANDIDATO 16011","nmu":"CANDIDATO 16011","s":"M","dt":"29/08/1928","dvt":"Válido"},{"sqcand":160002470928,"n":16002,"nm":"CANDIDATO 16002","nmu":"CANDIDATO 16002","s":"F","dt":"28/01/1922","dvt":"Válido"},{"sqcand":160002470932,"n":16006,"nm":"CANDIDATO 16006","nmu":"CANDIDATO 16006","s":"M","dt":"23/04/1929","dvt":"Válido"},{"sqcand":160002470931,"n":16005,"nm":"CANDIDATO 16005","nmu":"CANDIDATO 16005","s":"M","dt":"13/08/1929","dvt":"Válido"},{"sqcand":160002470927,"n":16001,"nm":"CANDIDATO 16001","nmu":"CANDIDATO 16001","s":"F","dt":"31/05/1927","dvt":"Válido"},{"sqcand":160002470941,"n":16015,"nm":"CANDIDATO 16015","nmu":"CANDIDATO 16015","s":"M","dt":"13/12/1929","dvt":"Válido"},{"sqcand":160002470934,"n":16008,"nm":"CANDIDATO 16008","nmu":"CANDIDATO 16008","s":"M","dt":"08/12/1929","dvt":"Válido"},{"sqcand":160002470935,"n":16009,"nm":"CANDIDATO 16009","nmu":"CANDIDATO 16009","s":"M","dt":"04/03/1995","dvt":"Válido"},{"sqcand":160002470930,"n":16004,"nm":"CANDIDATO 16004","nmu":"CANDIDATO 16004","s":"F","dt":"17/03/1958","dvt":"Válido"},{"sqcand":160002470939,"n":16013,"nm":"CANDIDATO 16013","nmu":"CANDIDATO 16013","s":"M","dt":"20/08/1929","dvt":"Válido"},{"sqcand":160002470940,"n":16014,"nm":"CANDIDATO 16014","nmu":"CANDIDATO 16014","s":"M","dt":"31/12/1926","dvt":"Válido"}]}]}]}}