{"ele":8707,"carper":13,"t":1,"f":"S","esae":"N","mnae":" ","dg":"13/10/2020","hg":"20:06:09","dv":"S","nadf":"pr74080-c0013-e008707-006-f","abr":[{"dt":"13/10/2020","ht":"18:54:01","tf":"N","and":"P","s":27,"st":27,"pst":" 100,00","snt":0,"psnt":"   0,00","si":27,"psi":" 100,00","sni":0,"psni":"   0,00","sa":27,"psa":" 100,00","sna":0,"psna":"   0,00","e":8677,"ea":8677,"pea":" 100,00","ena":0,"pena":"   0,00","esi":8677,"pesi":" 100,00","esni":0,"pesni":"   0,00","c":7387,"pc":"  85,13","a":1290,"pa":"  14,87","tv":7387,"vscv":0,"vb":400,"pvb":"   5,41","tvn":44,"ptvn":"   0,60","vn":44,"pvn":" 100,00","vnt":0,"pvnt":"   0,00","vp":0,"pvp":"   0,00","vv":6943,"pvv":" 100,00","vl":355,"pvl":"   5,11","van":0,"pvan":"   0,00","vansj":0,"pvansj":"   0,00","vnom":6588,"pvnom":"  94,89","cand":[{"seq":22,"n":16004,"e":"N","vap":124,"pvap":"   1,68","st":""},{"seq":17,"n":16012,"e":"N","vap":169,"pvap":"   2,29","st":""},{"seq":18,"n":16015,"e":"N","vap":164,"pvap":"   2,22","st":""},{"seq":9,"n":16007,"e":"N","vap":287,"pvap":"   3,89","st":""},{"seq":5,"n":16009,"e":"N","vap":339,"pvap":"   4,59","st":""},{"seq":6,"n":16014,"e":"N","vap":305,"pvap":"   4,13","st":""},{"seq":30,"n":16011,"e":"N","vap":28,"pvap":"   0,38","st":""},{"seq":13,"n":16001,"e":"N","vap":215,"pvap":"   2,91","st":""},{"seq":14,"n":16008,"e":"N","vap":210,"pvap":"   2,84","st":""},{"seq":15,"n":16013,"e":"N","vap":202,"pvap":"   2,73","st":""},{"seq":28,"n":16002,"e":"N","vap":58,"pvap":"   0,79","st":""},{"seq":16,"n":16005,"e":"N","vap":177,"pvap":"   2,40","st":""},{"seq":11,"n":16010,"e":"N","vap":257,"pvap":"   3,48","st":""},{"seq":7,"n":16003,"e":"N","vap":300,"pvap":"   4,06","st":""},{"seq":26,"n":16006,"e":"N","vap":80,"pvap":"   1,08","st":""},{"seq":12,"n":14002,"e":"N","vap":238,"pvap":"   3,22","st":""},{"seq":3,"n":14007,"e":"N","vap":433,"pvap":"   5,86","st":""},{"seq":24,"n":14013,"e":"N","vap":99,"pvap":"   1,34","st":""},{"seq":20,"n":14014,"e":"N","vap":143,"pvap":"   1,94","st":""},{"seq":25,"n":14012,"e":"N","vap":86,"pvap":"   1,16","st":""},{"seq":19,"n":14004,"e":"N","vap":154,"pvap":"   2,08","st":""},{"seq":23,"n":14008,"e":"N","vap":120,"pvap":"   1,62","st":""},{"seq":10,"n":14011,"e":"N","vap":277,"pvap":"   3,75","st":""},{"seq":4,"n":14010,"e":"N","vap":378,"pvap":"   5,12","st":""},{"seq":2,"n":14015,"e":"N","vap":492,"pvap":"   6,66","st":""},{"seq":1,"n":14006,"e":"N","vap":700,"pvap":"   9,48","st":""},{"seq":29,"n":14009,"e":"N","vap":54,"pvap":"   0,73","st":""},{"seq":8,"n":14003,"e":"N","vap":291,"pvap":"   3,94","st":""},{"seq":27,"n":14001,"e":"N","vap":77,"pvap":"   1,04","st":""},{"seq":21,"n":14005,"e":"N","vap":131,"pvap":"   1,77","st":""}],"tpabr":"MU","cdabr":"74080","colig":[{"n":160000338337,"tvtn":2915,"tvtl":265,"tvan":2915,"tval":265,"vag":7},{"n":160000338333,"tvtn":3673,"tvtl":90,"tvan":3673,"tval":90,"vag":8}],"part":[{"n":16,"tvtn":2915,"tvtl":265,"tvan":2915,"tval":265},{"n":14,"tvtn":3673,"tvtl":90,"tvan":3673,"tval":90}]},{"dt":"13/10/2020","ht":"18:54:01","tf":"N","and":"P","s":27,"st":27,"pst":" 100,00","snt":0,"psnt":"0","si":27,"psi":" 100,00","sni":0,"psni":"   0,00","sa":27,"psa":" 100,00","sna":0,"psna":"   0,00","e":8677,"ea":8677,"pea":" 100,00","ena":0,"pena":"   0,00","esi":8677,"pesi":" 100,00","esni":0,"pesni":"   0,00","c":7387,"pc":"  85,13","a":1290,"pa":"  14,87","tv":7387,"vscv":0,"vb":400,"pvb":"   5,41","tvn":44,"ptvn":"   0,60","vn":44,"pvn":" 100,00","vp":0,"pvp":"   0,00","vv":6943,"pvv":" 100,00","vl":355,"pvl":"   5,11","van":0,"pvan":"   0,00","vansj":0,"pvansj":"   0,00","vnom":6588,"pvnom":"  94,89","cand":[{"seq":12,"n":14002,"e":"N","vap":238,"pvap":"   3,22","st":""},{"seq":3,"n":14007,"e":"N","vap":433,"pvap":"   5,86","st":""},{"seq":24,"n":14013,"e":"N","vap":99,"pvap":"   1,34","st":""},{"seq":20,"n":14014,"e":"N","vap":143,"pvap":"   1,94","st":""},{"seq":25,"n":14012,"e":"N","vap":86,"pvap":"   1,16","st":""},{"seq":19,"n":14004,"e":"N","vap":154,"pvap":"   2,08","st":""},{"seq":23,"n":14008,"e":"N","vap":120,"pvap":"   1,62","st":""},{"seq":10,"n":14011,"e":"N","vap":277,"pvap":"   3,75","st":""},{"seq":4,"n":14010,"e":"N","vap":378,"pvap":"   5,12","st":""},{"seq":2,"n":14015,"e":"N","vap":492,"pvap":"   6,66","st":""},{"seq":1,"n":14006,"e":"N","vap":700,"pvap":"   9,48","st":""},{"seq":29,"n":14009,"e":"N","vap":54,"pvap":"   0,73","st":""},{"seq":8,"n":14003,"e":"N","vap":291,"pvap":"   3,94","st":""},{"seq":27,"n":14001,"e":"N","vap":77,"pvap":"   1,04","st":""},{"seq":21,"n":14005,"e":"N","vap":131,"pvap":"   1,77","st":""},{"seq":22,"n":16004,"e":"N","vap":124,"pvap":"   1,68","st":""},{"seq":17,"n":16012,"e":"N","vap":169,"pvap":"   2,29","st":""},{"seq":18,"n":16015,"e":"N","vap":164,"pvap":"   2,22","st":""},{"seq":9,"n":16007,"e":"N","vap":287,"pvap":"   3,89","st":""},{"seq":5,"n":16009,"e":"N","vap":339,"pvap":"   4,59","st":""},{"seq":6,"n":16014,"e":"N","vap":305,"pvap":"   4,13","st":""},{"seq":30,"n":16011,"e":"N","vap":28,"pvap":"   0,38","st":""},{"seq":13,"n":16001,"e":"N","vap":215,"pvap":"   2,91","st":""},{"seq":14,"n":16008,"e":"N","vap":210,"pvap":"   2,84","st":""},{"seq":15,"n":16013,"e":"N","vap":202,"pvap":"   2,73","st":""},{"seq":28,"n":16002,"e":"N","vap":58,"pvap":"   0,79","st":""},{"seq":16,"n":16005,"e":"N","vap":177,"pvap":"   2,40","st":""},{"seq":11,"n":16010,"e":"N","vap":257,"pvap":"   3,48","st":""},{"seq":7,"n":16003,"e":"N","vap":300,"pvap":"   4,06","st":""},{"seq":26,"n":16006,"e":"N","vap":80,"pvap":"   1,08","st":""}],"tpabr":"ZONA","cdabr":"143"}]}