{"ele":8707,"carper":11,"t":1,"f":"S","esae":"N","mnae":" ","dg":"13/10/2020","hg":"20:06:05","dv":"S","nadf":"pr74667-c0011-e008707-006-f","abr":[{"dt":"13/10/2020","ht":"16:55:02","tf":"N","and":"P","s":7,"st":7,"pst":" 100,00","snt":0,"psnt":"   0,00","si":7,"psi":" 100,00","sni":0,"psni":"   0,00","sa":7,"psa":" 100,00","sna":0,"psna":"   0,00","e":2557,"ea":2557,"pea":" 100,00","ena":0,"pena":"   0,00","esi":2557,"pesi":" 100,00","esni":0,"pesni":"   0,00","c":2176,"pc":"  85,10","a":381,"pa":"  14,90","tv":2176,"vscv":0,"vb":786,"pvb":"  36,12","tvn":193,"ptvn":"   8,87","vn":193,"pvn":" 100,00","vnt":0,"pvnt":"   0,00","vp":0,"pvp":"   0,00","vv":1197,"pvv":" 100,00","van":0,"pvan":"   0,00","vansj":0,"pvansj":"   0,00","vnom":1197,"pvnom":" 100,00","cand":[{"seq":1,"n":46,"e":"N","vap":753,"pvap":"  34,60","st":""},{"seq":2,"n":23,"e":"N","vap":444,"pvap":"  20,40","st":""}],"tpabr":"MU","cdabr":"74667","colig":[{"n":160000329452,"tvtn":753,"tvtl":0,"tvan":753,"tval":0},{"n":160000329450,"tvtn":444,"tvtl":0,"tvan":444,"tval":0}],"part":[{"n":46,"tvtn":753,"tvtl":0,"tvan":753,"tval":0},{"n":23,"tvtn":444,"tvtl":0,"tvan":444,"tval":0}]},{"dt":"13/10/2020","ht":"16:55:02","tf":"N","and":"P","s":7,"st":7,"pst":" 100,00","snt":0,"psnt":"0","si":7,"psi":" 100,00","sni":0,"psni":"   0,00","sa":7,"psa":" 100,00","sna":0,"psna":"   0,00","e":2557,"ea":2557,"pea":" 100,00","ena":0,"pena":"   0,00","esi":2557,"pesi":" 100,00","esni":0,"pesni":"   0,00","c":2176,"pc":"  85,10","a":381,"pa":"  14,90","tv":2176,"vscv":0,"vb":786,"pvb":"  36,12","tvn":193,"ptvn":"   8,87","vn":193,"pvn":" 100,00","vp":0,"pvp":"   0,00","vv":1197,"pvv":" 100,00","van":0,"pvan":"   0,00","vansj":0,"pvansj":"   0,00","vnom":1197,"pvnom":" 100,00","cand":[{"seq":2,"n":23,"e":"N","vap":444,"pvap":"  20,40","st":""},{"seq":1,"n":46,"e":"N","vap":753,"pvap":"  34,60","st":""}],"tpabr":"ZONA","cdabr":"67"}]}