{"ele":8707,"cdabr":"74993","nmabr":"CENTENÁRIO DO SUL","t":1,"f":"S","s":"N","dg":"13/10/2020","hg":"20:03:34","v":"005","br":{"nm":"Brasil","uf":[{"sg":"PR","nm":"PARANÁ","mun":[{"cd":"74993","nm":"CENTENÁRIO DO SUL","c":"N","s":34,"e":8477,"tzon":1,"zon":[{"cd":"0159","s":34,"e":8477}]}]}]},"carg":{"cd":11,"nmn":"Prefeito","nmm":"Prefeito","nmf":"Prefeita","nv":1,"col":[{"n":160000331221,"nm":"COLIGACAO 160000331221","tp":"P","com":"P16","par":[{"n":16,"sg":" P16 ","nm":"PARTIDO 16","cand":[{"sqcand":160002499375,"n":16,"nm":"CANDIDATO 16","nmu":"CANDIDATO 16","s":"M","dt":"12/06/1924","dvt":"Válido","vs":[{"sqcand":160002499376,"nm":"CANDIDATO 16 1","nmu":"CANDIDATO 16 1","tp":"V","sgp":"P16"}]}]}]},{"n":160000331213,"nm":"COLIGACAO 160000331213","tp":"P","com":"P14","par":[{"n":14,"sg":" P14 ","nm":"PARTIDO 14","cand":[{"sqcand":160002499287,"n":14,"nm":"CANDIDATO 14","nmu":"CANDIDATO 14","s":"M","dt":"06/01/1923","dvt":"Válido","vs":[{"sqcand":160002499288,"nm":"CANDIDATO 14 1","nmu":"CANDIDATO 14 1","tp":"V","sgp":"P14"}]}]}]}]}}