{"ele":8707,"cdabr":"74357","nmabr":"ARAUCÁRIA","t":1,"f":"S","s":"N","dg":"13/10/2020","hg":"20:03:40","v":"005","br":{"nm":"Brasil","uf":[{"sg":"PR","nm":"PARANÁ","mun":[{"cd":"74357","nm":"ARAUCÁRIA","c":"N","s":313,"e":94418,"tzon":1,"zon":[{"cd":"0050","s":313,"e":94418}]}]}]},"carg":{"cd":13,"nmn":"Vereador","nmm":"Vereador","nmf":"Vereadora","nv":15,"col":[{"n":160000329181,"nm":"COLIGACAO 160000329181","tp":"P","com":"P14","par":[{"n":14,"sg":" P14 ","nm":"PARTIDO 14","cand":[{"sqcand":160002489333,"n":14005,"nm":"CANDIDATO 14005","nmu":"CANDIDATO 14005","s":"M","dt":"20/07/1966","dvt":"Válido"},{"sqcand":160002489362,"n":14014,"nm":"CANDIDATO 14014","nmu":"CANDIDATO 14014","s":"M","dt":"20/05/1929","dvt":"Válido"},{"sqcand":160002489363,"n":14015,"nm":"CANDIDATO 14015","nmu":"CANDIDATO 14015","s":"M","dt":"22/07/1929","dvt":"Válido"},{"sqcand":160002489335,"n":14007,"nm":"CANDIDATO 14007","nmu":"CANDIDATO 14007","s":"M","dt":"08/02/1929","dvt":"Válido"},{"sqcand":160002489331,"n":14003,"nm":"CANDIDATO 14003","nmu":"CANDIDATO 14003","s":"F","dt":"17/08/1929","dvt":"Válido"},{"sqcand":160002489332,"n":14004,"nm":"CANDIDATO 14004","nmu":"CANDIDATO 14004","s":"F","dt":"08/11/1954","dvt":"Válido"},{"sqcand":160002489361,"n":14013,"nm":"CANDIDATO 14013","nmu":"CANDIDATO 14013","s":"M","dt":"02/12/1967","dvt":"Válido"},{"sqcand":160002489336,"n":14008,"nm":"CANDIDATO 14008","nmu":"CANDIDATO 14008","s":"M","dt":"28/06/1922","dvt":"Válido"},{"sqcand":160002489329,"n":14001,"nm":"CANDIDATO 14001","nmu":"CANDIDATO 14001","s":"F","dt":"15/03/1928","dvt":"Válido"},{"sqcand":160002489330,"n":14002,"nm":"CANDIDATO 14002","nmu":"CANDIDATO 14002","s":"F","dt":"06/03/1927","dvt":"Válido"},{"sqcand":160002489358,"n":14010,"nm":"CANDIDATO 14010","nmu":"CANDIDATO 14010","s":"M","dt":"17/08/1929","dvt":"Válido"},{"sqcand":160002489360,"n":14012,"nm":"CANDIDATO 14012","nmu":"CANDIDATO 14012","s":"M","dt":"12/06/1929","dvt":"Válido"},{"sqcand":160002489334,"n":14006,"nm":"CANDIDATO 14006","nmu":"CANDIDATO 14006","s":"M","dt":"17/04/1929","dvt":"Válido"},{"sqcand":160002489337,"n":14009,"nm":"CANDIDATO 14009","nmu":"CANDIDATO 14009","s":"M","dt":"14/06/1929","dvt":"Válido"},{"sqcand":160002489359,"n":14011,"nm":"CANDIDATO 14011","nmu":"CANDIDATO 14011","s":"M","dt":"08/04/1929","dvt":"Válido"}]}]},{"n":160000329183,"nm":"COLIGACAO 160000329183","tp":"P","com":"P16","par":[{"n":16,"sg":" P16 ","nm":"PARTIDO 16","cand":[{"sqcand":160002489382,"n":16004,"nm":"CANDIDATO 16004","nmu":"CANDIDATO 16004","s":"F","dt":"17/07/1929","dvt":"Válido"},{"sqcand":160002489379,"n":16001,"nm":"CANDIDATO 16001","nmu":"CANDIDATO 16001","s":"F","dt":"14/12/1929","dvt":"Válido"},{"sqcand":160002489393,"n":16015,"nm":"CANDIDATO 16015","nmu":"CANDIDATO 16015","s":"M","dt":"27/12/1929","dvt":"Válido"},{"sqcand":160002489381,"n":16003,"nm":"CANDIDATO 16003","nmu":"CANDIDATO 16003","s":"F","dt":"12/06/1929","dvt":"Válido"},{"sqcand":160002489384,"n":16006,"nm":"CANDIDATO 16006","nmu":"CANDIDATO 16006","s":"M","dt":"12/09/1926","dvt":"Válido"},{"sqcand":160002489385,"n":16007,"nm":"CANDIDATO 16007","nmu":"CANDIDATO 16007","s":"M","dt":"25/06/1925","dvt":"Válido"},{"sqcand":160002489387,"n":16009,"nm":"CANDIDATO 16009","nmu":"CANDIDATO 16009","s":"M","dt":"04/07/1929","dvt":"Válido"},{"sqcand":160002489391,"n":16013,"nm":"CANDIDATO 16013","nmu":"CANDIDATO 16013","s":"M","dt":"01/05/1921","dvt":"Válido"},{"sqcand":160002489392,"n":16014,"nm":"CANDIDATO 16014","nmu":"CANDIDATO 16014","s":"M","dt":"02/01/1929","dvt":"Válido"},{"sqcand":160002489390,"n":16012,"nm":"CANDIDATO 16012","nmu":"CANDIDATO 16012","s":"M","dt":"20/10/1922","dvt":"Válido"},{"sqcand":160002489388,"n":16010,"nm":"CANDIDATO 16010","nmu":"CANDIDATO 16010","s":"M","dt":"25/10/1928","dvt":"Válido"},{"sqcand":160002489383,"n":16005,"nm":"CANDIDATO 16005","nmu":"CANDIDATO 16005","s":"M","dt":"22/01/1929","dvt":"Válido"},{"sqcand":160002489389,"n":16011,"nm":"CANDIDATO 16011","nmu":"CANDIDATO 16011","s":"M","dt":"28/03/1989","dvt":"Válido"},{"sqcand":160002489386,"n":16008,"nm":"CANDIDATO 16008","nmu":"CANDIDATO 16008","s":"M","dt":"31/03/1926","dvt":"Válido"},{"sqcand":160002489380,"n":16002,"nm":"CANDIDATO 16002","nmu":"CANDIDATO 16002","s":"F","dt":"02/09/1920","dvt":"Válido"}]}]}]}}