{"ele":8707,"carper":13,"t":1,"f":"S","esae":"N","mnae":" ","dg":"13/10/2020","hg":"20:06:20","dv":"S","nadf":"pr74381-c0013-e008707-006-f","abr":[{"dt":"13/10/2020","ht":"18:40:00","tf":"N","and":"P","s":8,"st":8,"pst":" 100,00","snt":0,"psnt":"   0,00","si":8,"psi":" 100,00","sni":0,"psni":"   0,00","sa":8,"psa":" 100,00","sna":0,"psna":"   0,00","e":2028,"ea":2028,"pea":" 100,00","ena":0,"pena":"   0,00","esi":2028,"pesi":" 100,00","esni":0,"pesni":"   0,00","c":1728,"pc":"  85,21","a":300,"pa":"  14,79","tv":1728,"vscv":0,"vb":10,"pvb":"   0,58","tvn":78,"ptvn":"   4,51","vn":78,"pvn":" 100,00","vnt":0,"pvnt":"   0,00","vp":0,"pvp":"   0,00","vv":1640,"pvv":" 100,00","vl":17,"pvl":"   1,04","van":0,"pvan":"   0,00","vansj":0,"pvansj":"   0,00","vnom":1623,"pvnom":"  98,96","cand":[{"seq":5,"n":14013,"e":"N","vap":135,"pvap":"   7,81","st":""},{"seq":27,"n":14007,"e":"N","vap":8,"pvap":"   0,46","st":""},{"seq":20,"n":14002,"e":"N","vap":9,"pvap":"   0,52","st":""},{"seq":16,"n":14014,"e":"N","vap":16,"pvap":"   0,93","st":""},{"seq":12,"n":14004,"e":"N","vap":36,"pvap":"   2,08","st":""},{"seq":15,"n":14012,"e":"N","vap":18,"pvap":"   1,04","st":""},{"seq":24,"n":14008,"e":"N","vap":8,"pvap":"   0,46","st":""},{"seq":28,"n":14011,"e":"N","vap":8,"pvap":"   0,46","st":""},{"seq":22,"n":14015,"e":"N","vap":8,"pvap":"   0,46","st":""},{"seq":9,"n":14010,"e":"N","vap":76,"pvap":"   4,40","st":""},{"seq":10,"n":14009,"e":"N","vap":53,"pvap":"   3,07","st":""},{"seq":14,"n":14006,"e":"N","vap":19,"pvap":"   1,10","st":""},{"seq":8,"n":14005,"e":"N","vap":89,"pvap":"   5,15","st":""},{"seq":3,"n":14003,"e":"N","vap":149,"pvap":"   8,62","st":""},{"seq":17,"n":14001,"e":"N","vap":15,"pvap":"   0,87","st":""},{"seq":25,"n":16004,"e":"N","vap":8,"pvap":"   0,46","st":""},{"seq":6,"n":16015,"e":"N","vap":122,"pvap":"   7,06","st":""},{"seq":2,"n":16007,"e":"N","vap":196,"pvap":"  11,34","st":""},{"seq":11,"n":16009,"e":"N","vap":43,"pvap":"   2,49","st":""},{"seq":26,"n":16012,"e":"N","vap":8,"pvap":"   0,46","st":""},{"seq":19,"n":16014,"e":"N","vap":9,"pvap":"   0,52","st":""},{"seq":23,"n":16011,"e":"N","vap":8,"pvap":"   0,46","st":""},{"seq":18,"n":16001,"e":"N","vap":13,"pvap":"   0,75","st":""},{"seq":4,"n":16008,"e":"N","vap":147,"pvap":"   8,51","st":""},{"seq":7,"n":16005,"e":"N","vap":102,"pvap":"   5,90","st":""},{"seq":30,"n":16013,"e":"N","vap":8,"pvap":"   0,46","st":""},{"seq":13,"n":16002,"e":"N","vap":25,"pvap":"   1,45","st":""},{"seq":29,"n":16010,"e":"N","vap":8,"pvap":"   0,46","st":""},{"seq":21,"n":16006,"e":"N","vap":8,"pvap":"   0,46","st":""},{"seq":1,"n":16003,"e":"N","vap":271,"pvap":"  15,68","st":""}],"tpabr":"MU","cdabr":"74381","colig":[{"n":160000328587,"tvtn":647,"tvtl":9,"tvan":647,"tval":9,"vag":7},{"n":160000328625,"tvtn":976,"tvtl":8,"tvan":976,"tval":8,"vag":8}],"part":[{"n":14,"tvtn":647,"tvtl":9,"tvan":647,"tval":9},{"n":16,"tvtn":976,"tvtl":8,"tvan":976,"tval":8}]},{"dt":"13/10/2020","ht":"18:40:00","tf":"N","and":"P","s":8,"st":8,"pst":" 100,00","snt":0,"psnt":"0","si":8,"psi":" 100,00","sni":0,"psni":"   0,00","sa":8,"psa":" 100,00","sna":0,"psna":"   0,00","e":2028,"ea":2028,"pea":" 100,00","ena":0,"pena":"   0,00","esi":2028,"pesi":" 100,00","esni":0,"pesni":"   0,00","c":1728,"pc":"  85,21","a":300,"pa":"  14,79","tv":1728,"vscv":0,"vb":10,"pvb":"   0,58","tvn":78,"ptvn":"   4,51","vn":78,"pvn":" 100,00","vp":0,"pvp":"   0,00","vv":1640,"pvv":" 100,00","vl":17,"pvl":"   1,04","van":0,"pvan":"   0,00","vansj":0,"pvansj":"   0,00","vnom":1623,"pvnom":"  98,96","cand":[{"seq":25,"n":16004,"e":"N","vap":8,"pvap":"   0,46","st":""},{"seq":6,"n":16015,"e":"N","vap":122,"pvap":"   7,06","st":""},{"seq":2,"n":16007,"e":"N","vap":196,"pvap":"  11,34","st":""},{"seq":11,"n":16009,"e":"N","vap":43,"pvap":"   2,49","st":""},{"seq":26,"n":16012,"e":"N","vap":8,"pvap":"   0,46","st":""},{"seq":19,"n":16014,"e":"N","vap":9,"pvap":"   0,52","st":""},{"seq":23,"n":16011,"e":"N","vap":8,"pvap":"   0,46","st":""},{"seq":18,"n":16001,"e":"N","vap":13,"pvap":"   0,75","st":""},{"seq":4,"n":16008,"e":"N","vap":147,"pvap":"   8,51","st":""},{"seq":7,"n":16005,"e":"N","vap":102,"pvap":"   5,90","st":""},{"seq":30,"n":16013,"e":"N","vap":8,"pvap":"   0,46","st":""},{"seq":13,"n":16002,"e":"N","vap":25,"pvap":"   1,45","st":""},{"seq":29,"n":16010,"e":"N","vap":8,"pvap":"   0,46","st":""},{"seq":21,"n":16006,"e":"N","vap":8,"pvap":"   0,46","st":""},{"seq":1,"n":16003,"e":"N","vap":271,"pvap":"  15,68","st":""},{"seq":5,"n":14013,"e":"N","vap":135,"pvap":"   7,81","st":""},{"seq":27,"n":14007,"e":"N","vap":8,"pvap":"   0,46","st":""},{"seq":20,"n":14002,"e":"N","vap":9,"pvap":"   0,52","st":""},{"seq":16,"n":14014,"e":"N","vap":16,"pvap":"   0,93","st":""},{"seq":12,"n":14004,"e":"N","vap":36,"pvap":"   2,08","st":""},{"seq":15,"n":14012,"e":"N","vap":18,"pvap":"   1,04","st":""},{"seq":24,"n":14008,"e":"N","vap":8,"pvap":"   0,46","st":""},{"seq":28,"n":14011,"e":"N","vap":8,"pvap":"   0,46","st":""},{"seq":22,"n":14015,"e":"N","vap":8,"pvap":"   0,46","st":""},{"seq":9,"n":14010,"e":"N","vap":76,"pvap":"   4,40","st":""},{"seq":10,"n":14009,"e":"N","vap":53,"pvap":"   3,07","st":""},{"seq":14,"n":14006,"e":"N","vap":19,"pvap":"   1,10","st":""},{"seq":8,"n":14005,"e":"N","vap":89,"pvap":"   5,15","st":""},{"seq":3,"n":14003,"e":"N","vap":149,"pvap":"   8,62","st":""},{"seq":17,"n":14001,"e":"N","vap":15,"pvap":"   0,87","st":""}],"tpabr":"ZONA","cdabr":"126"}]}