{"ele":8707,"cdabr":"74365","nmabr":"HONÓRIO SERPA","t":1,"f":"S","s":"N","dg":"13/10/2020","hg":"20:03:38","v":"005","br":{"nm":"Brasil","uf":[{"sg":"PR","nm":"PARANÁ","mun":[{"cd":"74365","nm":"HONÓRIO SERPA","c":"N","s":18,"e":4029,"tzon":1,"zon":[{"cd":"0101","s":18,"e":4029}]}]}]},"carg":{"cd":13,"nmn":"Vereador","nmm":"Vereador","nmf":"Vereadora","nv":15,"col":[{"n":160000330615,"nm":"COLIGACAO 160000330615","tp":"P","com":"P16","par":[{"n":16,"sg":" P16 ","nm":"PARTIDO 16","cand":[{"sqcand":160002496310,"n":16008,"nm":"CANDIDATO 16008","nmu":"CANDIDATO 16008","s":"M","dt":"30/04/1926","dvt":"Válido"},{"sqcand":160002496307,"n":16005,"nm":"CANDIDATO 16005","nmu":"CANDIDATO 16005","s":"M","dt":"09/05/1976","dvt":"Válido"},{"sqcand":160002496305,"n":16003,"nm":"CANDIDATO 16003","nmu":"CANDIDATO 16003","s":"F","dt":"09/01/1929","dvt":"Válido"},{"sqcand":160002496315,"n":16013,"nm":"CANDIDATO 16013","nmu":"CANDIDATO 16013","s":"M","dt":"19/01/1927","dvt":"Válido"},{"sqcand":160002496311,"n":16009,"nm":"CANDIDATO 16009","nmu":"CANDIDATO 16009","s":"M","dt":"22/03/1990","dvt":"Válido"},{"sqcand":160002496314,"n":16012,"nm":"CANDIDATO 16012","nmu":"CANDIDATO 16012","s":"M","dt":"28/09/1929","dvt":"Válido"},{"sqcand":160002496306,"n":16004,"nm":"CANDIDATO 16004","nmu":"CANDIDATO 16004","s":"F","dt":"10/02/1929","dvt":"Válido"},{"sqcand":160002496317,"n":16015,"nm":"CANDIDATO 16015","nmu":"CANDIDATO 16015","s":"M","dt":"21/05/1994","dvt":"Válido"},{"sqcand":160002496316,"n":16014,"nm":"CANDIDATO 16014","nmu":"CANDIDATO 16014","s":"M","dt":"18/02/1929","dvt":"Válido"},{"sqcand":160002496303,"n":16001,"nm":"CANDIDATO 16001","nmu":"CANDIDATO 16001","s":"F","dt":"09/11/1929","dvt":"Válido"},{"sqcand":160002496304,"n":16002,"nm":"CANDIDATO 16002","nmu":"CANDIDATO 16002","s":"F","dt":"13/12/1928","dvt":"Válido"},{"sqcand":160002496309,"n":16007,"nm":"CANDIDATO 16007","nmu":"CANDIDATO 16007","s":"M","dt":"23/05/1929","dvt":"Válido"},{"sqcand":160002496313,"n":16011,"nm":"CANDIDATO 16011","nmu":"CANDIDATO 16011","s":"M","dt":"08/12/1928","dvt":"Válido"},{"sqcand":160002496308,"n":16006,"nm":"CANDIDATO 16006","nmu":"CANDIDATO 16006","s":"M","dt":"30/05/1924","dvt":"Válido"},{"sqcand":160002496312,"n":16010,"nm":"CANDIDATO 16010","nmu":"CANDIDATO 16010","s":"M","dt":"30/05/1965","dvt":"Válido"}]}]},{"n":160000330616,"nm":"COLIGACAO 160000330616","tp":"P","com":"P14","par":[{"n":14,"sg":" P14 ","nm":"PARTIDO 14","cand":[{"sqcand":160002496321,"n":14004,"nm":"CANDIDATO 14004","nmu":"CANDIDATO 14004","s":"F","dt":"15/05/1929","dvt":"Válido"},{"sqcand":160002496328,"n":14011,"nm":"CANDIDATO 14011","nmu":"CANDIDATO 14011","s":"M","dt":"10/06/1929","dvt":"Válido"},{"sqcand":160002496330,"n":14013,"nm":"CANDIDATO 14013","nmu":"CANDIDATO 14013","s":"M","dt":"18/01/1929","dvt":"Válido"},{"sqcand":160002496323,"n":14006,"nm":"CANDIDATO 14006","nmu":"CANDIDATO 14006","s":"M","dt":"05/05/1928","dvt":"Válido"},{"sqcand":160002496319,"n":14002,"nm":"CANDIDATO 14002","nmu":"CANDIDATO 14002","s":"F","dt":"30/05/1920","dvt":"Válido"},{"sqcand":160002496322,"n":14005,"nm":"CANDIDATO 14005","nmu":"CANDIDATO 14005","s":"M","dt":"13/12/1924","dvt":"Válido"},{"sqcand":160002496329,"n":14012,"nm":"CANDIDATO 14012","nmu":"CANDIDATO 14012","s":"M","dt":"03/06/1923","dvt":"Válido"},{"sqcand":160002496331,"n":14014,"nm":"CANDIDATO 14014","nmu":"CANDIDATO 14014","s":"M","dt":"07/04/1929","dvt":"Válido"},{"sqcand":160002496325,"n":14008,"nm":"CANDIDATO 14008","nmu":"CANDIDATO 14008","s":"M","dt":"03/01/1929","dvt":"Válido"},{"sqcand":160002496332,"n":14015,"nm":"CANDIDATO 14015","nmu":"CANDIDATO 14015","s":"M","dt":"09/01/1928","dvt":"Válido"},{"sqcand":160002496318,"n":14001,"nm":"CANDIDATO 14001","nmu":"CANDIDATO 14001","s":"F","dt":"29/02/1924","dvt":"Válido"},{"sqcand":160002496326,"n":14009,"nm":"CANDIDATO 14009","nmu":"CANDIDATO 14009","s":"M","dt":"18/06/1928","dvt":"Válido"},{"sqcand":160002496320,"n":14003,"nm":"CANDIDATO 14003","nmu":"CANDIDATO 14003","s":"F","dt":"17/06/1920","dvt":"Válido"},{"sqcand":160002496324,"n":14007,"nm":"CANDIDATO 14007","nmu":"CANDIDATO 14007","s":"M","dt":"13/12/1929","dvt":"Válido"},{"sqcand":160002496327,"n":14010,"nm":"CANDIDATO 14010","nmu":"CANDIDATO 14010","s":"M","dt":"04/07/1928","dvt":"Válido"}]}]}]}}