{"ele":8707,"carper":13,"t":1,"f":"S","esae":"N","mnae":" ","dg":"13/10/2020","hg":"20:06:16","dv":"S","nadf":"pr74306-c0013-e008707-006-f","abr":[{"dt":"13/10/2020","ht":"16:55:00","tf":"N","and":"P","s":11,"st":11,"pst":" 100,00","snt":0,"psnt":"   0,00","si":11,"psi":" 100,00","sni":0,"psni":"   0,00","sa":11,"psa":" 100,00","sna":0,"psna":"   0,00","e":2691,"ea":2691,"pea":" 100,00","ena":0,"pena":"   0,00","esi":2691,"pesi":" 100,00","esni":0,"pesni":"   0,00","c":2292,"pc":"  85,17","a":399,"pa":"  14,83","tv":2292,"vscv":0,"vb":28,"pvb":"   1,22","tvn":50,"ptvn":"   2,18","vn":50,"pvn":" 100,00","vnt":0,"pvnt":"   0,00","vp":0,"pvp":"   0,00","vv":2214,"pvv":" 100,00","vl":74,"pvl":"   3,34","van":0,"pvan":"   0,00","vansj":0,"pvansj":"   0,00","vnom":2140,"pvnom":"  96,66","cand":[{"seq":15,"n":16004,"e":"N","vap":42,"pvap":"   1,83","st":""},{"seq":29,"n":16015,"e":"N","vap":11,"pvap":"   0,48","st":""},{"seq":30,"n":16012,"e":"N","vap":11,"pvap":"   0,48","st":""},{"seq":28,"n":16007,"e":"N","vap":11,"pvap":"   0,48","st":""},{"seq":5,"n":16009,"e":"N","vap":158,"pvap":"   6,89","st":""},{"seq":11,"n":16014,"e":"N","vap":95,"pvap":"   4,14","st":""},{"seq":4,"n":16011,"e":"N","vap":172,"pvap":"   7,50","st":""},{"seq":17,"n":16008,"e":"N","vap":35,"pvap":"   1,53","st":""},{"seq":26,"n":16001,"e":"N","vap":12,"pvap":"   0,52","st":""},{"seq":22,"n":16013,"e":"N","vap":21,"pvap":"   0,92","st":""},{"seq":3,"n":16002,"e":"N","vap":199,"pvap":"   8,68","st":""},{"seq":27,"n":16005,"e":"N","vap":12,"pvap":"   0,52","st":""},{"seq":9,"n":16010,"e":"N","vap":106,"pvap":"   4,62","st":""},{"seq":8,"n":16003,"e":"N","vap":115,"pvap":"   5,02","st":""},{"seq":19,"n":16006,"e":"N","vap":24,"pvap":"   1,05","st":""},{"seq":1,"n":14007,"e":"N","vap":223,"pvap":"   9,73","st":""},{"seq":20,"n":14002,"e":"N","vap":23,"pvap":"   1,00","st":""},{"seq":25,"n":14014,"e":"N","vap":12,"pvap":"   0,52","st":""},{"seq":16,"n":14013,"e":"N","vap":39,"pvap":"   1,70","st":""},{"seq":23,"n":14012,"e":"N","vap":18,"pvap":"   0,79","st":""},{"seq":14,"n":14004,"e":"N","vap":44,"pvap":"   1,92","st":""},{"seq":24,"n":14008,"e":"N","vap":12,"pvap":"   0,52","st":""},{"seq":10,"n":14011,"e":"N","vap":100,"pvap":"   4,36","st":""},{"seq":6,"n":14015,"e":"N","vap":124,"pvap":"   5,41","st":""},{"seq":18,"n":14010,"e":"N","vap":30,"pvap":"   1,31","st":""},{"seq":21,"n":14006,"e":"N","vap":21,"pvap":"   0,92","st":""},{"seq":13,"n":14009,"e":"N","vap":69,"pvap":"   3,01","st":""},{"seq":12,"n":14001,"e":"N","vap":78,"pvap":"   3,40","st":""},{"seq":7,"n":14003,"e":"N","vap":119,"pvap":"   5,19","st":""},{"seq":2,"n":14005,"e":"N","vap":204,"pvap":"   8,90","st":""}],"tpabr":"MU","cdabr":"74306","colig":[{"n":160000336395,"tvtn":1024,"tvtl":32,"tvan":1024,"tval":32,"vag":7},{"n":160000336392,"tvtn":1116,"tvtl":42,"tvan":1116,"tval":42,"vag":8}],"part":[{"n":16,"tvtn":1024,"tvtl":32,"tvan":1024,"tval":32},{"n":14,"tvtn":1116,"tvtl":42,"tvan":1116,"tval":42}]},{"dt":"13/10/2020","ht":"16:55:00","tf":"N","and":"P","s":11,"st":11,"pst":" 100,00","snt":0,"psnt":"0","si":11,"psi":" 100,00","sni":0,"psni":"   0,00","sa":11,"psa":" 100,00","sna":0,"psna":"   0,00","e":2691,"ea":2691,"pea":" 100,00","ena":0,"pena":"   0,00","esi":2691,"pesi":" 100,00","esni":0,"pesni":"   0,00","c":2292,"pc":"  85,17","a":399,"pa":"  14,83","tv":2292,"vscv":0,"vb":28,"pvb":"   1,22","tvn":50,"ptvn":"   2,18","vn":50,"pvn":" 100,00","vp":0,"pvp":"   0,00","vv":2214,"pvv":" 100,00","vl":74,"pvl":"   3,34","van":0,"pvan":"   0,00","vansj":0,"pvansj":"   0,00","vnom":2140,"pvnom":"  96,66","cand":[{"seq":15,"n":16004,"e":"N","vap":42,"pvap":"   1,83","st":""},{"seq":29,"n":16015,"e":"N","vap":11,"pvap":"   0,48","st":""},{"seq":30,"n":16012,"e":"N","vap":11,"pvap":"   0,48","st":""},{"seq":28,"n":16007,"e":"N","vap":11,"pvap":"   0,48","st":""},{"seq":5,"n":16009,"e":"N","vap":158,"pvap":"   6,89","st":""},{"seq":11,"n":16014,"e":"N","vap":95,"pvap":"   4,14","st":""},{"seq":4,"n":16011,"e":"N","vap":172,"pvap":"   7,50","st":""},{"seq":17,"n":16008,"e":"N","vap":35,"pvap":"   1,53","st":""},{"seq":26,"n":16001,"e":"N","vap":12,"pvap":"   0,52","st":""},{"seq":22,"n":16013,"e":"N","vap":21,"pvap":"   0,92","st":""},{"seq":3,"n":16002,"e":"N","vap":199,"pvap":"   8,68","st":""},{"seq":27,"n":16005,"e":"N","vap":12,"pvap":"   0,52","st":""},{"seq":9,"n":16010,"e":"N","vap":106,"pvap":"   4,62","st":""},{"seq":8,"n":16003,"e":"N","vap":115,"pvap":"   5,02","st":""},{"seq":19,"n":16006,"e":"N","vap":24,"pvap":"   1,05","st":""},{"seq":1,"n":14007,"e":"N","vap":223,"pvap":"   9,73","st":""},{"seq":20,"n":14002,"e":"N","vap":23,"pvap":"   1,00","st":""},{"seq":25,"n":14014,"e":"N","vap":12,"pvap":"   0,52","st":""},{"seq":16,"n":14013,"e":"N","vap":39,"pvap":"   1,70","st":""},{"seq":23,"n":14012,"e":"N","vap":18,"pvap":"   0,79","st":""},{"seq":14,"n":14004,"e":"N","vap":44,"pvap":"   1,92","st":""},{"seq":24,"n":14008,"e":"N","vap":12,"pvap":"   0,52","st":""},{"seq":10,"n":14011,"e":"N","vap":100,"pvap":"   4,36","st":""},{"seq":6,"n":14015,"e":"N","vap":124,"pvap":"   5,41","st":""},{"seq":18,"n":14010,"e":"N","vap":30,"pvap":"   1,31","st":""},{"seq":21,"n":14006,"e":"N","vap":21,"pvap":"   0,92","st":""},{"seq":13,"n":14009,"e":"N","vap":69,"pvap":"   3,01","st":""},{"seq":12,"n":14001,"e":"N","vap":78,"pvap":"   3,40","st":""},{"seq":7,"n":14003,"e":"N","vap":119,"pvap":"   5,19","st":""},{"seq":2,"n":14005,"e":"N","vap":204,"pvap":"   8,90","st":""}],"tpabr":"ZONA","cdabr":"183"}]}