{"ele":8707,"cdabr":"74845","nmabr":"SÃO MANOEL DO PARANÁ","t":1,"f":"S","s":"N","dg":"13/10/2020","hg":"20:03:35","v":"005","br":{"nm":"Brasil","uf":[{"sg":"PR","nm":"PARANÁ","mun":[{"cd":"74845","nm":"SÃO MANOEL DO PARANÁ","c":"N","s":7,"e":1835,"tzon":1,"zon":[{"cd":"0149","s":7,"e":1835}]}]}]},"carg":{"cd":13,"nmn":"Vereador","nmm":"Vereador","nmf":"Vereadora","nv":15,"col":[{"n":160000337810,"nm":"COLIGACAO 160000337810","tp":"P","com":"P16","par":[{"n":16,"sg":" P16 ","nm":"PARTIDO 16","cand":[{"sqcand":160002519615,"n":16005,"nm":"CANDIDATO 16005","nmu":"CANDIDATO 16005","s":"M","dt":"27/08/1929","dvt":"Válido"},{"sqcand":160002519623,"n":16013,"nm":"CANDIDATO 16013","nmu":"CANDIDATO 16013","s":"M","dt":"31/03/1926","dvt":"Válido"},{"sqcand":160002519612,"n":16002,"nm":"CANDIDATO 16002","nmu":"CANDIDATO 16002","s":"F","dt":"25/09/1928","dvt":"Válido"},{"sqcand":160002519617,"n":16007,"nm":"CANDIDATO 16007","nmu":"CANDIDATO 16007","s":"M","dt":"22/05/1929","dvt":"Válido"},{"sqcand":160002519620,"n":16010,"nm":"CANDIDATO 16010","nmu":"CANDIDATO 16010","s":"M","dt":"08/05/1928","dvt":"Válido"},{"sqcand":160002519625,"n":16015,"nm":"CANDIDATO 16015","nmu":"CANDIDATO 16015","s":"M","dt":"28/07/1923","dvt":"Válido"},{"sqcand":160002519614,"n":16004,"nm":"CANDIDATO 16004","nmu":"CANDIDATO 16004","s":"F","dt":"24/06/1929","dvt":"Válido"},{"sqcand":160002519622,"n":16012,"nm":"CANDIDATO 16012","nmu":"CANDIDATO 16012","s":"M","dt":"25/11/1929","dvt":"Válido"},{"sqcand":160002519624,"n":16014,"nm":"CANDIDATO 16014","nmu":"CANDIDATO 16014","s":"M","dt":"06/06/1929","dvt":"Válido"},{"sqcand":160002519611,"n":16001,"nm":"CANDIDATO 16001","nmu":"CANDIDATO 16001","s":"F","dt":"27/07/1927","dvt":"Válido"},{"sqcand":160002519621,"n":16011,"nm":"CANDIDATO 16011","nmu":"CANDIDATO 16011","s":"M","dt":"08/06/1929","dvt":"Válido"},{"sqcand":160002519613,"n":16003,"nm":"CANDIDATO 16003","nmu":"CANDIDATO 16003","s":"F","dt":"07/10/1922","dvt":"Válido"},{"sqcand":160002519616,"n":16006,"nm":"CANDIDATO 16006","nmu":"CANDIDATO 16006","s":"M","dt":"31/07/1981","dvt":"Válido"},{"sqcand":160002519618,"n":16008,"nm":"CANDIDATO 16008","nmu":"CANDIDATO 16008","s":"M","dt":"10/02/2002","dvt":"Válido"},{"sqcand":160002519619,"n":16009,"nm":"CANDIDATO 16009","nmu":"CANDIDATO 16009","s":"M","dt":"31/05/1929","dvt":"Válido"}]}]},{"n":160000337780,"nm":"COLIGACAO 160000337780","tp":"P","com":"P14","par":[{"n":14,"sg":" P14 ","nm":"PARTIDO 14","cand":[{"sqcand":160002519528,"n":14003,"nm":"CANDIDATO 14003","nmu":"CANDIDATO 14003","s":"F","dt":"26/01/1928","dvt":"Válido"},{"sqcand":160002519540,"n":14015,"nm":"CANDIDATO 14015","nmu":"CANDIDATO 14015","s":"M","dt":"07/11/1921","dvt":"Válido"},{"sqcand":160002519533,"n":14008,"nm":"CANDIDATO 14008","nmu":"CANDIDATO 14008","s":"M","dt":"07/09/1973","dvt":"Válido"},{"sqcand":160002519536,"n":14011,"nm":"CANDIDATO 14011","nmu":"CANDIDATO 14011","s":"M","dt":"10/08/1920","dvt":"Válido"},{"sqcand":160002519531,"n":14006,"nm":"CANDIDATO 14006","nmu":"CANDIDATO 14006","s":"M","dt":"10/10/1964","dvt":"Válido"},{"sqcand":160002519532,"n":14007,"nm":"CANDIDATO 14007","nmu":"CANDIDATO 14007","s":"M","dt":"23/03/1929","dvt":"Válido"},{"sqcand":160002519539,"n":14014,"nm":"CANDIDATO 14014","nmu":"CANDIDATO 14014","s":"M","dt":"22/07/1929","dvt":"Válido"},{"sqcand":160002519526,"n":14001,"nm":"CANDIDATO 14001","nmu":"CANDIDATO 14001","s":"F","dt":"12/04/1929","dvt":"Válido"},{"sqcand":160002519535,"n":14010,"nm":"CANDIDATO 14010","nmu":"CANDIDATO 14010","s":"M","dt":"27/10/1981","dvt":"Válido"},{"sqcand":160002519537,"n":14012,"nm":"CANDIDATO 14012","nmu":"CANDIDATO 14012","s":"M","dt":"10/06/1925","dvt":"Válido"},{"sqcand":160002519534,"n":14009,"nm":"CANDIDATO 14009","nmu":"CANDIDATO 14009","s":"M","dt":"02/08/1990","dvt":"Válido"},{"sqcand":160002519527,"n":14002,"nm":"CANDIDATO 14002","nmu":"CANDIDATO 14002","s":"F","dt":"26/08/1927","dvt":"Válido"},{"sqcand":160002519529,"n":14004,"nm":"CANDIDATO 14004","nmu":"CANDIDATO 14004","s":"F","dt":"30/09/1949","dvt":"Válido"},{"sqcand":160002519530,"n":14005,"nm":"CANDIDATO 14005","nmu":"CANDIDATO 14005","s":"M","dt":"15/07/1920","dvt":"Válido"},{"sqcand":160002519538,"n":14013,"nm":"CANDIDATO 14013","nmu":"CANDIDATO 14013","s":"M","dt":"14/02/1929","dvt":"Válido"}]}]}]}}