{"ele":8707,"cdabr":"74489","nmabr":"LIDIANÓPOLIS","t":1,"f":"S","s":"N","dg":"13/10/2020","hg":"20:03:37","v":"005","br":{"nm":"Brasil","uf":[{"sg":"PR","nm":"PARANÁ","mun":[{"cd":"74489","nm":"LIDIANÓPOLIS","c":"N","s":15,"e":3522,"tzon":1,"zon":[{"cd":"0093","s":15,"e":3522}]}]}]},"carg":{"cd":11,"nmn":"Prefeito","nmm":"Prefeito","nmf":"Prefeita","nv":1,"col":[{"n":160000322640,"nm":"COLIGACAO 160000322640","tp":"P","com":"P16","par":[{"n":16,"sg":" P16 ","nm":"PARTIDO 16","cand":[{"sqcand":160002469646,"n":16,"nm":"CANDIDATO 16","nmu":"CANDIDATO 16","s":"M","dt":"02/05/1929","dvt":"Válido","vs":[{"sqcand":160002469647,"nm":"CANDIDATO 16 1","nmu":"CANDIDATO 16 1","tp":"V","sgp":"P16"}]}]}]},{"n":160000322636,"nm":"COLIGACAO 160000322636","tp":"P","com":"P14","par":[{"n":14,"sg":" P14 ","nm":"PARTIDO 14","cand":[{"sqcand":160002469638,"n":14,"nm":"CANDIDATO 14","nmu":"CANDIDATO 14","s":"M","dt":"11/12/1920","dvt":"Válido","vs":[{"sqcand":160002469639,"nm":"CANDIDATO 14 1","nmu":"CANDIDATO 14 1","tp":"V","sgp":"P14"}]}]}]}]}}