{"ele":8707,"cdabr":"74330","nmabr":"MARILÂNDIA DO SUL","t":1,"f":"S","s":"N","dg":"13/10/2020","hg":"20:03:35","v":"005","br":{"nm":"Brasil","uf":[{"sg":"PR","nm":"PARANÁ","mun":[{"cd":"74330","nm":"MARILÂNDIA DO SUL","c":"N","s":35,"e":7013,"tzon":1,"zon":[{"cd":"0076","s":35,"e":7013}]}]}]},"carg":{"cd":13,"nmn":"Vereador","nmm":"Vereador","nmf":"Vereadora","nv":15,"col":[{"n":160000322200,"nm":"COLIGACAO 160000322200","tp":"P","com":"P16","par":[{"n":16,"sg":" P16 ","nm":"PARTIDO 16","cand":[{"sqcand":160002463945,"n":16009,"nm":"CANDIDATO 16009","nmu":"CANDIDATO 16009","s":"M","dt":"12/03/1929","dvt":"Válido"},{"sqcand":160002463942,"n":16006,"nm":"CANDIDATO 16006","nmu":"CANDIDATO 16006","s":"M","dt":"06/02/1927","dvt":"Válido"},{"sqcand":160002463947,"n":16011,"nm":"CANDIDATO 16011","nmu":"CANDIDATO 16011","s":"M","dt":"08/04/1971","dvt":"Válido"},{"sqcand":160002463941,"n":16005,"nm":"CANDIDATO 16005","nmu":"CANDIDATO 16005","s":"M","dt":"05/04/1929","dvt":"Válido"},{"sqcand":160002463938,"n":16002,"nm":"CANDIDATO 16002","nmu":"CANDIDATO 16002","s":"F","dt":"07/04/1929","dvt":"Válido"},{"sqcand":160002463939,"n":16003,"nm":"CANDIDATO 16003","nmu":"CANDIDATO 16003","s":"F","dt":"10/06/1972","dvt":"Válido"},{"sqcand":160002463943,"n":16007,"nm":"CANDIDATO 16007","nmu":"CANDIDATO 16007","s":"M","dt":"21/11/1929","dvt":"Válido"},{"sqcand":160002463950,"n":16014,"nm":"CANDIDATO 16014","nmu":"CANDIDATO 16014","s":"M","dt":"22/08/1929","dvt":"Válido"},{"sqcand":160002463949,"n":16013,"nm":"CANDIDATO 16013","nmu":"CANDIDATO 16013","s":"M","dt":"25/03/1974","dvt":"Válido"},{"sqcand":160002463948,"n":16012,"nm":"CANDIDATO 16012","nmu":"CANDIDATO 16012","s":"M","dt":"02/05/1959","dvt":"Válido"},{"sqcand":160002463940,"n":16004,"nm":"CANDIDATO 16004","nmu":"CANDIDATO 16004","s":"F","dt":"04/07/1926","dvt":"Válido"},{"sqcand":160002463944,"n":16008,"nm":"CANDIDATO 16008","nmu":"CANDIDATO 16008","s":"M","dt":"23/08/1929","dvt":"Válido"},{"sqcand":160002463946,"n":16010,"nm":"CANDIDATO 16010","nmu":"CANDIDATO 16010","s":"M","dt":"02/05/1977","dvt":"Válido"},{"sqcand":160002463951,"n":16015,"nm":"CANDIDATO 16015","nmu":"CANDIDATO 16015","s":"M","dt":"01/10/1951","dvt":"Válido"},{"sqcand":160002463937,"n":16001,"nm":"CANDIDATO 16001","nmu":"CANDIDATO 16001","s":"F","dt":"21/02/1927","dvt":"Válido"}]}]},{"n":160000322204,"nm":"COLIGACAO 160000322204","tp":"P","com":"P14","par":[{"n":14,"sg":" P14 ","nm":"PARTIDO 14","cand":[{"sqcand":160002463999,"n":14003,"nm":"CANDIDATO 14003","nmu":"CANDIDATO 14003","s":"F","dt":"11/02/1928","dvt":"Válido"},{"sqcand":160002464006,"n":14010,"nm":"CANDIDATO 14010","nmu":"CANDIDATO 14010","s":"M","dt":"17/11/1976","dvt":"Válido"},{"sqcand":160002464010,"n":14014,"nm":"CANDIDATO 14014","nmu":"CANDIDATO 14014","s":"M","dt":"07/01/1927","dvt":"Válido"},{"sqcand":160002463998,"n":14002,"nm":"CANDIDATO 14002","nmu":"CANDIDATO 14002","s":"F","dt":"25/12/1928","dvt":"Válido"},{"sqcand":160002464005,"n":14009,"nm":"CANDIDATO 14009","nmu":"CANDIDATO 14009","s":"M","dt":"06/07/1929","dvt":"Válido"},{"sqcand":160002464001,"n":14005,"nm":"CANDIDATO 14005","nmu":"CANDIDATO 14005","s":"M","dt":"25/12/1928","dvt":"Válido"},{"sqcand":160002463997,"n":14001,"nm":"CANDIDATO 14001","nmu":"CANDIDATO 14001","s":"F","dt":"08/12/1929","dvt":"Válido"},{"sqcand":160002464000,"n":14004,"nm":"CANDIDATO 14004","nmu":"CANDIDATO 14004","s":"F","dt":"20/06/1963","dvt":"Válido"},{"sqcand":160002464003,"n":14007,"nm":"CANDIDATO 14007","nmu":"CANDIDATO 14007","s":"M","dt":"28/01/1929","dvt":"Válido"},{"sqcand":160002464004,"n":14008,"nm":"CANDIDATO 14008","nmu":"CANDIDATO 14008","s":"M","dt":"13/02/1929","dvt":"Válido"},{"sqcand":160002464007,"n":14011,"nm":"CANDIDATO 14011","nmu":"CANDIDATO 14011","s":"M","dt":"13/03/1929","dvt":"Válido"},{"sqcand":160002464009,"n":14013,"nm":"CANDIDATO 14013","nmu":"CANDIDATO 14013","s":"M","dt":"16/12/1929","dvt":"Válido"},{"sqcand":160002464011,"n":14015,"nm":"CANDIDATO 14015","nmu":"CANDIDATO 14015","s":"M","dt":"12/08/1968","dvt":"Válido"},{"sqcand":160002464002,"n":14006,"nm":"CANDIDATO 14006","nmu":"CANDIDATO 14006","s":"M","dt":"22/03/1926","dvt":"Válido"},{"sqcand":160002464008,"n":14012,"nm":"CANDIDATO 14012","nmu":"CANDIDATO 14012","s":"M","dt":"16/07/1929","dvt":"Válido"}]}]}]}}