{"ele":8707,"cdabr":"74594","nmabr":"BOCAIÚVA DO SUL","t":1,"f":"S","s":"N","dg":"13/10/2020","hg":"20:03:42","v":"005","br":{"nm":"Brasil","uf":[{"sg":"PR","nm":"PARANÁ","mun":[{"cd":"74594","nm":"BOCAIÚVA DO SUL","c":"N","s":30,"e":9116,"tzon":1,"zon":[{"cd":"0048","s":30,"e":9116}]}]}]},"carg":{"cd":13,"nmn":"Vereador","nmm":"Vereador","nmf":"Vereadora","nv":15,"col":[{"n":160000329118,"nm":"COLIGACAO 160000329118","tp":"P","com":"P14","par":[{"n":14,"sg":" P14 ","nm":"PARTIDO 14","cand":[{"sqcand":160002489006,"n":14001,"nm":"CANDIDATO 14001","nmu":"CANDIDATO 14001","s":"F","dt":"17/07/1928","dvt":"Válido"},{"sqcand":160002489008,"n":14003,"nm":"CANDIDATO 14003","nmu":"CANDIDATO 14003","s":"F","dt":"11/03/1984","dvt":"Válido"},{"sqcand":160002489014,"n":14009,"nm":"CANDIDATO 14009","nmu":"CANDIDATO 14009","s":"M","dt":"19/12/1929","dvt":"Válido"},{"sqcand":160002489016,"n":14011,"nm":"CANDIDATO 14011","nmu":"CANDIDATO 14011","s":"M","dt":"22/03/1929","dvt":"Válido"},{"sqcand":160002489007,"n":14002,"nm":"CANDIDATO 14002","nmu":"CANDIDATO 14002","s":"F","dt":"10/10/1920","dvt":"Válido"},{"sqcand":160002489010,"n":14005,"nm":"CANDIDATO 14005","nmu":"CANDIDATO 14005","s":"M","dt":"16/08/1924","dvt":"Válido"},{"sqcand":160002489017,"n":14012,"nm":"CANDIDATO 14012","nmu":"CANDIDATO 14012","s":"M","dt":"25/12/1971","dvt":"Válido"},{"sqcand":160002489015,"n":14010,"nm":"CANDIDATO 14010","nmu":"CANDIDATO 14010","s":"M","dt":"05/07/1926","dvt":"Válido"},{"sqcand":160002489013,"n":14008,"nm":"CANDIDATO 14008","nmu":"CANDIDATO 14008","s":"M","dt":"24/02/1929","dvt":"Válido"},{"sqcand":160002489018,"n":14013,"nm":"CANDIDATO 14013","nmu":"CANDIDATO 14013","s":"M","dt":"17/08/1929","dvt":"Válido"},{"sqcand":160002489011,"n":14006,"nm":"CANDIDATO 14006","nmu":"CANDIDATO 14006","s":"M","dt":"10/02/1929","dvt":"Válido"},{"sqcand":160002489019,"n":14014,"nm":"CANDIDATO 14014","nmu":"CANDIDATO 14014","s":"M","dt":"24/07/1929","dvt":"Válido"},{"sqcand":160002489020,"n":14015,"nm":"CANDIDATO 14015","nmu":"CANDIDATO 14015","s":"M","dt":"12/09/1926","dvt":"Válido"},{"sqcand":160002489009,"n":14004,"nm":"CANDIDATO 14004","nmu":"CANDIDATO 14004","s":"F","dt":"28/02/1929","dvt":"Válido"},{"sqcand":160002489012,"n":14007,"nm":"CANDIDATO 14007","nmu":"CANDIDATO 14007","s":"M","dt":"02/06/1929","dvt":"Válido"}]}]},{"n":160000329121,"nm":"COLIGACAO 160000329121","tp":"P","com":"P16","par":[{"n":16,"sg":" P16 ","nm":"PARTIDO 16","cand":[{"sqcand":160002489055,"n":16005,"nm":"CANDIDATO 16005","nmu":"CANDIDATO 16005","s":"M","dt":"20/04/1957","dvt":"Válido"},{"sqcand":160002489063,"n":16013,"nm":"CANDIDATO 16013","nmu":"CANDIDATO 16013","s":"M","dt":"25/03/1968","dvt":"Válido"},{"sqcand":160002489065,"n":16015,"nm":"CANDIDATO 16015","nmu":"CANDIDATO 16015","s":"M","dt":"26/05/1926","dvt":"Válido"},{"sqcand":160002489051,"n":16001,"nm":"CANDIDATO 16001","nmu":"CANDIDATO 16001","s":"F","dt":"17/04/1929","dvt":"Válido"},{"sqcand":160002489058,"n":16008,"nm":"CANDIDATO 16008","nmu":"CANDIDATO 16008","s":"M","dt":"21/02/1929","dvt":"Válido"},{"sqcand":160002489060,"n":16010,"nm":"CANDIDATO 16010","nmu":"CANDIDATO 16010","s":"M","dt":"05/12/1971","dvt":"Válido"},{"sqcand":160002489059,"n":16009,"nm":"CANDIDATO 16009","nmu":"CANDIDATO 16009","s":"M","dt":"03/06/1929","dvt":"Válido"},{"sqcand":160002489061,"n":16011,"nm":"CANDIDATO 16011","nmu":"CANDIDATO 16011","s":"M","dt":"01/06/1928","dvt":"Válido"},{"sqcand":160002489052,"n":16002,"nm":"CANDIDATO 16002","nmu":"CANDIDATO 16002","s":"F","dt":"05/12/1929","dvt":"Válido"},{"sqcand":160002489054,"n":16004,"nm":"CANDIDATO 16004","nmu":"CANDIDATO 16004","s":"F","dt":"25/06/1924","dvt":"Válido"},{"sqcand":160002489056,"n":16006,"nm":"CANDIDATO 16006","nmu":"CANDIDATO 16006","s":"M","dt":"07/06/1928","dvt":"Válido"},{"sqcand":160002489057,"n":16007,"nm":"CANDIDATO 16007","nmu":"CANDIDATO 16007","s":"M","dt":"31/05/1926","dvt":"Válido"},{"sqcand":160002489062,"n":16012,"nm":"CANDIDATO 16012","nmu":"CANDIDATO 16012","s":"M","dt":"21/07/1929","dvt":"Válido"},{"sqcand":160002489053,"n":16003,"nm":"CANDIDATO 16003","nmu":"CANDIDATO 16003","s":"F","dt":"09/01/1929","dvt":"Válido"},{"sqcand":160002489064,"n":16014,"nm":"CANDIDATO 16014","nmu":"CANDIDATO 16014","s":"M","dt":"10/07/1929","dvt":"Válido"}]}]}]}}