{"ele":8707,"cdabr":"74497","nmabr":"BARRACÃO","t":1,"f":"S","dg":"13/10/2020","hg":"20:03:58","car":{"cd":11,"nm":"Prefeito","scv":"N","cand":[{"n":14,"nmu":"CANDIDATO 14","c":"#a9a9a9","sgp":"P14","ap":[{"dataHoraApuracao":"13/10/2020 18:25:00","da":"13/10/2020","ha":"18:25:00","vap":908,"tvap":2086,"pvap":"43,52"},{"dataHoraApuracao":"13/10/2020 18:52:00","da":"13/10/2020","ha":"18:52:00","vap":912,"tvap":2094,"pvap":"43,55"}]},{"n":16,"nmu":"CANDIDATO 16","c":"#a9a9a9","sgp":"P16","ap":[{"dataHoraApuracao":"13/10/2020 18:25:00","da":"13/10/2020","ha":"18:25:00","vap":1178,"tvap":2086,"pvap":"56,47"},{"dataHoraApuracao":"13/10/2020 18:52:00","da":"13/10/2020","ha":"18:52:00","vap":1182,"tvap":2094,"pvap":"56,44"}]}]}}