{"ele":8707,"carper":11,"t":1,"f":"S","esae":"N","mnae":" ","dg":"13/10/2020","hg":"20:06:01","dv":"S","nadf":"pr74810-c0011-e008707-006-f","abr":[{"dt":"13/10/2020","ht":"19:39:23","tf":"S","and":"F","s":280,"st":280,"pst":" 100,00","snt":0,"psnt":"   0,00","si":280,"psi":" 100,00","sni":0,"psni":"   0,00","sa":280,"psa":" 100,00","sna":0,"psna":"   0,00","e":86312,"ea":86312,"pea":" 100,00","ena":0,"pena":"   0,00","esi":86312,"pesi":" 100,00","esni":0,"pesni":"   0,00","c":72683,"pc":"  84,21","a":13629,"pa":"  15,79","tv":72683,"vscv":0,"vb":18821,"pvb":"  25,89","tvn":16723,"ptvn":"  23,01","vn":16723,"pvn":" 100,00","vnt":0,"pvnt":"   0,00","vp":0,"pvp":"   0,00","vv":37139,"pvv":" 100,00","van":0,"pvan":"   0,00","vansj":0,"pvansj":"   0,00","vnom":37139,"pvnom":" 100,00","cand":[{"seq":2,"n":16,"e":"N","vap":17524,"pvap":"  24,11","st":"Não eleito"},{"seq":1,"n":14,"e":"S","vap":19615,"pvap":"  26,99","st":"Eleito"}],"tpabr":"MU","cdabr":"74810","colig":[{"n":160000322076,"tvtn":17524,"tvtl":0,"tvan":17524,"tval":0},{"n":160000322075,"tvtn":19615,"tvtl":0,"tvan":19615,"tval":0}],"part":[{"n":16,"tvtn":17524,"tvtl":0,"tvan":17524,"tval":0},{"n":14,"tvtn":19615,"tvtl":0,"tvan":19615,"tval":0}]},{"dt":"13/10/2020","ht":"19:39:23","tf":"S","and":"F","s":280,"st":280,"pst":" 100,00","snt":0,"psnt":"0","si":280,"psi":" 100,00","sni":0,"psni":"   0,00","sa":280,"psa":" 100,00","sna":0,"psna":"   0,00","e":86312,"ea":86312,"pea":" 100,00","ena":0,"pena":"   0,00","esi":86312,"pesi":" 100,00","esni":0,"pesni":"   0,00","c":72683,"pc":"  84,21","a":13629,"pa":"  15,79","tv":72683,"vscv":0,"vb":18821,"pvb":"  25,89","tvn":16723,"ptvn":"  23,01","vn":16723,"pvn":" 100,00","vp":0,"pvp":"   0,00","vv":37139,"pvv":" 100,00","van":0,"pvan":"   0,00","vansj":0,"pvansj":"   0,00","vnom":37139,"pvnom":" 100,00","cand":[{"seq":2,"n":16,"e":"N","vap":17524,"pvap":"  24,11","st":"Não eleito"},{"seq":1,"n":14,"e":"S","vap":19615,"pvap":"  26,99","st":"Eleito"}],"tpabr":"ZONA","cdabr":"9"}]}