{"ele":8707,"carper":13,"t":1,"f":"S","esae":"N","mnae":" ","dg":"13/10/2020","hg":"20:06:17","dv":"S","nadf":"pr74527-c0013-e008707-006-f","abr":[{"dt":"13/10/2020","ht":"18:40:02","tf":"N","and":"P","s":16,"st":16,"pst":" 100,00","snt":0,"psnt":"   0,00","si":16,"psi":" 100,00","sni":0,"psni":"   0,00","sa":16,"psa":" 100,00","sna":0,"psna":"   0,00","e":3086,"ea":3086,"pea":" 100,00","ena":0,"pena":"   0,00","esi":3086,"pesi":" 100,00","esni":0,"pesni":"   0,00","c":2630,"pc":"  85,22","a":456,"pa":"  14,78","tv":2630,"vscv":0,"vb":44,"pvb":"   1,67","tvn":21,"ptvn":"   0,80","vn":21,"pvn":" 100,00","vnt":0,"pvnt":"   0,00","vp":0,"pvp":"   0,00","vv":2565,"pvv":" 100,00","vl":191,"pvl":"   7,45","van":0,"pvan":"   0,00","vansj":0,"pvansj":"   0,00","vnom":2374,"pvnom":"  92,55","cand":[{"seq":19,"n":16004,"e":"N","vap":39,"pvap":"   1,48","st":""},{"seq":24,"n":16009,"e":"N","vap":25,"pvap":"   0,95","st":""},{"seq":23,"n":16007,"e":"N","vap":29,"pvap":"   1,10","st":""},{"seq":22,"n":16015,"e":"N","vap":31,"pvap":"   1,18","st":""},{"seq":8,"n":16012,"e":"N","vap":100,"pvap":"   3,80","st":""},{"seq":12,"n":16014,"e":"N","vap":70,"pvap":"   2,66","st":""},{"seq":6,"n":16011,"e":"N","vap":116,"pvap":"   4,41","st":""},{"seq":9,"n":16001,"e":"N","vap":83,"pvap":"   3,16","st":""},{"seq":7,"n":16008,"e":"N","vap":104,"pvap":"   3,95","st":""},{"seq":25,"n":16013,"e":"N","vap":25,"pvap":"   0,95","st":""},{"seq":16,"n":16005,"e":"N","vap":50,"pvap":"   1,90","st":""},{"seq":10,"n":16002,"e":"N","vap":73,"pvap":"   2,78","st":""},{"seq":18,"n":16010,"e":"N","vap":43,"pvap":"   1,63","st":""},{"seq":26,"n":16003,"e":"N","vap":20,"pvap":"   0,76","st":""},{"seq":20,"n":16006,"e":"N","vap":37,"pvap":"   1,41","st":""},{"seq":14,"n":14002,"e":"N","vap":65,"pvap":"   2,47","st":""},{"seq":3,"n":14007,"e":"N","vap":194,"pvap":"   7,38","st":""},{"seq":13,"n":14014,"e":"N","vap":67,"pvap":"   2,55","st":""},{"seq":29,"n":14013,"e":"N","vap":16,"pvap":"   0,61","st":""},{"seq":15,"n":14012,"e":"N","vap":51,"pvap":"   1,94","st":""},{"seq":17,"n":14008,"e":"N","vap":45,"pvap":"   1,71","st":""},{"seq":4,"n":14004,"e":"N","vap":166,"pvap":"   6,31","st":""},{"seq":27,"n":14011,"e":"N","vap":19,"pvap":"   0,72","st":""},{"seq":1,"n":14010,"e":"N","vap":323,"pvap":"  12,28","st":""},{"seq":21,"n":14015,"e":"N","vap":37,"pvap":"   1,41","st":""},{"seq":2,"n":14009,"e":"N","vap":307,"pvap":"  11,67","st":""},{"seq":5,"n":14006,"e":"N","vap":135,"pvap":"   5,13","st":""},{"seq":30,"n":14003,"e":"N","vap":16,"pvap":"   0,61","st":""},{"seq":28,"n":14005,"e":"N","vap":16,"pvap":"   0,61","st":""},{"seq":11,"n":14001,"e":"N","vap":72,"pvap":"   2,74","st":""}],"tpabr":"MU","cdabr":"74527","colig":[{"n":160000323339,"tvtn":845,"tvtl":166,"tvan":845,"tval":166,"vag":6},{"n":160000323335,"tvtn":1529,"tvtl":25,"tvan":1529,"tval":25,"vag":9}],"part":[{"n":16,"tvtn":845,"tvtl":166,"tvan":845,"tval":166},{"n":14,"tvtn":1529,"tvtl":25,"tvan":1529,"tval":25}]},{"dt":"13/10/2020","ht":"18:40:02","tf":"N","and":"P","s":16,"st":16,"pst":" 100,00","snt":0,"psnt":"0","si":16,"psi":" 100,00","sni":0,"psni":"   0,00","sa":16,"psa":" 100,00","sna":0,"psna":"   0,00","e":3086,"ea":3086,"pea":" 100,00","ena":0,"pena":"   0,00","esi":3086,"pesi":" 100,00","esni":0,"pesni":"   0,00","c":2630,"pc":"  85,22","a":456,"pa":"  14,78","tv":2630,"vscv":0,"vb":44,"pvb":"   1,67","tvn":21,"ptvn":"   0,80","vn":21,"pvn":" 100,00","vp":0,"pvp":"   0,00","vv":2565,"pvv":" 100,00","vl":191,"pvl":"   7,45","van":0,"pvan":"   0,00","vansj":0,"pvansj":"   0,00","vnom":2374,"pvnom":"  92,55","cand":[{"seq":14,"n":14002,"e":"N","vap":65,"pvap":"   2,47","st":""},{"seq":3,"n":14007,"e":"N","vap":194,"pvap":"   7,38","st":""},{"seq":13,"n":14014,"e":"N","vap":67,"pvap":"   2,55","st":""},{"seq":29,"n":14013,"e":"N","vap":16,"pvap":"   0,61","st":""},{"seq":15,"n":14012,"e":"N","vap":51,"pvap":"   1,94","st":""},{"seq":17,"n":14008,"e":"N","vap":45,"pvap":"   1,71","st":""},{"seq":4,"n":14004,"e":"N","vap":166,"pvap":"   6,31","st":""},{"seq":27,"n":14011,"e":"N","vap":19,"pvap":"   0,72","st":""},{"seq":1,"n":14010,"e":"N","vap":323,"pvap":"  12,28","st":""},{"seq":21,"n":14015,"e":"N","vap":37,"pvap":"   1,41","st":""},{"seq":2,"n":14009,"e":"N","vap":307,"pvap":"  11,67","st":""},{"seq":5,"n":14006,"e":"N","vap":135,"pvap":"   5,13","st":""},{"seq":30,"n":14003,"e":"N","vap":16,"pvap":"   0,61","st":""},{"seq":28,"n":14005,"e":"N","vap":16,"pvap":"   0,61","st":""},{"seq":11,"n":14001,"e":"N","vap":72,"pvap":"   2,74","st":""},{"seq":19,"n":16004,"e":"N","vap":39,"pvap":"   1,48","st":""},{"seq":24,"n":16009,"e":"N","vap":25,"pvap":"   0,95","st":""},{"seq":23,"n":16007,"e":"N","vap":29,"pvap":"   1,10","st":""},{"seq":22,"n":16015,"e":"N","vap":31,"pvap":"   1,18","st":""},{"seq":8,"n":16012,"e":"N","vap":100,"pvap":"   3,80","st":""},{"seq":12,"n":16014,"e":"N","vap":70,"pvap":"   2,66","st":""},{"seq":6,"n":16011,"e":"N","vap":116,"pvap":"   4,41","st":""},{"seq":9,"n":16001,"e":"N","vap":83,"pvap":"   3,16","st":""},{"seq":7,"n":16008,"e":"N","vap":104,"pvap":"   3,95","st":""},{"seq":25,"n":16013,"e":"N","vap":25,"pvap":"   0,95","st":""},{"seq":16,"n":16005,"e":"N","vap":50,"pvap":"   1,90","st":""},{"seq":10,"n":16002,"e":"N","vap":73,"pvap":"   2,78","st":""},{"seq":18,"n":16010,"e":"N","vap":43,"pvap":"   1,63","st":""},{"seq":26,"n":16003,"e":"N","vap":20,"pvap":"   0,76","st":""},{"seq":20,"n":16006,"e":"N","vap":37,"pvap":"   1,41","st":""}],"tpabr":"ZONA","cdabr":"38"}]}