{"ele":8707,"cdabr":"74276","nmabr":"ARAPONGAS","t":1,"f":"S","s":"N","dg":"13/10/2020","hg":"20:03:39","v":"005","br":{"nm":"Brasil","uf":[{"sg":"PR","nm":"PARANÁ","mun":[{"cd":"74276","nm":"ARAPONGAS","c":"N","s":266,"e":77048,"tzon":1,"zon":[{"cd":"0061","s":266,"e":77048}]}]}]},"carg":{"cd":13,"nmn":"Vereador","nmm":"Vereador","nmf":"Vereadora","nv":15,"col":[{"n":160000322793,"nm":"COLIGACAO 160000322793","tp":"P","com":"P16","par":[{"n":16,"sg":" P16 ","nm":"PARTIDO 16","cand":[{"sqcand":160002467376,"n":16010,"nm":"CANDIDATO 16010","nmu":"CANDIDATO 16010","s":"M","dt":"12/09/1924","dvt":"Válido"},{"sqcand":160002467375,"n":16009,"nm":"CANDIDATO 16009","nmu":"CANDIDATO 16009","s":"M","dt":"27/08/1977","dvt":"Válido"},{"sqcand":160002467371,"n":16005,"nm":"CANDIDATO 16005","nmu":"CANDIDATO 16005","s":"M","dt":"28/08/1929","dvt":"Válido"},{"sqcand":160002467373,"n":16007,"nm":"CANDIDATO 16007","nmu":"CANDIDATO 16007","s":"M","dt":"02/11/1925","dvt":"Válido"},{"sqcand":160002467380,"n":16014,"nm":"CANDIDATO 16014","nmu":"CANDIDATO 16014","s":"M","dt":"09/06/1929","dvt":"Válido"},{"sqcand":160002467374,"n":16008,"nm":"CANDIDATO 16008","nmu":"CANDIDATO 16008","s":"M","dt":"04/08/1929","dvt":"Válido"},{"sqcand":160002467378,"n":16012,"nm":"CANDIDATO 16012","nmu":"CANDIDATO 16012","s":"M","dt":"20/01/1929","dvt":"Válido"},{"sqcand":160002467381,"n":16015,"nm":"CANDIDATO 16015","nmu":"CANDIDATO 16015","s":"M","dt":"09/07/1990","dvt":"Válido"},{"sqcand":160002467377,"n":16011,"nm":"CANDIDATO 16011","nmu":"CANDIDATO 16011","s":"M","dt":"15/02/1929","dvt":"Válido"},{"sqcand":160002467367,"n":16001,"nm":"CANDIDATO 16001","nmu":"CANDIDATO 16001","s":"F","dt":"05/04/1923","dvt":"Válido"},{"sqcand":160002467372,"n":16006,"nm":"CANDIDATO 16006","nmu":"CANDIDATO 16006","s":"M","dt":"26/06/1926","dvt":"Válido"},{"sqcand":160002467379,"n":16013,"nm":"CANDIDATO 16013","nmu":"CANDIDATO 16013","s":"M","dt":"23/02/1925","dvt":"Válido"},{"sqcand":160002467370,"n":16004,"nm":"CANDIDATO 16004","nmu":"CANDIDATO 16004","s":"F","dt":"15/05/1929","dvt":"Válido"},{"sqcand":160002467368,"n":16002,"nm":"CANDIDATO 16002","nmu":"CANDIDATO 16002","s":"F","dt":"24/04/1929","dvt":"Válido"},{"sqcand":160002467369,"n":16003,"nm":"CANDIDATO 16003","nmu":"CANDIDATO 16003","s":"F","dt":"09/09/1928","dvt":"Válido"}]}]},{"n":160000322789,"nm":"COLIGACAO 160000322789","tp":"P","com":"P14","par":[{"n":14,"sg":" P14 ","nm":"PARTIDO 14","cand":[{"sqcand":160002467342,"n":14010,"nm":"CANDIDATO 14010","nmu":"CANDIDATO 14010","s":"M","dt":"28/10/1929","dvt":"Válido"},{"sqcand":160002467346,"n":14014,"nm":"CANDIDATO 14014","nmu":"CANDIDATO 14014","s":"M","dt":"30/12/1926","dvt":"Válido"},{"sqcand":160002467347,"n":14015,"nm":"CANDIDATO 14015","nmu":"CANDIDATO 14015","s":"M","dt":"10/07/1929","dvt":"Válido"},{"sqcand":160002467338,"n":14006,"nm":"CANDIDATO 14006","nmu":"CANDIDATO 14006","s":"M","dt":"09/09/1929","dvt":"Válido"},{"sqcand":160002467344,"n":14012,"nm":"CANDIDATO 14012","nmu":"CANDIDATO 14012","s":"M","dt":"27/05/1929","dvt":"Válido"},{"sqcand":160002467334,"n":14002,"nm":"CANDIDATO 14002","nmu":"CANDIDATO 14002","s":"F","dt":"08/08/1949","dvt":"Válido"},{"sqcand":160002467339,"n":14007,"nm":"CANDIDATO 14007","nmu":"CANDIDATO 14007","s":"M","dt":"27/08/1929","dvt":"Válido"},{"sqcand":160002467343,"n":14011,"nm":"CANDIDATO 14011","nmu":"CANDIDATO 14011","s":"M","dt":"05/01/1928","dvt":"Válido"},{"sqcand":160002467337,"n":14005,"nm":"CANDIDATO 14005","nmu":"CANDIDATO 14005","s":"M","dt":"20/09/1929","dvt":"Válido"},{"sqcand":160002467341,"n":14009,"nm":"CANDIDATO 14009","nmu":"CANDIDATO 14009","s":"M","dt":"20/09/1929","dvt":"Válido"},{"sqcand":160002467345,"n":14013,"nm":"CANDIDATO 14013","nmu":"CANDIDATO 14013","s":"M","dt":"22/06/1929","dvt":"Válido"},{"sqcand":160002467333,"n":14001,"nm":"CANDIDATO 14001","nmu":"CANDIDATO 14001","s":"F","dt":"12/09/1920","dvt":"Válido"},{"sqcand":160002467335,"n":14003,"nm":"CANDIDATO 14003","nmu":"CANDIDATO 14003","s":"F","dt":"09/08/1929","dvt":"Válido"},{"sqcand":160002467336,"n":14004,"nm":"CANDIDATO 14004","nmu":"CANDIDATO 14004","s":"F","dt":"29/10/1929","dvt":"Válido"},{"sqcand":160002467340,"n":14008,"nm":"CANDIDATO 14008","nmu":"CANDIDATO 14008","s":"M","dt":"04/02/1923","dvt":"Válido"}]}]}]}}