{"ele":8707,"cdabr":"74217","nmabr":"ANTONINA","t":1,"f":"S","s":"N","dg":"13/10/2020","hg":"20:03:40","v":"005","br":{"nm":"Brasil","uf":[{"sg":"PR","nm":"PARANÁ","mun":[{"cd":"74217","nm":"ANTONINA","c":"N","s":54,"e":14602,"tzon":1,"zon":[{"cd":"0006","s":54,"e":14602}]}]}]},"carg":{"cd":13,"nmn":"Vereador","nmm":"Vereador","nmf":"Vereadora","nv":15,"col":[{"n":160000321907,"nm":"COLIGACAO 160000321907","tp":"P","com":"P16","par":[{"n":16,"sg":" P16 ","nm":"PARTIDO 16","cand":[{"sqcand":160002462839,"n":16007,"nm":"CANDIDATO 16007","nmu":"CANDIDATO 16007","s":"M","dt":"31/08/1928","dvt":"Válido"},{"sqcand":160002462844,"n":16012,"nm":"CANDIDATO 16012","nmu":"CANDIDATO 16012","s":"M","dt":"07/03/1929","dvt":"Válido"},{"sqcand":160002462841,"n":16009,"nm":"CANDIDATO 16009","nmu":"CANDIDATO 16009","s":"M","dt":"22/11/1929","dvt":"Válido"},{"sqcand":160002462840,"n":16008,"nm":"CANDIDATO 16008","nmu":"CANDIDATO 16008","s":"M","dt":"28/03/1924","dvt":"Válido"},{"sqcand":160002462845,"n":16013,"nm":"CANDIDATO 16013","nmu":"CANDIDATO 16013","s":"M","dt":"08/02/1929","dvt":"Válido"},{"sqcand":160002462846,"n":16014,"nm":"CANDIDATO 16014","nmu":"CANDIDATO 16014","s":"M","dt":"29/07/1955","dvt":"Válido"},{"sqcand":160002462842,"n":16010,"nm":"CANDIDATO 16010","nmu":"CANDIDATO 16010","s":"M","dt":"15/12/1929","dvt":"Válido"},{"sqcand":160002462833,"n":16001,"nm":"CANDIDATO 16001","nmu":"CANDIDATO 16001","s":"F","dt":"15/06/1929","dvt":"Válido"},{"sqcand":160002462838,"n":16006,"nm":"CANDIDATO 16006","nmu":"CANDIDATO 16006","s":"M","dt":"10/02/1929","dvt":"Válido"},{"sqcand":160002462835,"n":16003,"nm":"CANDIDATO 16003","nmu":"CANDIDATO 16003","s":"F","dt":"16/09/1997","dvt":"Válido"},{"sqcand":160002462847,"n":16015,"nm":"CANDIDATO 16015","nmu":"CANDIDATO 16015","s":"M","dt":"17/05/1929","dvt":"Válido"},{"sqcand":160002462834,"n":16002,"nm":"CANDIDATO 16002","nmu":"CANDIDATO 16002","s":"F","dt":"05/06/1929","dvt":"Válido"},{"sqcand":160002462836,"n":16004,"nm":"CANDIDATO 16004","nmu":"CANDIDATO 16004","s":"F","dt":"23/07/1929","dvt":"Válido"},{"sqcand":160002462837,"n":16005,"nm":"CANDIDATO 16005","nmu":"CANDIDATO 16005","s":"M","dt":"25/12/1971","dvt":"Válido"},{"sqcand":160002462843,"n":16011,"nm":"CANDIDATO 16011","nmu":"CANDIDATO 16011","s":"M","dt":"08/01/1929","dvt":"Válido"}]}]},{"n":160000321905,"nm":"COLIGACAO 160000321905","tp":"P","com":"P14","par":[{"n":14,"sg":" P14 ","nm":"PARTIDO 14","cand":[{"sqcand":160002462812,"n":14010,"nm":"CANDIDATO 14010","nmu":"CANDIDATO 14010","s":"M","dt":"25/08/1929","dvt":"Válido"},{"sqcand":160002462804,"n":14002,"nm":"CANDIDATO 14002","nmu":"CANDIDATO 14002","s":"F","dt":"14/11/1929","dvt":"Válido"},{"sqcand":160002462815,"n":14013,"nm":"CANDIDATO 14013","nmu":"CANDIDATO 14013","s":"M","dt":"08/08/1958","dvt":"Válido"},{"sqcand":160002462805,"n":14003,"nm":"CANDIDATO 14003","nmu":"CANDIDATO 14003","s":"F","dt":"01/05/1929","dvt":"Válido"},{"sqcand":160002462807,"n":14005,"nm":"CANDIDATO 14005","nmu":"CANDIDATO 14005","s":"M","dt":"19/05/1929","dvt":"Válido"},{"sqcand":160002462809,"n":14007,"nm":"CANDIDATO 14007","nmu":"CANDIDATO 14007","s":"M","dt":"04/11/1929","dvt":"Válido"},{"sqcand":160002462803,"n":14001,"nm":"CANDIDATO 14001","nmu":"CANDIDATO 14001","s":"F","dt":"11/03/1968","dvt":"Válido"},{"sqcand":160002462808,"n":14006,"nm":"CANDIDATO 14006","nmu":"CANDIDATO 14006","s":"M","dt":"12/06/1926","dvt":"Válido"},{"sqcand":160002462816,"n":14014,"nm":"CANDIDATO 14014","nmu":"CANDIDATO 14014","s":"M","dt":"22/04/1921","dvt":"Válido"},{"sqcand":160002462811,"n":14009,"nm":"CANDIDATO 14009","nmu":"CANDIDATO 14009","s":"M","dt":"26/12/1929","dvt":"Válido"},{"sqcand":160002462814,"n":14012,"nm":"CANDIDATO 14012","nmu":"CANDIDATO 14012","s":"M","dt":"03/02/1927","dvt":"Válido"},{"sqcand":160002462806,"n":14004,"nm":"CANDIDATO 14004","nmu":"CANDIDATO 14004","s":"F","dt":"22/02/1928","dvt":"Válido"},{"sqcand":160002462810,"n":14008,"nm":"CANDIDATO 14008","nmu":"CANDIDATO 14008","s":"M","dt":"20/07/1928","dvt":"Válido"},{"sqcand":160002462813,"n":14011,"nm":"CANDIDATO 14011","nmu":"CANDIDATO 14011","s":"M","dt":"29/11/1972","dvt":"Válido"},{"sqcand":160002462817,"n":14015,"nm":"CANDIDATO 14015","nmu":"CANDIDATO 14015","s":"M","dt":"23/06/1929","dvt":"Válido"}]}]}]}}