{"ele":8707,"cdabr":"74535","nmabr":"BELA VISTA DO PARAÍSO","t":1,"f":"S","s":"N","dg":"13/10/2020","hg":"20:03:34","v":"005","br":{"nm":"Brasil","uf":[{"sg":"PR","nm":"PARANÁ","mun":[{"cd":"74535","nm":"BELA VISTA DO PARAÍSO","c":"N","s":42,"e":12112,"tzon":1,"zon":[{"cd":"0077","s":42,"e":12112}]}]}]},"carg":{"cd":11,"nmn":"Prefeito","nmm":"Prefeito","nmf":"Prefeita","nv":1,"col":[{"n":160000322260,"nm":"COLIGACAO 160000322260","tp":"P","com":"P16","par":[{"n":16,"sg":" P16 ","nm":"PARTIDO 16","cand":[{"sqcand":160002464296,"n":16,"nm":"CANDIDATO 16","nmu":"CANDIDATO 16","s":"M","dt":"21/09/1928","dvt":"Válido","vs":[{"sqcand":160002464297,"nm":"CANDIDATO 16 1","nmu":"CANDIDATO 16 1","tp":"V","sgp":"P16"}]}]}]},{"n":160000322256,"nm":"COLIGACAO 160000322256","tp":"P","com":"P14","par":[{"n":14,"sg":" P14 ","nm":"PARTIDO 14","cand":[{"sqcand":160002464242,"n":14,"nm":"CANDIDATO 14","nmu":"CANDIDATO 14","s":"M","dt":"28/10/1929","dvt":"Válido","vs":[{"sqcand":160002464243,"nm":"CANDIDATO 14 1","nmu":"CANDIDATO 14 1","tp":"V","sgp":"P14"}]}]}]}]}}