{"ele":8707,"cdabr":"74900","nmabr":"VENTANIA","t":1,"f":"S","s":"N","dg":"13/10/2020","hg":"20:03:34","v":"005","br":{"nm":"Brasil","uf":[{"sg":"PR","nm":"PARANÁ","mun":[{"cd":"74900","nm":"VENTANIA","c":"N","s":22,"e":6802,"tzon":1,"zon":[{"cd":"0017","s":22,"e":6802}]}]}]},"carg":{"cd":11,"nmn":"Prefeito","nmm":"Prefeito","nmf":"Prefeita","nv":1,"col":[{"n":160000330608,"nm":"COLIGACAO 160000330608","tp":"C","com":"P13 / P23","par":[{"n":13,"sg":" P13 ","nm":"PARTIDO 13","cand":[{"sqcand":160002496239,"n":13,"nm":"CANDIDATO 13","nmu":"CANDIDATO 13","s":"M","dt":"13/10/1929","dvt":"Válido","vs":[{"sqcand":160002496240,"nm":"CANDIDATO 13 1","nmu":"CANDIDATO 13 1","tp":"V","sgp":"P13"}]}]},{"n":23,"sg":" P23 ","nm":"PARTIDO 23","cand":[]}]},{"n":160000330606,"nm":"COLIGACAO 160000330606","tp":"P","com":"P16","par":[{"n":16,"sg":" P16 ","nm":"PARTIDO 16","cand":[{"sqcand":160002496235,"n":16,"nm":"CANDIDATO 16","nmu":"CANDIDATO 16","s":"M","dt":"30/05/1993","dvt":"Válido","vs":[{"sqcand":160002496236,"nm":"CANDIDATO 16 1","nmu":"CANDIDATO 16 1","tp":"V","sgp":"P16"}]}]}]}]}}