{"ele":8707,"cdabr":"74578","nmabr":"BOA ESPERANÇA","t":1,"f":"S","s":"N","dg":"13/10/2020","hg":"20:03:35","v":"005","br":{"nm":"Brasil","uf":[{"sg":"PR","nm":"PARANÁ","mun":[{"cd":"74578","nm":"BOA ESPERANÇA","c":"N","s":13,"e":3651,"tzon":1,"zon":[{"cd":"0170","s":13,"e":3651}]}]}]},"carg":{"cd":11,"nmn":"Prefeito","nmm":"Prefeito","nmf":"Prefeita","nv":1,"col":[{"n":160000330964,"nm":"COLIGACAO 160000330964","tp":"P","com":"P12","par":[{"n":12,"sg":" P12 ","nm":"PARTIDO 12","cand":[{"sqcand":160002498169,"n":12,"nm":"CANDIDATO 12","nmu":"CANDIDATO 12","s":"M","dt":"20/06/1922","dvt":"Válido","vs":[{"sqcand":160002498170,"nm":"CANDIDATO 12 1","nmu":"CANDIDATO 12 1","tp":"V","sgp":"P12"}]}]}]},{"n":160000330960,"nm":"COLIGACAO 160000330960","tp":"P","com":"P16","par":[{"n":16,"sg":" P16 ","nm":"PARTIDO 16","cand":[{"sqcand":160002498135,"n":16,"nm":"CANDIDATO 16","nmu":"CANDIDATO 16","s":"M","dt":"14/03/1926","dvt":"Válido","vs":[{"sqcand":160002498136,"nm":"CANDIDATO 16 1","nmu":"CANDIDATO 16 1","tp":"V","sgp":"P16"}]}]}]}]}}