{"ele":8707,"cdabr":"74322","nmabr":"FAZENDA RIO GRANDE","t":1,"f":"S","s":"N","dg":"13/10/2020","hg":"20:03:35","v":"005","br":{"nm":"Brasil","uf":[{"sg":"PR","nm":"PARANÁ","mun":[{"cd":"74322","nm":"FAZENDA RIO GRANDE","c":"N","s":218,"e":70022,"tzon":1,"zon":[{"cd":"0144","s":218,"e":70022}]}]}]},"carg":{"cd":11,"nmn":"Prefeito","nmm":"Prefeito","nmf":"Prefeita","nv":1,"col":[{"n":160000337577,"nm":"COLIGACAO 160000337577","tp":"P","com":"P16","par":[{"n":16,"sg":" P16 ","nm":"PARTIDO 16","cand":[{"sqcand":160002518847,"n":16,"nm":"CANDIDATO 16","nmu":"CANDIDATO 16","s":"M","dt":"09/01/1929","dvt":"Válido","vs":[{"sqcand":160002518848,"nm":"CANDIDATO 16 1","nmu":"CANDIDATO 16 1","tp":"V","sgp":"P16"}]}]}]},{"n":160000337529,"nm":"COLIGACAO 160000337529","tp":"P","com":"P14","par":[{"n":14,"sg":" P14 ","nm":"PARTIDO 14","cand":[{"sqcand":160002518779,"n":14,"nm":"CANDIDATO 14","nmu":"CANDIDATO 14","s":"M","dt":"24/04/1975","dvt":"Válido","vs":[{"sqcand":160002518780,"nm":"CANDIDATO 14 1","nmu":"CANDIDATO 14 1","tp":"V","sgp":"P14"}]}]}]}]}}