{"ele":8707,"carper":11,"t":1,"f":"S","esae":"N","mnae":" ","dg":"13/10/2020","hg":"20:06:07","dv":"S","nadf":"pr74551-c0011-e008707-006-f","abr":[{"dt":"13/10/2020","ht":"18:40:03","tf":"N","and":"P","s":56,"st":3,"pst":"   5,36","snt":53,"psnt":"  94,64","si":3,"psi":"   5,36","sni":0,"psni":"   0,00","sa":3,"psa":" 100,00","sna":0,"psna":"   0,00","e":990,"ea":990,"pea":" 100,00","ena":0,"pena":"   0,00","esi":990,"pesi":"   5,36","esni":0,"pesni":"   0,00","c":30,"pc":"   3,03","a":960,"pa":"  96,97","tv":30,"vscv":0,"vb":0,"pvb":"   0,00","tvn":2,"ptvn":"   6,67","vn":2,"pvn":" 100,00","vnt":0,"pvnt":"   0,00","vp":0,"pvp":"   0,00","vv":28,"pvv":" 100,00","van":0,"pvan":"   0,00","vansj":0,"pvansj":"   0,00","vnom":28,"pvnom":" 100,00","cand":[{"seq":1,"n":16,"e":"N","vap":19,"pvap":"  63,33","st":""},{"seq":2,"n":14,"e":"N","vap":9,"pvap":"  30,00","st":""}],"tpabr":"MU","cdabr":"74551","colig":[{"n":160000330821,"tvtn":19,"tvtl":0,"tvan":19,"tval":0},{"n":160000330813,"tvtn":9,"tvtl":0,"tvan":9,"tval":0}],"part":[{"n":16,"tvtn":19,"tvtl":0,"tvan":19,"tval":0},{"n":14,"tvtn":9,"tvtl":0,"tvan":9,"tval":0}]},{"dt":"13/10/2020","ht":"18:40:03","tf":"N","and":"P","s":56,"st":3,"pst":"   5,36","snt":53,"psnt":"53","si":3,"psi":"   5,36","sni":0,"psni":"   0,00","sa":3,"psa":" 100,00","sna":0,"psna":"   0,00","e":990,"ea":990,"pea":" 100,00","ena":0,"pena":"   0,00","esi":990,"pesi":"   5,36","esni":0,"pesni":"   0,00","c":30,"pc":"   3,03","a":960,"pa":"  96,97","tv":30,"vscv":0,"vb":0,"pvb":"   0,00","tvn":2,"ptvn":"   6,67","vn":2,"pvn":" 100,00","vp":0,"pvp":"   0,00","vv":28,"pvv":" 100,00","van":0,"pvan":"   0,00","vansj":0,"pvansj":"   0,00","vnom":28,"pvnom":" 100,00","cand":[{"seq":1,"n":16,"e":"N","vap":19,"pvap":"  63,33","st":""},{"seq":2,"n":14,"e":"N","vap":9,"pvap":"  30,00","st":""}],"tpabr":"ZONA","cdabr":"153"}]}