{"ele":8707,"cdabr":"74926","nmabr":"ALTO PARAÍSO","t":1,"f":"S","s":"N","dg":"13/10/2020","hg":"20:03:37","v":"005","br":{"nm":"Brasil","uf":[{"sg":"PR","nm":"PARANÁ","mun":[{"cd":"74926","nm":"ALTO PARAÍSO","c":"N","s":11,"e":2732,"tzon":1,"zon":[{"cd":"0117","s":11,"e":2732}]}]}]},"carg":{"cd":13,"nmn":"Vereador","nmm":"Vereador","nmf":"Vereadora","nv":15,"col":[{"n":160000328669,"nm":"COLIGACAO 160000328669","tp":"P","com":"P14","par":[{"n":14,"sg":" P14 ","nm":"PARTIDO 14","cand":[{"sqcand":160002486971,"n":14004,"nm":"CANDIDATO 14004","nmu":"CANDIDATO 14004","s":"F","dt":"11/07/1929","dvt":"Válido"},{"sqcand":160002486969,"n":14002,"nm":"CANDIDATO 14002","nmu":"CANDIDATO 14002","s":"F","dt":"24/06/1929","dvt":"Válido"},{"sqcand":160002486975,"n":14008,"nm":"CANDIDATO 14008","nmu":"CANDIDATO 14008","s":"M","dt":"28/07/1928","dvt":"Válido"},{"sqcand":160002487000,"n":14013,"nm":"CANDIDATO 14013","nmu":"CANDIDATO 14013","s":"M","dt":"15/09/1929","dvt":"Válido"},{"sqcand":160002486973,"n":14006,"nm":"CANDIDATO 14006","nmu":"CANDIDATO 14006","s":"M","dt":"14/09/1922","dvt":"Válido"},{"sqcand":160002486999,"n":14012,"nm":"CANDIDATO 14012","nmu":"CANDIDATO 14012","s":"M","dt":"25/09/1925","dvt":"Válido"},{"sqcand":160002486968,"n":14001,"nm":"CANDIDATO 14001","nmu":"CANDIDATO 14001","s":"F","dt":"05/02/1926","dvt":"Válido"},{"sqcand":160002487002,"n":14015,"nm":"CANDIDATO 14015","nmu":"CANDIDATO 14015","s":"M","dt":"02/11/1929","dvt":"Válido"},{"sqcand":160002486977,"n":14010,"nm":"CANDIDATO 14010","nmu":"CANDIDATO 14010","s":"M","dt":"03/10/1990","dvt":"Válido"},{"sqcand":160002486998,"n":14011,"nm":"CANDIDATO 14011","nmu":"CANDIDATO 14011","s":"M","dt":"10/12/1929","dvt":"Válido"},{"sqcand":160002486970,"n":14003,"nm":"CANDIDATO 14003","nmu":"CANDIDATO 14003","s":"F","dt":"30/05/1926","dvt":"Válido"},{"sqcand":160002486972,"n":14005,"nm":"CANDIDATO 14005","nmu":"CANDIDATO 14005","s":"M","dt":"31/05/1929","dvt":"Válido"},{"sqcand":160002486974,"n":14007,"nm":"CANDIDATO 14007","nmu":"CANDIDATO 14007","s":"M","dt":"14/11/1929","dvt":"Válido"},{"sqcand":160002486976,"n":14009,"nm":"CANDIDATO 14009","nmu":"CANDIDATO 14009","s":"M","dt":"21/04/1927","dvt":"Válido"},{"sqcand":160002487001,"n":14014,"nm":"CANDIDATO 14014","nmu":"CANDIDATO 14014","s":"M","dt":"20/01/1922","dvt":"Válido"}]}]},{"n":160000328693,"nm":"COLIGACAO 160000328693","tp":"P","com":"P16","par":[{"n":16,"sg":" P16 ","nm":"PARTIDO 16","cand":[{"sqcand":160002487022,"n":16001,"nm":"CANDIDATO 16001","nmu":"CANDIDATO 16001","s":"F","dt":"29/08/1928","dvt":"Válido"},{"sqcand":160002487032,"n":16011,"nm":"CANDIDATO 16011","nmu":"CANDIDATO 16011","s":"M","dt":"07/01/1958","dvt":"Válido"},{"sqcand":160002487024,"n":16003,"nm":"CANDIDATO 16003","nmu":"CANDIDATO 16003","s":"F","dt":"18/01/1924","dvt":"Válido"},{"sqcand":160002487027,"n":16006,"nm":"CANDIDATO 16006","nmu":"CANDIDATO 16006","s":"M","dt":"12/02/1972","dvt":"Válido"},{"sqcand":160002487028,"n":16007,"nm":"CANDIDATO 16007","nmu":"CANDIDATO 16007","s":"M","dt":"04/02/1925","dvt":"Válido"},{"sqcand":160002487036,"n":16015,"nm":"CANDIDATO 16015","nmu":"CANDIDATO 16015","s":"M","dt":"11/12/1920","dvt":"Válido"},{"sqcand":160002487025,"n":16004,"nm":"CANDIDATO 16004","nmu":"CANDIDATO 16004","s":"F","dt":"08/04/1929","dvt":"Válido"},{"sqcand":160002487029,"n":16008,"nm":"CANDIDATO 16008","nmu":"CANDIDATO 16008","s":"M","dt":"11/12/1927","dvt":"Válido"},{"sqcand":160002487031,"n":16010,"nm":"CANDIDATO 16010","nmu":"CANDIDATO 16010","s":"M","dt":"13/08/1929","dvt":"Válido"},{"sqcand":160002487035,"n":16014,"nm":"CANDIDATO 16014","nmu":"CANDIDATO 16014","s":"M","dt":"30/12/1926","dvt":"Válido"},{"sqcand":160002487030,"n":16009,"nm":"CANDIDATO 16009","nmu":"CANDIDATO 16009","s":"M","dt":"01/05/1929","dvt":"Válido"},{"sqcand":160002487023,"n":16002,"nm":"CANDIDATO 16002","nmu":"CANDIDATO 16002","s":"F","dt":"10/12/1928","dvt":"Válido"},{"sqcand":160002487026,"n":16005,"nm":"CANDIDATO 16005","nmu":"CANDIDATO 16005","s":"M","dt":"03/08/1929","dvt":"Válido"},{"sqcand":160002487033,"n":16012,"nm":"CANDIDATO 16012","nmu":"CANDIDATO 16012","s":"M","dt":"03/10/1966","dvt":"Válido"},{"sqcand":160002487034,"n":16013,"nm":"CANDIDATO 16013","nmu":"CANDIDATO 16013","s":"M","dt":"25/04/1957","dvt":"Válido"}]}]}]}}