{"ele":8707,"cdabr":"74136","nmabr":"ALVORADA DO SUL","t":1,"f":"S","s":"N","dg":"13/10/2020","hg":"20:03:36","v":"005","br":{"nm":"Brasil","uf":[{"sg":"PR","nm":"PARANÁ","mun":[{"cd":"74136","nm":"ALVORADA DO SUL","c":"N","s":25,"e":6732,"tzon":1,"zon":[{"cd":"0077","s":25,"e":6732}]}]}]},"carg":{"cd":13,"nmn":"Vereador","nmm":"Vereador","nmf":"Vereadora","nv":15,"col":[{"n":160000322261,"nm":"COLIGACAO 160000322261","tp":"P","com":"P16","par":[{"n":16,"sg":" P16 ","nm":"PARTIDO 16","cand":[{"sqcand":160002464301,"n":16004,"nm":"CANDIDATO 16004","nmu":"CANDIDATO 16004","s":"F","dt":"30/05/1926","dvt":"Válido"},{"sqcand":160002464310,"n":16013,"nm":"CANDIDATO 16013","nmu":"CANDIDATO 16013","s":"M","dt":"21/12/1929","dvt":"Válido"},{"sqcand":160002464298,"n":16001,"nm":"CANDIDATO 16001","nmu":"CANDIDATO 16001","s":"F","dt":"12/12/1973","dvt":"Válido"},{"sqcand":160002464299,"n":16002,"nm":"CANDIDATO 16002","nmu":"CANDIDATO 16002","s":"F","dt":"11/01/1929","dvt":"Válido"},{"sqcand":160002464303,"n":16006,"nm":"CANDIDATO 16006","nmu":"CANDIDATO 16006","s":"M","dt":"14/08/1924","dvt":"Válido"},{"sqcand":160002464304,"n":16007,"nm":"CANDIDATO 16007","nmu":"CANDIDATO 16007","s":"M","dt":"23/02/1929","dvt":"Válido"},{"sqcand":160002464300,"n":16003,"nm":"CANDIDATO 16003","nmu":"CANDIDATO 16003","s":"F","dt":"27/08/1929","dvt":"Válido"},{"sqcand":160002464305,"n":16008,"nm":"CANDIDATO 16008","nmu":"CANDIDATO 16008","s":"M","dt":"05/10/1929","dvt":"Válido"},{"sqcand":160002464312,"n":16015,"nm":"CANDIDATO 16015","nmu":"CANDIDATO 16015","s":"M","dt":"17/03/1980","dvt":"Válido"},{"sqcand":160002464302,"n":16005,"nm":"CANDIDATO 16005","nmu":"CANDIDATO 16005","s":"M","dt":"24/12/1923","dvt":"Válido"},{"sqcand":160002464306,"n":16009,"nm":"CANDIDATO 16009","nmu":"CANDIDATO 16009","s":"M","dt":"03/09/1921","dvt":"Válido"},{"sqcand":160002464311,"n":16014,"nm":"CANDIDATO 16014","nmu":"CANDIDATO 16014","s":"M","dt":"16/06/1922","dvt":"Válido"},{"sqcand":160002464309,"n":16012,"nm":"CANDIDATO 16012","nmu":"CANDIDATO 16012","s":"M","dt":"04/01/1923","dvt":"Válido"},{"sqcand":160002464307,"n":16010,"nm":"CANDIDATO 16010","nmu":"CANDIDATO 16010","s":"M","dt":"14/03/1956","dvt":"Válido"},{"sqcand":160002464308,"n":16011,"nm":"CANDIDATO 16011","nmu":"CANDIDATO 16011","s":"M","dt":"06/07/1987","dvt":"Válido"}]}]},{"n":160000322257,"nm":"COLIGACAO 160000322257","tp":"P","com":"P14","par":[{"n":14,"sg":" P14 ","nm":"PARTIDO 14","cand":[{"sqcand":160002464254,"n":14011,"nm":"CANDIDATO 14011","nmu":"CANDIDATO 14011","s":"M","dt":"14/03/1926","dvt":"Válido"},{"sqcand":160002464252,"n":14009,"nm":"CANDIDATO 14009","nmu":"CANDIDATO 14009","s":"M","dt":"18/10/1929","dvt":"Válido"},{"sqcand":160002464257,"n":14014,"nm":"CANDIDATO 14014","nmu":"CANDIDATO 14014","s":"M","dt":"23/10/1974","dvt":"Válido"},{"sqcand":160002464278,"n":14015,"nm":"CANDIDATO 14015","nmu":"CANDIDATO 14015","s":"M","dt":"19/08/2001","dvt":"Válido"},{"sqcand":160002464251,"n":14008,"nm":"CANDIDATO 14008","nmu":"CANDIDATO 14008","s":"M","dt":"19/02/1929","dvt":"Válido"},{"sqcand":160002464256,"n":14013,"nm":"CANDIDATO 14013","nmu":"CANDIDATO 14013","s":"M","dt":"06/06/1929","dvt":"Válido"},{"sqcand":160002464246,"n":14003,"nm":"CANDIDATO 14003","nmu":"CANDIDATO 14003","s":"F","dt":"30/12/1922","dvt":"Válido"},{"sqcand":160002464248,"n":14005,"nm":"CANDIDATO 14005","nmu":"CANDIDATO 14005","s":"M","dt":"10/07/1929","dvt":"Válido"},{"sqcand":160002464255,"n":14012,"nm":"CANDIDATO 14012","nmu":"CANDIDATO 14012","s":"M","dt":"22/08/1971","dvt":"Válido"},{"sqcand":160002464244,"n":14001,"nm":"CANDIDATO 14001","nmu":"CANDIDATO 14001","s":"F","dt":"15/03/1926","dvt":"Válido"},{"sqcand":160002464249,"n":14006,"nm":"CANDIDATO 14006","nmu":"CANDIDATO 14006","s":"M","dt":"27/03/1929","dvt":"Válido"},{"sqcand":160002464253,"n":14010,"nm":"CANDIDATO 14010","nmu":"CANDIDATO 14010","s":"M","dt":"09/09/1928","dvt":"Válido"},{"sqcand":160002464245,"n":14002,"nm":"CANDIDATO 14002","nmu":"CANDIDATO 14002","s":"F","dt":"25/02/1929","dvt":"Válido"},{"sqcand":160002464247,"n":14004,"nm":"CANDIDATO 14004","nmu":"CANDIDATO 14004","s":"F","dt":"29/11/1927","dvt":"Válido"},{"sqcand":160002464250,"n":14007,"nm":"CANDIDATO 14007","nmu":"CANDIDATO 14007","s":"M","dt":"10/09/1963","dvt":"Válido"}]}]}]}}