{"ele":8707,"carper":13,"t":1,"f":"S","esae":"N","mnae":" ","dg":"13/10/2020","hg":"20:06:06","dv":"S","nadf":"pr74802-c0013-e008707-006-f","abr":[{"dt":"13/10/2020","ht":"18:40:03","tf":"N","and":"P","s":38,"st":38,"pst":" 100,00","snt":0,"psnt":"   0,00","si":38,"psi":" 100,00","sni":0,"psni":"   0,00","sa":38,"psa":" 100,00","sna":0,"psna":"   0,00","e":8625,"ea":8625,"pea":" 100,00","ena":0,"pena":"   0,00","esi":8625,"pesi":" 100,00","esni":0,"pesni":"   0,00","c":7348,"pc":"  85,19","a":1277,"pa":"  14,81","tv":7348,"vscv":0,"vb":156,"pvb":"   2,12","tvn":377,"ptvn":"   5,13","vn":377,"pvn":" 100,00","vnt":0,"pvnt":"   0,00","vp":0,"pvp":"   0,00","vv":6815,"pvv":" 100,00","vl":346,"pvl":"   5,08","van":0,"pvan":"   0,00","vansj":0,"pvansj":"   0,00","vnom":6469,"pvnom":"  94,92","cand":[{"seq":18,"n":16004,"e":"N","vap":111,"pvap":"   1,51","st":""},{"seq":19,"n":16007,"e":"N","vap":105,"pvap":"   1,43","st":""},{"seq":16,"n":16015,"e":"N","vap":139,"pvap":"   1,89","st":""},{"seq":15,"n":16009,"e":"N","vap":194,"pvap":"   2,64","st":""},{"seq":21,"n":16012,"e":"N","vap":93,"pvap":"   1,27","st":""},{"seq":8,"n":16014,"e":"N","vap":311,"pvap":"   4,23","st":""},{"seq":3,"n":16011,"e":"N","vap":439,"pvap":"   5,97","st":""},{"seq":9,"n":16001,"e":"N","vap":302,"pvap":"   4,11","st":""},{"seq":29,"n":16008,"e":"N","vap":48,"pvap":"   0,65","st":""},{"seq":24,"n":16002,"e":"N","vap":85,"pvap":"   1,16","st":""},{"seq":17,"n":16013,"e":"N","vap":116,"pvap":"   1,58","st":""},{"seq":27,"n":16005,"e":"N","vap":73,"pvap":"   0,99","st":""},{"seq":1,"n":16010,"e":"N","vap":623,"pvap":"   8,48","st":""},{"seq":6,"n":16006,"e":"N","vap":393,"pvap":"   5,35","st":""},{"seq":30,"n":16003,"e":"N","vap":45,"pvap":"   0,61","st":""},{"seq":28,"n":14014,"e":"N","vap":50,"pvap":"   0,68","st":""},{"seq":12,"n":14007,"e":"N","vap":285,"pvap":"   3,88","st":""},{"seq":13,"n":14013,"e":"N","vap":236,"pvap":"   3,21","st":""},{"seq":20,"n":14002,"e":"N","vap":102,"pvap":"   1,39","st":""},{"seq":5,"n":14004,"e":"N","vap":394,"pvap":"   5,36","st":""},{"seq":11,"n":14012,"e":"N","vap":291,"pvap":"   3,96","st":""},{"seq":2,"n":14008,"e":"N","vap":440,"pvap":"   5,99","st":""},{"seq":26,"n":14011,"e":"N","vap":82,"pvap":"   1,12","st":""},{"seq":7,"n":14010,"e":"N","vap":321,"pvap":"   4,37","st":""},{"seq":22,"n":14015,"e":"N","vap":88,"pvap":"   1,20","st":""},{"seq":10,"n":14009,"e":"N","vap":295,"pvap":"   4,01","st":""},{"seq":14,"n":14006,"e":"N","vap":233,"pvap":"   3,17","st":""},{"seq":25,"n":14005,"e":"N","vap":85,"pvap":"   1,16","st":""},{"seq":4,"n":14001,"e":"N","vap":403,"pvap":"   5,48","st":""},{"seq":23,"n":14003,"e":"N","vap":87,"pvap":"   1,18","st":""}],"tpabr":"MU","cdabr":"74802","colig":[{"n":160000323340,"tvtn":3077,"tvtl":41,"tvan":3077,"tval":41,"vag":7},{"n":160000323336,"tvtn":3392,"tvtl":305,"tvan":3392,"tval":305,"vag":8}],"part":[{"n":16,"tvtn":3077,"tvtl":41,"tvan":3077,"tval":41},{"n":14,"tvtn":3392,"tvtl":305,"tvan":3392,"tval":305}]},{"dt":"13/10/2020","ht":"18:40:03","tf":"N","and":"P","s":38,"st":38,"pst":" 100,00","snt":0,"psnt":"0","si":38,"psi":" 100,00","sni":0,"psni":"   0,00","sa":38,"psa":" 100,00","sna":0,"psna":"   0,00","e":8625,"ea":8625,"pea":" 100,00","ena":0,"pena":"   0,00","esi":8625,"pesi":" 100,00","esni":0,"pesni":"   0,00","c":7348,"pc":"  85,19","a":1277,"pa":"  14,81","tv":7348,"vscv":0,"vb":156,"pvb":"   2,12","tvn":377,"ptvn":"   5,13","vn":377,"pvn":" 100,00","vp":0,"pvp":"   0,00","vv":6815,"pvv":" 100,00","vl":346,"pvl":"   5,08","van":0,"pvan":"   0,00","vansj":0,"pvansj":"   0,00","vnom":6469,"pvnom":"  94,92","cand":[{"seq":18,"n":16004,"e":"N","vap":111,"pvap":"   1,51","st":""},{"seq":19,"n":16007,"e":"N","vap":105,"pvap":"   1,43","st":""},{"seq":16,"n":16015,"e":"N","vap":139,"pvap":"   1,89","st":""},{"seq":15,"n":16009,"e":"N","vap":194,"pvap":"   2,64","st":""},{"seq":21,"n":16012,"e":"N","vap":93,"pvap":"   1,27","st":""},{"seq":8,"n":16014,"e":"N","vap":311,"pvap":"   4,23","st":""},{"seq":3,"n":16011,"e":"N","vap":439,"pvap":"   5,97","st":""},{"seq":9,"n":16001,"e":"N","vap":302,"pvap":"   4,11","st":""},{"seq":29,"n":16008,"e":"N","vap":48,"pvap":"   0,65","st":""},{"seq":24,"n":16002,"e":"N","vap":85,"pvap":"   1,16","st":""},{"seq":17,"n":16013,"e":"N","vap":116,"pvap":"   1,58","st":""},{"seq":27,"n":16005,"e":"N","vap":73,"pvap":"   0,99","st":""},{"seq":1,"n":16010,"e":"N","vap":623,"pvap":"   8,48","st":""},{"seq":6,"n":16006,"e":"N","vap":393,"pvap":"   5,35","st":""},{"seq":30,"n":16003,"e":"N","vap":45,"pvap":"   0,61","st":""},{"seq":28,"n":14014,"e":"N","vap":50,"pvap":"   0,68","st":""},{"seq":12,"n":14007,"e":"N","vap":285,"pvap":"   3,88","st":""},{"seq":13,"n":14013,"e":"N","vap":236,"pvap":"   3,21","st":""},{"seq":20,"n":14002,"e":"N","vap":102,"pvap":"   1,39","st":""},{"seq":5,"n":14004,"e":"N","vap":394,"pvap":"   5,36","st":""},{"seq":11,"n":14012,"e":"N","vap":291,"pvap":"   3,96","st":""},{"seq":2,"n":14008,"e":"N","vap":440,"pvap":"   5,99","st":""},{"seq":26,"n":14011,"e":"N","vap":82,"pvap":"   1,12","st":""},{"seq":7,"n":14010,"e":"N","vap":321,"pvap":"   4,37","st":""},{"seq":22,"n":14015,"e":"N","vap":88,"pvap":"   1,20","st":""},{"seq":10,"n":14009,"e":"N","vap":295,"pvap":"   4,01","st":""},{"seq":14,"n":14006,"e":"N","vap":233,"pvap":"   3,17","st":""},{"seq":25,"n":14005,"e":"N","vap":85,"pvap":"   1,16","st":""},{"seq":4,"n":14001,"e":"N","vap":403,"pvap":"   5,48","st":""},{"seq":23,"n":14003,"e":"N","vap":87,"pvap":"   1,18","st":""}],"tpabr":"ZONA","cdabr":"38"}]}