{"ele":8707,"cdabr":"74420","nmabr":"NOVO ITACOLOMI","t":1,"f":"S","s":"N","dg":"13/10/2020","hg":"20:03:42","v":"005","br":{"nm":"Brasil","uf":[{"sg":"PR","nm":"PARANÁ","mun":[{"cd":"74420","nm":"NOVO ITACOLOMI","c":"N","s":8,"e":2589,"tzon":1,"zon":[{"cd":"0028","s":8,"e":2589}]}]}]},"carg":{"cd":13,"nmn":"Vereador","nmm":"Vereador","nmf":"Vereadora","nv":5,"col":[{"n":160000322470,"nm":"COLIGACAO 160000322470","tp":"P","com":"P16","par":[{"n":16,"sg":" P16 ","nm":"PARTIDO 16","cand":[{"sqcand":160002465449,"n":16003,"nm":"CANDIDATO 16003","nmu":"CANDIDATO 16003","s":"M","dt":"28/11/1929","dvt":"Válido"},{"sqcand":160002465452,"n":16006,"nm":"CANDIDATO 16006","nmu":"CANDIDATO 16006","s":"M","dt":"02/08/1967","dvt":"Válido"},{"sqcand":160002465451,"n":16005,"nm":"CANDIDATO 16005","nmu":"CANDIDATO 16005","s":"M","dt":"14/02/1928","dvt":"Válido"},{"sqcand":160002465447,"n":16001,"nm":"CANDIDATO 16001","nmu":"CANDIDATO 16001","s":"F","dt":"24/12/1928","dvt":"Válido"},{"sqcand":160002465448,"n":16002,"nm":"CANDIDATO 16002","nmu":"CANDIDATO 16002","s":"M","dt":"14/08/1988","dvt":"Válido"},{"sqcand":160002465450,"n":16004,"nm":"CANDIDATO 16004","nmu":"CANDIDATO 16004","s":"M","dt":"20/08/1928","dvt":"Válido"}]}]},{"n":160000322467,"nm":"COLIGACAO 160000322467","tp":"P","com":"P14","par":[{"n":14,"sg":" P14 ","nm":"PARTIDO 14","cand":[{"sqcand":160002465433,"n":14005,"nm":"CANDIDATO 14005","nmu":"CANDIDATO 14005","s":"M","dt":"01/03/1929","dvt":"Válido"},{"sqcand":160002465431,"n":14003,"nm":"CANDIDATO 14003","nmu":"CANDIDATO 14003","s":"M","dt":"10/06/1929","dvt":"Válido"},{"sqcand":160002465430,"n":14002,"nm":"CANDIDATO 14002","nmu":"CANDIDATO 14002","s":"M","dt":"30/09/1929","dvt":"Válido"},{"sqcand":160002465434,"n":14006,"nm":"CANDIDATO 14006","nmu":"CANDIDATO 14006","s":"M","dt":"16/06/1979","dvt":"Válido"},{"sqcand":160002465429,"n":14001,"nm":"CANDIDATO 14001","nmu":"CANDIDATO 14001","s":"F","dt":"24/12/1929","dvt":"Válido"},{"sqcand":160002465432,"n":14004,"nm":"CANDIDATO 14004","nmu":"CANDIDATO 14004","s":"M","dt":"15/08/1923","dvt":"Válido"}]}]}]}}