{"ele":8707,"cdabr":"74837","nmabr":"CAMPO MOURÃO","t":1,"f":"S","s":"N","dg":"13/10/2020","hg":"20:03:42","v":"005","br":{"nm":"Brasil","uf":[{"sg":"PR","nm":"PARANÁ","mun":[{"cd":"74837","nm":"CAMPO MOURÃO","c":"N","s":221,"e":64311,"tzon":1,"zon":[{"cd":"0031","s":221,"e":64311}]}]}]},"carg":{"cd":13,"nmn":"Vereador","nmm":"Vereador","nmf":"Vereadora","nv":15,"col":[{"n":160000331051,"nm":"COLIGACAO 160000331051","tp":"P","com":"P12","par":[{"n":12,"sg":" P12 ","nm":"PARTIDO 12","cand":[{"sqcand":160002498702,"n":12007,"nm":"CANDIDATO 12007","nmu":"CANDIDATO 12007","s":"M","dt":"12/07/1977","dvt":"Válido"},{"sqcand":160002498705,"n":12010,"nm":"CANDIDATO 12010","nmu":"CANDIDATO 12010","s":"M","dt":"26/09/1929","dvt":"Válido"},{"sqcand":160002498706,"n":12011,"nm":"CANDIDATO 12011","nmu":"CANDIDATO 12011","s":"M","dt":"06/02/1927","dvt":"Válido"},{"sqcand":160002498699,"n":12004,"nm":"CANDIDATO 12004","nmu":"CANDIDATO 12004","s":"F","dt":"15/09/1922","dvt":"Válido"},{"sqcand":160002498700,"n":12005,"nm":"CANDIDATO 12005","nmu":"CANDIDATO 12005","s":"M","dt":"26/05/1929","dvt":"Válido"},{"sqcand":160002498709,"n":12014,"nm":"CANDIDATO 12014","nmu":"CANDIDATO 12014","s":"M","dt":"20/10/1929","dvt":"Válido"},{"sqcand":160002498696,"n":12001,"nm":"CANDIDATO 12001","nmu":"CANDIDATO 12001","s":"F","dt":"24/01/1924","dvt":"Válido"},{"sqcand":160002498698,"n":12003,"nm":"CANDIDATO 12003","nmu":"CANDIDATO 12003","s":"F","dt":"11/11/1929","dvt":"Válido"},{"sqcand":160002498707,"n":12012,"nm":"CANDIDATO 12012","nmu":"CANDIDATO 12012","s":"M","dt":"12/09/1926","dvt":"Válido"},{"sqcand":160002498697,"n":12002,"nm":"CANDIDATO 12002","nmu":"CANDIDATO 12002","s":"F","dt":"07/06/1929","dvt":"Válido"},{"sqcand":160002498703,"n":12008,"nm":"CANDIDATO 12008","nmu":"CANDIDATO 12008","s":"M","dt":"06/02/1964","dvt":"Válido"},{"sqcand":160002498708,"n":12013,"nm":"CANDIDATO 12013","nmu":"CANDIDATO 12013","s":"M","dt":"28/09/2003","dvt":"Válido"},{"sqcand":160002498710,"n":12015,"nm":"CANDIDATO 12015","nmu":"CANDIDATO 12015","s":"M","dt":"06/07/1987","dvt":"Válido"},{"sqcand":160002498704,"n":12009,"nm":"CANDIDATO 12009","nmu":"CANDIDATO 12009","s":"M","dt":"19/05/1958","dvt":"Válido"},{"sqcand":160002498701,"n":12006,"nm":"CANDIDATO 12006","nmu":"CANDIDATO 12006","s":"M","dt":"02/04/1929","dvt":"Válido"}]}]},{"n":160000331053,"nm":"COLIGACAO 160000331053","tp":"P","com":"P16","par":[{"n":16,"sg":" P16 ","nm":"PARTIDO 16","cand":[{"sqcand":160002498724,"n":16012,"nm":"CANDIDATO 16012","nmu":"CANDIDATO 16012","s":"M","dt":"12/03/1970","dvt":"Válido"},{"sqcand":160002498719,"n":16007,"nm":"CANDIDATO 16007","nmu":"CANDIDATO 16007","s":"M","dt":"01/10/1929","dvt":"Válido"},{"sqcand":160002498718,"n":16006,"nm":"CANDIDATO 16006","nmu":"CANDIDATO 16006","s":"M","dt":"04/02/1973","dvt":"Válido"},{"sqcand":160002498717,"n":16005,"nm":"CANDIDATO 16005","nmu":"CANDIDATO 16005","s":"M","dt":"25/05/1925","dvt":"Válido"},{"sqcand":160002498725,"n":16013,"nm":"CANDIDATO 16013","nmu":"CANDIDATO 16013","s":"M","dt":"06/01/1928","dvt":"Válido"},{"sqcand":160002498721,"n":16009,"nm":"CANDIDATO 16009","nmu":"CANDIDATO 16009","s":"M","dt":"14/02/1929","dvt":"Válido"},{"sqcand":160002498726,"n":16014,"nm":"CANDIDATO 16014","nmu":"CANDIDATO 16014","s":"M","dt":"06/03/1929","dvt":"Válido"},{"sqcand":160002498723,"n":16011,"nm":"CANDIDATO 16011","nmu":"CANDIDATO 16011","s":"M","dt":"29/06/1970","dvt":"Válido"},{"sqcand":160002498713,"n":16001,"nm":"CANDIDATO 16001","nmu":"CANDIDATO 16001","s":"F","dt":"05/09/1928","dvt":"Válido"},{"sqcand":160002498716,"n":16004,"nm":"CANDIDATO 16004","nmu":"CANDIDATO 16004","s":"F","dt":"12/01/1926","dvt":"Válido"},{"sqcand":160002498727,"n":16015,"nm":"CANDIDATO 16015","nmu":"CANDIDATO 16015","s":"M","dt":"04/12/1967","dvt":"Válido"},{"sqcand":160002498714,"n":16002,"nm":"CANDIDATO 16002","nmu":"CANDIDATO 16002","s":"F","dt":"11/09/1922","dvt":"Válido"},{"sqcand":160002498715,"n":16003,"nm":"CANDIDATO 16003","nmu":"CANDIDATO 16003","s":"F","dt":"11/03/1929","dvt":"Válido"},{"sqcand":160002498722,"n":16010,"nm":"CANDIDATO 16010","nmu":"CANDIDATO 16010","s":"M","dt":"05/05/1982","dvt":"Válido"},{"sqcand":160002498720,"n":16008,"nm":"CANDIDATO 16008","nmu":"CANDIDATO 16008","s":"M","dt":"25/03/1974","dvt":"Válido"}]}]}]}}