{"ele":8707,"cdabr":"74764","nmabr":"SANTA LÚCIA","t":1,"f":"S","s":"N","dg":"13/10/2020","hg":"20:03:37","v":"005","br":{"nm":"Brasil","uf":[{"sg":"PR","nm":"PARANÁ","mun":[{"cd":"74764","nm":"SANTA LÚCIA","c":"N","s":14,"e":3299,"tzon":1,"zon":[{"cd":"0165","s":14,"e":3299}]}]}]},"carg":{"cd":11,"nmn":"Prefeito","nmm":"Prefeito","nmf":"Prefeita","nv":1,"col":[{"n":160000330660,"nm":"COLIGACAO 160000330660","tp":"P","com":"P13","par":[{"n":13,"sg":" P13 ","nm":"PARTIDO 13","cand":[{"sqcand":160002496532,"n":13,"nm":"CANDIDATO 13","nmu":"CANDIDATO 13","s":"M","dt":"30/08/1929","dvt":"Válido","vs":[{"sqcand":160002496533,"nm":"CANDIDATO 13 1","nmu":"CANDIDATO 13 1","tp":"V","sgp":"P13"}]}]}]},{"n":160000330654,"nm":"COLIGACAO 160000330654","tp":"P","com":"P16","par":[{"n":16,"sg":" P16 ","nm":"PARTIDO 16","cand":[{"sqcand":160002496461,"n":16,"nm":"CANDIDATO 16","nmu":"CANDIDATO 16","s":"M","dt":"01/08/1929","dvt":"Válido","vs":[{"sqcand":160002496462,"nm":"CANDIDATO 16 1","nmu":"CANDIDATO 16 1","tp":"V","sgp":"P16"}]}]}]}]}}