{"ele":8707,"carper":11,"t":1,"f":"S","esae":"N","mnae":" ","dg":"13/10/2020","hg":"20:06:03","dv":"S","nadf":"pr74101-c0011-e008707-006-f","abr":[{"dt":"13/10/2020","ht":"18:40:03","tf":"N","and":"P","s":8,"st":6,"pst":"  75,00","snt":2,"psnt":"  25,00","si":6,"psi":"  75,00","sni":0,"psni":"   0,00","sa":6,"psa":" 100,00","sna":0,"psna":"   0,00","e":1885,"ea":1885,"pea":" 100,00","ena":0,"pena":"   0,00","esi":1885,"pesi":"  75,00","esni":0,"pesni":"   0,00","c":1382,"pc":"  73,32","a":503,"pa":"  26,68","tv":1382,"vscv":0,"vb":840,"pvb":"  60,78","tvn":152,"ptvn":"  11,00","vn":152,"pvn":" 100,00","vnt":0,"pvnt":"   0,00","vp":0,"pvp":"   0,00","vv":390,"pvv":" 100,00","van":0,"pvan":"   0,00","vansj":0,"pvansj":"   0,00","vnom":390,"pvnom":" 100,00","cand":[{"seq":1,"n":16,"e":"N","vap":299,"pvap":"  21,64","st":""},{"seq":2,"n":14,"e":"N","vap":91,"pvap":"   6,58","st":""}],"tpabr":"MU","cdabr":"74101","colig":[{"n":160000328615,"tvtn":299,"tvtl":0,"tvan":299,"tval":0},{"n":160000328577,"tvtn":91,"tvtl":0,"tvan":91,"tval":0}],"part":[{"n":16,"tvtn":299,"tvtl":0,"tvan":299,"tval":0},{"n":14,"tvtn":91,"tvtl":0,"tvan":91,"tval":0}]},{"dt":"13/10/2020","ht":"18:40:03","tf":"N","and":"P","s":8,"st":6,"pst":"  75,00","snt":2,"psnt":"2","si":6,"psi":"  75,00","sni":0,"psni":"   0,00","sa":6,"psa":" 100,00","sna":0,"psna":"   0,00","e":1885,"ea":1885,"pea":" 100,00","ena":0,"pena":"   0,00","esi":1885,"pesi":"  75,00","esni":0,"pesni":"   0,00","c":1382,"pc":"  73,32","a":503,"pa":"  26,68","tv":1382,"vscv":0,"vb":840,"pvb":"  60,78","tvn":152,"ptvn":"  11,00","vn":152,"pvn":" 100,00","vp":0,"pvp":"   0,00","vv":390,"pvv":" 100,00","van":0,"pvan":"   0,00","vansj":0,"pvansj":"   0,00","vnom":390,"pvnom":" 100,00","cand":[{"seq":2,"n":14,"e":"N","vap":91,"pvap":"   6,58","st":""},{"seq":1,"n":16,"e":"N","vap":299,"pvap":"  21,64","st":""}],"tpabr":"ZONA","cdabr":"126"}]}