{"ele":8707,"cdabr":"74373","nmabr":"ASSAÍ","t":1,"f":"S","dg":"13/10/2020","hg":"20:03:44","car":{"cd":11,"nm":"Prefeito","scv":"N","cand":[{"n":14,"nmu":"CANDIDATO 14","c":"#a9a9a9","sgp":"P14","ap":[{"dataHoraApuracao":"13/10/2020 16:51:00","da":"13/10/2020","ha":"16:51:00","vap":2654,"tvap":5621,"pvap":"47,21"}]},{"n":16,"nmu":"CANDIDATO 16","c":"#a9a9a9","sgp":"P16","ap":[{"dataHoraApuracao":"13/10/2020 16:51:00","da":"13/10/2020","ha":"16:51:00","vap":2967,"tvap":5621,"pvap":"52,78"}]}]}}