{"ele":8707,"cdabr":"74225","nmabr":"CANDÓI","t":1,"f":"S","s":"N","dg":"13/10/2020","hg":"20:03:43","v":"005","br":{"nm":"Brasil","uf":[{"sg":"PR","nm":"PARANÁ","mun":[{"cd":"74225","nm":"CANDÓI","c":"N","s":48,"e":11044,"tzon":1,"zon":[{"cd":"0203","s":48,"e":11044}]}]}]},"carg":{"cd":13,"nmn":"Vereador","nmm":"Vereador","nmf":"Vereadora","nv":15,"col":[{"n":160000336149,"nm":"COLIGACAO 160000336149","tp":"P","com":"P16","par":[{"n":16,"sg":" P16 ","nm":"PARTIDO 16","cand":[{"sqcand":160002513420,"n":16010,"nm":"CANDIDATO 16010","nmu":"CANDIDATO 16010","s":"M","dt":"04/01/1929","dvt":"Válido"},{"sqcand":160002513421,"n":16011,"nm":"CANDIDATO 16011","nmu":"CANDIDATO 16011","s":"M","dt":"13/10/1929","dvt":"Válido"},{"sqcand":160002513414,"n":16004,"nm":"CANDIDATO 16004","nmu":"CANDIDATO 16004","s":"F","dt":"12/10/1928","dvt":"Válido"},{"sqcand":160002513417,"n":16007,"nm":"CANDIDATO 16007","nmu":"CANDIDATO 16007","s":"M","dt":"08/02/1929","dvt":"Válido"},{"sqcand":160002513422,"n":16012,"nm":"CANDIDATO 16012","nmu":"CANDIDATO 16012","s":"M","dt":"23/07/1952","dvt":"Válido"},{"sqcand":160002513423,"n":16013,"nm":"CANDIDATO 16013","nmu":"CANDIDATO 16013","s":"M","dt":"28/08/1929","dvt":"Válido"},{"sqcand":160002513425,"n":16015,"nm":"CANDIDATO 16015","nmu":"CANDIDATO 16015","s":"M","dt":"21/05/1929","dvt":"Válido"},{"sqcand":160002513419,"n":16009,"nm":"CANDIDATO 16009","nmu":"CANDIDATO 16009","s":"M","dt":"10/09/1929","dvt":"Válido"},{"sqcand":160002513418,"n":16008,"nm":"CANDIDATO 16008","nmu":"CANDIDATO 16008","s":"M","dt":"20/03/1929","dvt":"Válido"},{"sqcand":160002513424,"n":16014,"nm":"CANDIDATO 16014","nmu":"CANDIDATO 16014","s":"M","dt":"06/04/1929","dvt":"Válido"},{"sqcand":160002513412,"n":16002,"nm":"CANDIDATO 16002","nmu":"CANDIDATO 16002","s":"F","dt":"21/06/1929","dvt":"Válido"},{"sqcand":160002513413,"n":16003,"nm":"CANDIDATO 16003","nmu":"CANDIDATO 16003","s":"F","dt":"04/10/1929","dvt":"Válido"},{"sqcand":160002513411,"n":16001,"nm":"CANDIDATO 16001","nmu":"CANDIDATO 16001","s":"F","dt":"16/02/1926","dvt":"Válido"},{"sqcand":160002513415,"n":16005,"nm":"CANDIDATO 16005","nmu":"CANDIDATO 16005","s":"M","dt":"24/12/1929","dvt":"Válido"},{"sqcand":160002513416,"n":16006,"nm":"CANDIDATO 16006","nmu":"CANDIDATO 16006","s":"M","dt":"01/09/1957","dvt":"Válido"}]}]},{"n":160000336145,"nm":"COLIGACAO 160000336145","tp":"P","com":"P14","par":[{"n":14,"sg":" P14 ","nm":"PARTIDO 14","cand":[{"sqcand":160002513357,"n":14007,"nm":"CANDIDATO 14007","nmu":"CANDIDATO 14007","s":"M","dt":"01/12/1927","dvt":"Válido"},{"sqcand":160002513362,"n":14012,"nm":"CANDIDATO 14012","nmu":"CANDIDATO 14012","s":"M","dt":"15/08/1926","dvt":"Válido"},{"sqcand":160002513355,"n":14005,"nm":"CANDIDATO 14005","nmu":"CANDIDATO 14005","s":"M","dt":"25/03/1994","dvt":"Válido"},{"sqcand":160002513353,"n":14003,"nm":"CANDIDATO 14003","nmu":"CANDIDATO 14003","s":"F","dt":"21/08/1922","dvt":"Válido"},{"sqcand":160002513364,"n":14014,"nm":"CANDIDATO 14014","nmu":"CANDIDATO 14014","s":"M","dt":"30/09/1924","dvt":"Válido"},{"sqcand":160002513365,"n":14015,"nm":"CANDIDATO 14015","nmu":"CANDIDATO 14015","s":"M","dt":"03/03/1921","dvt":"Válido"},{"sqcand":160002513359,"n":14009,"nm":"CANDIDATO 14009","nmu":"CANDIDATO 14009","s":"M","dt":"02/01/1929","dvt":"Válido"},{"sqcand":160002513352,"n":14002,"nm":"CANDIDATO 14002","nmu":"CANDIDATO 14002","s":"F","dt":"06/12/1969","dvt":"Válido"},{"sqcand":160002513360,"n":14010,"nm":"CANDIDATO 14010","nmu":"CANDIDATO 14010","s":"M","dt":"15/06/1929","dvt":"Válido"},{"sqcand":160002513361,"n":14011,"nm":"CANDIDATO 14011","nmu":"CANDIDATO 14011","s":"M","dt":"16/09/1929","dvt":"Válido"},{"sqcand":160002513363,"n":14013,"nm":"CANDIDATO 14013","nmu":"CANDIDATO 14013","s":"M","dt":"03/10/1975","dvt":"Válido"},{"sqcand":160002513354,"n":14004,"nm":"CANDIDATO 14004","nmu":"CANDIDATO 14004","s":"F","dt":"12/06/1929","dvt":"Válido"},{"sqcand":160002513351,"n":14001,"nm":"CANDIDATO 14001","nmu":"CANDIDATO 14001","s":"F","dt":"15/09/1928","dvt":"Válido"},{"sqcand":160002513356,"n":14006,"nm":"CANDIDATO 14006","nmu":"CANDIDATO 14006","s":"M","dt":"04/05/1981","dvt":"Válido"},{"sqcand":160002513358,"n":14008,"nm":"CANDIDATO 14008","nmu":"CANDIDATO 14008","s":"M","dt":"03/09/1963","dvt":"Válido"}]}]}]}}