{"ele":8707,"cdabr":"74314","nmabr":"ARARUNA","t":1,"f":"S","s":"N","dg":"13/10/2020","hg":"20:03:38","v":"005","br":{"nm":"Brasil","uf":[{"sg":"PR","nm":"PARANÁ","mun":[{"cd":"74314","nm":"ARARUNA","c":"N","s":33,"e":10718,"tzon":1,"zon":[{"cd":"0074","s":33,"e":10718}]}]}]},"carg":{"cd":13,"nmn":"Vereador","nmm":"Vereador","nmf":"Vereadora","nv":15,"col":[{"n":160000323419,"nm":"COLIGACAO 160000323419","tp":"P","com":"P14","par":[{"n":14,"sg":" P14 ","nm":"PARTIDO 14","cand":[{"sqcand":160002471220,"n":14002,"nm":"CANDIDATO 14002","nmu":"CANDIDATO 14002","s":"F","dt":"15/05/1996","dvt":"Válido"},{"sqcand":160002471221,"n":14003,"nm":"CANDIDATO 14003","nmu":"CANDIDATO 14003","s":"F","dt":"12/02/1924","dvt":"Válido"},{"sqcand":160002471228,"n":14010,"nm":"CANDIDATO 14010","nmu":"CANDIDATO 14010","s":"M","dt":"20/12/1929","dvt":"Válido"},{"sqcand":160002471229,"n":14011,"nm":"CANDIDATO 14011","nmu":"CANDIDATO 14011","s":"M","dt":"25/08/1922","dvt":"Válido"},{"sqcand":160002471224,"n":14006,"nm":"CANDIDATO 14006","nmu":"CANDIDATO 14006","s":"M","dt":"02/04/1926","dvt":"Válido"},{"sqcand":160002471233,"n":14015,"nm":"CANDIDATO 14015","nmu":"CANDIDATO 14015","s":"M","dt":"13/04/1929","dvt":"Válido"},{"sqcand":160002471230,"n":14012,"nm":"CANDIDATO 14012","nmu":"CANDIDATO 14012","s":"M","dt":"31/12/1957","dvt":"Válido"},{"sqcand":160002471225,"n":14007,"nm":"CANDIDATO 14007","nmu":"CANDIDATO 14007","s":"M","dt":"01/05/1927","dvt":"Válido"},{"sqcand":160002471227,"n":14009,"nm":"CANDIDATO 14009","nmu":"CANDIDATO 14009","s":"M","dt":"08/10/1929","dvt":"Válido"},{"sqcand":160002471222,"n":14004,"nm":"CANDIDATO 14004","nmu":"CANDIDATO 14004","s":"F","dt":"15/08/1929","dvt":"Válido"},{"sqcand":160002471226,"n":14008,"nm":"CANDIDATO 14008","nmu":"CANDIDATO 14008","s":"M","dt":"07/01/1958","dvt":"Válido"},{"sqcand":160002471232,"n":14014,"nm":"CANDIDATO 14014","nmu":"CANDIDATO 14014","s":"M","dt":"20/09/1969","dvt":"Válido"},{"sqcand":160002471231,"n":14013,"nm":"CANDIDATO 14013","nmu":"CANDIDATO 14013","s":"M","dt":"10/02/1929","dvt":"Válido"},{"sqcand":160002471219,"n":14001,"nm":"CANDIDATO 14001","nmu":"CANDIDATO 14001","s":"F","dt":"16/09/1929","dvt":"Válido"},{"sqcand":160002471223,"n":14005,"nm":"CANDIDATO 14005","nmu":"CANDIDATO 14005","s":"M","dt":"17/08/1925","dvt":"Válido"}]}]},{"n":160000323421,"nm":"COLIGACAO 160000323421","tp":"P","com":"P16","par":[{"n":16,"sg":" P16 ","nm":"PARTIDO 16","cand":[{"sqcand":160002471258,"n":16010,"nm":"CANDIDATO 16010","nmu":"CANDIDATO 16010","s":"M","dt":"28/01/1974","dvt":"Válido"},{"sqcand":160002471252,"n":16004,"nm":"CANDIDATO 16004","nmu":"CANDIDATO 16004","s":"F","dt":"23/01/1929","dvt":"Válido"},{"sqcand":160002471256,"n":16008,"nm":"CANDIDATO 16008","nmu":"CANDIDATO 16008","s":"M","dt":"25/08/1929","dvt":"Válido"},{"sqcand":160002471260,"n":16012,"nm":"CANDIDATO 16012","nmu":"CANDIDATO 16012","s":"M","dt":"02/07/1927","dvt":"Válido"},{"sqcand":160002471255,"n":16007,"nm":"CANDIDATO 16007","nmu":"CANDIDATO 16007","s":"M","dt":"17/06/1929","dvt":"Válido"},{"sqcand":160002471257,"n":16009,"nm":"CANDIDATO 16009","nmu":"CANDIDATO 16009","s":"M","dt":"24/10/1927","dvt":"Válido"},{"sqcand":160002471261,"n":16013,"nm":"CANDIDATO 16013","nmu":"CANDIDATO 16013","s":"M","dt":"14/03/1929","dvt":"Válido"},{"sqcand":160002471262,"n":16014,"nm":"CANDIDATO 16014","nmu":"CANDIDATO 16014","s":"M","dt":"10/08/1922","dvt":"Válido"},{"sqcand":160002471251,"n":16003,"nm":"CANDIDATO 16003","nmu":"CANDIDATO 16003","s":"F","dt":"13/07/1964","dvt":"Válido"},{"sqcand":160002471254,"n":16006,"nm":"CANDIDATO 16006","nmu":"CANDIDATO 16006","s":"M","dt":"09/03/1929","dvt":"Válido"},{"sqcand":160002471259,"n":16011,"nm":"CANDIDATO 16011","nmu":"CANDIDATO 16011","s":"M","dt":"25/01/1925","dvt":"Válido"},{"sqcand":160002471263,"n":16015,"nm":"CANDIDATO 16015","nmu":"CANDIDATO 16015","s":"M","dt":"26/11/1927","dvt":"Válido"},{"sqcand":160002471249,"n":16001,"nm":"CANDIDATO 16001","nmu":"CANDIDATO 16001","s":"F","dt":"17/04/1929","dvt":"Válido"},{"sqcand":160002471250,"n":16002,"nm":"CANDIDATO 16002","nmu":"CANDIDATO 16002","s":"F","dt":"03/06/1929","dvt":"Válido"},{"sqcand":160002471253,"n":16005,"nm":"CANDIDATO 16005","nmu":"CANDIDATO 16005","s":"M","dt":"16/09/1929","dvt":"Válido"}]}]}]}}