{"ele":8707,"carper":11,"t":1,"f":"S","esae":"N","mnae":" ","dg":"13/10/2020","hg":"20:06:03","dv":"S","nadf":"pr74349-c0011-e008707-006-f","abr":[{"dt":"13/10/2020","ht":"18:58:25","tf":"S","and":"F","s":16,"st":16,"pst":" 100,00","snt":0,"psnt":"   0,00","si":16,"psi":" 100,00","sni":0,"psni":"   0,00","sa":16,"psa":" 100,00","sna":0,"psna":"   0,00","e":4210,"ea":4210,"pea":" 100,00","ena":0,"pena":"   0,00","esi":4210,"pesi":" 100,00","esni":0,"pesni":"   0,00","c":3585,"pc":"  85,15","a":625,"pa":"  14,85","tv":3585,"vscv":0,"vb":476,"pvb":"  13,27","tvn":1441,"ptvn":"  40,20","vn":1441,"pvn":" 100,00","vnt":0,"pvnt":"   0,00","vp":0,"pvp":"   0,00","vv":1668,"pvv":" 100,00","van":0,"pvan":"   0,00","vansj":0,"pvansj":"   0,00","vnom":1668,"pvnom":" 100,00","cand":[{"seq":1,"n":16,"e":"S","vap":965,"pvap":"  26,92","st":"Eleito"},{"seq":2,"n":14,"e":"N","vap":703,"pvap":"  19,61","st":"Não eleito"}],"tpabr":"MU","cdabr":"74349","colig":[{"n":160000330388,"tvtn":965,"tvtl":0,"tvan":965,"tval":0},{"n":160000330385,"tvtn":703,"tvtl":0,"tvan":703,"tval":0}],"part":[{"n":16,"tvtn":965,"tvtl":0,"tvan":965,"tval":0},{"n":14,"tvtn":703,"tvtl":0,"tvan":703,"tval":0}]},{"dt":"13/10/2020","ht":"18:58:25","tf":"S","and":"F","s":16,"st":16,"pst":" 100,00","snt":0,"psnt":"0","si":16,"psi":" 100,00","sni":0,"psni":"   0,00","sa":16,"psa":" 100,00","sna":0,"psna":"   0,00","e":4210,"ea":4210,"pea":" 100,00","ena":0,"pena":"   0,00","esi":4210,"pesi":" 100,00","esni":0,"pesni":"   0,00","c":3585,"pc":"  85,15","a":625,"pa":"  14,85","tv":3585,"vscv":0,"vb":476,"pvb":"  13,27","tvn":1441,"ptvn":"  40,20","vn":1441,"pvn":" 100,00","vp":0,"pvp":"   0,00","vv":1668,"pvv":" 100,00","van":0,"pvan":"   0,00","vansj":0,"pvansj":"   0,00","vnom":1668,"pvnom":" 100,00","cand":[{"seq":1,"n":16,"e":"S","vap":965,"pvap":"  26,92","st":"Eleito"},{"seq":2,"n":14,"e":"N","vap":703,"pvap":"  19,61","st":"Não eleito"}],"tpabr":"ZONA","cdabr":"140"}]}