{"ele":8707,"cdabr":"74691","nmabr":"CAMBARÁ","t":1,"f":"S","s":"N","dg":"13/10/2020","hg":"20:03:36","v":"005","br":{"nm":"Brasil","uf":[{"sg":"PR","nm":"PARANÁ","mun":[{"cd":"74691","nm":"CAMBARÁ","c":"N","s":55,"e":17820,"tzon":1,"zon":[{"cd":"0025","s":55,"e":17820}]}]}]},"carg":{"cd":13,"nmn":"Vereador","nmm":"Vereador","nmf":"Vereadora","nv":15,"col":[{"n":160000335801,"nm":"COLIGACAO 160000335801","tp":"P","com":"P46","par":[{"n":46,"sg":" P46 ","nm":"PARTIDO 46","cand":[{"sqcand":160002512205,"n":46005,"nm":"CANDIDATO 46005","nmu":"CANDIDATO 46005","s":"M","dt":"25/06/1929","dvt":"Válido"},{"sqcand":160002512210,"n":46010,"nm":"CANDIDATO 46010","nmu":"CANDIDATO 46010","s":"M","dt":"24/07/1926","dvt":"Válido"},{"sqcand":160002512211,"n":46011,"nm":"CANDIDATO 46011","nmu":"CANDIDATO 46011","s":"M","dt":"28/04/1929","dvt":"Válido"},{"sqcand":160002512212,"n":46012,"nm":"CANDIDATO 46012","nmu":"CANDIDATO 46012","s":"M","dt":"06/06/1920","dvt":"Válido"},{"sqcand":160002512213,"n":46013,"nm":"CANDIDATO 46013","nmu":"CANDIDATO 46013","s":"M","dt":"17/12/1929","dvt":"Válido"},{"sqcand":160002512202,"n":46002,"nm":"CANDIDATO 46002","nmu":"CANDIDATO 46002","s":"F","dt":"30/09/1927","dvt":"Válido"},{"sqcand":160002512209,"n":46009,"nm":"CANDIDATO 46009","nmu":"CANDIDATO 46009","s":"M","dt":"25/02/1929","dvt":"Válido"},{"sqcand":160002512214,"n":46014,"nm":"CANDIDATO 46014","nmu":"CANDIDATO 46014","s":"M","dt":"18/04/1929","dvt":"Válido"},{"sqcand":160002512203,"n":46003,"nm":"CANDIDATO 46003","nmu":"CANDIDATO 46003","s":"F","dt":"23/02/1929","dvt":"Válido"},{"sqcand":160002512204,"n":46004,"nm":"CANDIDATO 46004","nmu":"CANDIDATO 46004","s":"F","dt":"09/11/1929","dvt":"Válido"},{"sqcand":160002512206,"n":46006,"nm":"CANDIDATO 46006","nmu":"CANDIDATO 46006","s":"M","dt":"26/02/1963","dvt":"Válido"},{"sqcand":160002512207,"n":46007,"nm":"CANDIDATO 46007","nmu":"CANDIDATO 46007","s":"M","dt":"30/01/1929","dvt":"Válido"},{"sqcand":160002512208,"n":46008,"nm":"CANDIDATO 46008","nmu":"CANDIDATO 46008","s":"M","dt":"10/08/1923","dvt":"Válido"},{"sqcand":160002512215,"n":46015,"nm":"CANDIDATO 46015","nmu":"CANDIDATO 46015","s":"M","dt":"04/03/1929","dvt":"Válido"},{"sqcand":160002512201,"n":46001,"nm":"CANDIDATO 46001","nmu":"CANDIDATO 46001","s":"F","dt":"22/08/1928","dvt":"Válido"}]}]},{"n":160000335800,"nm":"COLIGACAO 160000335800","tp":"P","com":"P13","par":[{"n":13,"sg":" P13 ","nm":"PARTIDO 13","cand":[{"sqcand":160002512200,"n":13001,"nm":"CANDIDATO 13001","nmu":"CANDIDATO 13001","s":"M","dt":"22/04/1929","dvt":"Válido"}]}]}]}}