{"ele":8707,"carper":13,"t":1,"f":"S","esae":"N","mnae":" ","dg":"13/10/2020","hg":"20:06:03","dv":"S","nadf":"pr74497-c0013-e008707-006-f","abr":[{"dt":"13/10/2020","ht":"18:58:18","tf":"S","and":"F","s":30,"st":30,"pst":" 100,00","snt":0,"psnt":"   0,00","si":30,"psi":" 100,00","sni":0,"psni":"   0,00","sa":30,"psa":" 100,00","sna":0,"psna":"   0,00","e":7059,"ea":7059,"pea":" 100,00","ena":0,"pena":"   0,00","esi":7059,"pesi":" 100,00","esni":0,"pesni":"   0,00","c":5261,"pc":"  74,53","a":1798,"pa":"  25,47","tv":5261,"vscv":0,"vb":231,"pvb":"   4,39","tvn":109,"ptvn":"   2,07","vn":109,"pvn":" 100,00","vnt":0,"pvnt":"   0,00","vp":0,"pvp":"   0,00","vv":4921,"pvv":" 100,00","vl":419,"pvl":"   8,51","van":0,"pvan":"   0,00","vansj":0,"pvansj":"   0,00","vnom":4502,"pvnom":"  91,49","cand":[{"seq":24,"n":16004,"e":"N","vap":63,"pvap":"   1,20","st":"Suplente"},{"seq":22,"n":16005,"e":"N","vap":66,"pvap":"   1,25","st":"Suplente"},{"seq":29,"n":16007,"e":"N","vap":35,"pvap":"   0,67","st":"Suplente"},{"seq":8,"n":16010,"e":"S","vap":201,"pvap":"   3,82","st":"Eleito"},{"seq":23,"n":16003,"e":"N","vap":66,"pvap":"   1,25","st":"Suplente"},{"seq":1,"n":16006,"e":"S","vap":437,"pvap":"   8,31","st":"Eleito"},{"seq":14,"n":16009,"e":"S","vap":157,"pvap":"   2,98","st":"Eleito"},{"seq":15,"n":16013,"e":"S","vap":123,"pvap":"   2,34","st":"Eleito"},{"seq":26,"n":16011,"e":"N","vap":53,"pvap":"   1,01","st":"Suplente"},{"seq":19,"n":16002,"e":"N","vap":74,"pvap":"   1,41","st":"Suplente"},{"seq":20,"n":16012,"e":"N","vap":73,"pvap":"   1,39","st":"Suplente"},{"seq":9,"n":16015,"e":"S","vap":193,"pvap":"   3,67","st":"Eleito"},{"seq":11,"n":16001,"e":"S","vap":178,"pvap":"   3,38","st":"Eleito"},{"seq":4,"n":16014,"e":"S","vap":311,"pvap":"   5,91","st":"Eleito"},{"seq":27,"n":16008,"e":"N","vap":52,"pvap":"   0,99","st":"Suplente"},{"seq":7,"n":14011,"e":"S","vap":218,"pvap":"   4,14","st":"Eleito"},{"seq":16,"n":14007,"e":"N","vap":127,"pvap":"   2,41","st":"Suplente"},{"seq":6,"n":14003,"e":"S","vap":227,"pvap":"   4,31","st":"Eleito"},{"seq":2,"n":14008,"e":"S","vap":340,"pvap":"   6,46","st":"Eleito"},{"seq":5,"n":14010,"e":"S","vap":248,"pvap":"   4,71","st":"Eleito"},{"seq":17,"n":14014,"e":"N","vap":99,"pvap":"   1,88","st":"Suplente"},{"seq":28,"n":14005,"e":"N","vap":39,"pvap":"   0,74","st":"Suplente"},{"seq":12,"n":14012,"e":"S","vap":177,"pvap":"   3,36","st":"Eleito"},{"seq":18,"n":14009,"e":"N","vap":97,"pvap":"   1,84","st":"Suplente"},{"seq":25,"n":14001,"e":"N","vap":56,"pvap":"   1,06","st":"Suplente"},{"seq":21,"n":14015,"e":"N","vap":68,"pvap":"   1,29","st":"Suplente"},{"seq":30,"n":14013,"e":"N","vap":30,"pvap":"   0,57","st":"Suplente"},{"seq":10,"n":14004,"e":"S","vap":192,"pvap":"   3,65","st":"Eleito"},{"seq":3,"n":14006,"e":"S","vap":337,"pvap":"   6,41","st":"Eleito"},{"seq":13,"n":14002,"e":"S","vap":165,"pvap":"   3,14","st":"Eleito"}],"tpabr":"MU","cdabr":"74497","colig":[{"n":160000342501,"tvtn":2082,"tvtl":259,"tvan":2082,"tval":259,"vag":7},{"n":160000342498,"tvtn":2420,"tvtl":160,"tvan":2420,"tval":160,"vag":8}],"part":[{"n":16,"tvtn":2082,"tvtl":259,"tvan":2082,"tval":259},{"n":14,"tvtn":2420,"tvtl":160,"tvan":2420,"tval":160}]},{"dt":"13/10/2020","ht":"18:58:18","tf":"S","and":"F","s":30,"st":30,"pst":" 100,00","snt":0,"psnt":"0","si":30,"psi":" 100,00","sni":0,"psni":"   0,00","sa":30,"psa":" 100,00","sna":0,"psna":"   0,00","e":7059,"ea":7059,"pea":" 100,00","ena":0,"pena":"   0,00","esi":7059,"pesi":" 100,00","esni":0,"pesni":"   0,00","c":5261,"pc":"  74,53","a":1798,"pa":"  25,47","tv":5261,"vscv":0,"vb":231,"pvb":"   4,39","tvn":109,"ptvn":"   2,07","vn":109,"pvn":" 100,00","vp":0,"pvp":"   0,00","vv":4921,"pvv":" 100,00","vl":419,"pvl":"   8,51","van":0,"pvan":"   0,00","vansj":0,"pvansj":"   0,00","vnom":4502,"pvnom":"  91,49","cand":[{"seq":24,"n":16004,"e":"N","vap":63,"pvap":"   1,20","st":"Suplente"},{"seq":22,"n":16005,"e":"N","vap":66,"pvap":"   1,25","st":"Suplente"},{"seq":29,"n":16007,"e":"N","vap":35,"pvap":"   0,67","st":"Suplente"},{"seq":8,"n":16010,"e":"S","vap":201,"pvap":"   3,82","st":"Eleito"},{"seq":23,"n":16003,"e":"N","vap":66,"pvap":"   1,25","st":"Suplente"},{"seq":1,"n":16006,"e":"S","vap":437,"pvap":"   8,31","st":"Eleito"},{"seq":14,"n":16009,"e":"S","vap":157,"pvap":"   2,98","st":"Eleito"},{"seq":15,"n":16013,"e":"S","vap":123,"pvap":"   2,34","st":"Eleito"},{"seq":26,"n":16011,"e":"N","vap":53,"pvap":"   1,01","st":"Suplente"},{"seq":19,"n":16002,"e":"N","vap":74,"pvap":"   1,41","st":"Suplente"},{"seq":20,"n":16012,"e":"N","vap":73,"pvap":"   1,39","st":"Suplente"},{"seq":9,"n":16015,"e":"S","vap":193,"pvap":"   3,67","st":"Eleito"},{"seq":11,"n":16001,"e":"S","vap":178,"pvap":"   3,38","st":"Eleito"},{"seq":4,"n":16014,"e":"S","vap":311,"pvap":"   5,91","st":"Eleito"},{"seq":27,"n":16008,"e":"N","vap":52,"pvap":"   0,99","st":"Suplente"},{"seq":7,"n":14011,"e":"S","vap":218,"pvap":"   4,14","st":"Eleito"},{"seq":16,"n":14007,"e":"N","vap":127,"pvap":"   2,41","st":"Suplente"},{"seq":6,"n":14003,"e":"S","vap":227,"pvap":"   4,31","st":"Eleito"},{"seq":2,"n":14008,"e":"S","vap":340,"pvap":"   6,46","st":"Eleito"},{"seq":5,"n":14010,"e":"S","vap":248,"pvap":"   4,71","st":"Eleito"},{"seq":17,"n":14014,"e":"N","vap":99,"pvap":"   1,88","st":"Suplente"},{"seq":28,"n":14005,"e":"N","vap":39,"pvap":"   0,74","st":"Suplente"},{"seq":12,"n":14012,"e":"S","vap":177,"pvap":"   3,36","st":"Eleito"},{"seq":18,"n":14009,"e":"N","vap":97,"pvap":"   1,84","st":"Suplente"},{"seq":25,"n":14001,"e":"N","vap":56,"pvap":"   1,06","st":"Suplente"},{"seq":21,"n":14015,"e":"N","vap":68,"pvap":"   1,29","st":"Suplente"},{"seq":30,"n":14013,"e":"N","vap":30,"pvap":"   0,57","st":"Suplente"},{"seq":10,"n":14004,"e":"S","vap":192,"pvap":"   3,65","st":"Eleito"},{"seq":3,"n":14006,"e":"S","vap":337,"pvap":"   6,41","st":"Eleito"},{"seq":13,"n":14002,"e":"S","vap":165,"pvap":"   3,14","st":"Eleito"}],"tpabr":"ZONA","cdabr":"131"}]}