{"ele":8707,"carper":13,"t":1,"f":"S","esae":"N","mnae":" ","dg":"13/10/2020","hg":"20:06:11","dv":"S","nadf":"pr74047-c0013-e008707-006-f","abr":[{"dt":"13/10/2020","ht":"18:54:01","tf":"N","and":"P","s":15,"st":15,"pst":" 100,00","snt":0,"psnt":"   0,00","si":15,"psi":" 100,00","sni":0,"psni":"   0,00","sa":15,"psa":" 100,00","sna":0,"psna":"   0,00","e":4595,"ea":4595,"pea":" 100,00","ena":0,"pena":"   0,00","esi":4595,"pesi":" 100,00","esni":0,"pesni":"   0,00","c":3914,"pc":"  85,18","a":681,"pa":"  14,82","tv":3914,"vscv":0,"vb":23,"pvb":"   0,59","tvn":81,"ptvn":"   2,07","vn":81,"pvn":" 100,00","vnt":0,"pvnt":"   0,00","vp":0,"pvp":"   0,00","vv":3810,"pvv":" 100,00","vl":351,"pvl":"   9,21","van":0,"pvan":"   0,00","vansj":0,"pvansj":"   0,00","vnom":3459,"pvnom":"  90,79","cand":[{"seq":2,"n":16004,"e":"N","vap":342,"pvap":"   8,74","st":""},{"seq":26,"n":16009,"e":"N","vap":20,"pvap":"   0,51","st":""},{"seq":29,"n":16015,"e":"N","vap":16,"pvap":"   0,41","st":""},{"seq":20,"n":16007,"e":"N","vap":46,"pvap":"   1,18","st":""},{"seq":17,"n":16012,"e":"N","vap":59,"pvap":"   1,51","st":""},{"seq":9,"n":16014,"e":"N","vap":158,"pvap":"   4,04","st":""},{"seq":27,"n":16011,"e":"N","vap":17,"pvap":"   0,43","st":""},{"seq":16,"n":16001,"e":"N","vap":64,"pvap":"   1,64","st":""},{"seq":15,"n":16008,"e":"N","vap":70,"pvap":"   1,79","st":""},{"seq":4,"n":16005,"e":"N","vap":261,"pvap":"   6,67","st":""},{"seq":10,"n":16002,"e":"N","vap":135,"pvap":"   3,45","st":""},{"seq":7,"n":16013,"e":"N","vap":162,"pvap":"   4,14","st":""},{"seq":23,"n":16010,"e":"N","vap":31,"pvap":"   0,79","st":""},{"seq":18,"n":16006,"e":"N","vap":55,"pvap":"   1,41","st":""},{"seq":1,"n":16003,"e":"N","vap":482,"pvap":"  12,31","st":""},{"seq":14,"n":14013,"e":"N","vap":85,"pvap":"   2,17","st":""},{"seq":11,"n":14007,"e":"N","vap":112,"pvap":"   2,86","st":""},{"seq":12,"n":14002,"e":"N","vap":102,"pvap":"   2,61","st":""},{"seq":30,"n":14014,"e":"N","vap":15,"pvap":"   0,38","st":""},{"seq":8,"n":14008,"e":"N","vap":162,"pvap":"   4,14","st":""},{"seq":19,"n":14004,"e":"N","vap":47,"pvap":"   1,20","st":""},{"seq":5,"n":14012,"e":"N","vap":255,"pvap":"   6,52","st":""},{"seq":28,"n":14011,"e":"N","vap":17,"pvap":"   0,43","st":""},{"seq":22,"n":14010,"e":"N","vap":33,"pvap":"   0,84","st":""},{"seq":25,"n":14015,"e":"N","vap":22,"pvap":"   0,56","st":""},{"seq":24,"n":14009,"e":"N","vap":25,"pvap":"   0,64","st":""},{"seq":6,"n":14006,"e":"N","vap":210,"pvap":"   5,37","st":""},{"seq":13,"n":14003,"e":"N","vap":99,"pvap":"   2,53","st":""},{"seq":3,"n":14001,"e":"N","vap":317,"pvap":"   8,10","st":""},{"seq":21,"n":14005,"e":"N","vap":40,"pvap":"   1,02","st":""}],"tpabr":"MU","cdabr":"74047","colig":[{"n":160000338336,"tvtn":1918,"tvtl":115,"tvan":1918,"tval":115,"vag":8},{"n":160000338332,"tvtn":1541,"tvtl":236,"tvan":1541,"tval":236,"vag":7}],"part":[{"n":16,"tvtn":1918,"tvtl":115,"tvan":1918,"tval":115},{"n":14,"tvtn":1541,"tvtl":236,"tvan":1541,"tval":236}]},{"dt":"13/10/2020","ht":"18:54:01","tf":"N","and":"P","s":15,"st":15,"pst":" 100,00","snt":0,"psnt":"0","si":15,"psi":" 100,00","sni":0,"psni":"   0,00","sa":15,"psa":" 100,00","sna":0,"psna":"   0,00","e":4595,"ea":4595,"pea":" 100,00","ena":0,"pena":"   0,00","esi":4595,"pesi":" 100,00","esni":0,"pesni":"   0,00","c":3914,"pc":"  85,18","a":681,"pa":"  14,82","tv":3914,"vscv":0,"vb":23,"pvb":"   0,59","tvn":81,"ptvn":"   2,07","vn":81,"pvn":" 100,00","vp":0,"pvp":"   0,00","vv":3810,"pvv":" 100,00","vl":351,"pvl":"   9,21","van":0,"pvan":"   0,00","vansj":0,"pvansj":"   0,00","vnom":3459,"pvnom":"  90,79","cand":[{"seq":14,"n":14013,"e":"N","vap":85,"pvap":"   2,17","st":""},{"seq":11,"n":14007,"e":"N","vap":112,"pvap":"   2,86","st":""},{"seq":12,"n":14002,"e":"N","vap":102,"pvap":"   2,61","st":""},{"seq":30,"n":14014,"e":"N","vap":15,"pvap":"   0,38","st":""},{"seq":8,"n":14008,"e":"N","vap":162,"pvap":"   4,14","st":""},{"seq":19,"n":14004,"e":"N","vap":47,"pvap":"   1,20","st":""},{"seq":5,"n":14012,"e":"N","vap":255,"pvap":"   6,52","st":""},{"seq":28,"n":14011,"e":"N","vap":17,"pvap":"   0,43","st":""},{"seq":22,"n":14010,"e":"N","vap":33,"pvap":"   0,84","st":""},{"seq":25,"n":14015,"e":"N","vap":22,"pvap":"   0,56","st":""},{"seq":24,"n":14009,"e":"N","vap":25,"pvap":"   0,64","st":""},{"seq":6,"n":14006,"e":"N","vap":210,"pvap":"   5,37","st":""},{"seq":13,"n":14003,"e":"N","vap":99,"pvap":"   2,53","st":""},{"seq":3,"n":14001,"e":"N","vap":317,"pvap":"   8,10","st":""},{"seq":21,"n":14005,"e":"N","vap":40,"pvap":"   1,02","st":""},{"seq":2,"n":16004,"e":"N","vap":342,"pvap":"   8,74","st":""},{"seq":26,"n":16009,"e":"N","vap":20,"pvap":"   0,51","st":""},{"seq":29,"n":16015,"e":"N","vap":16,"pvap":"   0,41","st":""},{"seq":20,"n":16007,"e":"N","vap":46,"pvap":"   1,18","st":""},{"seq":17,"n":16012,"e":"N","vap":59,"pvap":"   1,51","st":""},{"seq":9,"n":16014,"e":"N","vap":158,"pvap":"   4,04","st":""},{"seq":27,"n":16011,"e":"N","vap":17,"pvap":"   0,43","st":""},{"seq":16,"n":16001,"e":"N","vap":64,"pvap":"   1,64","st":""},{"seq":15,"n":16008,"e":"N","vap":70,"pvap":"   1,79","st":""},{"seq":4,"n":16005,"e":"N","vap":261,"pvap":"   6,67","st":""},{"seq":10,"n":16002,"e":"N","vap":135,"pvap":"   3,45","st":""},{"seq":7,"n":16013,"e":"N","vap":162,"pvap":"   4,14","st":""},{"seq":23,"n":16010,"e":"N","vap":31,"pvap":"   0,79","st":""},{"seq":18,"n":16006,"e":"N","vap":55,"pvap":"   1,41","st":""},{"seq":1,"n":16003,"e":"N","vap":482,"pvap":"  12,31","st":""}],"tpabr":"ZONA","cdabr":"143"}]}