{"ele":8707,"carper":13,"t":1,"f":"S","esae":"N","mnae":" ","dg":"13/10/2020","hg":"20:06:19","dv":"S","nadf":"pr74241-c0013-e008707-006-f","abr":[{"dt":"13/10/2020","ht":"18:40:03","tf":"N","and":"P","s":13,"st":13,"pst":" 100,00","snt":0,"psnt":"   0,00","si":13,"psi":" 100,00","sni":0,"psni":"   0,00","sa":13,"psa":" 100,00","sna":0,"psna":"   0,00","e":3563,"ea":3563,"pea":" 100,00","ena":0,"pena":"   0,00","esi":3563,"pesi":" 100,00","esni":0,"pesni":"   0,00","c":3034,"pc":"  85,15","a":529,"pa":"  14,85","tv":3034,"vscv":0,"vb":178,"pvb":"   5,87","tvn":14,"ptvn":"   0,46","vn":14,"pvn":" 100,00","vnt":0,"pvnt":"   0,00","vp":0,"pvp":"   0,00","vv":2842,"pvv":" 100,00","vl":375,"pvl":"  13,19","van":0,"pvan":"   0,00","vansj":0,"pvansj":"   0,00","vnom":2467,"pvnom":"  86,81","cand":[{"seq":15,"n":14013,"e":"N","vap":54,"pvap":"   1,78","st":""},{"seq":24,"n":14007,"e":"N","vap":25,"pvap":"   0,82","st":""},{"seq":25,"n":14014,"e":"N","vap":21,"pvap":"   0,69","st":""},{"seq":27,"n":14002,"e":"N","vap":19,"pvap":"   0,63","st":""},{"seq":13,"n":14004,"e":"N","vap":69,"pvap":"   2,27","st":""},{"seq":2,"n":14008,"e":"N","vap":265,"pvap":"   8,73","st":""},{"seq":26,"n":14012,"e":"N","vap":19,"pvap":"   0,63","st":""},{"seq":16,"n":14011,"e":"N","vap":50,"pvap":"   1,65","st":""},{"seq":21,"n":14015,"e":"N","vap":33,"pvap":"   1,09","st":""},{"seq":18,"n":14010,"e":"N","vap":42,"pvap":"   1,38","st":""},{"seq":7,"n":14006,"e":"N","vap":115,"pvap":"   3,79","st":""},{"seq":4,"n":14009,"e":"N","vap":200,"pvap":"   6,59","st":""},{"seq":12,"n":14001,"e":"N","vap":72,"pvap":"   2,37","st":""},{"seq":14,"n":14003,"e":"N","vap":57,"pvap":"   1,88","st":""},{"seq":10,"n":14005,"e":"N","vap":77,"pvap":"   2,54","st":""},{"seq":3,"n":16004,"e":"N","vap":243,"pvap":"   8,01","st":""},{"seq":20,"n":16012,"e":"N","vap":35,"pvap":"   1,15","st":""},{"seq":8,"n":16015,"e":"N","vap":114,"pvap":"   3,76","st":""},{"seq":22,"n":16009,"e":"N","vap":31,"pvap":"   1,02","st":""},{"seq":6,"n":16007,"e":"N","vap":154,"pvap":"   5,08","st":""},{"seq":23,"n":16014,"e":"N","vap":25,"pvap":"   0,82","st":""},{"seq":5,"n":16011,"e":"N","vap":176,"pvap":"   5,80","st":""},{"seq":19,"n":16008,"e":"N","vap":37,"pvap":"   1,22","st":""},{"seq":28,"n":16001,"e":"N","vap":15,"pvap":"   0,49","st":""},{"seq":9,"n":16013,"e":"N","vap":96,"pvap":"   3,16","st":""},{"seq":1,"n":16002,"e":"N","vap":276,"pvap":"   9,10","st":""},{"seq":29,"n":16005,"e":"N","vap":14,"pvap":"   0,46","st":""},{"seq":17,"n":16010,"e":"N","vap":45,"pvap":"   1,48","st":""},{"seq":11,"n":16006,"e":"N","vap":75,"pvap":"   2,47","st":""},{"seq":30,"n":16003,"e":"N","vap":13,"pvap":"   0,43","st":""}],"tpabr":"MU","cdabr":"74241","colig":[{"n":160000328519,"tvtn":1118,"tvtl":168,"tvan":1118,"tval":168,"vag":7},{"n":160000328527,"tvtn":1349,"tvtl":207,"tvan":1349,"tval":207,"vag":8}],"part":[{"n":14,"tvtn":1118,"tvtl":168,"tvan":1118,"tval":168},{"n":16,"tvtn":1349,"tvtl":207,"tvan":1349,"tval":207}]},{"dt":"13/10/2020","ht":"18:40:03","tf":"N","and":"P","s":13,"st":13,"pst":" 100,00","snt":0,"psnt":"0","si":13,"psi":" 100,00","sni":0,"psni":"   0,00","sa":13,"psa":" 100,00","sna":0,"psna":"   0,00","e":3563,"ea":3563,"pea":" 100,00","ena":0,"pena":"   0,00","esi":3563,"pesi":" 100,00","esni":0,"pesni":"   0,00","c":3034,"pc":"  85,15","a":529,"pa":"  14,85","tv":3034,"vscv":0,"vb":178,"pvb":"   5,87","tvn":14,"ptvn":"   0,46","vn":14,"pvn":" 100,00","vp":0,"pvp":"   0,00","vv":2842,"pvv":" 100,00","vl":375,"pvl":"  13,19","van":0,"pvan":"   0,00","vansj":0,"pvansj":"   0,00","vnom":2467,"pvnom":"  86,81","cand":[{"seq":3,"n":16004,"e":"N","vap":243,"pvap":"   8,01","st":""},{"seq":20,"n":16012,"e":"N","vap":35,"pvap":"   1,15","st":""},{"seq":8,"n":16015,"e":"N","vap":114,"pvap":"   3,76","st":""},{"seq":22,"n":16009,"e":"N","vap":31,"pvap":"   1,02","st":""},{"seq":6,"n":16007,"e":"N","vap":154,"pvap":"   5,08","st":""},{"seq":23,"n":16014,"e":"N","vap":25,"pvap":"   0,82","st":""},{"seq":5,"n":16011,"e":"N","vap":176,"pvap":"   5,80","st":""},{"seq":19,"n":16008,"e":"N","vap":37,"pvap":"   1,22","st":""},{"seq":28,"n":16001,"e":"N","vap":15,"pvap":"   0,49","st":""},{"seq":9,"n":16013,"e":"N","vap":96,"pvap":"   3,16","st":""},{"seq":1,"n":16002,"e":"N","vap":276,"pvap":"   9,10","st":""},{"seq":29,"n":16005,"e":"N","vap":14,"pvap":"   0,46","st":""},{"seq":17,"n":16010,"e":"N","vap":45,"pvap":"   1,48","st":""},{"seq":11,"n":16006,"e":"N","vap":75,"pvap":"   2,47","st":""},{"seq":30,"n":16003,"e":"N","vap":13,"pvap":"   0,43","st":""},{"seq":15,"n":14013,"e":"N","vap":54,"pvap":"   1,78","st":""},{"seq":24,"n":14007,"e":"N","vap":25,"pvap":"   0,82","st":""},{"seq":25,"n":14014,"e":"N","vap":21,"pvap":"   0,69","st":""},{"seq":27,"n":14002,"e":"N","vap":19,"pvap":"   0,63","st":""},{"seq":13,"n":14004,"e":"N","vap":69,"pvap":"   2,27","st":""},{"seq":2,"n":14008,"e":"N","vap":265,"pvap":"   8,73","st":""},{"seq":26,"n":14012,"e":"N","vap":19,"pvap":"   0,63","st":""},{"seq":16,"n":14011,"e":"N","vap":50,"pvap":"   1,65","st":""},{"seq":21,"n":14015,"e":"N","vap":33,"pvap":"   1,09","st":""},{"seq":18,"n":14010,"e":"N","vap":42,"pvap":"   1,38","st":""},{"seq":7,"n":14006,"e":"N","vap":115,"pvap":"   3,79","st":""},{"seq":4,"n":14009,"e":"N","vap":200,"pvap":"   6,59","st":""},{"seq":12,"n":14001,"e":"N","vap":72,"pvap":"   2,37","st":""},{"seq":14,"n":14003,"e":"N","vap":57,"pvap":"   1,88","st":""},{"seq":10,"n":14005,"e":"N","vap":77,"pvap":"   2,54","st":""}],"tpabr":"ZONA","cdabr":"115"}]}