{"ele":8707,"carper":11,"t":1,"f":"S","esae":"N","mnae":" ","dg":"13/10/2020","hg":"20:06:05","dv":"S","nadf":"pr74233-c0011-e008707-006-f","abr":[{"dt":"13/10/2020","ht":"16:55:00","tf":"N","and":"P","s":24,"st":24,"pst":" 100,00","snt":0,"psnt":"   0,00","si":24,"psi":" 100,00","sni":0,"psni":"   0,00","sa":24,"psa":" 100,00","sna":0,"psna":"   0,00","e":6271,"ea":6271,"pea":" 100,00","ena":0,"pena":"   0,00","esi":6271,"pesi":" 100,00","esni":0,"pesni":"   0,00","c":5341,"pc":"  85,17","a":930,"pa":"  14,83","tv":5341,"vscv":0,"vb":1328,"pvb":"  24,86","tvn":1115,"ptvn":"  20,88","vn":1115,"pvn":" 100,00","vnt":0,"pvnt":"   0,00","vp":0,"pvp":"   0,00","vv":2898,"pvv":" 100,00","van":0,"pvan":"   0,00","vansj":0,"pvansj":"   0,00","vnom":2898,"pvnom":" 100,00","cand":[{"seq":1,"n":13,"e":"N","vap":1600,"pvap":"  29,96","st":""},{"seq":2,"n":16,"e":"N","vap":1298,"pvap":"  24,30","st":""}],"tpabr":"MU","cdabr":"74233","colig":[{"n":160000330261,"tvtn":1600,"tvtl":0,"tvan":1600,"tval":0},{"n":160000330259,"tvtn":1298,"tvtl":0,"tvan":1298,"tval":0}],"part":[{"n":13,"tvtn":1600,"tvtl":0,"tvan":1600,"tval":0},{"n":16,"tvtn":1298,"tvtl":0,"tvan":1298,"tval":0}]},{"dt":"13/10/2020","ht":"16:55:00","tf":"N","and":"P","s":24,"st":24,"pst":" 100,00","snt":0,"psnt":"0","si":24,"psi":" 100,00","sni":0,"psni":"   0,00","sa":24,"psa":" 100,00","sna":0,"psna":"   0,00","e":6271,"ea":6271,"pea":" 100,00","ena":0,"pena":"   0,00","esi":6271,"pesi":" 100,00","esni":0,"pesni":"   0,00","c":5341,"pc":"  85,17","a":930,"pa":"  14,83","tv":5341,"vscv":0,"vb":1328,"pvb":"  24,86","tvn":1115,"ptvn":"  20,88","vn":1115,"pvn":" 100,00","vp":0,"pvp":"   0,00","vv":2898,"pvv":" 100,00","van":0,"pvan":"   0,00","vansj":0,"pvansj":"   0,00","vnom":2898,"pvnom":" 100,00","cand":[{"seq":2,"n":16,"e":"N","vap":1298,"pvap":"  24,30","st":""},{"seq":1,"n":13,"e":"N","vap":1600,"pvap":"  29,96","st":""}],"tpabr":"ZONA","cdabr":"12"}]}