{"ele":8707,"cdabr":"74845","nmabr":"SÃO MANOEL DO PARANÁ","t":1,"f":"S","s":"N","dg":"13/10/2020","hg":"20:03:37","v":"005","br":{"nm":"Brasil","uf":[{"sg":"PR","nm":"PARANÁ","mun":[{"cd":"74845","nm":"SÃO MANOEL DO PARANÁ","c":"N","s":7,"e":1835,"tzon":1,"zon":[{"cd":"0149","s":7,"e":1835}]}]}]},"carg":{"cd":11,"nmn":"Prefeito","nmm":"Prefeito","nmf":"Prefeita","nv":1,"col":[{"n":160000337785,"nm":"COLIGACAO 160000337785","tp":"P","com":"P16","par":[{"n":16,"sg":" P16 ","nm":"PARTIDO 16","cand":[{"sqcand":160002519601,"n":16,"nm":"CANDIDATO 16","nmu":"CANDIDATO 16","s":"M","dt":"11/11/1971","dvt":"Válido","vs":[{"sqcand":160002519602,"nm":"CANDIDATO 16 1","nmu":"CANDIDATO 16 1","tp":"V","sgp":"P16"}]}]}]},{"n":160000337775,"nm":"COLIGACAO 160000337775","tp":"P","com":"P14","par":[{"n":14,"sg":" P14 ","nm":"PARTIDO 14","cand":[{"sqcand":160002519456,"n":14,"nm":"CANDIDATO 14","nmu":"CANDIDATO 14","s":"M","dt":"11/03/1929","dvt":"Válido","vs":[{"sqcand":160002519457,"nm":"CANDIDATO 14 1","nmu":"CANDIDATO 14 1","tp":"V","sgp":"P14"}]}]}]}]}}