{"ele":8707,"carper":11,"t":1,"f":"S","esae":"N","mnae":" ","dg":"13/10/2020","hg":"20:06:02","dv":"S","nadf":"pr74128-c0011-e008707-006-f","abr":[{"dt":"13/10/2020","ht":"16:55:03","tf":"N","and":"P","s":8,"st":8,"pst":" 100,00","snt":0,"psnt":"   0,00","si":8,"psi":" 100,00","sni":0,"psni":"   0,00","sa":8,"psa":" 100,00","sna":0,"psna":"   0,00","e":2477,"ea":2477,"pea":" 100,00","ena":0,"pena":"   0,00","esi":2477,"pesi":" 100,00","esni":0,"pesni":"   0,00","c":2110,"pc":"  85,18","a":367,"pa":"  14,82","tv":2110,"vscv":0,"vb":499,"pvb":"  23,65","tvn":1024,"ptvn":"  48,53","vn":1024,"pvn":" 100,00","vnt":0,"pvnt":"   0,00","vp":0,"pvp":"   0,00","vv":587,"pvv":" 100,00","van":0,"pvan":"   0,00","vansj":0,"pvansj":"   0,00","vnom":587,"pvnom":" 100,00","cand":[{"seq":2,"n":24,"e":"N","vap":280,"pvap":"  13,27","st":""},{"seq":1,"n":16,"e":"N","vap":307,"pvap":"  14,55","st":""}],"tpabr":"MU","cdabr":"74128","colig":[{"n":160000338239,"tvtn":280,"tvtl":0,"tvan":280,"tval":0},{"n":160000338241,"tvtn":307,"tvtl":0,"tvan":307,"tval":0}],"part":[{"n":24,"tvtn":280,"tvtl":0,"tvan":280,"tval":0},{"n":16,"tvtn":307,"tvtl":0,"tvan":307,"tval":0}]},{"dt":"13/10/2020","ht":"16:55:03","tf":"N","and":"P","s":8,"st":8,"pst":" 100,00","snt":0,"psnt":"0","si":8,"psi":" 100,00","sni":0,"psni":"   0,00","sa":8,"psa":" 100,00","sna":0,"psna":"   0,00","e":2477,"ea":2477,"pea":" 100,00","ena":0,"pena":"   0,00","esi":2477,"pesi":" 100,00","esni":0,"pesni":"   0,00","c":2110,"pc":"  85,18","a":367,"pa":"  14,82","tv":2110,"vscv":0,"vb":499,"pvb":"  23,65","tvn":1024,"ptvn":"  48,53","vn":1024,"pvn":" 100,00","vp":0,"pvp":"   0,00","vv":587,"pvv":" 100,00","van":0,"pvan":"   0,00","vansj":0,"pvansj":"   0,00","vnom":587,"pvnom":" 100,00","cand":[{"seq":2,"n":24,"e":"N","vap":280,"pvap":"  13,27","st":""},{"seq":1,"n":16,"e":"N","vap":307,"pvap":"  14,55","st":""}],"tpabr":"ZONA","cdabr":"150"}]}