{"ele":8707,"carper":13,"t":1,"f":"S","esae":"N","mnae":" ","dg":"13/10/2020","hg":"20:06:05","dv":"S","nadf":"pr74772-c0013-e008707-006-f","abr":[{"dt":"13/10/2020","ht":"16:55:01","tf":"N","and":"P","s":95,"st":93,"pst":"  97,89","snt":2,"psnt":"   2,11","si":93,"psi":"  97,89","sni":0,"psni":"   0,00","sa":93,"psa":" 100,00","sna":0,"psna":"   0,00","e":30378,"ea":30378,"pea":" 100,00","ena":0,"pena":"   0,00","esi":30378,"pesi":"  97,89","esni":0,"pesni":"   0,00","c":25670,"pc":"  84,50","a":4708,"pa":"  15,50","tv":25670,"vscv":0,"vb":870,"pvb":"   3,39","tvn":968,"ptvn":"   3,77","vn":968,"pvn":" 100,00","vnt":0,"pvnt":"   0,00","vp":0,"pvp":"   0,00","vv":23832,"pvv":" 100,00","vl":1914,"pvl":"   8,03","van":0,"pvan":"   0,00","vansj":0,"pvansj":"   0,00","vnom":21918,"pvnom":"  91,97","cand":[{"seq":6,"n":16004,"e":"N","vap":984,"pvap":"   3,83","st":""},{"seq":15,"n":16007,"e":"N","vap":733,"pvap":"   2,86","st":""},{"seq":22,"n":16012,"e":"N","vap":544,"pvap":"   2,12","st":""},{"seq":8,"n":16009,"e":"N","vap":945,"pvap":"   3,68","st":""},{"seq":28,"n":16015,"e":"N","vap":368,"pvap":"   1,43","st":""},{"seq":12,"n":16014,"e":"N","vap":859,"pvap":"   3,35","st":""},{"seq":29,"n":16011,"e":"N","vap":322,"pvap":"   1,25","st":""},{"seq":14,"n":16008,"e":"N","vap":752,"pvap":"   2,93","st":""},{"seq":21,"n":16001,"e":"N","vap":566,"pvap":"   2,20","st":""},{"seq":23,"n":16013,"e":"N","vap":513,"pvap":"   2,00","st":""},{"seq":13,"n":16005,"e":"N","vap":848,"pvap":"   3,30","st":""},{"seq":19,"n":16002,"e":"N","vap":610,"pvap":"   2,38","st":""},{"seq":30,"n":16010,"e":"N","vap":209,"pvap":"   0,81","st":""},{"seq":25,"n":16003,"e":"N","vap":506,"pvap":"   1,97","st":""},{"seq":3,"n":16006,"e":"N","vap":1073,"pvap":"   4,18","st":""},{"seq":7,"n":14002,"e":"N","vap":968,"pvap":"   3,77","st":""},{"seq":11,"n":14014,"e":"N","vap":885,"pvap":"   3,45","st":""},{"seq":9,"n":14013,"e":"N","vap":919,"pvap":"   3,58","st":""},{"seq":4,"n":14007,"e":"N","vap":1027,"pvap":"   4,00","st":""},{"seq":2,"n":14008,"e":"N","vap":1118,"pvap":"   4,36","st":""},{"seq":26,"n":14012,"e":"N","vap":480,"pvap":"   1,87","st":""},{"seq":27,"n":14004,"e":"N","vap":422,"pvap":"   1,64","st":""},{"seq":18,"n":14011,"e":"N","vap":619,"pvap":"   2,41","st":""},{"seq":20,"n":14010,"e":"N","vap":602,"pvap":"   2,35","st":""},{"seq":24,"n":14015,"e":"N","vap":512,"pvap":"   1,99","st":""},{"seq":10,"n":14006,"e":"N","vap":914,"pvap":"   3,56","st":""},{"seq":5,"n":14009,"e":"N","vap":986,"pvap":"   3,84","st":""},{"seq":17,"n":14003,"e":"N","vap":629,"pvap":"   2,45","st":""},{"seq":1,"n":14005,"e":"N","vap":1323,"pvap":"   5,15","st":""},{"seq":16,"n":14001,"e":"N","vap":682,"pvap":"   2,66","st":""}],"tpabr":"MU","cdabr":"74772","colig":[{"n":160000336486,"tvtn":9832,"tvtl":1288,"tvan":9832,"tval":1288,"vag":7},{"n":160000336482,"tvtn":12086,"tvtl":626,"tvan":12086,"tval":626,"vag":8}],"part":[{"n":16,"tvtn":9832,"tvtl":1288,"tvan":9832,"tval":1288},{"n":14,"tvtn":12086,"tvtl":626,"tvan":12086,"tval":626}]},{"dt":"13/10/2020","ht":"16:55:01","tf":"N","and":"P","s":95,"st":93,"pst":"  97,89","snt":2,"psnt":"2","si":93,"psi":"  97,89","sni":0,"psni":"   0,00","sa":93,"psa":" 100,00","sna":0,"psna":"   0,00","e":30378,"ea":30378,"pea":" 100,00","ena":0,"pena":"   0,00","esi":30378,"pesi":"  97,89","esni":0,"pesni":"   0,00","c":25670,"pc":"  84,50","a":4708,"pa":"  15,50","tv":25670,"vscv":0,"vb":870,"pvb":"   3,39","tvn":968,"ptvn":"   3,77","vn":968,"pvn":" 100,00","vp":0,"pvp":"   0,00","vv":23832,"pvv":" 100,00","vl":1914,"pvl":"   8,03","van":0,"pvan":"   0,00","vansj":0,"pvansj":"   0,00","vnom":21918,"pvnom":"  91,97","cand":[{"seq":7,"n":14002,"e":"N","vap":968,"pvap":"   3,77","st":""},{"seq":11,"n":14014,"e":"N","vap":885,"pvap":"   3,45","st":""},{"seq":9,"n":14013,"e":"N","vap":919,"pvap":"   3,58","st":""},{"seq":4,"n":14007,"e":"N","vap":1027,"pvap":"   4,00","st":""},{"seq":2,"n":14008,"e":"N","vap":1118,"pvap":"   4,36","st":""},{"seq":26,"n":14012,"e":"N","vap":480,"pvap":"   1,87","st":""},{"seq":27,"n":14004,"e":"N","vap":422,"pvap":"   1,64","st":""},{"seq":18,"n":14011,"e":"N","vap":619,"pvap":"   2,41","st":""},{"seq":20,"n":14010,"e":"N","vap":602,"pvap":"   2,35","st":""},{"seq":24,"n":14015,"e":"N","vap":512,"pvap":"   1,99","st":""},{"seq":10,"n":14006,"e":"N","vap":914,"pvap":"   3,56","st":""},{"seq":5,"n":14009,"e":"N","vap":986,"pvap":"   3,84","st":""},{"seq":17,"n":14003,"e":"N","vap":629,"pvap":"   2,45","st":""},{"seq":1,"n":14005,"e":"N","vap":1323,"pvap":"   5,15","st":""},{"seq":16,"n":14001,"e":"N","vap":682,"pvap":"   2,66","st":""},{"seq":6,"n":16004,"e":"N","vap":984,"pvap":"   3,83","st":""},{"seq":15,"n":16007,"e":"N","vap":733,"pvap":"   2,86","st":""},{"seq":22,"n":16012,"e":"N","vap":544,"pvap":"   2,12","st":""},{"seq":8,"n":16009,"e":"N","vap":945,"pvap":"   3,68","st":""},{"seq":28,"n":16015,"e":"N","vap":368,"pvap":"   1,43","st":""},{"seq":12,"n":16014,"e":"N","vap":859,"pvap":"   3,35","st":""},{"seq":29,"n":16011,"e":"N","vap":322,"pvap":"   1,25","st":""},{"seq":14,"n":16008,"e":"N","vap":752,"pvap":"   2,93","st":""},{"seq":21,"n":16001,"e":"N","vap":566,"pvap":"   2,20","st":""},{"seq":23,"n":16013,"e":"N","vap":513,"pvap":"   2,00","st":""},{"seq":13,"n":16005,"e":"N","vap":848,"pvap":"   3,30","st":""},{"seq":19,"n":16002,"e":"N","vap":610,"pvap":"   2,38","st":""},{"seq":30,"n":16010,"e":"N","vap":209,"pvap":"   0,81","st":""},{"seq":25,"n":16003,"e":"N","vap":506,"pvap":"   1,97","st":""},{"seq":3,"n":16006,"e":"N","vap":1073,"pvap":"   4,18","st":""}],"tpabr":"ZONA","cdabr":"195"}]}