{"ele":8707,"cdabr":"74896","nmabr":"CAPITÃO LEÔNIDAS MARQUES","t":1,"f":"S","s":"N","dg":"13/10/2020","hg":"20:03:38","v":"005","br":{"nm":"Brasil","uf":[{"sg":"PR","nm":"PARANÁ","mun":[{"cd":"74896","nm":"CAPITÃO LEÔNIDAS MARQUES","c":"N","s":43,"e":12049,"tzon":1,"zon":[{"cd":"0165","s":43,"e":12049}]}]}]},"carg":{"cd":13,"nmn":"Vereador","nmm":"Vereador","nmf":"Vereadora","nv":15,"col":[{"n":160000330658,"nm":"COLIGACAO 160000330658","tp":"P","com":"P16","par":[{"n":16,"sg":" P16 ","nm":"PARTIDO 16","cand":[{"sqcand":160002496512,"n":16011,"nm":"CANDIDATO 16011","nmu":"CANDIDATO 16011","s":"M","dt":"18/11/1929","dvt":"Válido"},{"sqcand":160002496504,"n":16003,"nm":"CANDIDATO 16003","nmu":"CANDIDATO 16003","s":"F","dt":"27/04/1928","dvt":"Válido"},{"sqcand":160002496505,"n":16004,"nm":"CANDIDATO 16004","nmu":"CANDIDATO 16004","s":"F","dt":"20/04/1957","dvt":"Válido"},{"sqcand":160002496506,"n":16005,"nm":"CANDIDATO 16005","nmu":"CANDIDATO 16005","s":"M","dt":"04/03/1995","dvt":"Válido"},{"sqcand":160002496508,"n":16007,"nm":"CANDIDATO 16007","nmu":"CANDIDATO 16007","s":"M","dt":"10/11/1929","dvt":"Válido"},{"sqcand":160002496513,"n":16012,"nm":"CANDIDATO 16012","nmu":"CANDIDATO 16012","s":"M","dt":"10/10/1929","dvt":"Válido"},{"sqcand":160002496515,"n":16014,"nm":"CANDIDATO 16014","nmu":"CANDIDATO 16014","s":"M","dt":"30/03/1929","dvt":"Válido"},{"sqcand":160002496509,"n":16008,"nm":"CANDIDATO 16008","nmu":"CANDIDATO 16008","s":"M","dt":"15/07/1925","dvt":"Válido"},{"sqcand":160002496510,"n":16009,"nm":"CANDIDATO 16009","nmu":"CANDIDATO 16009","s":"M","dt":"30/04/1962","dvt":"Válido"},{"sqcand":160002496507,"n":16006,"nm":"CANDIDATO 16006","nmu":"CANDIDATO 16006","s":"M","dt":"18/10/1928","dvt":"Válido"},{"sqcand":160002496511,"n":16010,"nm":"CANDIDATO 16010","nmu":"CANDIDATO 16010","s":"M","dt":"07/07/1929","dvt":"Válido"},{"sqcand":160002496514,"n":16013,"nm":"CANDIDATO 16013","nmu":"CANDIDATO 16013","s":"M","dt":"21/04/1929","dvt":"Válido"},{"sqcand":160002496516,"n":16015,"nm":"CANDIDATO 16015","nmu":"CANDIDATO 16015","s":"M","dt":"11/01/1929","dvt":"Válido"},{"sqcand":160002496502,"n":16001,"nm":"CANDIDATO 16001","nmu":"CANDIDATO 16001","s":"F","dt":"18/09/1929","dvt":"Válido"},{"sqcand":160002496503,"n":16002,"nm":"CANDIDATO 16002","nmu":"CANDIDATO 16002","s":"F","dt":"16/04/1929","dvt":"Válido"}]}]},{"n":160000330664,"nm":"COLIGACAO 160000330664","tp":"P","com":"P13","par":[{"n":13,"sg":" P13 ","nm":"PARTIDO 13","cand":[{"sqcand":160002496556,"n":13004,"nm":"CANDIDATO 13004","nmu":"CANDIDATO 13004","s":"F","dt":"06/09/1921","dvt":"Válido"},{"sqcand":160002496559,"n":13007,"nm":"CANDIDATO 13007","nmu":"CANDIDATO 13007","s":"M","dt":"25/09/1927","dvt":"Válido"},{"sqcand":160002496567,"n":13015,"nm":"CANDIDATO 13015","nmu":"CANDIDATO 13015","s":"M","dt":"25/06/1929","dvt":"Válido"},{"sqcand":160002496555,"n":13003,"nm":"CANDIDATO 13003","nmu":"CANDIDATO 13003","s":"F","dt":"07/08/1929","dvt":"Válido"},{"sqcand":160002496565,"n":13013,"nm":"CANDIDATO 13013","nmu":"CANDIDATO 13013","s":"M","dt":"29/01/1929","dvt":"Válido"},{"sqcand":160002496554,"n":13002,"nm":"CANDIDATO 13002","nmu":"CANDIDATO 13002","s":"F","dt":"22/11/1928","dvt":"Válido"},{"sqcand":160002496566,"n":13014,"nm":"CANDIDATO 13014","nmu":"CANDIDATO 13014","s":"M","dt":"27/04/1926","dvt":"Válido"},{"sqcand":160002496564,"n":13012,"nm":"CANDIDATO 13012","nmu":"CANDIDATO 13012","s":"M","dt":"28/01/1929","dvt":"Válido"},{"sqcand":160002496557,"n":13005,"nm":"CANDIDATO 13005","nmu":"CANDIDATO 13005","s":"M","dt":"13/11/1929","dvt":"Válido"},{"sqcand":160002496560,"n":13008,"nm":"CANDIDATO 13008","nmu":"CANDIDATO 13008","s":"M","dt":"02/07/1929","dvt":"Válido"},{"sqcand":160002496561,"n":13009,"nm":"CANDIDATO 13009","nmu":"CANDIDATO 13009","s":"M","dt":"07/12/1928","dvt":"Válido"},{"sqcand":160002496558,"n":13006,"nm":"CANDIDATO 13006","nmu":"CANDIDATO 13006","s":"M","dt":"08/06/1929","dvt":"Válido"},{"sqcand":160002496563,"n":13011,"nm":"CANDIDATO 13011","nmu":"CANDIDATO 13011","s":"M","dt":"10/11/1927","dvt":"Válido"},{"sqcand":160002496553,"n":13001,"nm":"CANDIDATO 13001","nmu":"CANDIDATO 13001","s":"F","dt":"12/12/1929","dvt":"Válido"},{"sqcand":160002496562,"n":13010,"nm":"CANDIDATO 13010","nmu":"CANDIDATO 13010","s":"M","dt":"12/09/1929","dvt":"Válido"}]}]}]}}