{"ele":8707,"cdabr":"74616","nmabr":"BOM SUCESSO","t":1,"f":"S","s":"N","dg":"13/10/2020","hg":"20:03:40","v":"005","br":{"nm":"Brasil","uf":[{"sg":"PR","nm":"PARANÁ","mun":[{"cd":"74616","nm":"BOM SUCESSO","c":"N","s":18,"e":4903,"tzon":1,"zon":[{"cd":"0070","s":18,"e":4903}]}]}]},"carg":{"cd":13,"nmn":"Vereador","nmm":"Vereador","nmf":"Vereadora","nv":15,"col":[{"n":160000323202,"nm":"COLIGACAO 160000323202","tp":"P","com":"P16","par":[{"n":16,"sg":" P16 ","nm":"PARTIDO 16","cand":[{"sqcand":160002469965,"n":16012,"nm":"CANDIDATO 16012","nmu":"CANDIDATO 16012","s":"M","dt":"04/02/1971","dvt":"Válido"},{"sqcand":160002469954,"n":16001,"nm":"CANDIDATO 16001","nmu":"CANDIDATO 16001","s":"F","dt":"24/08/1988","dvt":"Válido"},{"sqcand":160002469960,"n":16007,"nm":"CANDIDATO 16007","nmu":"CANDIDATO 16007","s":"M","dt":"13/05/1992","dvt":"Válido"},{"sqcand":160002469961,"n":16008,"nm":"CANDIDATO 16008","nmu":"CANDIDATO 16008","s":"M","dt":"04/05/1925","dvt":"Válido"},{"sqcand":160002469966,"n":16013,"nm":"CANDIDATO 16013","nmu":"CANDIDATO 16013","s":"M","dt":"27/12/1929","dvt":"Válido"},{"sqcand":160002469964,"n":16011,"nm":"CANDIDATO 16011","nmu":"CANDIDATO 16011","s":"M","dt":"14/05/1929","dvt":"Válido"},{"sqcand":160002469962,"n":16009,"nm":"CANDIDATO 16009","nmu":"CANDIDATO 16009","s":"M","dt":"10/08/1929","dvt":"Válido"},{"sqcand":160002469967,"n":16014,"nm":"CANDIDATO 16014","nmu":"CANDIDATO 16014","s":"M","dt":"19/11/1929","dvt":"Válido"},{"sqcand":160002469963,"n":16010,"nm":"CANDIDATO 16010","nmu":"CANDIDATO 16010","s":"M","dt":"17/07/1986","dvt":"Válido"},{"sqcand":160002469957,"n":16004,"nm":"CANDIDATO 16004","nmu":"CANDIDATO 16004","s":"F","dt":"03/05/1929","dvt":"Válido"},{"sqcand":160002469958,"n":16005,"nm":"CANDIDATO 16005","nmu":"CANDIDATO 16005","s":"M","dt":"16/08/1924","dvt":"Válido"},{"sqcand":160002469956,"n":16003,"nm":"CANDIDATO 16003","nmu":"CANDIDATO 16003","s":"F","dt":"01/12/1964","dvt":"Válido"},{"sqcand":160002469968,"n":16015,"nm":"CANDIDATO 16015","nmu":"CANDIDATO 16015","s":"M","dt":"29/07/1929","dvt":"Válido"},{"sqcand":160002469955,"n":16002,"nm":"CANDIDATO 16002","nmu":"CANDIDATO 16002","s":"F","dt":"29/01/1926","dvt":"Válido"},{"sqcand":160002469959,"n":16006,"nm":"CANDIDATO 16006","nmu":"CANDIDATO 16006","s":"M","dt":"20/06/1929","dvt":"Válido"}]}]},{"n":160000323198,"nm":"COLIGACAO 160000323198","tp":"P","com":"P14","par":[{"n":14,"sg":" P14 ","nm":"PARTIDO 14","cand":[{"sqcand":160002469895,"n":14002,"nm":"CANDIDATO 14002","nmu":"CANDIDATO 14002","s":"F","dt":"27/03/1928","dvt":"Válido"},{"sqcand":160002469898,"n":14005,"nm":"CANDIDATO 14005","nmu":"CANDIDATO 14005","s":"M","dt":"07/08/1928","dvt":"Válido"},{"sqcand":160002469900,"n":14007,"nm":"CANDIDATO 14007","nmu":"CANDIDATO 14007","s":"M","dt":"17/01/1921","dvt":"Válido"},{"sqcand":160002469899,"n":14006,"nm":"CANDIDATO 14006","nmu":"CANDIDATO 14006","s":"M","dt":"28/11/1929","dvt":"Válido"},{"sqcand":160002469897,"n":14004,"nm":"CANDIDATO 14004","nmu":"CANDIDATO 14004","s":"F","dt":"10/02/1929","dvt":"Válido"},{"sqcand":160002469902,"n":14009,"nm":"CANDIDATO 14009","nmu":"CANDIDATO 14009","s":"M","dt":"26/06/1974","dvt":"Válido"},{"sqcand":160002469904,"n":14011,"nm":"CANDIDATO 14011","nmu":"CANDIDATO 14011","s":"M","dt":"07/01/1932","dvt":"Válido"},{"sqcand":160002469903,"n":14010,"nm":"CANDIDATO 14010","nmu":"CANDIDATO 14010","s":"M","dt":"05/04/1926","dvt":"Válido"},{"sqcand":160002469905,"n":14012,"nm":"CANDIDATO 14012","nmu":"CANDIDATO 14012","s":"M","dt":"06/01/1929","dvt":"Válido"},{"sqcand":160002469906,"n":14013,"nm":"CANDIDATO 14013","nmu":"CANDIDATO 14013","s":"M","dt":"19/09/1929","dvt":"Válido"},{"sqcand":160002469908,"n":14015,"nm":"CANDIDATO 14015","nmu":"CANDIDATO 14015","s":"M","dt":"03/03/1929","dvt":"Válido"},{"sqcand":160002469896,"n":14003,"nm":"CANDIDATO 14003","nmu":"CANDIDATO 14003","s":"F","dt":"13/07/1929","dvt":"Válido"},{"sqcand":160002469901,"n":14008,"nm":"CANDIDATO 14008","nmu":"CANDIDATO 14008","s":"M","dt":"01/09/1929","dvt":"Válido"},{"sqcand":160002469894,"n":14001,"nm":"CANDIDATO 14001","nmu":"CANDIDATO 14001","s":"F","dt":"26/05/1926","dvt":"Válido"},{"sqcand":160002469907,"n":14014,"nm":"CANDIDATO 14014","nmu":"CANDIDATO 14014","s":"M","dt":"11/03/1929","dvt":"Válido"}]}]}]}}