{"ele":8707,"cdabr":"74080","nmabr":"SANTA TEREZA DO OESTE","t":1,"f":"S","s":"N","dg":"13/10/2020","hg":"20:03:39","v":"005","br":{"nm":"Brasil","uf":[{"sg":"PR","nm":"PARANÁ","mun":[{"cd":"74080","nm":"SANTA TEREZA DO OESTE","c":"N","s":27,"e":8677,"tzon":1,"zon":[{"cd":"0143","s":27,"e":8677}]}]}]},"carg":{"cd":13,"nmn":"Vereador","nmm":"Vereador","nmf":"Vereadora","nv":15,"col":[{"n":160000338337,"nm":"COLIGACAO 160000338337","tp":"P","com":"P16","par":[{"n":16,"sg":" P16 ","nm":"PARTIDO 16","cand":[{"sqcand":160002521284,"n":16005,"nm":"CANDIDATO 16005","nmu":"CANDIDATO 16005","s":"M","dt":"10/04/1969","dvt":"Válido"},{"sqcand":160002521287,"n":16008,"nm":"CANDIDATO 16008","nmu":"CANDIDATO 16008","s":"M","dt":"18/10/1928","dvt":"Válido"},{"sqcand":160002521285,"n":16006,"nm":"CANDIDATO 16006","nmu":"CANDIDATO 16006","s":"M","dt":"27/12/1929","dvt":"Válido"},{"sqcand":160002521292,"n":16013,"nm":"CANDIDATO 16013","nmu":"CANDIDATO 16013","s":"M","dt":"21/05/1928","dvt":"Válido"},{"sqcand":160002521281,"n":16002,"nm":"CANDIDATO 16002","nmu":"CANDIDATO 16002","s":"F","dt":"20/03/1929","dvt":"Válido"},{"sqcand":160002521291,"n":16012,"nm":"CANDIDATO 16012","nmu":"CANDIDATO 16012","s":"M","dt":"25/05/1929","dvt":"Válido"},{"sqcand":160002521293,"n":16014,"nm":"CANDIDATO 16014","nmu":"CANDIDATO 16014","s":"M","dt":"15/05/1929","dvt":"Válido"},{"sqcand":160002521289,"n":16010,"nm":"CANDIDATO 16010","nmu":"CANDIDATO 16010","s":"M","dt":"22/11/1929","dvt":"Válido"},{"sqcand":160002521294,"n":16015,"nm":"CANDIDATO 16015","nmu":"CANDIDATO 16015","s":"M","dt":"18/02/1927","dvt":"Válido"},{"sqcand":160002521282,"n":16003,"nm":"CANDIDATO 16003","nmu":"CANDIDATO 16003","s":"F","dt":"24/02/1929","dvt":"Válido"},{"sqcand":160002521288,"n":16009,"nm":"CANDIDATO 16009","nmu":"CANDIDATO 16009","s":"M","dt":"26/07/1925","dvt":"Válido"},{"sqcand":160002521290,"n":16011,"nm":"CANDIDATO 16011","nmu":"CANDIDATO 16011","s":"M","dt":"17/11/1986","dvt":"Válido"},{"sqcand":160002521286,"n":16007,"nm":"CANDIDATO 16007","nmu":"CANDIDATO 16007","s":"M","dt":"08/11/1922","dvt":"Válido"},{"sqcand":160002521280,"n":16001,"nm":"CANDIDATO 16001","nmu":"CANDIDATO 16001","s":"F","dt":"23/04/1929","dvt":"Válido"},{"sqcand":160002521283,"n":16004,"nm":"CANDIDATO 16004","nmu":"CANDIDATO 16004","s":"F","dt":"17/08/1929","dvt":"Válido"}]}]},{"n":160000338333,"nm":"COLIGACAO 160000338333","tp":"P","com":"P14","par":[{"n":14,"sg":" P14 ","nm":"PARTIDO 14","cand":[{"sqcand":160002521248,"n":14003,"nm":"CANDIDATO 14003","nmu":"CANDIDATO 14003","s":"F","dt":"27/11/1929","dvt":"Válido"},{"sqcand":160002521251,"n":14006,"nm":"CANDIDATO 14006","nmu":"CANDIDATO 14006","s":"M","dt":"30/05/1924","dvt":"Válido"},{"sqcand":160002521254,"n":14009,"nm":"CANDIDATO 14009","nmu":"CANDIDATO 14009","s":"M","dt":"09/04/1927","dvt":"Válido"},{"sqcand":160002521249,"n":14004,"nm":"CANDIDATO 14004","nmu":"CANDIDATO 14004","s":"F","dt":"27/09/1929","dvt":"Válido"},{"sqcand":160002521252,"n":14007,"nm":"CANDIDATO 14007","nmu":"CANDIDATO 14007","s":"M","dt":"24/07/1929","dvt":"Válido"},{"sqcand":160002521255,"n":14010,"nm":"CANDIDATO 14010","nmu":"CANDIDATO 14010","s":"M","dt":"29/08/1929","dvt":"Válido"},{"sqcand":160002521257,"n":14012,"nm":"CANDIDATO 14012","nmu":"CANDIDATO 14012","s":"M","dt":"10/04/1929","dvt":"Válido"},{"sqcand":160002521258,"n":14013,"nm":"CANDIDATO 14013","nmu":"CANDIDATO 14013","s":"M","dt":"13/08/1929","dvt":"Válido"},{"sqcand":160002521260,"n":14015,"nm":"CANDIDATO 14015","nmu":"CANDIDATO 14015","s":"M","dt":"20/07/1929","dvt":"Válido"},{"sqcand":160002521256,"n":14011,"nm":"CANDIDATO 14011","nmu":"CANDIDATO 14011","s":"M","dt":"25/10/1929","dvt":"Válido"},{"sqcand":160002521246,"n":14001,"nm":"CANDIDATO 14001","nmu":"CANDIDATO 14001","s":"F","dt":"09/10/1923","dvt":"Válido"},{"sqcand":160002521247,"n":14002,"nm":"CANDIDATO 14002","nmu":"CANDIDATO 14002","s":"F","dt":"15/11/1929","dvt":"Válido"},{"sqcand":160002521250,"n":14005,"nm":"CANDIDATO 14005","nmu":"CANDIDATO 14005","s":"M","dt":"07/03/1989","dvt":"Válido"},{"sqcand":160002521253,"n":14008,"nm":"CANDIDATO 14008","nmu":"CANDIDATO 14008","s":"M","dt":"29/01/1923","dvt":"Válido"},{"sqcand":160002521259,"n":14014,"nm":"CANDIDATO 14014","nmu":"CANDIDATO 14014","s":"M","dt":"26/11/1929","dvt":"Válido"}]}]}]}}