{"ele":8707,"cdabr":"74144","nmabr":"BOA ESPERANÇA DO IGUAÇU","t":1,"f":"S","s":"N","dg":"13/10/2020","hg":"20:03:36","v":"005","br":{"nm":"Brasil","uf":[{"sg":"PR","nm":"PARANÁ","mun":[{"cd":"74144","nm":"BOA ESPERANÇA DO IGUAÇU","c":"N","s":8,"e":2322,"tzon":1,"zon":[{"cd":"0115","s":8,"e":2322}]}]}]},"carg":{"cd":11,"nmn":"Prefeito","nmm":"Prefeito","nmf":"Prefeita","nv":1,"col":[{"n":160000328522,"nm":"COLIGACAO 160000328522","tp":"P","com":"P16","par":[{"n":16,"sg":" P16 ","nm":"PARTIDO 16","cand":[{"sqcand":160002486154,"n":16,"nm":"CANDIDATO 16","nmu":"CANDIDATO 16","s":"M","dt":"25/12/1929","dvt":"Válido","vs":[{"sqcand":160002486155,"nm":"CANDIDATO 16 1","nmu":"CANDIDATO 16 1","tp":"V","sgp":"P16"}]}]}]},{"n":160000328514,"nm":"COLIGACAO 160000328514","tp":"P","com":"P14","par":[{"n":14,"sg":" P14 ","nm":"PARTIDO 14","cand":[{"sqcand":160002486086,"n":14,"nm":"CANDIDATO 14","nmu":"CANDIDATO 14","s":"M","dt":"20/07/1929","dvt":"Válido","vs":[{"sqcand":160002486087,"nm":"CANDIDATO 14 1","nmu":"CANDIDATO 14 1","tp":"V","sgp":"P14"}]}]}]}]}}