{"ele":8707,"carper":13,"t":1,"f":"S","esae":"N","mnae":" ","dg":"13/10/2020","hg":"20:06:03","dv":"S","nadf":"pr74179-c0013-e008707-006-f","abr":[{"dt":"13/10/2020","ht":"19:02:00","tf":"N","and":"P","s":45,"st":45,"pst":" 100,00","snt":0,"psnt":"   0,00","si":45,"psi":" 100,00","sni":0,"psni":"   0,00","sa":45,"psa":" 100,00","sna":0,"psna":"   0,00","e":13776,"ea":13776,"pea":" 100,00","ena":0,"pena":"   0,00","esi":13776,"pesi":" 100,00","esni":0,"pesni":"   0,00","c":11728,"pc":"  85,13","a":2048,"pa":"  14,87","tv":11728,"vscv":0,"vb":536,"pvb":"   4,57","tvn":310,"ptvn":"   2,64","vn":310,"pvn":" 100,00","vnt":0,"pvnt":"   0,00","vp":0,"pvp":"   0,00","vv":10882,"pvv":" 100,00","vl":562,"pvl":"   5,16","van":0,"pvan":"   0,00","vansj":0,"pvansj":"   0,00","vnom":10320,"pvnom":"  94,84","cand":[{"seq":28,"n":14013,"e":"N","vap":115,"pvap":"   0,98","st":""},{"seq":10,"n":14007,"e":"N","vap":414,"pvap":"   3,53","st":""},{"seq":3,"n":14014,"e":"N","vap":686,"pvap":"   5,85","st":""},{"seq":12,"n":14002,"e":"N","vap":337,"pvap":"   2,87","st":""},{"seq":9,"n":14004,"e":"N","vap":418,"pvap":"   3,56","st":""},{"seq":21,"n":14008,"e":"N","vap":218,"pvap":"   1,86","st":""},{"seq":27,"n":14012,"e":"N","vap":146,"pvap":"   1,24","st":""},{"seq":25,"n":14011,"e":"N","vap":175,"pvap":"   1,49","st":""},{"seq":6,"n":14010,"e":"N","vap":485,"pvap":"   4,14","st":""},{"seq":19,"n":14015,"e":"N","vap":273,"pvap":"   2,33","st":""},{"seq":13,"n":14009,"e":"N","vap":311,"pvap":"   2,65","st":""},{"seq":24,"n":14006,"e":"N","vap":197,"pvap":"   1,68","st":""},{"seq":2,"n":14003,"e":"N","vap":794,"pvap":"   6,77","st":""},{"seq":16,"n":14005,"e":"N","vap":305,"pvap":"   2,60","st":""},{"seq":30,"n":14001,"e":"N","vap":67,"pvap":"   0,57","st":""},{"seq":29,"n":16004,"e":"N","vap":105,"pvap":"   0,90","st":""},{"seq":5,"n":16012,"e":"N","vap":493,"pvap":"   4,20","st":""},{"seq":1,"n":16015,"e":"N","vap":935,"pvap":"   7,97","st":""},{"seq":18,"n":16007,"e":"N","vap":282,"pvap":"   2,40","st":""},{"seq":23,"n":16009,"e":"N","vap":207,"pvap":"   1,77","st":""},{"seq":4,"n":16014,"e":"N","vap":573,"pvap":"   4,89","st":""},{"seq":8,"n":16011,"e":"N","vap":443,"pvap":"   3,78","st":""},{"seq":11,"n":16008,"e":"N","vap":364,"pvap":"   3,10","st":""},{"seq":20,"n":16001,"e":"N","vap":242,"pvap":"   2,06","st":""},{"seq":22,"n":16013,"e":"N","vap":216,"pvap":"   1,84","st":""},{"seq":14,"n":16002,"e":"N","vap":310,"pvap":"   2,64","st":""},{"seq":7,"n":16005,"e":"N","vap":449,"pvap":"   3,83","st":""},{"seq":17,"n":16010,"e":"N","vap":296,"pvap":"   2,52","st":""},{"seq":26,"n":16003,"e":"N","vap":155,"pvap":"   1,32","st":""},{"seq":15,"n":16006,"e":"N","vap":309,"pvap":"   2,63","st":""}],"tpabr":"MU","cdabr":"74179","colig":[{"n":160000329363,"tvtn":4941,"tvtl":342,"tvan":4941,"tval":342,"vag":7},{"n":160000329369,"tvtn":5379,"tvtl":220,"tvan":5379,"tval":220,"vag":8}],"part":[{"n":14,"tvtn":4941,"tvtl":342,"tvan":4941,"tval":342},{"n":16,"tvtn":5379,"tvtl":220,"tvan":5379,"tval":220}]},{"dt":"13/10/2020","ht":"19:02:00","tf":"N","and":"P","s":45,"st":45,"pst":" 100,00","snt":0,"psnt":"0","si":45,"psi":" 100,00","sni":0,"psni":"   0,00","sa":45,"psa":" 100,00","sna":0,"psna":"   0,00","e":13776,"ea":13776,"pea":" 100,00","ena":0,"pena":"   0,00","esi":13776,"pesi":" 100,00","esni":0,"pesni":"   0,00","c":11728,"pc":"  85,13","a":2048,"pa":"  14,87","tv":11728,"vscv":0,"vb":536,"pvb":"   4,57","tvn":310,"ptvn":"   2,64","vn":310,"pvn":" 100,00","vp":0,"pvp":"   0,00","vv":10882,"pvv":" 100,00","vl":562,"pvl":"   5,16","van":0,"pvan":"   0,00","vansj":0,"pvansj":"   0,00","vnom":10320,"pvnom":"  94,84","cand":[{"seq":29,"n":16004,"e":"N","vap":105,"pvap":"   0,90","st":""},{"seq":5,"n":16012,"e":"N","vap":493,"pvap":"   4,20","st":""},{"seq":1,"n":16015,"e":"N","vap":935,"pvap":"   7,97","st":""},{"seq":18,"n":16007,"e":"N","vap":282,"pvap":"   2,40","st":""},{"seq":23,"n":16009,"e":"N","vap":207,"pvap":"   1,77","st":""},{"seq":4,"n":16014,"e":"N","vap":573,"pvap":"   4,89","st":""},{"seq":8,"n":16011,"e":"N","vap":443,"pvap":"   3,78","st":""},{"seq":11,"n":16008,"e":"N","vap":364,"pvap":"   3,10","st":""},{"seq":20,"n":16001,"e":"N","vap":242,"pvap":"   2,06","st":""},{"seq":22,"n":16013,"e":"N","vap":216,"pvap":"   1,84","st":""},{"seq":14,"n":16002,"e":"N","vap":310,"pvap":"   2,64","st":""},{"seq":7,"n":16005,"e":"N","vap":449,"pvap":"   3,83","st":""},{"seq":17,"n":16010,"e":"N","vap":296,"pvap":"   2,52","st":""},{"seq":26,"n":16003,"e":"N","vap":155,"pvap":"   1,32","st":""},{"seq":15,"n":16006,"e":"N","vap":309,"pvap":"   2,63","st":""},{"seq":28,"n":14013,"e":"N","vap":115,"pvap":"   0,98","st":""},{"seq":10,"n":14007,"e":"N","vap":414,"pvap":"   3,53","st":""},{"seq":3,"n":14014,"e":"N","vap":686,"pvap":"   5,85","st":""},{"seq":12,"n":14002,"e":"N","vap":337,"pvap":"   2,87","st":""},{"seq":9,"n":14004,"e":"N","vap":418,"pvap":"   3,56","st":""},{"seq":21,"n":14008,"e":"N","vap":218,"pvap":"   1,86","st":""},{"seq":27,"n":14012,"e":"N","vap":146,"pvap":"   1,24","st":""},{"seq":25,"n":14011,"e":"N","vap":175,"pvap":"   1,49","st":""},{"seq":6,"n":14010,"e":"N","vap":485,"pvap":"   4,14","st":""},{"seq":19,"n":14015,"e":"N","vap":273,"pvap":"   2,33","st":""},{"seq":13,"n":14009,"e":"N","vap":311,"pvap":"   2,65","st":""},{"seq":24,"n":14006,"e":"N","vap":197,"pvap":"   1,68","st":""},{"seq":2,"n":14003,"e":"N","vap":794,"pvap":"   6,77","st":""},{"seq":16,"n":14005,"e":"N","vap":305,"pvap":"   2,60","st":""},{"seq":30,"n":14001,"e":"N","vap":67,"pvap":"   0,57","st":""}],"tpabr":"ZONA","cdabr":"130"}]}