{"ele":8707,"carper":13,"t":1,"f":"S","esae":"N","mnae":" ","dg":"13/10/2020","hg":"20:06:19","dv":"S","nadf":"pr74667-c0013-e008707-006-f","abr":[{"dt":"13/10/2020","ht":"16:55:02","tf":"N","and":"P","s":7,"st":7,"pst":" 100,00","snt":0,"psnt":"   0,00","si":7,"psi":" 100,00","sni":0,"psni":"   0,00","sa":7,"psa":" 100,00","sna":0,"psna":"   0,00","e":2557,"ea":2557,"pea":" 100,00","ena":0,"pena":"   0,00","esi":2557,"pesi":" 100,00","esni":0,"pesni":"   0,00","c":2176,"pc":"  85,10","a":381,"pa":"  14,90","tv":2176,"vscv":0,"vb":128,"pvb":"   5,88","tvn":27,"ptvn":"   1,24","vn":27,"pvn":" 100,00","vnt":0,"pvnt":"   0,00","vp":0,"pvp":"   0,00","vv":2021,"pvv":" 100,00","vl":274,"pvl":"  13,56","van":0,"pvan":"   0,00","vansj":0,"pvansj":"   0,00","vnom":1747,"pvnom":"  86,44","cand":[{"seq":21,"n":23005,"e":"N","vap":11,"pvap":"   0,51","st":""},{"seq":13,"n":23010,"e":"N","vap":46,"pvap":"   2,11","st":""},{"seq":5,"n":23006,"e":"N","vap":123,"pvap":"   5,65","st":""},{"seq":28,"n":23011,"e":"N","vap":7,"pvap":"   0,32","st":""},{"seq":4,"n":23008,"e":"N","vap":147,"pvap":"   6,76","st":""},{"seq":12,"n":23007,"e":"N","vap":48,"pvap":"   2,21","st":""},{"seq":15,"n":23001,"e":"N","vap":32,"pvap":"   1,47","st":""},{"seq":10,"n":23012,"e":"N","vap":53,"pvap":"   2,44","st":""},{"seq":26,"n":23009,"e":"N","vap":7,"pvap":"   0,32","st":""},{"seq":7,"n":23002,"e":"N","vap":77,"pvap":"   3,54","st":""},{"seq":19,"n":23015,"e":"N","vap":14,"pvap":"   0,64","st":""},{"seq":3,"n":23013,"e":"N","vap":189,"pvap":"   8,69","st":""},{"seq":22,"n":23003,"e":"N","vap":10,"pvap":"   0,46","st":""},{"seq":23,"n":23014,"e":"N","vap":10,"pvap":"   0,46","st":""},{"seq":17,"n":23004,"e":"N","vap":22,"pvap":"   1,01","st":""},{"seq":16,"n":46012,"e":"N","vap":25,"pvap":"   1,15","st":""},{"seq":18,"n":46006,"e":"N","vap":17,"pvap":"   0,78","st":""},{"seq":1,"n":46007,"e":"N","vap":331,"pvap":"  15,21","st":""},{"seq":20,"n":46013,"e":"N","vap":12,"pvap":"   0,55","st":""},{"seq":2,"n":46011,"e":"N","vap":218,"pvap":"  10,02","st":""},{"seq":6,"n":46004,"e":"N","vap":91,"pvap":"   4,18","st":""},{"seq":30,"n":46003,"e":"N","vap":7,"pvap":"   0,32","st":""},{"seq":14,"n":46008,"e":"N","vap":34,"pvap":"   1,56","st":""},{"seq":8,"n":46015,"e":"N","vap":69,"pvap":"   3,17","st":""},{"seq":29,"n":46001,"e":"N","vap":7,"pvap":"   0,32","st":""},{"seq":27,"n":46002,"e":"N","vap":7,"pvap":"   0,32","st":""},{"seq":11,"n":46009,"e":"N","vap":51,"pvap":"   2,34","st":""},{"seq":25,"n":46005,"e":"N","vap":7,"pvap":"   0,32","st":""},{"seq":9,"n":46014,"e":"N","vap":68,"pvap":"   3,13","st":""},{"seq":24,"n":46010,"e":"N","vap":7,"pvap":"   0,32","st":""}],"tpabr":"MU","cdabr":"74667","colig":[{"n":160000329451,"tvtn":796,"tvtl":267,"tvan":796,"tval":267,"vag":8},{"n":160000329453,"tvtn":951,"tvtl":7,"tvan":951,"tval":7,"vag":7}],"part":[{"n":23,"tvtn":796,"tvtl":267,"tvan":796,"tval":267},{"n":46,"tvtn":951,"tvtl":7,"tvan":951,"tval":7}]},{"dt":"13/10/2020","ht":"16:55:02","tf":"N","and":"P","s":7,"st":7,"pst":" 100,00","snt":0,"psnt":"0","si":7,"psi":" 100,00","sni":0,"psni":"   0,00","sa":7,"psa":" 100,00","sna":0,"psna":"   0,00","e":2557,"ea":2557,"pea":" 100,00","ena":0,"pena":"   0,00","esi":2557,"pesi":" 100,00","esni":0,"pesni":"   0,00","c":2176,"pc":"  85,10","a":381,"pa":"  14,90","tv":2176,"vscv":0,"vb":128,"pvb":"   5,88","tvn":27,"ptvn":"   1,24","vn":27,"pvn":" 100,00","vp":0,"pvp":"   0,00","vv":2021,"pvv":" 100,00","vl":274,"pvl":"  13,56","van":0,"pvan":"   0,00","vansj":0,"pvansj":"   0,00","vnom":1747,"pvnom":"  86,44","cand":[{"seq":21,"n":23005,"e":"N","vap":11,"pvap":"   0,51","st":""},{"seq":13,"n":23010,"e":"N","vap":46,"pvap":"   2,11","st":""},{"seq":5,"n":23006,"e":"N","vap":123,"pvap":"   5,65","st":""},{"seq":28,"n":23011,"e":"N","vap":7,"pvap":"   0,32","st":""},{"seq":4,"n":23008,"e":"N","vap":147,"pvap":"   6,76","st":""},{"seq":12,"n":23007,"e":"N","vap":48,"pvap":"   2,21","st":""},{"seq":15,"n":23001,"e":"N","vap":32,"pvap":"   1,47","st":""},{"seq":10,"n":23012,"e":"N","vap":53,"pvap":"   2,44","st":""},{"seq":26,"n":23009,"e":"N","vap":7,"pvap":"   0,32","st":""},{"seq":7,"n":23002,"e":"N","vap":77,"pvap":"   3,54","st":""},{"seq":19,"n":23015,"e":"N","vap":14,"pvap":"   0,64","st":""},{"seq":3,"n":23013,"e":"N","vap":189,"pvap":"   8,69","st":""},{"seq":22,"n":23003,"e":"N","vap":10,"pvap":"   0,46","st":""},{"seq":23,"n":23014,"e":"N","vap":10,"pvap":"   0,46","st":""},{"seq":17,"n":23004,"e":"N","vap":22,"pvap":"   1,01","st":""},{"seq":16,"n":46012,"e":"N","vap":25,"pvap":"   1,15","st":""},{"seq":18,"n":46006,"e":"N","vap":17,"pvap":"   0,78","st":""},{"seq":1,"n":46007,"e":"N","vap":331,"pvap":"  15,21","st":""},{"seq":20,"n":46013,"e":"N","vap":12,"pvap":"   0,55","st":""},{"seq":2,"n":46011,"e":"N","vap":218,"pvap":"  10,02","st":""},{"seq":6,"n":46004,"e":"N","vap":91,"pvap":"   4,18","st":""},{"seq":30,"n":46003,"e":"N","vap":7,"pvap":"   0,32","st":""},{"seq":14,"n":46008,"e":"N","vap":34,"pvap":"   1,56","st":""},{"seq":8,"n":46015,"e":"N","vap":69,"pvap":"   3,17","st":""},{"seq":29,"n":46001,"e":"N","vap":7,"pvap":"   0,32","st":""},{"seq":27,"n":46002,"e":"N","vap":7,"pvap":"   0,32","st":""},{"seq":11,"n":46009,"e":"N","vap":51,"pvap":"   2,34","st":""},{"seq":25,"n":46005,"e":"N","vap":7,"pvap":"   0,32","st":""},{"seq":9,"n":46014,"e":"N","vap":68,"pvap":"   3,13","st":""},{"seq":24,"n":46010,"e":"N","vap":7,"pvap":"   0,32","st":""}],"tpabr":"ZONA","cdabr":"67"}]}