{"ele":8707,"cdabr":"74012","nmabr":"ABATIÁ","t":1,"f":"S","s":"N","dg":"13/10/2020","hg":"20:03:44","v":"005","br":{"nm":"Brasil","uf":[{"sg":"PR","nm":"PARANÁ","mun":[{"cd":"74012","nm":"ABATIÁ","c":"N","s":27,"e":5764,"tzon":1,"zon":[{"cd":"0082","s":27,"e":5764}]}]}]},"carg":{"cd":13,"nmn":"Vereador","nmm":"Vereador","nmf":"Vereadora","nv":15,"col":[{"n":160000322521,"nm":"COLIGACAO 160000322521","tp":"P","com":"P16","par":[{"n":16,"sg":" P16 ","nm":"PARTIDO 16","cand":[{"sqcand":160002465705,"n":16012,"nm":"CANDIDATO 16012","nmu":"CANDIDATO 16012","s":"M","dt":"24/05/1967","dvt":"Válido"},{"sqcand":160002465708,"n":16015,"nm":"CANDIDATO 16015","nmu":"CANDIDATO 16015","s":"M","dt":"02/08/1929","dvt":"Válido"},{"sqcand":160002465707,"n":16014,"nm":"CANDIDATO 16014","nmu":"CANDIDATO 16014","s":"M","dt":"21/08/1995","dvt":"Válido"},{"sqcand":160002465706,"n":16013,"nm":"CANDIDATO 16013","nmu":"CANDIDATO 16013","s":"M","dt":"02/01/1929","dvt":"Válido"},{"sqcand":160002465700,"n":16007,"nm":"CANDIDATO 16007","nmu":"CANDIDATO 16007","s":"M","dt":"21/02/1979","dvt":"Válido"},{"sqcand":160002465694,"n":16001,"nm":"CANDIDATO 16001","nmu":"CANDIDATO 16001","s":"F","dt":"15/04/1929","dvt":"Válido"},{"sqcand":160002465695,"n":16002,"nm":"CANDIDATO 16002","nmu":"CANDIDATO 16002","s":"F","dt":"28/09/1927","dvt":"Válido"},{"sqcand":160002465697,"n":16004,"nm":"CANDIDATO 16004","nmu":"CANDIDATO 16004","s":"F","dt":"15/03/1929","dvt":"Válido"},{"sqcand":160002465703,"n":16010,"nm":"CANDIDATO 16010","nmu":"CANDIDATO 16010","s":"M","dt":"25/07/1985","dvt":"Válido"},{"sqcand":160002465696,"n":16003,"nm":"CANDIDATO 16003","nmu":"CANDIDATO 16003","s":"F","dt":"10/11/1991","dvt":"Válido"},{"sqcand":160002465702,"n":16009,"nm":"CANDIDATO 16009","nmu":"CANDIDATO 16009","s":"M","dt":"07/08/1929","dvt":"Válido"},{"sqcand":160002465698,"n":16005,"nm":"CANDIDATO 16005","nmu":"CANDIDATO 16005","s":"M","dt":"20/03/1925","dvt":"Válido"},{"sqcand":160002465699,"n":16006,"nm":"CANDIDATO 16006","nmu":"CANDIDATO 16006","s":"M","dt":"28/01/1928","dvt":"Válido"},{"sqcand":160002465701,"n":16008,"nm":"CANDIDATO 16008","nmu":"CANDIDATO 16008","s":"M","dt":"07/05/1972","dvt":"Válido"},{"sqcand":160002465704,"n":16011,"nm":"CANDIDATO 16011","nmu":"CANDIDATO 16011","s":"M","dt":"20/07/1926","dvt":"Válido"}]}]},{"n":160000322515,"nm":"COLIGACAO 160000322515","tp":"P","com":"P14","par":[{"n":14,"sg":" P14 ","nm":"PARTIDO 14","cand":[{"sqcand":160002465647,"n":14005,"nm":"CANDIDATO 14005","nmu":"CANDIDATO 14005","s":"M","dt":"15/12/1920","dvt":"Válido"},{"sqcand":160002465653,"n":14011,"nm":"CANDIDATO 14011","nmu":"CANDIDATO 14011","s":"M","dt":"30/01/1926","dvt":"Válido"},{"sqcand":160002465654,"n":14012,"nm":"CANDIDATO 14012","nmu":"CANDIDATO 14012","s":"M","dt":"06/06/1920","dvt":"Válido"},{"sqcand":160002465645,"n":14003,"nm":"CANDIDATO 14003","nmu":"CANDIDATO 14003","s":"F","dt":"25/04/1924","dvt":"Válido"},{"sqcand":160002465646,"n":14004,"nm":"CANDIDATO 14004","nmu":"CANDIDATO 14004","s":"F","dt":"11/08/1929","dvt":"Válido"},{"sqcand":160002465648,"n":14006,"nm":"CANDIDATO 14006","nmu":"CANDIDATO 14006","s":"M","dt":"04/02/1968","dvt":"Válido"},{"sqcand":160002465651,"n":14009,"nm":"CANDIDATO 14009","nmu":"CANDIDATO 14009","s":"M","dt":"16/09/1972","dvt":"Válido"},{"sqcand":160002465657,"n":14015,"nm":"CANDIDATO 14015","nmu":"CANDIDATO 14015","s":"M","dt":"27/12/1967","dvt":"Válido"},{"sqcand":160002465649,"n":14007,"nm":"CANDIDATO 14007","nmu":"CANDIDATO 14007","s":"M","dt":"26/05/1926","dvt":"Válido"},{"sqcand":160002465643,"n":14001,"nm":"CANDIDATO 14001","nmu":"CANDIDATO 14001","s":"F","dt":"13/08/1969","dvt":"Válido"},{"sqcand":160002465650,"n":14008,"nm":"CANDIDATO 14008","nmu":"CANDIDATO 14008","s":"M","dt":"10/12/1929","dvt":"Válido"},{"sqcand":160002465656,"n":14014,"nm":"CANDIDATO 14014","nmu":"CANDIDATO 14014","s":"M","dt":"08/04/1929","dvt":"Válido"},{"sqcand":160002465644,"n":14002,"nm":"CANDIDATO 14002","nmu":"CANDIDATO 14002","s":"F","dt":"20/06/1929","dvt":"Válido"},{"sqcand":160002465652,"n":14010,"nm":"CANDIDATO 14010","nmu":"CANDIDATO 14010","s":"M","dt":"02/11/1927","dvt":"Válido"},{"sqcand":160002465655,"n":14013,"nm":"CANDIDATO 14013","nmu":"CANDIDATO 14013","s":"M","dt":"29/10/1929","dvt":"Válido"}]}]}]}}