{"ele":8707,"carper":13,"t":1,"f":"S","esae":"N","mnae":" ","dg":"13/10/2020","hg":"20:06:14","dv":"S","nadf":"pr74144-c0013-e008707-006-f","abr":[{"dt":"13/10/2020","ht":"18:40:03","tf":"N","and":"P","s":8,"st":8,"pst":" 100,00","snt":0,"psnt":"   0,00","si":8,"psi":" 100,00","sni":0,"psni":"   0,00","sa":8,"psa":" 100,00","sna":0,"psna":"   0,00","e":2322,"ea":2322,"pea":" 100,00","ena":0,"pena":"   0,00","esi":2322,"pesi":" 100,00","esni":0,"pesni":"   0,00","c":1977,"pc":"  85,14","a":345,"pa":"  14,86","tv":1977,"vscv":0,"vb":43,"pvb":"   2,18","tvn":24,"ptvn":"   1,21","vn":24,"pvn":" 100,00","vnt":0,"pvnt":"   0,00","vp":0,"pvp":"   0,00","vv":1910,"pvv":" 100,00","vl":231,"pvl":"  12,09","van":0,"pvan":"   0,00","vansj":0,"pvansj":"   0,00","vnom":1679,"pvnom":"  87,91","cand":[{"seq":29,"n":14013,"e":"N","vap":8,"pvap":"   0,40","st":""},{"seq":27,"n":14014,"e":"N","vap":8,"pvap":"   0,40","st":""},{"seq":16,"n":14007,"e":"N","vap":36,"pvap":"   1,82","st":""},{"seq":4,"n":14002,"e":"N","vap":126,"pvap":"   6,37","st":""},{"seq":8,"n":14004,"e":"N","vap":76,"pvap":"   3,84","st":""},{"seq":20,"n":14012,"e":"N","vap":11,"pvap":"   0,56","st":""},{"seq":25,"n":14008,"e":"N","vap":9,"pvap":"   0,46","st":""},{"seq":21,"n":14011,"e":"N","vap":10,"pvap":"   0,51","st":""},{"seq":11,"n":14015,"e":"N","vap":58,"pvap":"   2,93","st":""},{"seq":13,"n":14010,"e":"N","vap":45,"pvap":"   2,28","st":""},{"seq":5,"n":14006,"e":"N","vap":107,"pvap":"   5,41","st":""},{"seq":26,"n":14009,"e":"N","vap":8,"pvap":"   0,40","st":""},{"seq":15,"n":14005,"e":"N","vap":39,"pvap":"   1,97","st":""},{"seq":6,"n":14001,"e":"N","vap":106,"pvap":"   5,36","st":""},{"seq":28,"n":14003,"e":"N","vap":8,"pvap":"   0,40","st":""},{"seq":19,"n":16004,"e":"N","vap":11,"pvap":"   0,56","st":""},{"seq":23,"n":16012,"e":"N","vap":9,"pvap":"   0,46","st":""},{"seq":14,"n":16007,"e":"N","vap":44,"pvap":"   2,23","st":""},{"seq":9,"n":16009,"e":"N","vap":66,"pvap":"   3,34","st":""},{"seq":1,"n":16015,"e":"N","vap":262,"pvap":"  13,25","st":""},{"seq":18,"n":16014,"e":"N","vap":16,"pvap":"   0,81","st":""},{"seq":2,"n":16011,"e":"N","vap":194,"pvap":"   9,81","st":""},{"seq":10,"n":16001,"e":"N","vap":59,"pvap":"   2,98","st":""},{"seq":22,"n":16008,"e":"N","vap":10,"pvap":"   0,51","st":""},{"seq":7,"n":16002,"e":"N","vap":104,"pvap":"   5,26","st":""},{"seq":12,"n":16013,"e":"N","vap":46,"pvap":"   2,33","st":""},{"seq":30,"n":16005,"e":"N","vap":8,"pvap":"   0,40","st":""},{"seq":3,"n":16010,"e":"N","vap":161,"pvap":"   8,14","st":""},{"seq":24,"n":16003,"e":"N","vap":9,"pvap":"   0,46","st":""},{"seq":17,"n":16006,"e":"N","vap":25,"pvap":"   1,26","st":""}],"tpabr":"MU","cdabr":"74144","colig":[{"n":160000328518,"tvtn":655,"tvtl":157,"tvan":655,"tval":157,"vag":6},{"n":160000328526,"tvtn":1024,"tvtl":74,"tvan":1024,"tval":74,"vag":9}],"part":[{"n":14,"tvtn":655,"tvtl":157,"tvan":655,"tval":157},{"n":16,"tvtn":1024,"tvtl":74,"tvan":1024,"tval":74}]},{"dt":"13/10/2020","ht":"18:40:03","tf":"N","and":"P","s":8,"st":8,"pst":" 100,00","snt":0,"psnt":"0","si":8,"psi":" 100,00","sni":0,"psni":"   0,00","sa":8,"psa":" 100,00","sna":0,"psna":"   0,00","e":2322,"ea":2322,"pea":" 100,00","ena":0,"pena":"   0,00","esi":2322,"pesi":" 100,00","esni":0,"pesni":"   0,00","c":1977,"pc":"  85,14","a":345,"pa":"  14,86","tv":1977,"vscv":0,"vb":43,"pvb":"   2,18","tvn":24,"ptvn":"   1,21","vn":24,"pvn":" 100,00","vp":0,"pvp":"   0,00","vv":1910,"pvv":" 100,00","vl":231,"pvl":"  12,09","van":0,"pvan":"   0,00","vansj":0,"pvansj":"   0,00","vnom":1679,"pvnom":"  87,91","cand":[{"seq":19,"n":16004,"e":"N","vap":11,"pvap":"   0,56","st":""},{"seq":23,"n":16012,"e":"N","vap":9,"pvap":"   0,46","st":""},{"seq":14,"n":16007,"e":"N","vap":44,"pvap":"   2,23","st":""},{"seq":9,"n":16009,"e":"N","vap":66,"pvap":"   3,34","st":""},{"seq":1,"n":16015,"e":"N","vap":262,"pvap":"  13,25","st":""},{"seq":18,"n":16014,"e":"N","vap":16,"pvap":"   0,81","st":""},{"seq":2,"n":16011,"e":"N","vap":194,"pvap":"   9,81","st":""},{"seq":10,"n":16001,"e":"N","vap":59,"pvap":"   2,98","st":""},{"seq":22,"n":16008,"e":"N","vap":10,"pvap":"   0,51","st":""},{"seq":7,"n":16002,"e":"N","vap":104,"pvap":"   5,26","st":""},{"seq":12,"n":16013,"e":"N","vap":46,"pvap":"   2,33","st":""},{"seq":30,"n":16005,"e":"N","vap":8,"pvap":"   0,40","st":""},{"seq":3,"n":16010,"e":"N","vap":161,"pvap":"   8,14","st":""},{"seq":24,"n":16003,"e":"N","vap":9,"pvap":"   0,46","st":""},{"seq":17,"n":16006,"e":"N","vap":25,"pvap":"   1,26","st":""},{"seq":29,"n":14013,"e":"N","vap":8,"pvap":"   0,40","st":""},{"seq":27,"n":14014,"e":"N","vap":8,"pvap":"   0,40","st":""},{"seq":16,"n":14007,"e":"N","vap":36,"pvap":"   1,82","st":""},{"seq":4,"n":14002,"e":"N","vap":126,"pvap":"   6,37","st":""},{"seq":8,"n":14004,"e":"N","vap":76,"pvap":"   3,84","st":""},{"seq":20,"n":14012,"e":"N","vap":11,"pvap":"   0,56","st":""},{"seq":25,"n":14008,"e":"N","vap":9,"pvap":"   0,46","st":""},{"seq":21,"n":14011,"e":"N","vap":10,"pvap":"   0,51","st":""},{"seq":11,"n":14015,"e":"N","vap":58,"pvap":"   2,93","st":""},{"seq":13,"n":14010,"e":"N","vap":45,"pvap":"   2,28","st":""},{"seq":5,"n":14006,"e":"N","vap":107,"pvap":"   5,41","st":""},{"seq":26,"n":14009,"e":"N","vap":8,"pvap":"   0,40","st":""},{"seq":15,"n":14005,"e":"N","vap":39,"pvap":"   1,97","st":""},{"seq":6,"n":14001,"e":"N","vap":106,"pvap":"   5,36","st":""},{"seq":28,"n":14003,"e":"N","vap":8,"pvap":"   0,40","st":""}],"tpabr":"ZONA","cdabr":"115"}]}