{"ele":8707,"cdabr":"74721","nmabr":"RANCHO ALEGRE D&apos;OESTE","t":1,"f":"S","s":"N","dg":"13/10/2020","hg":"20:03:36","v":"005","br":{"nm":"Brasil","uf":[{"sg":"PR","nm":"PARANÁ","mun":[{"cd":"74721","nm":"RANCHO ALEGRE D&apos;OESTE","c":"N","s":10,"e":2515,"tzon":1,"zon":[{"cd":"0092","s":10,"e":2515}]}]}]},"carg":{"cd":11,"nmn":"Prefeito","nmm":"Prefeito","nmf":"Prefeita","nv":1,"col":[{"n":160000330219,"nm":"COLIGACAO 160000330219","tp":"P","com":"P16","par":[{"n":16,"sg":" P16 ","nm":"PARTIDO 16","cand":[{"sqcand":160002494077,"n":16,"nm":"CANDIDATO 16","nmu":"CANDIDATO 16","s":"M","dt":"28/03/1929","dvt":"Válido","vs":[{"sqcand":160002494078,"nm":"CANDIDATO 16 1","nmu":"CANDIDATO 16 1","tp":"V","sgp":"P16"}]}]}]},{"n":160000330215,"nm":"COLIGACAO 160000330215","tp":"P","com":"P14","par":[{"n":14,"sg":" P14 ","nm":"PARTIDO 14","cand":[{"sqcand":160002494069,"n":14,"nm":"CANDIDATO 14","nmu":"CANDIDATO 14","s":"M","dt":"19/10/1929","dvt":"Válido","vs":[{"sqcand":160002494070,"nm":"CANDIDATO 14 1","nmu":"CANDIDATO 14 1","tp":"V","sgp":"P14"}]}]}]}]}}