{"ele":8707,"carper":13,"t":1,"f":"S","esae":"N","mnae":" ","dg":"13/10/2020","hg":"20:06:06","dv":"S","nadf":"pr75000-c0013-e008707-006-f","abr":[{"dt":"13/10/2020","ht":"17:21:06","tf":"S","and":"F","s":27,"st":27,"pst":" 100,00","snt":0,"psnt":"   0,00","si":27,"psi":" 100,00","sni":0,"psni":"   0,00","sa":27,"psa":" 100,00","sna":0,"psna":"   0,00","e":8931,"ea":8931,"pea":" 100,00","ena":0,"pena":"   0,00","esi":8931,"pesi":" 100,00","esni":0,"pesni":"   0,00","c":7604,"pc":"  85,14","a":1327,"pa":"  14,86","tv":7604,"vscv":0,"vb":404,"pvb":"   5,31","tvn":130,"ptvn":"   1,71","vn":130,"pvn":" 100,00","vnt":0,"pvnt":"   0,00","vp":0,"pvp":"   0,00","vv":7070,"pvv":" 100,00","vl":227,"pvl":"   3,21","van":0,"pvan":"   0,00","vansj":0,"pvansj":"   0,00","vnom":6843,"pvnom":"  96,79","cand":[{"seq":19,"n":16010,"e":"N","vap":164,"pvap":"   2,16","st":"Suplente"},{"seq":28,"n":16014,"e":"N","vap":37,"pvap":"   0,49","st":"Suplente"},{"seq":7,"n":16012,"e":"S","vap":348,"pvap":"   4,58","st":"Eleito"},{"seq":27,"n":16013,"e":"N","vap":46,"pvap":"   0,60","st":"Suplente"},{"seq":15,"n":16005,"e":"S","vap":198,"pvap":"   2,60","st":"Eleito"},{"seq":18,"n":16006,"e":"N","vap":167,"pvap":"   2,20","st":"Suplente"},{"seq":5,"n":16007,"e":"S","vap":376,"pvap":"   4,94","st":"Eleito"},{"seq":17,"n":16002,"e":"N","vap":181,"pvap":"   2,38","st":"Suplente"},{"seq":14,"n":16015,"e":"S","vap":201,"pvap":"   2,64","st":"Eleito"},{"seq":2,"n":16011,"e":"S","vap":561,"pvap":"   7,38","st":"Eleito"},{"seq":8,"n":16004,"e":"S","vap":314,"pvap":"   4,13","st":"Eleito"},{"seq":12,"n":16003,"e":"S","vap":260,"pvap":"   3,42","st":"Eleito"},{"seq":25,"n":16001,"e":"N","vap":62,"pvap":"   0,82","st":"Suplente"},{"seq":20,"n":16008,"e":"N","vap":149,"pvap":"   1,96","st":"Suplente"},{"seq":29,"n":16009,"e":"N","vap":29,"pvap":"   0,38","st":"Suplente"},{"seq":26,"n":14011,"e":"N","vap":52,"pvap":"   0,68","st":"Suplente"},{"seq":16,"n":14012,"e":"N","vap":216,"pvap":"   2,84","st":"Suplente"},{"seq":1,"n":14014,"e":"S","vap":610,"pvap":"   8,02","st":"Eleito"},{"seq":22,"n":14007,"e":"N","vap":91,"pvap":"   1,20","st":"Suplente"},{"seq":4,"n":14005,"e":"S","vap":462,"pvap":"   6,08","st":"Eleito"},{"seq":10,"n":14008,"e":"S","vap":308,"pvap":"   4,05","st":"Eleito"},{"seq":13,"n":14013,"e":"S","vap":231,"pvap":"   3,04","st":"Eleito"},{"seq":9,"n":14001,"e":"S","vap":309,"pvap":"   4,06","st":"Eleito"},{"seq":21,"n":14003,"e":"N","vap":114,"pvap":"   1,50","st":"Suplente"},{"seq":11,"n":14015,"e":"S","vap":272,"pvap":"   3,58","st":"Eleito"},{"seq":3,"n":14009,"e":"S","vap":543,"pvap":"   7,14","st":"Eleito"},{"seq":23,"n":14002,"e":"N","vap":90,"pvap":"   1,18","st":"Suplente"},{"seq":6,"n":14006,"e":"S","vap":359,"pvap":"   4,72","st":"Eleito"},{"seq":24,"n":14010,"e":"N","vap":65,"pvap":"   0,85","st":"Suplente"},{"seq":30,"n":14004,"e":"N","vap":28,"pvap":"   0,37","st":"Suplente"}],"tpabr":"MU","cdabr":"75000","colig":[{"n":160000323242,"tvtn":3093,"tvtl":64,"tvan":3093,"tval":64,"vag":7},{"n":160000323238,"tvtn":3750,"tvtl":163,"tvan":3750,"tval":163,"vag":8}],"part":[{"n":16,"tvtn":3093,"tvtl":64,"tvan":3093,"tval":64},{"n":14,"tvtn":3750,"tvtl":163,"tvan":3750,"tval":163}]},{"dt":"13/10/2020","ht":"17:21:06","tf":"S","and":"F","s":27,"st":27,"pst":" 100,00","snt":0,"psnt":"0","si":27,"psi":" 100,00","sni":0,"psni":"   0,00","sa":27,"psa":" 100,00","sna":0,"psna":"   0,00","e":8931,"ea":8931,"pea":" 100,00","ena":0,"pena":"   0,00","esi":8931,"pesi":" 100,00","esni":0,"pesni":"   0,00","c":7604,"pc":"  85,14","a":1327,"pa":"  14,86","tv":7604,"vscv":0,"vb":404,"pvb":"   5,31","tvn":130,"ptvn":"   1,71","vn":130,"pvn":" 100,00","vp":0,"pvp":"   0,00","vv":7070,"pvv":" 100,00","vl":227,"pvl":"   3,21","van":0,"pvan":"   0,00","vansj":0,"pvansj":"   0,00","vnom":6843,"pvnom":"  96,79","cand":[{"seq":26,"n":14011,"e":"N","vap":52,"pvap":"   0,68","st":"Suplente"},{"seq":16,"n":14012,"e":"N","vap":216,"pvap":"   2,84","st":"Suplente"},{"seq":1,"n":14014,"e":"S","vap":610,"pvap":"   8,02","st":"Eleito"},{"seq":22,"n":14007,"e":"N","vap":91,"pvap":"   1,20","st":"Suplente"},{"seq":4,"n":14005,"e":"S","vap":462,"pvap":"   6,08","st":"Eleito"},{"seq":10,"n":14008,"e":"S","vap":308,"pvap":"   4,05","st":"Eleito"},{"seq":13,"n":14013,"e":"S","vap":231,"pvap":"   3,04","st":"Eleito"},{"seq":9,"n":14001,"e":"S","vap":309,"pvap":"   4,06","st":"Eleito"},{"seq":21,"n":14003,"e":"N","vap":114,"pvap":"   1,50","st":"Suplente"},{"seq":11,"n":14015,"e":"S","vap":272,"pvap":"   3,58","st":"Eleito"},{"seq":3,"n":14009,"e":"S","vap":543,"pvap":"   7,14","st":"Eleito"},{"seq":23,"n":14002,"e":"N","vap":90,"pvap":"   1,18","st":"Suplente"},{"seq":6,"n":14006,"e":"S","vap":359,"pvap":"   4,72","st":"Eleito"},{"seq":24,"n":14010,"e":"N","vap":65,"pvap":"   0,85","st":"Suplente"},{"seq":30,"n":14004,"e":"N","vap":28,"pvap":"   0,37","st":"Suplente"},{"seq":19,"n":16010,"e":"N","vap":164,"pvap":"   2,16","st":"Suplente"},{"seq":28,"n":16014,"e":"N","vap":37,"pvap":"   0,49","st":"Suplente"},{"seq":7,"n":16012,"e":"S","vap":348,"pvap":"   4,58","st":"Eleito"},{"seq":27,"n":16013,"e":"N","vap":46,"pvap":"   0,60","st":"Suplente"},{"seq":15,"n":16005,"e":"S","vap":198,"pvap":"   2,60","st":"Eleito"},{"seq":18,"n":16006,"e":"N","vap":167,"pvap":"   2,20","st":"Suplente"},{"seq":5,"n":16007,"e":"S","vap":376,"pvap":"   4,94","st":"Eleito"},{"seq":17,"n":16002,"e":"N","vap":181,"pvap":"   2,38","st":"Suplente"},{"seq":14,"n":16015,"e":"S","vap":201,"pvap":"   2,64","st":"Eleito"},{"seq":2,"n":16011,"e":"S","vap":561,"pvap":"   7,38","st":"Eleito"},{"seq":8,"n":16004,"e":"S","vap":314,"pvap":"   4,13","st":"Eleito"},{"seq":12,"n":16003,"e":"S","vap":260,"pvap":"   3,42","st":"Eleito"},{"seq":25,"n":16001,"e":"N","vap":62,"pvap":"   0,82","st":"Suplente"},{"seq":20,"n":16008,"e":"N","vap":149,"pvap":"   1,96","st":"Suplente"},{"seq":29,"n":16009,"e":"N","vap":29,"pvap":"   0,38","st":"Suplente"}],"tpabr":"ZONA","cdabr":"122"}]}