{"ele":8707,"carper":11,"t":1,"f":"S","esae":"N","mnae":" ","dg":"13/10/2020","hg":"20:06:01","dv":"S","nadf":"pr75000-c0011-e008707-006-f","abr":[{"dt":"13/10/2020","ht":"17:20:58","tf":"S","and":"F","s":27,"st":27,"pst":" 100,00","snt":0,"psnt":"   0,00","si":27,"psi":" 100,00","sni":0,"psni":"   0,00","sa":27,"psa":" 100,00","sna":0,"psna":"   0,00","e":8931,"ea":8931,"pea":" 100,00","ena":0,"pena":"   0,00","esi":8931,"pesi":" 100,00","esni":0,"pesni":"   0,00","c":7604,"pc":"  85,14","a":1327,"pa":"  14,86","tv":7604,"vscv":0,"vb":2045,"pvb":"  26,90","tvn":1845,"ptvn":"  24,26","vn":1845,"pvn":" 100,00","vnt":0,"pvnt":"   0,00","vp":0,"pvp":"   0,00","vv":3714,"pvv":" 100,00","van":0,"pvan":"   0,00","vansj":0,"pvansj":"   0,00","vnom":3714,"pvnom":" 100,00","cand":[{"seq":1,"n":16,"e":"S","vap":2064,"pvap":"  27,14","st":"Eleito"},{"seq":2,"n":14,"e":"N","vap":1650,"pvap":"  21,70","st":"Não eleito"}],"tpabr":"MU","cdabr":"75000","colig":[{"n":160000323240,"tvtn":2064,"tvtl":0,"tvan":2064,"tval":0},{"n":160000323236,"tvtn":1650,"tvtl":0,"tvan":1650,"tval":0}],"part":[{"n":16,"tvtn":2064,"tvtl":0,"tvan":2064,"tval":0},{"n":14,"tvtn":1650,"tvtl":0,"tvan":1650,"tval":0}]},{"dt":"13/10/2020","ht":"17:20:58","tf":"S","and":"F","s":27,"st":27,"pst":" 100,00","snt":0,"psnt":"0","si":27,"psi":" 100,00","sni":0,"psni":"   0,00","sa":27,"psa":" 100,00","sna":0,"psna":"   0,00","e":8931,"ea":8931,"pea":" 100,00","ena":0,"pena":"   0,00","esi":8931,"pesi":" 100,00","esni":0,"pesni":"   0,00","c":7604,"pc":"  85,14","a":1327,"pa":"  14,86","tv":7604,"vscv":0,"vb":2045,"pvb":"  26,90","tvn":1845,"ptvn":"  24,26","vn":1845,"pvn":" 100,00","vp":0,"pvp":"   0,00","vv":3714,"pvv":" 100,00","van":0,"pvan":"   0,00","vansj":0,"pvansj":"   0,00","vnom":3714,"pvnom":" 100,00","cand":[{"seq":2,"n":14,"e":"N","vap":1650,"pvap":"  21,70","st":"Não eleito"},{"seq":1,"n":16,"e":"S","vap":2064,"pvap":"  27,14","st":"Eleito"}],"tpabr":"ZONA","cdabr":"122"}]}