{"ele":8707,"carper":11,"t":1,"f":"S","esae":"N","mnae":" ","dg":"13/10/2020","hg":"20:06:05","dv":"S","nadf":"pr75167-c0011-e008707-006-f","abr":[{"dt":"13/10/2020","ht":"18:58:42","tf":"S","and":"F","s":20,"st":20,"pst":" 100,00","snt":0,"psnt":"   0,00","si":20,"psi":" 100,00","sni":0,"psni":"   0,00","sa":20,"psa":" 100,00","sna":0,"psna":"   0,00","e":3371,"ea":3371,"pea":" 100,00","ena":0,"pena":"   0,00","esi":3371,"pesi":" 100,00","esni":0,"pesni":"   0,00","c":2875,"pc":"  85,29","a":496,"pa":"  14,71","tv":2875,"vscv":0,"vb":751,"pvb":"  26,12","tvn":642,"ptvn":"  22,33","vn":642,"pvn":" 100,00","vnt":0,"pvnt":"   0,00","vp":0,"pvp":"   0,00","vv":1482,"pvv":" 100,00","van":0,"pvan":"   0,00","vansj":0,"pvansj":"   0,00","vnom":1482,"pvnom":" 100,00","cand":[{"seq":2,"n":16,"e":"N","vap":612,"pvap":"  21,29","st":"Não eleito"},{"seq":1,"n":14,"e":"S","vap":870,"pvap":"  30,26","st":"Eleito"}],"tpabr":"MU","cdabr":"75167","colig":[{"n":160000342496,"tvtn":612,"tvtl":0,"tvan":612,"tval":0},{"n":160000342493,"tvtn":870,"tvtl":0,"tvan":870,"tval":0}],"part":[{"n":16,"tvtn":612,"tvtl":0,"tvan":612,"tval":0},{"n":14,"tvtn":870,"tvtl":0,"tvan":870,"tval":0}]},{"dt":"13/10/2020","ht":"18:58:42","tf":"S","and":"F","s":20,"st":20,"pst":" 100,00","snt":0,"psnt":"0","si":20,"psi":" 100,00","sni":0,"psni":"   0,00","sa":20,"psa":" 100,00","sna":0,"psna":"   0,00","e":3371,"ea":3371,"pea":" 100,00","ena":0,"pena":"   0,00","esi":3371,"pesi":" 100,00","esni":0,"pesni":"   0,00","c":2875,"pc":"  85,29","a":496,"pa":"  14,71","tv":2875,"vscv":0,"vb":751,"pvb":"  26,12","tvn":642,"ptvn":"  22,33","vn":642,"pvn":" 100,00","vp":0,"pvp":"   0,00","vv":1482,"pvv":" 100,00","van":0,"pvan":"   0,00","vansj":0,"pvansj":"   0,00","vnom":1482,"pvnom":" 100,00","cand":[{"seq":1,"n":14,"e":"S","vap":870,"pvap":"  30,26","st":"Eleito"},{"seq":2,"n":16,"e":"N","vap":612,"pvap":"  21,29","st":"Não eleito"}],"tpabr":"ZONA","cdabr":"131"}]}