{"ele":8707,"carper":11,"t":1,"f":"S","esae":"N","mnae":" ","dg":"13/10/2020","hg":"20:06:02","dv":"S","nadf":"pr75140-c0011-e008707-006-f","abr":[{"dt":"13/10/2020","ht":"18:40:03","tf":"N","and":"P","s":22,"st":22,"pst":" 100,00","snt":0,"psnt":"   0,00","si":22,"psi":" 100,00","sni":0,"psni":"   0,00","sa":22,"psa":" 100,00","sna":0,"psna":"   0,00","e":4864,"ea":4864,"pea":" 100,00","ena":0,"pena":"   0,00","esi":4864,"pesi":" 100,00","esni":0,"pesni":"   0,00","c":4144,"pc":"  85,20","a":720,"pa":"  14,80","tv":4144,"vscv":0,"vb":906,"pvb":"  21,86","tvn":762,"ptvn":"  18,39","vn":762,"pvn":" 100,00","vnt":0,"pvnt":"   0,00","vp":0,"pvp":"   0,00","vv":2476,"pvv":" 100,00","van":0,"pvan":"   0,00","vansj":0,"pvansj":"   0,00","vnom":2476,"pvnom":" 100,00","cand":[{"seq":1,"n":16,"e":"N","vap":1328,"pvap":"  32,05","st":""},{"seq":2,"n":14,"e":"N","vap":1148,"pvap":"  27,70","st":""}],"tpabr":"MU","cdabr":"75140","colig":[{"n":160000323333,"tvtn":1328,"tvtl":0,"tvan":1328,"tval":0},{"n":160000323329,"tvtn":1148,"tvtl":0,"tvan":1148,"tval":0}],"part":[{"n":16,"tvtn":1328,"tvtl":0,"tvan":1328,"tval":0},{"n":14,"tvtn":1148,"tvtl":0,"tvan":1148,"tval":0}]},{"dt":"13/10/2020","ht":"18:40:03","tf":"N","and":"P","s":22,"st":22,"pst":" 100,00","snt":0,"psnt":"0","si":22,"psi":" 100,00","sni":0,"psni":"   0,00","sa":22,"psa":" 100,00","sna":0,"psna":"   0,00","e":4864,"ea":4864,"pea":" 100,00","ena":0,"pena":"   0,00","esi":4864,"pesi":" 100,00","esni":0,"pesni":"   0,00","c":4144,"pc":"  85,20","a":720,"pa":"  14,80","tv":4144,"vscv":0,"vb":906,"pvb":"  21,86","tvn":762,"ptvn":"  18,39","vn":762,"pvn":" 100,00","vp":0,"pvp":"   0,00","vv":2476,"pvv":" 100,00","van":0,"pvan":"   0,00","vansj":0,"pvansj":"   0,00","vnom":2476,"pvnom":" 100,00","cand":[{"seq":2,"n":14,"e":"N","vap":1148,"pvap":"  27,70","st":""},{"seq":1,"n":16,"e":"N","vap":1328,"pvap":"  32,05","st":""}],"tpabr":"ZONA","cdabr":"38"}]}