{"ele":8707,"cdabr":"75060","nmabr":"SAUDADE DO IGUAÇU","t":1,"f":"S","s":"N","dg":"13/10/2020","hg":"20:03:37","v":"005","br":{"nm":"Brasil","uf":[{"sg":"PR","nm":"PARANÁ","mun":[{"cd":"75060","nm":"SAUDADE DO IGUAÇU","c":"N","s":15,"e":4515,"tzon":1,"zon":[{"cd":"0103","s":15,"e":4515}]}]}]},"carg":{"cd":13,"nmn":"Vereador","nmm":"Vereador","nmf":"Vereadora","nv":15,"col":[{"n":160000328361,"nm":"COLIGACAO 160000328361","tp":"P","com":"P14","par":[{"n":14,"sg":" P14 ","nm":"PARTIDO 14","cand":[{"sqcand":160002485507,"n":14011,"nm":"CANDIDATO 14011","nmu":"CANDIDATO 14011","s":"M","dt":"28/11/1929","dvt":"Válido"},{"sqcand":160002485508,"n":14012,"nm":"CANDIDATO 14012","nmu":"CANDIDATO 14012","s":"M","dt":"14/05/1975","dvt":"Válido"},{"sqcand":160002485499,"n":14003,"nm":"CANDIDATO 14003","nmu":"CANDIDATO 14003","s":"F","dt":"21/12/1929","dvt":"Válido"},{"sqcand":160002485505,"n":14009,"nm":"CANDIDATO 14009","nmu":"CANDIDATO 14009","s":"M","dt":"16/02/1929","dvt":"Válido"},{"sqcand":160002485511,"n":14015,"nm":"CANDIDATO 14015","nmu":"CANDIDATO 14015","s":"M","dt":"14/11/1978","dvt":"Válido"},{"sqcand":160002485498,"n":14002,"nm":"CANDIDATO 14002","nmu":"CANDIDATO 14002","s":"F","dt":"01/01/1923","dvt":"Válido"},{"sqcand":160002485501,"n":14005,"nm":"CANDIDATO 14005","nmu":"CANDIDATO 14005","s":"M","dt":"29/09/1929","dvt":"Válido"},{"sqcand":160002485503,"n":14007,"nm":"CANDIDATO 14007","nmu":"CANDIDATO 14007","s":"M","dt":"02/11/1925","dvt":"Válido"},{"sqcand":160002485497,"n":14001,"nm":"CANDIDATO 14001","nmu":"CANDIDATO 14001","s":"F","dt":"09/09/1976","dvt":"Válido"},{"sqcand":160002485500,"n":14004,"nm":"CANDIDATO 14004","nmu":"CANDIDATO 14004","s":"F","dt":"29/06/1927","dvt":"Válido"},{"sqcand":160002485502,"n":14006,"nm":"CANDIDATO 14006","nmu":"CANDIDATO 14006","s":"M","dt":"01/12/1925","dvt":"Válido"},{"sqcand":160002485504,"n":14008,"nm":"CANDIDATO 14008","nmu":"CANDIDATO 14008","s":"M","dt":"06/08/1964","dvt":"Válido"},{"sqcand":160002485509,"n":14013,"nm":"CANDIDATO 14013","nmu":"CANDIDATO 14013","s":"M","dt":"10/11/1929","dvt":"Válido"},{"sqcand":160002485510,"n":14014,"nm":"CANDIDATO 14014","nmu":"CANDIDATO 14014","s":"M","dt":"16/09/1929","dvt":"Válido"},{"sqcand":160002485506,"n":14010,"nm":"CANDIDATO 14010","nmu":"CANDIDATO 14010","s":"M","dt":"12/11/1920","dvt":"Válido"}]}]},{"n":160000328365,"nm":"COLIGACAO 160000328365","tp":"P","com":"P16","par":[{"n":16,"sg":" P16 ","nm":"PARTIDO 16","cand":[{"sqcand":160002485538,"n":16008,"nm":"CANDIDATO 16008","nmu":"CANDIDATO 16008","s":"M","dt":"15/11/1929","dvt":"Válido"},{"sqcand":160002485533,"n":16003,"nm":"CANDIDATO 16003","nmu":"CANDIDATO 16003","s":"F","dt":"10/07/1929","dvt":"Válido"},{"sqcand":160002485545,"n":16015,"nm":"CANDIDATO 16015","nmu":"CANDIDATO 16015","s":"M","dt":"10/10/1922","dvt":"Válido"},{"sqcand":160002485531,"n":16001,"nm":"CANDIDATO 16001","nmu":"CANDIDATO 16001","s":"F","dt":"26/12/1929","dvt":"Válido"},{"sqcand":160002485532,"n":16002,"nm":"CANDIDATO 16002","nmu":"CANDIDATO 16002","s":"F","dt":"04/06/1927","dvt":"Válido"},{"sqcand":160002485536,"n":16006,"nm":"CANDIDATO 16006","nmu":"CANDIDATO 16006","s":"M","dt":"27/03/1929","dvt":"Válido"},{"sqcand":160002485539,"n":16009,"nm":"CANDIDATO 16009","nmu":"CANDIDATO 16009","s":"M","dt":"17/03/1980","dvt":"Válido"},{"sqcand":160002485543,"n":16013,"nm":"CANDIDATO 16013","nmu":"CANDIDATO 16013","s":"M","dt":"21/12/1967","dvt":"Válido"},{"sqcand":160002485537,"n":16007,"nm":"CANDIDATO 16007","nmu":"CANDIDATO 16007","s":"M","dt":"20/09/1929","dvt":"Válido"},{"sqcand":160002485542,"n":16012,"nm":"CANDIDATO 16012","nmu":"CANDIDATO 16012","s":"M","dt":"16/11/1929","dvt":"Válido"},{"sqcand":160002485534,"n":16004,"nm":"CANDIDATO 16004","nmu":"CANDIDATO 16004","s":"F","dt":"29/11/1929","dvt":"Válido"},{"sqcand":160002485535,"n":16005,"nm":"CANDIDATO 16005","nmu":"CANDIDATO 16005","s":"M","dt":"13/12/1929","dvt":"Válido"},{"sqcand":160002485540,"n":16010,"nm":"CANDIDATO 16010","nmu":"CANDIDATO 16010","s":"M","dt":"15/02/1929","dvt":"Válido"},{"sqcand":160002485541,"n":16011,"nm":"CANDIDATO 16011","nmu":"CANDIDATO 16011","s":"M","dt":"18/03/1928","dvt":"Válido"},{"sqcand":160002485544,"n":16014,"nm":"CANDIDATO 16014","nmu":"CANDIDATO 16014","s":"M","dt":"29/08/1928","dvt":"Válido"}]}]}]}}