{"ele":8707,"cdabr":"75167","nmabr":"BOM JESUS DO SUL","t":1,"f":"S","s":"N","dg":"13/10/2020","hg":"20:03:41","v":"005","br":{"nm":"Brasil","uf":[{"sg":"PR","nm":"PARANÁ","mun":[{"cd":"75167","nm":"BOM JESUS DO SUL","c":"N","s":20,"e":3371,"tzon":2,"zon":[{"cd":"0131","s":20,"e":3371}]}]}]},"carg":{"cd":13,"nmn":"Vereador","nmm":"Vereador","nmf":"Vereadora","nv":15,"col":[{"n":160000342502,"nm":"COLIGACAO 160000342502","tp":"P","com":"P16","par":[{"n":16,"sg":" P16 ","nm":"PARTIDO 16","cand":[{"sqcand":160002533172,"n":16002,"nm":"CANDIDATO 16002","nmu":"CANDIDATO 16002","s":"F","dt":"21/06/1927","dvt":"Válido"},{"sqcand":160002533184,"n":16014,"nm":"CANDIDATO 16014","nmu":"CANDIDATO 16014","s":"M","dt":"22/08/1929","dvt":"Válido"},{"sqcand":160002533174,"n":16004,"nm":"CANDIDATO 16004","nmu":"CANDIDATO 16004","s":"F","dt":"24/03/1927","dvt":"Válido"},{"sqcand":160002533175,"n":16005,"nm":"CANDIDATO 16005","nmu":"CANDIDATO 16005","s":"M","dt":"25/08/1922","dvt":"Válido"},{"sqcand":160002533176,"n":16006,"nm":"CANDIDATO 16006","nmu":"CANDIDATO 16006","s":"M","dt":"10/07/1967","dvt":"Válido"},{"sqcand":160002533177,"n":16007,"nm":"CANDIDATO 16007","nmu":"CANDIDATO 16007","s":"M","dt":"01/01/1929","dvt":"Válido"},{"sqcand":160002533178,"n":16008,"nm":"CANDIDATO 16008","nmu":"CANDIDATO 16008","s":"M","dt":"14/06/1928","dvt":"Válido"},{"sqcand":160002533181,"n":16011,"nm":"CANDIDATO 16011","nmu":"CANDIDATO 16011","s":"M","dt":"11/12/1929","dvt":"Válido"},{"sqcand":160002533179,"n":16009,"nm":"CANDIDATO 16009","nmu":"CANDIDATO 16009","s":"M","dt":"22/05/1929","dvt":"Válido"},{"sqcand":160002533182,"n":16012,"nm":"CANDIDATO 16012","nmu":"CANDIDATO 16012","s":"M","dt":"18/03/1928","dvt":"Válido"},{"sqcand":160002533183,"n":16013,"nm":"CANDIDATO 16013","nmu":"CANDIDATO 16013","s":"M","dt":"26/11/1992","dvt":"Válido"},{"sqcand":160002533171,"n":16001,"nm":"CANDIDATO 16001","nmu":"CANDIDATO 16001","s":"F","dt":"10/09/1929","dvt":"Válido"},{"sqcand":160002533180,"n":16010,"nm":"CANDIDATO 16010","nmu":"CANDIDATO 16010","s":"M","dt":"21/08/1995","dvt":"Válido"},{"sqcand":160002533185,"n":16015,"nm":"CANDIDATO 16015","nmu":"CANDIDATO 16015","s":"M","dt":"15/06/1969","dvt":"Válido"},{"sqcand":160002533173,"n":16003,"nm":"CANDIDATO 16003","nmu":"CANDIDATO 16003","s":"F","dt":"10/09/1924","dvt":"Válido"}]}]},{"n":160000342499,"nm":"COLIGACAO 160000342499","tp":"P","com":"P14","par":[{"n":14,"sg":" P14 ","nm":"PARTIDO 14","cand":[{"sqcand":160002533132,"n":14007,"nm":"CANDIDATO 14007","nmu":"CANDIDATO 14007","s":"M","dt":"18/02/1929","dvt":"Válido"},{"sqcand":160002533126,"n":14001,"nm":"CANDIDATO 14001","nmu":"CANDIDATO 14001","s":"F","dt":"27/10/1927","dvt":"Válido"},{"sqcand":160002533129,"n":14004,"nm":"CANDIDATO 14004","nmu":"CANDIDATO 14004","s":"F","dt":"31/05/1929","dvt":"Válido"},{"sqcand":160002533128,"n":14003,"nm":"CANDIDATO 14003","nmu":"CANDIDATO 14003","s":"F","dt":"15/12/1929","dvt":"Válido"},{"sqcand":160002533139,"n":14014,"nm":"CANDIDATO 14014","nmu":"CANDIDATO 14014","s":"M","dt":"08/02/1929","dvt":"Válido"},{"sqcand":160002533131,"n":14006,"nm":"CANDIDATO 14006","nmu":"CANDIDATO 14006","s":"M","dt":"20/11/1929","dvt":"Válido"},{"sqcand":160002533134,"n":14009,"nm":"CANDIDATO 14009","nmu":"CANDIDATO 14009","s":"M","dt":"28/01/1929","dvt":"Válido"},{"sqcand":160002533138,"n":14013,"nm":"CANDIDATO 14013","nmu":"CANDIDATO 14013","s":"M","dt":"10/06/1929","dvt":"Válido"},{"sqcand":160002533137,"n":14012,"nm":"CANDIDATO 14012","nmu":"CANDIDATO 14012","s":"M","dt":"25/12/1927","dvt":"Válido"},{"sqcand":160002533127,"n":14002,"nm":"CANDIDATO 14002","nmu":"CANDIDATO 14002","s":"F","dt":"22/07/1924","dvt":"Válido"},{"sqcand":160002533135,"n":14010,"nm":"CANDIDATO 14010","nmu":"CANDIDATO 14010","s":"M","dt":"10/10/1963","dvt":"Válido"},{"sqcand":160002533140,"n":14015,"nm":"CANDIDATO 14015","nmu":"CANDIDATO 14015","s":"M","dt":"05/07/1966","dvt":"Válido"},{"sqcand":160002533130,"n":14005,"nm":"CANDIDATO 14005","nmu":"CANDIDATO 14005","s":"M","dt":"18/09/1924","dvt":"Válido"},{"sqcand":160002533133,"n":14008,"nm":"CANDIDATO 14008","nmu":"CANDIDATO 14008","s":"M","dt":"26/04/1985","dvt":"Válido"},{"sqcand":160002533136,"n":14011,"nm":"CANDIDATO 14011","nmu":"CANDIDATO 14011","s":"M","dt":"19/04/1929","dvt":"Válido"}]}]}]}}