{"ele":8707,"cdabr":"75019","nmabr":"CERRO AZUL","t":1,"f":"S","s":"N","dg":"13/10/2020","hg":"20:03:34","v":"005","br":{"nm":"Brasil","uf":[{"sg":"PR","nm":"PARANÁ","mun":[{"cd":"75019","nm":"CERRO AZUL","c":"N","s":54,"e":12472,"tzon":1,"zon":[{"cd":"0007","s":54,"e":12472}]}]}]},"carg":{"cd":11,"nmn":"Prefeito","nmm":"Prefeito","nmf":"Prefeita","nv":1,"col":[{"n":160000336360,"nm":"COLIGACAO 160000336360","tp":"P","com":"P46","par":[{"n":46,"sg":" P46 ","nm":"PARTIDO 46","cand":[{"sqcand":160002514163,"n":46,"nm":"CANDIDATO 46","nmu":"CANDIDATO 46","s":"M","dt":"23/04/1929","dvt":"Válido","vs":[{"sqcand":160002514164,"nm":"CANDIDATO 46 1","nmu":"CANDIDATO 46 1","tp":"V","sgp":"P46"}]}]}]},{"n":160000336359,"nm":"COLIGACAO 160000336359","tp":"P","com":"P16","par":[{"n":16,"sg":" P16 ","nm":"PARTIDO 16","cand":[{"sqcand":160002514161,"n":16,"nm":"CANDIDATO 16","nmu":"CANDIDATO 16","s":"M","dt":"20/04/1952","dvt":"Válido","vs":[{"sqcand":160002514162,"nm":"CANDIDATO 16 1","nmu":"CANDIDATO 16 1","tp":"V","sgp":"P16"}]}]}]}]}}