{"ele":8707,"cdabr":"75175","nmabr":"CONGONHINHAS","t":1,"f":"S","s":"N","dg":"13/10/2020","hg":"20:03:36","v":"005","br":{"nm":"Brasil","uf":[{"sg":"PR","nm":"PARANÁ","mun":[{"cd":"75175","nm":"CONGONHINHAS","c":"N","s":22,"e":6419,"tzon":1,"zon":[{"cd":"0099","s":22,"e":6419}]}]}]},"carg":{"cd":13,"nmn":"Vereador","nmm":"Vereador","nmf":"Vereadora","nv":15,"col":[{"n":160000324593,"nm":"COLIGACAO 160000324593","tp":"P","com":"P14","par":[{"n":14,"sg":" P14 ","nm":"PARTIDO 14","cand":[{"sqcand":160002475473,"n":14004,"nm":"CANDIDATO 14004","nmu":"CANDIDATO 14004","s":"F","dt":"04/02/1929","dvt":"Válido"},{"sqcand":160002475483,"n":14014,"nm":"CANDIDATO 14014","nmu":"CANDIDATO 14014","s":"M","dt":"06/11/1929","dvt":"Válido"},{"sqcand":160002475472,"n":14003,"nm":"CANDIDATO 14003","nmu":"CANDIDATO 14003","s":"F","dt":"25/06/1929","dvt":"Válido"},{"sqcand":160002475474,"n":14005,"nm":"CANDIDATO 14005","nmu":"CANDIDATO 14005","s":"M","dt":"19/10/1929","dvt":"Válido"},{"sqcand":160002475478,"n":14009,"nm":"CANDIDATO 14009","nmu":"CANDIDATO 14009","s":"M","dt":"27/12/1929","dvt":"Válido"},{"sqcand":160002475482,"n":14013,"nm":"CANDIDATO 14013","nmu":"CANDIDATO 14013","s":"M","dt":"30/06/1924","dvt":"Válido"},{"sqcand":160002475479,"n":14010,"nm":"CANDIDATO 14010","nmu":"CANDIDATO 14010","s":"M","dt":"23/03/1929","dvt":"Válido"},{"sqcand":160002475480,"n":14011,"nm":"CANDIDATO 14011","nmu":"CANDIDATO 14011","s":"M","dt":"11/03/1929","dvt":"Válido"},{"sqcand":160002475484,"n":14015,"nm":"CANDIDATO 14015","nmu":"CANDIDATO 14015","s":"M","dt":"03/01/1928","dvt":"Válido"},{"sqcand":160002475475,"n":14006,"nm":"CANDIDATO 14006","nmu":"CANDIDATO 14006","s":"M","dt":"10/06/1929","dvt":"Válido"},{"sqcand":160002475481,"n":14012,"nm":"CANDIDATO 14012","nmu":"CANDIDATO 14012","s":"M","dt":"26/12/1964","dvt":"Válido"},{"sqcand":160002475471,"n":14002,"nm":"CANDIDATO 14002","nmu":"CANDIDATO 14002","s":"F","dt":"19/02/1927","dvt":"Válido"},{"sqcand":160002475470,"n":14001,"nm":"CANDIDATO 14001","nmu":"CANDIDATO 14001","s":"F","dt":"10/04/1928","dvt":"Válido"},{"sqcand":160002475477,"n":14008,"nm":"CANDIDATO 14008","nmu":"CANDIDATO 14008","s":"M","dt":"21/05/1994","dvt":"Válido"},{"sqcand":160002475476,"n":14007,"nm":"CANDIDATO 14007","nmu":"CANDIDATO 14007","s":"M","dt":"13/08/1929","dvt":"Válido"}]}]},{"n":160000324595,"nm":"COLIGACAO 160000324595","tp":"P","com":"P16","par":[{"n":16,"sg":" P16 ","nm":"PARTIDO 16","cand":[{"sqcand":160002475502,"n":16003,"nm":"CANDIDATO 16003","nmu":"CANDIDATO 16003","s":"F","dt":"04/05/1927","dvt":"Válido"},{"sqcand":160002475508,"n":16009,"nm":"CANDIDATO 16009","nmu":"CANDIDATO 16009","s":"M","dt":"23/11/1995","dvt":"Válido"},{"sqcand":160002475509,"n":16010,"nm":"CANDIDATO 16010","nmu":"CANDIDATO 16010","s":"M","dt":"18/10/1929","dvt":"Válido"},{"sqcand":160002475514,"n":16015,"nm":"CANDIDATO 16015","nmu":"CANDIDATO 16015","s":"M","dt":"26/11/1928","dvt":"Válido"},{"sqcand":160002475506,"n":16007,"nm":"CANDIDATO 16007","nmu":"CANDIDATO 16007","s":"M","dt":"04/12/1984","dvt":"Válido"},{"sqcand":160002475500,"n":16001,"nm":"CANDIDATO 16001","nmu":"CANDIDATO 16001","s":"F","dt":"25/04/1929","dvt":"Válido"},{"sqcand":160002475501,"n":16002,"nm":"CANDIDATO 16002","nmu":"CANDIDATO 16002","s":"F","dt":"20/05/1926","dvt":"Válido"},{"sqcand":160002475512,"n":16013,"nm":"CANDIDATO 16013","nmu":"CANDIDATO 16013","s":"M","dt":"03/10/1975","dvt":"Válido"},{"sqcand":160002475504,"n":16005,"nm":"CANDIDATO 16005","nmu":"CANDIDATO 16005","s":"M","dt":"28/09/1929","dvt":"Válido"},{"sqcand":160002475505,"n":16006,"nm":"CANDIDATO 16006","nmu":"CANDIDATO 16006","s":"M","dt":"05/10/1975","dvt":"Válido"},{"sqcand":160002475510,"n":16011,"nm":"CANDIDATO 16011","nmu":"CANDIDATO 16011","s":"M","dt":"15/07/1926","dvt":"Válido"},{"sqcand":160002475503,"n":16004,"nm":"CANDIDATO 16004","nmu":"CANDIDATO 16004","s":"F","dt":"05/09/1929","dvt":"Válido"},{"sqcand":160002475507,"n":16008,"nm":"CANDIDATO 16008","nmu":"CANDIDATO 16008","s":"M","dt":"16/11/1925","dvt":"Válido"},{"sqcand":160002475511,"n":16012,"nm":"CANDIDATO 16012","nmu":"CANDIDATO 16012","s":"M","dt":"01/08/1973","dvt":"Válido"},{"sqcand":160002475513,"n":16014,"nm":"CANDIDATO 16014","nmu":"CANDIDATO 16014","s":"M","dt":"12/06/1926","dvt":"Válido"}]}]}]}}