{"ele":8707,"cdabr":"75140","nmabr":"BOA VENTURA DE SÃO ROQUE","t":1,"f":"S","s":"N","dg":"13/10/2020","hg":"20:03:39","v":"005","br":{"nm":"Brasil","uf":[{"sg":"PR","nm":"PARANÁ","mun":[{"cd":"75140","nm":"BOA VENTURA DE SÃO ROQUE","c":"N","s":22,"e":4864,"tzon":1,"zon":[{"cd":"0038","s":22,"e":4864}]}]}]},"carg":{"cd":13,"nmn":"Vereador","nmm":"Vereador","nmf":"Vereadora","nv":15,"col":[{"n":160000323341,"nm":"COLIGACAO 160000323341","tp":"P","com":"P16","par":[{"n":16,"sg":" P16 ","nm":"PARTIDO 16","cand":[{"sqcand":160002470727,"n":16001,"nm":"CANDIDATO 16001","nmu":"CANDIDATO 16001","s":"F","dt":"30/04/1929","dvt":"Válido"},{"sqcand":160002470735,"n":16009,"nm":"CANDIDATO 16009","nmu":"CANDIDATO 16009","s":"M","dt":"10/06/1929","dvt":"Válido"},{"sqcand":160002470730,"n":16004,"nm":"CANDIDATO 16004","nmu":"CANDIDATO 16004","s":"F","dt":"22/08/1922","dvt":"Válido"},{"sqcand":160002470739,"n":16013,"nm":"CANDIDATO 16013","nmu":"CANDIDATO 16013","s":"M","dt":"18/10/1923","dvt":"Válido"},{"sqcand":160002470736,"n":16010,"nm":"CANDIDATO 16010","nmu":"CANDIDATO 16010","s":"M","dt":"14/02/1929","dvt":"Válido"},{"sqcand":160002470729,"n":16003,"nm":"CANDIDATO 16003","nmu":"CANDIDATO 16003","s":"F","dt":"10/10/1927","dvt":"Válido"},{"sqcand":160002470740,"n":16014,"nm":"CANDIDATO 16014","nmu":"CANDIDATO 16014","s":"M","dt":"15/05/1973","dvt":"Válido"},{"sqcand":160002470732,"n":16006,"nm":"CANDIDATO 16006","nmu":"CANDIDATO 16006","s":"M","dt":"23/01/1999","dvt":"Válido"},{"sqcand":160002470728,"n":16002,"nm":"CANDIDATO 16002","nmu":"CANDIDATO 16002","s":"F","dt":"22/09/1981","dvt":"Válido"},{"sqcand":160002470731,"n":16005,"nm":"CANDIDATO 16005","nmu":"CANDIDATO 16005","s":"M","dt":"26/04/1926","dvt":"Válido"},{"sqcand":160002470734,"n":16008,"nm":"CANDIDATO 16008","nmu":"CANDIDATO 16008","s":"M","dt":"03/04/1929","dvt":"Válido"},{"sqcand":160002470741,"n":16015,"nm":"CANDIDATO 16015","nmu":"CANDIDATO 16015","s":"M","dt":"20/08/1928","dvt":"Válido"},{"sqcand":160002470733,"n":16007,"nm":"CANDIDATO 16007","nmu":"CANDIDATO 16007","s":"M","dt":"09/04/1927","dvt":"Válido"},{"sqcand":160002470737,"n":16011,"nm":"CANDIDATO 16011","nmu":"CANDIDATO 16011","s":"M","dt":"16/10/1981","dvt":"Válido"},{"sqcand":160002470738,"n":16012,"nm":"CANDIDATO 16012","nmu":"CANDIDATO 16012","s":"M","dt":"09/07/1927","dvt":"Válido"}]}]},{"n":160000323337,"nm":"COLIGACAO 160000323337","tp":"P","com":"P14","par":[{"n":14,"sg":" P14 ","nm":"PARTIDO 14","cand":[{"sqcand":160002470668,"n":14002,"nm":"CANDIDATO 14002","nmu":"CANDIDATO 14002","s":"F","dt":"08/09/1927","dvt":"Válido"},{"sqcand":160002470672,"n":14006,"nm":"CANDIDATO 14006","nmu":"CANDIDATO 14006","s":"M","dt":"01/12/1928","dvt":"Válido"},{"sqcand":160002470673,"n":14007,"nm":"CANDIDATO 14007","nmu":"CANDIDATO 14007","s":"M","dt":"23/11/1995","dvt":"Válido"},{"sqcand":160002470669,"n":14003,"nm":"CANDIDATO 14003","nmu":"CANDIDATO 14003","s":"F","dt":"14/11/1928","dvt":"Válido"},{"sqcand":160002470671,"n":14005,"nm":"CANDIDATO 14005","nmu":"CANDIDATO 14005","s":"M","dt":"02/12/1929","dvt":"Válido"},{"sqcand":160002470675,"n":14009,"nm":"CANDIDATO 14009","nmu":"CANDIDATO 14009","s":"M","dt":"06/03/1967","dvt":"Válido"},{"sqcand":160002470674,"n":14008,"nm":"CANDIDATO 14008","nmu":"CANDIDATO 14008","s":"M","dt":"08/02/1929","dvt":"Válido"},{"sqcand":160002470679,"n":14013,"nm":"CANDIDATO 14013","nmu":"CANDIDATO 14013","s":"M","dt":"12/03/1978","dvt":"Válido"},{"sqcand":160002470670,"n":14004,"nm":"CANDIDATO 14004","nmu":"CANDIDATO 14004","s":"F","dt":"15/09/1929","dvt":"Válido"},{"sqcand":160002470677,"n":14011,"nm":"CANDIDATO 14011","nmu":"CANDIDATO 14011","s":"M","dt":"18/07/1965","dvt":"Válido"},{"sqcand":160002470678,"n":14012,"nm":"CANDIDATO 14012","nmu":"CANDIDATO 14012","s":"M","dt":"14/06/1929","dvt":"Válido"},{"sqcand":160002470680,"n":14014,"nm":"CANDIDATO 14014","nmu":"CANDIDATO 14014","s":"M","dt":"27/04/1929","dvt":"Válido"},{"sqcand":160002470667,"n":14001,"nm":"CANDIDATO 14001","nmu":"CANDIDATO 14001","s":"F","dt":"01/12/1951","dvt":"Válido"},{"sqcand":160002470681,"n":14015,"nm":"CANDIDATO 14015","nmu":"CANDIDATO 14015","s":"M","dt":"06/08/1929","dvt":"Válido"},{"sqcand":160002470676,"n":14010,"nm":"CANDIDATO 14010","nmu":"CANDIDATO 14010","s":"M","dt":"15/03/1923","dvt":"Válido"}]}]}]}}