{"ele":8707,"cdabr":"75132","nmabr":"COLOMBO","t":1,"f":"S","s":"N","dg":"13/10/2020","hg":"20:03:35","v":"005","br":{"nm":"Brasil","uf":[{"sg":"PR","nm":"PARANÁ","mun":[{"cd":"75132","nm":"COLOMBO","c":"N","s":450,"e":142328,"tzon":2,"zon":[{"cd":"0049","s":220,"e":70125},{"cd":"0186","s":230,"e":72203}]}]}]},"carg":{"cd":13,"nmn":"Vereador","nmm":"Vereador","nmf":"Vereadora","nv":15,"col":[{"n":160000329138,"nm":"COLIGACAO 160000329138","tp":"P","com":"P14","par":[{"n":14,"sg":" P14 ","nm":"PARTIDO 14","cand":[{"sqcand":160002489135,"n":14002,"nm":"CANDIDATO 14002","nmu":"CANDIDATO 14002","s":"F","dt":"05/04/1975","dvt":"Válido"},{"sqcand":160002489141,"n":14008,"nm":"CANDIDATO 14008","nmu":"CANDIDATO 14008","s":"M","dt":"08/07/1929","dvt":"Válido"},{"sqcand":160002489145,"n":14012,"nm":"CANDIDATO 14012","nmu":"CANDIDATO 14012","s":"M","dt":"02/09/1929","dvt":"Válido"},{"sqcand":160002489147,"n":14014,"nm":"CANDIDATO 14014","nmu":"CANDIDATO 14014","s":"M","dt":"04/02/1925","dvt":"Válido"},{"sqcand":160002489140,"n":14007,"nm":"CANDIDATO 14007","nmu":"CANDIDATO 14007","s":"M","dt":"18/06/1923","dvt":"Válido"},{"sqcand":160002489138,"n":14005,"nm":"CANDIDATO 14005","nmu":"CANDIDATO 14005","s":"M","dt":"28/06/1920","dvt":"Válido"},{"sqcand":160002489146,"n":14013,"nm":"CANDIDATO 14013","nmu":"CANDIDATO 14013","s":"M","dt":"28/04/1962","dvt":"Válido"},{"sqcand":160002489134,"n":14001,"nm":"CANDIDATO 14001","nmu":"CANDIDATO 14001","s":"F","dt":"17/10/1927","dvt":"Válido"},{"sqcand":160002489136,"n":14003,"nm":"CANDIDATO 14003","nmu":"CANDIDATO 14003","s":"F","dt":"10/07/1984","dvt":"Válido"},{"sqcand":160002489143,"n":14010,"nm":"CANDIDATO 14010","nmu":"CANDIDATO 14010","s":"M","dt":"25/07/1929","dvt":"Válido"},{"sqcand":160002489137,"n":14004,"nm":"CANDIDATO 14004","nmu":"CANDIDATO 14004","s":"F","dt":"03/02/1993","dvt":"Válido"},{"sqcand":160002489144,"n":14011,"nm":"CANDIDATO 14011","nmu":"CANDIDATO 14011","s":"M","dt":"01/01/1927","dvt":"Válido"},{"sqcand":160002489148,"n":14015,"nm":"CANDIDATO 14015","nmu":"CANDIDATO 14015","s":"M","dt":"13/03/1989","dvt":"Válido"},{"sqcand":160002489139,"n":14006,"nm":"CANDIDATO 14006","nmu":"CANDIDATO 14006","s":"M","dt":"20/05/1929","dvt":"Válido"},{"sqcand":160002489142,"n":14009,"nm":"CANDIDATO 14009","nmu":"CANDIDATO 14009","s":"M","dt":"25/03/1974","dvt":"Válido"}]}]},{"n":160000329139,"nm":"COLIGACAO 160000329139","tp":"P","com":"P16","par":[{"n":16,"sg":" P16 ","nm":"PARTIDO 16","cand":[{"sqcand":160002489152,"n":16004,"nm":"CANDIDATO 16004","nmu":"CANDIDATO 16004","s":"F","dt":"29/09/1929","dvt":"Válido"},{"sqcand":160002489155,"n":16007,"nm":"CANDIDATO 16007","nmu":"CANDIDATO 16007","s":"M","dt":"15/07/1929","dvt":"Válido"},{"sqcand":160002489160,"n":16012,"nm":"CANDIDATO 16012","nmu":"CANDIDATO 16012","s":"M","dt":"06/10/1929","dvt":"Válido"},{"sqcand":160002489163,"n":16015,"nm":"CANDIDATO 16015","nmu":"CANDIDATO 16015","s":"M","dt":"09/10/1929","dvt":"Válido"},{"sqcand":160002489161,"n":16013,"nm":"CANDIDATO 16013","nmu":"CANDIDATO 16013","s":"M","dt":"06/11/1929","dvt":"Válido"},{"sqcand":160002489159,"n":16011,"nm":"CANDIDATO 16011","nmu":"CANDIDATO 16011","s":"M","dt":"04/11/1929","dvt":"Válido"},{"sqcand":160002489151,"n":16003,"nm":"CANDIDATO 16003","nmu":"CANDIDATO 16003","s":"F","dt":"03/08/1922","dvt":"Válido"},{"sqcand":160002489153,"n":16005,"nm":"CANDIDATO 16005","nmu":"CANDIDATO 16005","s":"M","dt":"28/01/1929","dvt":"Válido"},{"sqcand":160002489156,"n":16008,"nm":"CANDIDATO 16008","nmu":"CANDIDATO 16008","s":"M","dt":"23/06/1972","dvt":"Válido"},{"sqcand":160002489149,"n":16001,"nm":"CANDIDATO 16001","nmu":"CANDIDATO 16001","s":"F","dt":"24/12/1978","dvt":"Válido"},{"sqcand":160002489154,"n":16006,"nm":"CANDIDATO 16006","nmu":"CANDIDATO 16006","s":"M","dt":"23/11/1929","dvt":"Válido"},{"sqcand":160002489162,"n":16014,"nm":"CANDIDATO 16014","nmu":"CANDIDATO 16014","s":"M","dt":"09/09/1928","dvt":"Válido"},{"sqcand":160002489150,"n":16002,"nm":"CANDIDATO 16002","nmu":"CANDIDATO 16002","s":"F","dt":"28/07/1928","dvt":"Válido"},{"sqcand":160002489158,"n":16010,"nm":"CANDIDATO 16010","nmu":"CANDIDATO 16010","s":"M","dt":"01/08/1929","dvt":"Válido"},{"sqcand":160002489157,"n":16009,"nm":"CANDIDATO 16009","nmu":"CANDIDATO 16009","s":"M","dt":"27/12/1929","dvt":"Válido"}]}]}]}}