{"ele":8707,"carper":13,"t":1,"f":"S","esae":"N","mnae":" ","dg":"13/10/2020","hg":"20:06:14","dv":"S","nadf":"pr75043-c0013-e008707-006-f","abr":[{"dt":"13/10/2020","ht":"16:55:02","tf":"N","and":"P","s":252,"st":249,"pst":"  98,81","snt":3,"psnt":"   1,19","si":249,"psi":"  98,81","sni":0,"psni":"   0,00","sa":249,"psa":" 100,00","sna":0,"psna":"   0,00","e":84541,"ea":84541,"pea":" 100,00","ena":0,"pena":"   0,00","esi":84541,"pesi":"  98,81","esni":0,"pesni":"   0,00","c":71983,"pc":"  85,15","a":12558,"pa":"  14,85","tv":71983,"vscv":0,"vb":2574,"pvb":"   3,58","tvn":1786,"ptvn":"   2,48","vn":1786,"pvn":" 100,00","vnt":0,"pvnt":"   0,00","vp":0,"pvp":"   0,00","vv":67623,"pvv":" 100,00","vl":4079,"pvl":"   6,03","van":0,"pvan":"   0,00","vansj":0,"pvansj":"   0,00","vnom":63544,"pvnom":"  93,97","cand":[{"seq":21,"n":16004,"e":"N","vap":1811,"pvap":"   2,52","st":""},{"seq":12,"n":16007,"e":"N","vap":2336,"pvap":"   3,25","st":""},{"seq":22,"n":16009,"e":"N","vap":1808,"pvap":"   2,51","st":""},{"seq":25,"n":16015,"e":"N","vap":1715,"pvap":"   2,38","st":""},{"seq":10,"n":16012,"e":"N","vap":2376,"pvap":"   3,30","st":""},{"seq":20,"n":16014,"e":"N","vap":1850,"pvap":"   2,57","st":""},{"seq":18,"n":16011,"e":"N","vap":2078,"pvap":"   2,89","st":""},{"seq":13,"n":16001,"e":"N","vap":2320,"pvap":"   3,22","st":""},{"seq":27,"n":16008,"e":"N","vap":1441,"pvap":"   2,00","st":""},{"seq":30,"n":16005,"e":"N","vap":859,"pvap":"   1,19","st":""},{"seq":29,"n":16013,"e":"N","vap":1320,"pvap":"   1,83","st":""},{"seq":7,"n":16002,"e":"N","vap":2476,"pvap":"   3,44","st":""},{"seq":1,"n":16010,"e":"N","vap":3020,"pvap":"   4,20","st":""},{"seq":24,"n":16003,"e":"N","vap":1737,"pvap":"   2,41","st":""},{"seq":15,"n":16006,"e":"N","vap":2294,"pvap":"   3,19","st":""},{"seq":3,"n":14007,"e":"N","vap":2747,"pvap":"   3,82","st":""},{"seq":17,"n":14013,"e":"N","vap":2169,"pvap":"   3,01","st":""},{"seq":2,"n":14014,"e":"N","vap":2929,"pvap":"   4,07","st":""},{"seq":4,"n":14002,"e":"N","vap":2639,"pvap":"   3,67","st":""},{"seq":19,"n":14012,"e":"N","vap":1954,"pvap":"   2,71","st":""},{"seq":14,"n":14008,"e":"N","vap":2306,"pvap":"   3,20","st":""},{"seq":6,"n":14004,"e":"N","vap":2484,"pvap":"   3,45","st":""},{"seq":23,"n":14011,"e":"N","vap":1791,"pvap":"   2,49","st":""},{"seq":28,"n":14015,"e":"N","vap":1381,"pvap":"   1,92","st":""},{"seq":8,"n":14010,"e":"N","vap":2456,"pvap":"   3,41","st":""},{"seq":16,"n":14006,"e":"N","vap":2230,"pvap":"   3,10","st":""},{"seq":26,"n":14009,"e":"N","vap":1696,"pvap":"   2,36","st":""},{"seq":9,"n":14001,"e":"N","vap":2391,"pvap":"   3,32","st":""},{"seq":5,"n":14003,"e":"N","vap":2583,"pvap":"   3,59","st":""},{"seq":11,"n":14005,"e":"N","vap":2347,"pvap":"   3,26","st":""}],"tpabr":"MU","cdabr":"75043","colig":[{"n":160000336449,"tvtn":29441,"tvtl":2010,"tvan":29441,"tval":2010,"vag":7},{"n":160000336447,"tvtn":34103,"tvtl":2069,"tvan":34103,"tval":2069,"vag":8}],"part":[{"n":16,"tvtn":29441,"tvtl":2010,"tvan":29441,"tval":2010},{"n":14,"tvtn":34103,"tvtl":2069,"tvan":34103,"tval":2069}]},{"dt":"13/10/2020","ht":"16:55:02","tf":"N","and":"P","s":252,"st":249,"pst":"  98,81","snt":3,"psnt":"3","si":249,"psi":"  98,81","sni":0,"psni":"   0,00","sa":249,"psa":" 100,00","sna":0,"psna":"   0,00","e":84541,"ea":84541,"pea":" 100,00","ena":0,"pena":"   0,00","esi":84541,"pesi":"  98,81","esni":0,"pesni":"   0,00","c":71983,"pc":"  85,15","a":12558,"pa":"  14,85","tv":71983,"vscv":0,"vb":2574,"pvb":"   3,58","tvn":1786,"ptvn":"   2,48","vn":1786,"pvn":" 100,00","vp":0,"pvp":"   0,00","vv":67623,"pvv":" 100,00","vl":4079,"pvl":"   6,03","van":0,"pvan":"   0,00","vansj":0,"pvansj":"   0,00","vnom":63544,"pvnom":"  93,97","cand":[{"seq":3,"n":14007,"e":"N","vap":2747,"pvap":"   3,82","st":""},{"seq":17,"n":14013,"e":"N","vap":2169,"pvap":"   3,01","st":""},{"seq":2,"n":14014,"e":"N","vap":2929,"pvap":"   4,07","st":""},{"seq":4,"n":14002,"e":"N","vap":2639,"pvap":"   3,67","st":""},{"seq":19,"n":14012,"e":"N","vap":1954,"pvap":"   2,71","st":""},{"seq":14,"n":14008,"e":"N","vap":2306,"pvap":"   3,20","st":""},{"seq":6,"n":14004,"e":"N","vap":2484,"pvap":"   3,45","st":""},{"seq":23,"n":14011,"e":"N","vap":1791,"pvap":"   2,49","st":""},{"seq":28,"n":14015,"e":"N","vap":1381,"pvap":"   1,92","st":""},{"seq":8,"n":14010,"e":"N","vap":2456,"pvap":"   3,41","st":""},{"seq":16,"n":14006,"e":"N","vap":2230,"pvap":"   3,10","st":""},{"seq":26,"n":14009,"e":"N","vap":1696,"pvap":"   2,36","st":""},{"seq":9,"n":14001,"e":"N","vap":2391,"pvap":"   3,32","st":""},{"seq":5,"n":14003,"e":"N","vap":2583,"pvap":"   3,59","st":""},{"seq":11,"n":14005,"e":"N","vap":2347,"pvap":"   3,26","st":""},{"seq":21,"n":16004,"e":"N","vap":1811,"pvap":"   2,52","st":""},{"seq":12,"n":16007,"e":"N","vap":2336,"pvap":"   3,25","st":""},{"seq":22,"n":16009,"e":"N","vap":1808,"pvap":"   2,51","st":""},{"seq":25,"n":16015,"e":"N","vap":1715,"pvap":"   2,38","st":""},{"seq":10,"n":16012,"e":"N","vap":2376,"pvap":"   3,30","st":""},{"seq":20,"n":16014,"e":"N","vap":1850,"pvap":"   2,57","st":""},{"seq":18,"n":16011,"e":"N","vap":2078,"pvap":"   2,89","st":""},{"seq":13,"n":16001,"e":"N","vap":2320,"pvap":"   3,22","st":""},{"seq":27,"n":16008,"e":"N","vap":1441,"pvap":"   2,00","st":""},{"seq":30,"n":16005,"e":"N","vap":859,"pvap":"   1,19","st":""},{"seq":29,"n":16013,"e":"N","vap":1320,"pvap":"   1,83","st":""},{"seq":7,"n":16002,"e":"N","vap":2476,"pvap":"   3,44","st":""},{"seq":1,"n":16010,"e":"N","vap":3020,"pvap":"   4,20","st":""},{"seq":24,"n":16003,"e":"N","vap":1737,"pvap":"   2,41","st":""},{"seq":15,"n":16006,"e":"N","vap":2294,"pvap":"   3,19","st":""}],"tpabr":"ZONA","cdabr":"188"}]}