{"ele":8707,"carper":13,"t":1,"f":"S","esae":"N","mnae":" ","dg":"13/10/2020","hg":"20:06:03","dv":"S","nadf":"pr75116-c0013-e008707-006-f","abr":[{"dt":"13/10/2020","ht":"16:55:02","tf":"N","and":"P","s":51,"st":3,"pst":"   5,88","snt":48,"psnt":"  94,12","si":3,"psi":"   5,88","sni":0,"psni":"   0,00","sa":3,"psa":" 100,00","sna":0,"psna":"   0,00","e":920,"ea":920,"pea":" 100,00","ena":0,"pena":"   0,00","esi":920,"pesi":"   5,88","esni":0,"pesni":"   0,00","c":31,"pc":"   3,37","a":889,"pa":"  96,63","tv":31,"vscv":0,"vb":0,"pvb":"   0,00","tvn":0,"ptvn":"   0,00","vn":0,"pvn":"   0,00","vnt":0,"pvnt":"   0,00","vp":0,"pvp":"   0,00","vv":31,"pvv":" 100,00","vl":0,"pvl":"   0,00","van":0,"pvan":"   0,00","vansj":0,"pvansj":"   0,00","vnom":31,"pvnom":" 100,00","cand":[{"seq":13,"n":23005,"e":"N","vap":1,"pvap":"   3,23","st":""},{"seq":3,"n":23008,"e":"N","vap":3,"pvap":"   9,68","st":""},{"seq":5,"n":23006,"e":"N","vap":2,"pvap":"   6,45","st":""},{"seq":1,"n":23001,"e":"N","vap":4,"pvap":"  12,90","st":""},{"seq":14,"n":23007,"e":"N","vap":1,"pvap":"   3,23","st":""},{"seq":6,"n":23003,"e":"N","vap":2,"pvap":"   6,45","st":""},{"seq":10,"n":23004,"e":"N","vap":2,"pvap":"   6,45","st":""},{"seq":12,"n":12005,"e":"N","vap":1,"pvap":"   3,23","st":""},{"seq":9,"n":12006,"e":"N","vap":2,"pvap":"   6,45","st":""},{"seq":11,"n":12008,"e":"N","vap":2,"pvap":"   6,45","st":""},{"seq":8,"n":12004,"e":"N","vap":2,"pvap":"   6,45","st":""},{"seq":7,"n":12001,"e":"N","vap":2,"pvap":"   6,45","st":""},{"seq":4,"n":12003,"e":"N","vap":3,"pvap":"   9,68","st":""},{"seq":2,"n":12009,"e":"N","vap":4,"pvap":"  12,90","st":""}],"tpabr":"MU","cdabr":"75116","colig":[{"n":160000330793,"tvtn":15,"tvtl":0,"tvan":15,"tval":0,"vag":7},{"n":160000330797,"tvtn":16,"tvtl":0,"tvan":16,"tval":0,"vag":7}],"part":[{"n":23,"tvtn":15,"tvtl":0,"tvan":15,"tval":0},{"n":12,"tvtn":16,"tvtl":0,"tvan":16,"tval":0}]},{"dt":"13/10/2020","ht":"16:55:02","tf":"N","and":"P","s":51,"st":3,"pst":"   5,88","snt":48,"psnt":"48","si":3,"psi":"   5,88","sni":0,"psni":"   0,00","sa":3,"psa":" 100,00","sna":0,"psna":"   0,00","e":920,"ea":920,"pea":" 100,00","ena":0,"pena":"   0,00","esi":920,"pesi":"   5,88","esni":0,"pesni":"   0,00","c":31,"pc":"   3,37","a":889,"pa":"  96,63","tv":31,"vscv":0,"vb":0,"pvb":"   0,00","tvn":0,"ptvn":"   0,00","vn":0,"pvn":"   0,00","vp":0,"pvp":"   0,00","vv":31,"pvv":" 100,00","vl":0,"pvl":"   0,00","van":0,"pvan":"   0,00","vansj":0,"pvansj":"   0,00","vnom":31,"pvnom":" 100,00","cand":[{"seq":12,"n":12005,"e":"N","vap":1,"pvap":"   3,23","st":""},{"seq":9,"n":12006,"e":"N","vap":2,"pvap":"   6,45","st":""},{"seq":11,"n":12008,"e":"N","vap":2,"pvap":"   6,45","st":""},{"seq":8,"n":12004,"e":"N","vap":2,"pvap":"   6,45","st":""},{"seq":7,"n":12001,"e":"N","vap":2,"pvap":"   6,45","st":""},{"seq":4,"n":12003,"e":"N","vap":3,"pvap":"   9,68","st":""},{"seq":2,"n":12009,"e":"N","vap":4,"pvap":"  12,90","st":""},{"seq":13,"n":23005,"e":"N","vap":1,"pvap":"   3,23","st":""},{"seq":3,"n":23008,"e":"N","vap":3,"pvap":"   9,68","st":""},{"seq":5,"n":23006,"e":"N","vap":2,"pvap":"   6,45","st":""},{"seq":1,"n":23001,"e":"N","vap":4,"pvap":"  12,90","st":""},{"seq":14,"n":23007,"e":"N","vap":1,"pvap":"   3,23","st":""},{"seq":6,"n":23003,"e":"N","vap":2,"pvap":"   6,45","st":""},{"seq":10,"n":23004,"e":"N","vap":2,"pvap":"   6,45","st":""}],"tpabr":"ZONA","cdabr":"168"}]}