{"ele":8707,"cdabr":"75159","nmabr":"COLORADO","t":1,"f":"S","s":"N","dg":"13/10/2020","hg":"20:03:40","v":"005","br":{"nm":"Brasil","uf":[{"sg":"PR","nm":"PARANÁ","mun":[{"cd":"75159","nm":"COLORADO","c":"N","s":57,"e":18843,"tzon":1,"zon":[{"cd":"0095","s":57,"e":18843}]}]}]},"carg":{"cd":13,"nmn":"Vereador","nmm":"Vereador","nmf":"Vereadora","nv":15,"col":[{"n":160000324431,"nm":"COLIGACAO 160000324431","tp":"P","com":"P14","par":[{"n":14,"sg":" P14 ","nm":"PARTIDO 14","cand":[{"sqcand":160002474620,"n":14005,"nm":"CANDIDATO 14005","nmu":"CANDIDATO 14005","s":"M","dt":"03/12/1929","dvt":"Válido"},{"sqcand":160002474616,"n":14001,"nm":"CANDIDATO 14001","nmu":"CANDIDATO 14001","s":"F","dt":"04/02/1923","dvt":"Válido"},{"sqcand":160002474617,"n":14002,"nm":"CANDIDATO 14002","nmu":"CANDIDATO 14002","s":"F","dt":"16/03/1957","dvt":"Válido"},{"sqcand":160002474622,"n":14007,"nm":"CANDIDATO 14007","nmu":"CANDIDATO 14007","s":"M","dt":"04/01/1924","dvt":"Válido"},{"sqcand":160002474623,"n":14008,"nm":"CANDIDATO 14008","nmu":"CANDIDATO 14008","s":"M","dt":"10/11/1923","dvt":"Válido"},{"sqcand":160002474630,"n":14015,"nm":"CANDIDATO 14015","nmu":"CANDIDATO 14015","s":"M","dt":"24/05/1979","dvt":"Válido"},{"sqcand":160002474618,"n":14003,"nm":"CANDIDATO 14003","nmu":"CANDIDATO 14003","s":"F","dt":"07/06/1929","dvt":"Válido"},{"sqcand":160002474621,"n":14006,"nm":"CANDIDATO 14006","nmu":"CANDIDATO 14006","s":"M","dt":"25/08/1922","dvt":"Válido"},{"sqcand":160002474629,"n":14014,"nm":"CANDIDATO 14014","nmu":"CANDIDATO 14014","s":"M","dt":"04/05/1929","dvt":"Válido"},{"sqcand":160002474626,"n":14011,"nm":"CANDIDATO 14011","nmu":"CANDIDATO 14011","s":"M","dt":"14/05/1965","dvt":"Válido"},{"sqcand":160002474625,"n":14010,"nm":"CANDIDATO 14010","nmu":"CANDIDATO 14010","s":"M","dt":"17/01/1970","dvt":"Válido"},{"sqcand":160002474627,"n":14012,"nm":"CANDIDATO 14012","nmu":"CANDIDATO 14012","s":"M","dt":"26/08/1962","dvt":"Válido"},{"sqcand":160002474619,"n":14004,"nm":"CANDIDATO 14004","nmu":"CANDIDATO 14004","s":"F","dt":"19/03/1922","dvt":"Válido"},{"sqcand":160002474628,"n":14013,"nm":"CANDIDATO 14013","nmu":"CANDIDATO 14013","s":"M","dt":"28/11/1929","dvt":"Válido"},{"sqcand":160002474624,"n":14009,"nm":"CANDIDATO 14009","nmu":"CANDIDATO 14009","s":"M","dt":"31/12/1929","dvt":"Válido"}]}]},{"n":160000324435,"nm":"COLIGACAO 160000324435","tp":"P","com":"P16","par":[{"n":16,"sg":" P16 ","nm":"PARTIDO 16","cand":[{"sqcand":160002474682,"n":16007,"nm":"CANDIDATO 16007","nmu":"CANDIDATO 16007","s":"M","dt":"19/09/1929","dvt":"Válido"},{"sqcand":160002474679,"n":16004,"nm":"CANDIDATO 16004","nmu":"CANDIDATO 16004","s":"F","dt":"15/10/1928","dvt":"Válido"},{"sqcand":160002474683,"n":16008,"nm":"CANDIDATO 16008","nmu":"CANDIDATO 16008","s":"M","dt":"25/09/1926","dvt":"Válido"},{"sqcand":160002474688,"n":16013,"nm":"CANDIDATO 16013","nmu":"CANDIDATO 16013","s":"M","dt":"21/12/1965","dvt":"Válido"},{"sqcand":160002474678,"n":16003,"nm":"CANDIDATO 16003","nmu":"CANDIDATO 16003","s":"F","dt":"28/09/1928","dvt":"Válido"},{"sqcand":160002474686,"n":16011,"nm":"CANDIDATO 16011","nmu":"CANDIDATO 16011","s":"M","dt":"05/02/1929","dvt":"Válido"},{"sqcand":160002474687,"n":16012,"nm":"CANDIDATO 16012","nmu":"CANDIDATO 16012","s":"M","dt":"08/10/1929","dvt":"Válido"},{"sqcand":160002474689,"n":16014,"nm":"CANDIDATO 16014","nmu":"CANDIDATO 16014","s":"M","dt":"04/04/1929","dvt":"Válido"},{"sqcand":160002474680,"n":16005,"nm":"CANDIDATO 16005","nmu":"CANDIDATO 16005","s":"M","dt":"09/02/1974","dvt":"Válido"},{"sqcand":160002474677,"n":16002,"nm":"CANDIDATO 16002","nmu":"CANDIDATO 16002","s":"F","dt":"29/07/1924","dvt":"Válido"},{"sqcand":160002474684,"n":16009,"nm":"CANDIDATO 16009","nmu":"CANDIDATO 16009","s":"M","dt":"17/08/1963","dvt":"Válido"},{"sqcand":160002474690,"n":16015,"nm":"CANDIDATO 16015","nmu":"CANDIDATO 16015","s":"M","dt":"07/08/1929","dvt":"Válido"},{"sqcand":160002474676,"n":16001,"nm":"CANDIDATO 16001","nmu":"CANDIDATO 16001","s":"F","dt":"23/07/1929","dvt":"Válido"},{"sqcand":160002474681,"n":16006,"nm":"CANDIDATO 16006","nmu":"CANDIDATO 16006","s":"M","dt":"21/10/1927","dvt":"Válido"},{"sqcand":160002474685,"n":16010,"nm":"CANDIDATO 16010","nmu":"CANDIDATO 16010","s":"M","dt":"07/01/1974","dvt":"Válido"}]}]}]}}