{"ele":8707,"cdabr":"75116","nmabr":"MANGUEIRINHA","t":1,"f":"S","s":"N","dg":"13/10/2020","hg":"20:03:36","v":"005","br":{"nm":"Brasil","uf":[{"sg":"PR","nm":"PARANÁ","mun":[{"cd":"75116","nm":"MANGUEIRINHA","c":"N","s":51,"e":12639,"tzon":1,"zon":[{"cd":"0168","s":51,"e":12639}]}]}]},"carg":{"cd":13,"nmn":"Vereador","nmm":"Vereador","nmf":"Vereadora","nv":15,"col":[{"n":160000330793,"nm":"COLIGACAO 160000330793","tp":"P","com":"P23","par":[{"n":23,"sg":" P23 ","nm":"PARTIDO 23","cand":[{"sqcand":160002497186,"n":23001,"nm":"CANDIDATO 23001","nmu":"CANDIDATO 23001","s":"F","dt":"18/09/1929","dvt":"Válido"},{"sqcand":160002497193,"n":23008,"nm":"CANDIDATO 23008","nmu":"CANDIDATO 23008","s":"M","dt":"10/08/1925","dvt":"Válido"},{"sqcand":160002497220,"n":23015,"nm":"CANDIDATO 23015","nmu":"CANDIDATO 23015","s":"M","dt":"02/03/1929","dvt":"Válido"},{"sqcand":160002497190,"n":23005,"nm":"CANDIDATO 23005","nmu":"CANDIDATO 23005","s":"M","dt":"15/08/1929","dvt":"Válido"},{"sqcand":160002497197,"n":23012,"nm":"CANDIDATO 23012","nmu":"CANDIDATO 23012","s":"M","dt":"16/03/1925","dvt":"Válido"},{"sqcand":160002497187,"n":23002,"nm":"CANDIDATO 23002","nmu":"CANDIDATO 23002","s":"F","dt":"18/04/1928","dvt":"Válido"},{"sqcand":160002497194,"n":23009,"nm":"CANDIDATO 23009","nmu":"CANDIDATO 23009","s":"M","dt":"18/02/1929","dvt":"Válido"},{"sqcand":160002497188,"n":23003,"nm":"CANDIDATO 23003","nmu":"CANDIDATO 23003","s":"F","dt":"10/05/1924","dvt":"Válido"},{"sqcand":160002497195,"n":23010,"nm":"CANDIDATO 23010","nmu":"CANDIDATO 23010","s":"M","dt":"08/03/1928","dvt":"Válido"},{"sqcand":160002497219,"n":23014,"nm":"CANDIDATO 23014","nmu":"CANDIDATO 23014","s":"M","dt":"22/08/1929","dvt":"Válido"},{"sqcand":160002497192,"n":23007,"nm":"CANDIDATO 23007","nmu":"CANDIDATO 23007","s":"M","dt":"12/02/1951","dvt":"Válido"},{"sqcand":160002497196,"n":23011,"nm":"CANDIDATO 23011","nmu":"CANDIDATO 23011","s":"M","dt":"25/11/1929","dvt":"Válido"},{"sqcand":160002497218,"n":23013,"nm":"CANDIDATO 23013","nmu":"CANDIDATO 23013","s":"M","dt":"21/05/1924","dvt":"Válido"},{"sqcand":160002497189,"n":23004,"nm":"CANDIDATO 23004","nmu":"CANDIDATO 23004","s":"F","dt":"27/08/1966","dvt":"Válido"},{"sqcand":160002497191,"n":23006,"nm":"CANDIDATO 23006","nmu":"CANDIDATO 23006","s":"M","dt":"15/01/1924","dvt":"Válido"}]}]},{"n":160000330797,"nm":"COLIGACAO 160000330797","tp":"P","com":"P12","par":[{"n":12,"sg":" P12 ","nm":"PARTIDO 12","cand":[{"sqcand":160002497240,"n":12001,"nm":"CANDIDATO 12001","nmu":"CANDIDATO 12001","s":"F","dt":"02/06/1928","dvt":"Válido"},{"sqcand":160002497253,"n":12014,"nm":"CANDIDATO 12014","nmu":"CANDIDATO 12014","s":"M","dt":"26/08/1926","dvt":"Válido"},{"sqcand":160002497243,"n":12004,"nm":"CANDIDATO 12004","nmu":"CANDIDATO 12004","s":"F","dt":"28/02/1929","dvt":"Válido"},{"sqcand":160002497252,"n":12013,"nm":"CANDIDATO 12013","nmu":"CANDIDATO 12013","s":"M","dt":"05/01/1924","dvt":"Válido"},{"sqcand":160002497241,"n":12002,"nm":"CANDIDATO 12002","nmu":"CANDIDATO 12002","s":"F","dt":"11/09/1922","dvt":"Válido"},{"sqcand":160002497245,"n":12006,"nm":"CANDIDATO 12006","nmu":"CANDIDATO 12006","s":"M","dt":"10/07/1929","dvt":"Válido"},{"sqcand":160002497244,"n":12005,"nm":"CANDIDATO 12005","nmu":"CANDIDATO 12005","s":"M","dt":"26/07/1929","dvt":"Válido"},{"sqcand":160002497242,"n":12003,"nm":"CANDIDATO 12003","nmu":"CANDIDATO 12003","s":"F","dt":"07/02/1926","dvt":"Válido"},{"sqcand":160002497248,"n":12009,"nm":"CANDIDATO 12009","nmu":"CANDIDATO 12009","s":"M","dt":"12/03/1978","dvt":"Válido"},{"sqcand":160002497250,"n":12011,"nm":"CANDIDATO 12011","nmu":"CANDIDATO 12011","s":"M","dt":"22/09/1929","dvt":"Válido"},{"sqcand":160002497251,"n":12012,"nm":"CANDIDATO 12012","nmu":"CANDIDATO 12012","s":"M","dt":"20/05/1928","dvt":"Válido"},{"sqcand":160002497254,"n":12015,"nm":"CANDIDATO 12015","nmu":"CANDIDATO 12015","s":"M","dt":"04/02/1973","dvt":"Válido"},{"sqcand":160002497246,"n":12007,"nm":"CANDIDATO 12007","nmu":"CANDIDATO 12007","s":"M","dt":"22/07/1929","dvt":"Válido"},{"sqcand":160002497247,"n":12008,"nm":"CANDIDATO 12008","nmu":"CANDIDATO 12008","s":"M","dt":"27/05/1998","dvt":"Válido"},{"sqcand":160002497249,"n":12010,"nm":"CANDIDATO 12010","nmu":"CANDIDATO 12010","s":"M","dt":"08/10/1928","dvt":"Válido"}]}]}]}}