{"ele":8707,"cdabr":"75183","nmabr":"CAMPINA DO SIMÃO","t":1,"f":"S","s":"N","dg":"13/10/2020","hg":"20:03:45","v":"005","br":{"nm":"Brasil","uf":[{"sg":"PR","nm":"PARANÁ","mun":[{"cd":"75183","nm":"CAMPINA DO SIMÃO","c":"N","s":12,"e":3331,"tzon":1,"zon":[{"cd":"0044","s":12,"e":3331}]}]}]},"carg":{"cd":13,"nmn":"Vereador","nmm":"Vereador","nmf":"Vereadora","nv":15,"col":[{"n":160000328965,"nm":"COLIGACAO 160000328965","tp":"P","com":"P14","par":[{"n":14,"sg":" P14 ","nm":"PARTIDO 14","cand":[{"sqcand":160002488286,"n":14010,"nm":"CANDIDATO 14010","nmu":"CANDIDATO 14010","s":"M","dt":"28/06/1929","dvt":"Válido"},{"sqcand":160002488287,"n":14011,"nm":"CANDIDATO 14011","nmu":"CANDIDATO 14011","s":"M","dt":"17/06/1929","dvt":"Válido"},{"sqcand":160002488291,"n":14015,"nm":"CANDIDATO 14015","nmu":"CANDIDATO 14015","s":"M","dt":"15/07/1929","dvt":"Válido"},{"sqcand":160002488280,"n":14004,"nm":"CANDIDATO 14004","nmu":"CANDIDATO 14004","s":"F","dt":"02/04/1929","dvt":"Válido"},{"sqcand":160002488282,"n":14006,"nm":"CANDIDATO 14006","nmu":"CANDIDATO 14006","s":"M","dt":"06/11/1927","dvt":"Válido"},{"sqcand":160002488283,"n":14007,"nm":"CANDIDATO 14007","nmu":"CANDIDATO 14007","s":"M","dt":"18/01/1929","dvt":"Válido"},{"sqcand":160002488257,"n":14001,"nm":"CANDIDATO 14001","nmu":"CANDIDATO 14001","s":"F","dt":"24/12/1925","dvt":"Válido"},{"sqcand":160002488278,"n":14002,"nm":"CANDIDATO 14002","nmu":"CANDIDATO 14002","s":"F","dt":"28/09/1929","dvt":"Válido"},{"sqcand":160002488279,"n":14003,"nm":"CANDIDATO 14003","nmu":"CANDIDATO 14003","s":"F","dt":"10/04/1928","dvt":"Válido"},{"sqcand":160002488281,"n":14005,"nm":"CANDIDATO 14005","nmu":"CANDIDATO 14005","s":"M","dt":"08/07/1929","dvt":"Válido"},{"sqcand":160002488285,"n":14009,"nm":"CANDIDATO 14009","nmu":"CANDIDATO 14009","s":"M","dt":"06/10/1926","dvt":"Válido"},{"sqcand":160002488284,"n":14008,"nm":"CANDIDATO 14008","nmu":"CANDIDATO 14008","s":"M","dt":"12/09/1992","dvt":"Válido"},{"sqcand":160002488289,"n":14013,"nm":"CANDIDATO 14013","nmu":"CANDIDATO 14013","s":"M","dt":"19/11/1929","dvt":"Válido"},{"sqcand":160002488288,"n":14012,"nm":"CANDIDATO 14012","nmu":"CANDIDATO 14012","s":"M","dt":"12/05/1927","dvt":"Válido"},{"sqcand":160002488290,"n":14014,"nm":"CANDIDATO 14014","nmu":"CANDIDATO 14014","s":"M","dt":"22/11/1926","dvt":"Válido"}]}]},{"n":160000328967,"nm":"COLIGACAO 160000328967","tp":"P","com":"P16","par":[{"n":16,"sg":" P16 ","nm":"PARTIDO 16","cand":[{"sqcand":160002488311,"n":16005,"nm":"CANDIDATO 16005","nmu":"CANDIDATO 16005","s":"M","dt":"16/07/1929","dvt":"Válido"},{"sqcand":160002488314,"n":16008,"nm":"CANDIDATO 16008","nmu":"CANDIDATO 16008","s":"M","dt":"29/01/1929","dvt":"Válido"},{"sqcand":160002488318,"n":16012,"nm":"CANDIDATO 16012","nmu":"CANDIDATO 16012","s":"M","dt":"25/03/1968","dvt":"Válido"},{"sqcand":160002488307,"n":16001,"nm":"CANDIDATO 16001","nmu":"CANDIDATO 16001","s":"F","dt":"17/02/1929","dvt":"Válido"},{"sqcand":160002488313,"n":16007,"nm":"CANDIDATO 16007","nmu":"CANDIDATO 16007","s":"M","dt":"28/01/1929","dvt":"Válido"},{"sqcand":160002488315,"n":16009,"nm":"CANDIDATO 16009","nmu":"CANDIDATO 16009","s":"M","dt":"06/04/1921","dvt":"Válido"},{"sqcand":160002488316,"n":16010,"nm":"CANDIDATO 16010","nmu":"CANDIDATO 16010","s":"M","dt":"29/08/1929","dvt":"Válido"},{"sqcand":160002488320,"n":16014,"nm":"CANDIDATO 16014","nmu":"CANDIDATO 16014","s":"M","dt":"20/01/1928","dvt":"Válido"},{"sqcand":160002488310,"n":16004,"nm":"CANDIDATO 16004","nmu":"CANDIDATO 16004","s":"F","dt":"11/10/1929","dvt":"Válido"},{"sqcand":160002488308,"n":16002,"nm":"CANDIDATO 16002","nmu":"CANDIDATO 16002","s":"F","dt":"08/10/1928","dvt":"Válido"},{"sqcand":160002488321,"n":16015,"nm":"CANDIDATO 16015","nmu":"CANDIDATO 16015","s":"M","dt":"20/06/1929","dvt":"Válido"},{"sqcand":160002488312,"n":16006,"nm":"CANDIDATO 16006","nmu":"CANDIDATO 16006","s":"M","dt":"26/03/1984","dvt":"Válido"},{"sqcand":160002488319,"n":16013,"nm":"CANDIDATO 16013","nmu":"CANDIDATO 16013","s":"M","dt":"15/04/1929","dvt":"Válido"},{"sqcand":160002488309,"n":16003,"nm":"CANDIDATO 16003","nmu":"CANDIDATO 16003","s":"F","dt":"20/11/1929","dvt":"Válido"},{"sqcand":160002488317,"n":16011,"nm":"CANDIDATO 16011","nmu":"CANDIDATO 16011","s":"M","dt":"10/06/1926","dvt":"Válido"}]}]}]}}