{"ele":8707,"cdabr":"75132","nmabr":"COLOMBO","t":1,"f":"S","s":"N","dg":"13/10/2020","hg":"20:03:36","v":"005","br":{"nm":"Brasil","uf":[{"sg":"PR","nm":"PARANÁ","mun":[{"cd":"75132","nm":"COLOMBO","c":"N","s":450,"e":142328,"tzon":2,"zon":[{"cd":"0049","s":220,"e":70125},{"cd":"0186","s":230,"e":72203}]}]}]},"carg":{"cd":11,"nmn":"Prefeito","nmm":"Prefeito","nmf":"Prefeita","nv":1,"col":[{"n":160000329137,"nm":"COLIGACAO 160000329137","tp":"P","com":"P16","par":[{"n":16,"sg":" P16 ","nm":"PARTIDO 16","cand":[{"sqcand":160002489132,"n":16,"nm":"CANDIDATO 16","nmu":"CANDIDATO 16","s":"M","dt":"12/08/1968","dvt":"Válido","vs":[{"sqcand":160002489133,"nm":"CANDIDATO 16 1","nmu":"CANDIDATO 16 1","tp":"V","sgp":"P16"}]}]}]},{"n":160000329136,"nm":"COLIGACAO 160000329136","tp":"P","com":"P14","par":[{"n":14,"sg":" P14 ","nm":"PARTIDO 14","cand":[{"sqcand":160002489130,"n":14,"nm":"CANDIDATO 14","nmu":"CANDIDATO 14","s":"M","dt":"08/04/1929","dvt":"Válido","vs":[{"sqcand":160002489131,"nm":"CANDIDATO 14 1","nmu":"CANDIDATO 14 1","tp":"V","sgp":"P14"}]}]}]}]}}