{"ele":8707,"carper":13,"t":1,"f":"S","esae":"N","mnae":" ","dg":"13/10/2020","hg":"20:06:04","dv":"S","nadf":"pr75140-c0013-e008707-006-f","abr":[{"dt":"13/10/2020","ht":"18:40:03","tf":"N","and":"P","s":22,"st":22,"pst":" 100,00","snt":0,"psnt":"   0,00","si":22,"psi":" 100,00","sni":0,"psni":"   0,00","sa":22,"psa":" 100,00","sna":0,"psna":"   0,00","e":4864,"ea":4864,"pea":" 100,00","ena":0,"pena":"   0,00","esi":4864,"pesi":" 100,00","esni":0,"pesni":"   0,00","c":4144,"pc":"  85,20","a":720,"pa":"  14,80","tv":4144,"vscv":0,"vb":208,"pvb":"   5,02","tvn":37,"ptvn":"   0,89","vn":37,"pvn":" 100,00","vnt":0,"pvnt":"   0,00","vp":0,"pvp":"   0,00","vv":3899,"pvv":" 100,00","vl":281,"pvl":"   7,21","van":0,"pvan":"   0,00","vansj":0,"pvansj":"   0,00","vnom":3618,"pvnom":"  92,79","cand":[{"seq":9,"n":16004,"e":"N","vap":164,"pvap":"   3,96","st":""},{"seq":16,"n":16007,"e":"N","vap":106,"pvap":"   2,56","st":""},{"seq":13,"n":16009,"e":"N","vap":122,"pvap":"   2,94","st":""},{"seq":5,"n":16015,"e":"N","vap":197,"pvap":"   4,75","st":""},{"seq":14,"n":16012,"e":"N","vap":113,"pvap":"   2,73","st":""},{"seq":30,"n":16014,"e":"N","vap":26,"pvap":"   0,63","st":""},{"seq":8,"n":16011,"e":"N","vap":182,"pvap":"   4,39","st":""},{"seq":11,"n":16008,"e":"N","vap":149,"pvap":"   3,60","st":""},{"seq":22,"n":16001,"e":"N","vap":50,"pvap":"   1,21","st":""},{"seq":29,"n":16002,"e":"N","vap":29,"pvap":"   0,70","st":""},{"seq":1,"n":16013,"e":"N","vap":322,"pvap":"   7,77","st":""},{"seq":12,"n":16005,"e":"N","vap":123,"pvap":"   2,97","st":""},{"seq":4,"n":16010,"e":"N","vap":217,"pvap":"   5,24","st":""},{"seq":7,"n":16003,"e":"N","vap":194,"pvap":"   4,68","st":""},{"seq":20,"n":16006,"e":"N","vap":64,"pvap":"   1,54","st":""},{"seq":25,"n":14014,"e":"N","vap":36,"pvap":"   0,87","st":""},{"seq":21,"n":14007,"e":"N","vap":63,"pvap":"   1,52","st":""},{"seq":17,"n":14013,"e":"N","vap":87,"pvap":"   2,10","st":""},{"seq":3,"n":14002,"e":"N","vap":257,"pvap":"   6,20","st":""},{"seq":15,"n":14008,"e":"N","vap":113,"pvap":"   2,73","st":""},{"seq":28,"n":14004,"e":"N","vap":30,"pvap":"   0,72","st":""},{"seq":10,"n":14012,"e":"N","vap":155,"pvap":"   3,74","st":""},{"seq":23,"n":14011,"e":"N","vap":43,"pvap":"   1,04","st":""},{"seq":24,"n":14015,"e":"N","vap":39,"pvap":"   0,94","st":""},{"seq":18,"n":14010,"e":"N","vap":85,"pvap":"   2,05","st":""},{"seq":6,"n":14009,"e":"N","vap":195,"pvap":"   4,71","st":""},{"seq":2,"n":14006,"e":"N","vap":313,"pvap":"   7,55","st":""},{"seq":26,"n":14001,"e":"N","vap":34,"pvap":"   0,82","st":""},{"seq":27,"n":14005,"e":"N","vap":32,"pvap":"   0,77","st":""},{"seq":19,"n":14003,"e":"N","vap":78,"pvap":"   1,88","st":""}],"tpabr":"MU","cdabr":"75140","colig":[{"n":160000323341,"tvtn":2058,"tvtl":250,"tvan":2058,"tval":250,"vag":9},{"n":160000323337,"tvtn":1560,"tvtl":31,"tvan":1560,"tval":31,"vag":6}],"part":[{"n":16,"tvtn":2058,"tvtl":250,"tvan":2058,"tval":250},{"n":14,"tvtn":1560,"tvtl":31,"tvan":1560,"tval":31}]},{"dt":"13/10/2020","ht":"18:40:03","tf":"N","and":"P","s":22,"st":22,"pst":" 100,00","snt":0,"psnt":"0","si":22,"psi":" 100,00","sni":0,"psni":"   0,00","sa":22,"psa":" 100,00","sna":0,"psna":"   0,00","e":4864,"ea":4864,"pea":" 100,00","ena":0,"pena":"   0,00","esi":4864,"pesi":" 100,00","esni":0,"pesni":"   0,00","c":4144,"pc":"  85,20","a":720,"pa":"  14,80","tv":4144,"vscv":0,"vb":208,"pvb":"   5,02","tvn":37,"ptvn":"   0,89","vn":37,"pvn":" 100,00","vp":0,"pvp":"   0,00","vv":3899,"pvv":" 100,00","vl":281,"pvl":"   7,21","van":0,"pvan":"   0,00","vansj":0,"pvansj":"   0,00","vnom":3618,"pvnom":"  92,79","cand":[{"seq":25,"n":14014,"e":"N","vap":36,"pvap":"   0,87","st":""},{"seq":21,"n":14007,"e":"N","vap":63,"pvap":"   1,52","st":""},{"seq":17,"n":14013,"e":"N","vap":87,"pvap":"   2,10","st":""},{"seq":3,"n":14002,"e":"N","vap":257,"pvap":"   6,20","st":""},{"seq":15,"n":14008,"e":"N","vap":113,"pvap":"   2,73","st":""},{"seq":28,"n":14004,"e":"N","vap":30,"pvap":"   0,72","st":""},{"seq":10,"n":14012,"e":"N","vap":155,"pvap":"   3,74","st":""},{"seq":23,"n":14011,"e":"N","vap":43,"pvap":"   1,04","st":""},{"seq":24,"n":14015,"e":"N","vap":39,"pvap":"   0,94","st":""},{"seq":18,"n":14010,"e":"N","vap":85,"pvap":"   2,05","st":""},{"seq":6,"n":14009,"e":"N","vap":195,"pvap":"   4,71","st":""},{"seq":2,"n":14006,"e":"N","vap":313,"pvap":"   7,55","st":""},{"seq":26,"n":14001,"e":"N","vap":34,"pvap":"   0,82","st":""},{"seq":27,"n":14005,"e":"N","vap":32,"pvap":"   0,77","st":""},{"seq":19,"n":14003,"e":"N","vap":78,"pvap":"   1,88","st":""},{"seq":9,"n":16004,"e":"N","vap":164,"pvap":"   3,96","st":""},{"seq":16,"n":16007,"e":"N","vap":106,"pvap":"   2,56","st":""},{"seq":13,"n":16009,"e":"N","vap":122,"pvap":"   2,94","st":""},{"seq":5,"n":16015,"e":"N","vap":197,"pvap":"   4,75","st":""},{"seq":14,"n":16012,"e":"N","vap":113,"pvap":"   2,73","st":""},{"seq":30,"n":16014,"e":"N","vap":26,"pvap":"   0,63","st":""},{"seq":8,"n":16011,"e":"N","vap":182,"pvap":"   4,39","st":""},{"seq":11,"n":16008,"e":"N","vap":149,"pvap":"   3,60","st":""},{"seq":22,"n":16001,"e":"N","vap":50,"pvap":"   1,21","st":""},{"seq":29,"n":16002,"e":"N","vap":29,"pvap":"   0,70","st":""},{"seq":1,"n":16013,"e":"N","vap":322,"pvap":"   7,77","st":""},{"seq":12,"n":16005,"e":"N","vap":123,"pvap":"   2,97","st":""},{"seq":4,"n":16010,"e":"N","vap":217,"pvap":"   5,24","st":""},{"seq":7,"n":16003,"e":"N","vap":194,"pvap":"   4,68","st":""},{"seq":20,"n":16006,"e":"N","vap":64,"pvap":"   1,54","st":""}],"tpabr":"ZONA","cdabr":"38"}]}