{"ele":8707,"cdabr":"75027","nmabr":"NOVA ESPERANÇA DO SUDOESTE","t":1,"f":"S","s":"N","dg":"13/10/2020","hg":"20:03:36","v":"005","br":{"nm":"Brasil","uf":[{"sg":"PR","nm":"PARANÁ","mun":[{"cd":"75027","nm":"NOVA ESPERANÇA DO SUDOESTE","c":"N","s":17,"e":4441,"tzon":1,"zon":[{"cd":"0162","s":17,"e":4441}]}]}]},"carg":{"cd":13,"nmn":"Vereador","nmm":"Vereador","nmf":"Vereadora","nv":15,"col":[{"n":160000330549,"nm":"COLIGACAO 160000330549","tp":"P","com":"P16","par":[{"n":16,"sg":" P16 ","nm":"PARTIDO 16","cand":[{"sqcand":160002495915,"n":16012,"nm":"CANDIDATO 16012","nmu":"CANDIDATO 16012","s":"M","dt":"10/04/1946","dvt":"Válido"},{"sqcand":160002495918,"n":16015,"nm":"CANDIDATO 16015","nmu":"CANDIDATO 16015","s":"M","dt":"10/04/1929","dvt":"Válido"},{"sqcand":160002495910,"n":16007,"nm":"CANDIDATO 16007","nmu":"CANDIDATO 16007","s":"M","dt":"25/07/1929","dvt":"Válido"},{"sqcand":160002495904,"n":16001,"nm":"CANDIDATO 16001","nmu":"CANDIDATO 16001","s":"F","dt":"03/12/1929","dvt":"Válido"},{"sqcand":160002495908,"n":16005,"nm":"CANDIDATO 16005","nmu":"CANDIDATO 16005","s":"M","dt":"20/08/1974","dvt":"Válido"},{"sqcand":160002495911,"n":16008,"nm":"CANDIDATO 16008","nmu":"CANDIDATO 16008","s":"M","dt":"08/04/1997","dvt":"Válido"},{"sqcand":160002495907,"n":16004,"nm":"CANDIDATO 16004","nmu":"CANDIDATO 16004","s":"F","dt":"02/04/1929","dvt":"Válido"},{"sqcand":160002495912,"n":16009,"nm":"CANDIDATO 16009","nmu":"CANDIDATO 16009","s":"M","dt":"25/06/1963","dvt":"Válido"},{"sqcand":160002495914,"n":16011,"nm":"CANDIDATO 16011","nmu":"CANDIDATO 16011","s":"M","dt":"15/02/1981","dvt":"Válido"},{"sqcand":160002495917,"n":16014,"nm":"CANDIDATO 16014","nmu":"CANDIDATO 16014","s":"M","dt":"08/02/1929","dvt":"Válido"},{"sqcand":160002495905,"n":16002,"nm":"CANDIDATO 16002","nmu":"CANDIDATO 16002","s":"F","dt":"26/01/1929","dvt":"Válido"},{"sqcand":160002495906,"n":16003,"nm":"CANDIDATO 16003","nmu":"CANDIDATO 16003","s":"F","dt":"02/04/1929","dvt":"Válido"},{"sqcand":160002495913,"n":16010,"nm":"CANDIDATO 16010","nmu":"CANDIDATO 16010","s":"M","dt":"17/02/1982","dvt":"Válido"},{"sqcand":160002495916,"n":16013,"nm":"CANDIDATO 16013","nmu":"CANDIDATO 16013","s":"M","dt":"11/09/1925","dvt":"Válido"},{"sqcand":160002495909,"n":16006,"nm":"CANDIDATO 16006","nmu":"CANDIDATO 16006","s":"M","dt":"01/04/1929","dvt":"Válido"}]}]},{"n":160000330543,"nm":"COLIGACAO 160000330543","tp":"P","com":"P14","par":[{"n":14,"sg":" P14 ","nm":"PARTIDO 14","cand":[{"sqcand":160002495817,"n":14005,"nm":"CANDIDATO 14005","nmu":"CANDIDATO 14005","s":"M","dt":"10/08/1929","dvt":"Válido"},{"sqcand":160002495839,"n":14007,"nm":"CANDIDATO 14007","nmu":"CANDIDATO 14007","s":"M","dt":"04/10/1929","dvt":"Válido"},{"sqcand":160002495816,"n":14004,"nm":"CANDIDATO 14004","nmu":"CANDIDATO 14004","s":"F","dt":"19/01/1929","dvt":"Válido"},{"sqcand":160002495838,"n":14006,"nm":"CANDIDATO 14006","nmu":"CANDIDATO 14006","s":"M","dt":"27/04/1929","dvt":"Válido"},{"sqcand":160002495815,"n":14003,"nm":"CANDIDATO 14003","nmu":"CANDIDATO 14003","s":"F","dt":"10/08/1929","dvt":"Válido"},{"sqcand":160002495846,"n":14014,"nm":"CANDIDATO 14014","nmu":"CANDIDATO 14014","s":"M","dt":"18/01/1974","dvt":"Válido"},{"sqcand":160002495845,"n":14013,"nm":"CANDIDATO 14013","nmu":"CANDIDATO 14013","s":"M","dt":"30/04/1962","dvt":"Válido"},{"sqcand":160002495843,"n":14011,"nm":"CANDIDATO 14011","nmu":"CANDIDATO 14011","s":"M","dt":"29/07/1929","dvt":"Válido"},{"sqcand":160002495841,"n":14009,"nm":"CANDIDATO 14009","nmu":"CANDIDATO 14009","s":"M","dt":"15/06/1923","dvt":"Válido"},{"sqcand":160002495847,"n":14015,"nm":"CANDIDATO 14015","nmu":"CANDIDATO 14015","s":"M","dt":"28/06/1992","dvt":"Válido"},{"sqcand":160002495813,"n":14001,"nm":"CANDIDATO 14001","nmu":"CANDIDATO 14001","s":"F","dt":"11/08/1928","dvt":"Válido"},{"sqcand":160002495840,"n":14008,"nm":"CANDIDATO 14008","nmu":"CANDIDATO 14008","s":"M","dt":"10/05/1929","dvt":"Válido"},{"sqcand":160002495842,"n":14010,"nm":"CANDIDATO 14010","nmu":"CANDIDATO 14010","s":"M","dt":"07/01/1974","dvt":"Válido"},{"sqcand":160002495844,"n":14012,"nm":"CANDIDATO 14012","nmu":"CANDIDATO 14012","s":"M","dt":"15/10/1922","dvt":"Válido"},{"sqcand":160002495814,"n":14002,"nm":"CANDIDATO 14002","nmu":"CANDIDATO 14002","s":"F","dt":"24/03/1929","dvt":"Válido"}]}]}]}}