{"ele":8707,"cdabr":"75043","nmabr":"PINHAIS","t":1,"f":"S","dg":"13/10/2020","hg":"20:03:52","car":{"cd":11,"nm":"Prefeito","scv":"N","cand":[{"n":14,"nmu":"CANDIDATO 14","c":"#a9a9a9","sgp":"P14","ap":[{"dataHoraApuracao":"13/10/2020 16:50:00","da":"13/10/2020","ha":"16:50:00","vap":12973,"tvap":28306,"pvap":"45,83"},{"dataHoraApuracao":"13/10/2020 16:51:00","da":"13/10/2020","ha":"16:51:00","vap":17886,"tvap":37636,"pvap":"47,52"}]},{"n":16,"nmu":"CANDIDATO 16","c":"#a9a9a9","sgp":"P16","ap":[{"dataHoraApuracao":"13/10/2020 16:50:00","da":"13/10/2020","ha":"16:50:00","vap":15333,"tvap":28306,"pvap":"54,16"},{"dataHoraApuracao":"13/10/2020 16:51:00","da":"13/10/2020","ha":"16:51:00","vap":19750,"tvap":37636,"pvap":"52,47"}]}]}}