{"ele":8707,"cdabr":"75000","nmabr":"ITAIPULÂNDIA","t":1,"f":"S","dg":"13/10/2020","hg":"20:04:00","car":{"cd":11,"nm":"Prefeito","scv":"N","cand":[{"n":14,"nmu":"CANDIDATO 14","c":"#a9a9a9","sgp":"P14","ap":[{"dataHoraApuracao":"13/10/2020 16:50:00","da":"13/10/2020","ha":"16:50:00","vap":1650,"tvap":3714,"pvap":"44,42"}]},{"n":16,"nmu":"CANDIDATO 16","c":"#a9a9a9","sgp":"P16","ap":[{"dataHoraApuracao":"13/10/2020 16:50:00","da":"13/10/2020","ha":"16:50:00","vap":2064,"tvap":3714,"pvap":"55,57"}]}]}}