{ "ele" : "426", "tpabr" : "mu", "cdabr" : "76678", "carper" : "11", "t" : "1", "f" : "o", "dt" : "07\/11\/2020", "ht" : "02:10:07", "dv" : "s", "tf" : "n", "v" : "1", "esae" : "n", "mnae" : "", "s" : "983", "st" : "0", "pst" : "   0,00", "snt" : "983", "psnt" : " 100,00", "si" : "0", "psi" : "   0,00", "sni" : "0", "psni" : "   0,00", "sa" : "0", "psa" : "   0,00", "sna" : "0", "psna" : "   0,00", "e" : "376073", "ea" : "0", "pea" : "   0,00", "ena" : "0", "pena" : "   0,00", "esi" : "0", "pesi" : "   0,00", "esni" : "0", "pesni" : "   0,00", "c" : "0", "pc" : "   0,00", "a" : "0", "pa" : "   0,00", "vscv" : "0", "vnom" : "0", "pvnom" : "00,00", "vvc" : "0", "pvvc" : "00,00", "vb" : "0", "pvb" : "00,00", "tvn" : "0", "ptvn" : "00,00", "vn" : "0", "pvn" : "00,00", "vnt" : "0", "pvnt" : "00,00", "vp" : "0", "pvp" : "00,00", "vv" : "0", "pvv" : "00,00", "van" : "0", "pvan" : "00,00", "vansj" : "0", "pvansj" : "00,00", "tv" : "0", "cand" : [ 
{ "seq" : "5", "sqcand" : "160000968346", "n" : "15", "nm" : "DELEGADO ÁGUILA MISUTA", "cc" : "MDB - MDB \/ DC \/ PMB \/ PMN", "nv" : "LEANDRO JATTE", "e" : "n", "st" : "", "dvt" : "Válido", "vap" : "0", "pvap" : "00.00" }, 
{ "seq" : "4", "sqcand" : "160001179787", "n" : "13", "nm" : "CARLOS SCALASSARA", "cc" : "PT", "nv" : "ISABEL DINIZ", "e" : "n", "st" : "", "dvt" : "Válido", "vap" : "0", "pvap" : "00.00" }, 
{ "seq" : "10", "sqcand" : "160001086142", "n" : "40", "nm" : "TIAGO AMARAL", "cc" : "PSB - PSB \/ PSC \/ DEM \/ PSD", "nv" : "PROCHET", "e" : "n", "st" : "", "dvt" : "Válido", "vap" : "0", "pvap" : "00.00" }, 
{ "seq" : "1", "sqcand" : "160001095888", "n" : "43", "nm" : "ALVARO LOUREIRO JUNIOR", "cc" : "PV", "nv" : "SUZANA", "e" : "n", "st" : "", "dvt" : "Válido", "vap" : "0", "pvap" : "00.00" }, 
{ "seq" : "6", "sqcand" : "160001246716", "n" : "10", "nm" : "JUNIOR SANTOS ROSA", "cc" : "REPUBLICANOS - PSL \/ AVANTE \/ REPUBLICANOS", "nv" : "PROF VERA EUNICE", "e" : "n", "st" : "", "dvt" : "Válido", "vap" : "0", "pvap" : "00.00" }, 
{ "seq" : "9", "sqcand" : "160001188502", "n" : "19", "nm" : "MARCIO STAMM", "cc" : "PODE - PODE \/ CIDADANIA", "nv" : "FERNANDA VIOTTO", "e" : "n", "st" : "", "dvt" : "Válido", "vap" : "0", "pvap" : "00.00" }, 
{ "seq" : "3", "sqcand" : "160001244881", "n" : "90", "nm" : "BOCA ABERTA", "cc" : "PROS", "nv" : "BOCA ABERTA JR", "e" : "n", "st" : "", "dvt" : "Anulado sub judice", "vap" : "0", "pvap" : "00.00" }, 
{ "seq" : "7", "sqcand" : "160001108338", "n" : "11", "nm" : "MARCELO BELINATI", "cc" : "PP - PL \/ PSDB \/ PTB \/ SOLIDARIEDADE \/ PATRIOTA \/ PP", "nv" : "JOAO MENDONÇA", "e" : "n", "st" : "", "dvt" : "Válido", "vap" : "0", "pvap" : "00.00" }, 
{ "seq" : "8", "sqcand" : "160001139632", "n" : "65", "nm" : "MARCIO SANCHES", "cc" : "PC do B", "nv" : "OSVALDO LIMA", "e" : "n", "st" : "", "dvt" : "Válido", "vap" : "0", "pvap" : "00.00" }, 
{ "seq" : "2", "sqcand" : "160001059621", "n" : "12", "nm" : "BARBOSA NETO", "cc" : "PDT", "nv" : "INES STADLER", "e" : "n", "st" : "", "dvt" : "Anulado sub judice", "vap" : "0", "pvap" : "00.00" } ] }