{ "ele" : "426", "tpabr" : "mu", "cdabr" : "75353", "carper" : "11", "t" : "1", "f" : "o", "dt" : "07\/11\/2020", "ht" : "02:10:06", "dv" : "s", "tf" : "n", "v" : "1", "esae" : "n", "mnae" : "", "s" : "2892", "st" : "0", "pst" : "   0,00", "snt" : "2892", "psnt" : " 100,00", "si" : "0", "psi" : "   0,00", "sni" : "0", "psni" : "   0,00", "sa" : "0", "psa" : "   0,00", "sna" : "0", "psna" : "   0,00", "e" : "1349888", "ea" : "0", "pea" : "   0,00", "ena" : "0", "pena" : "   0,00", "esi" : "0", "pesi" : "   0,00", "esni" : "0", "pesni" : "   0,00", "c" : "0", "pc" : "   0,00", "a" : "0", "pa" : "   0,00", "vscv" : "0", "vnom" : "0", "pvnom" : "00,00", "vvc" : "0", "pvvc" : "00,00", "vb" : "0", "pvb" : "00,00", "tvn" : "0", "ptvn" : "00,00", "vn" : "0", "pvn" : "00,00", "vnt" : "0", "pvnt" : "00,00", "vp" : "0", "pvp" : "00,00", "vv" : "0", "pvv" : "00,00", "van" : "0", "pvan" : "00,00", "vansj" : "0", "pvansj" : "00,00", "tv" : "0", "cand" : [ 
{ "seq" : "15", "sqcand" : "160000657203", "n" : "25", "nm" : "RAFAEL GRECA", "cc" : "DEM - DEM \/ PSD \/ PP \/ PSB \/ PTB \/ PSC \/ PMN \/ PRTB \/ CIDADANIA \/ REPUBLICANOS", "nv" : "EDUARDO PIMENTEL", "e" : "n", "st" : "", "dvt" : "Válido", "vap" : "0", "pvap" : "00.00" }, 
{ "seq" : "1", "sqcand" : "160001110495", "n" : "65", "nm" : "CAMILA LANES", "cc" : "PC do B", "nv" : "DR ZEQUINHA", "e" : "n", "st" : "", "dvt" : "Válido", "vap" : "0", "pvap" : "00.00" }, 
{ "seq" : "10", "sqcand" : "160000836379", "n" : "50", "nm" : "LETÍCIA LANZ", "cc" : "PSOL", "nv" : "GIANA DE MARCO", "e" : "n", "st" : "", "dvt" : "Válido", "vap" : "0", "pvap" : "00.00" }, 
{ "seq" : "6", "sqcand" : "160000838384", "n" : "18", "nm" : "ELOY CASAGRANDE", "cc" : "REDE", "nv" : "MICHEL URÂNIA", "e" : "n", "st" : "", "dvt" : "Válido", "vap" : "0", "pvap" : "00.00" }, 
{ "seq" : "5", "sqcand" : "160000633984", "n" : "30", "nm" : "DR JOÃO GUILHERME DO NOVO", "cc" : "NOVO", "nv" : "GEOVANA CONTI", "e" : "n", "st" : "", "dvt" : "Válido", "vap" : "0", "pvap" : "00.00" }, 
{ "seq" : "4", "sqcand" : "160001146209", "n" : "29", "nm" : "DIOGO FURTADO", "cc" : "PCO", "nv" : "FERIS BOABAID", "e" : "n", "st" : "", "dvt" : "Anulado sub judice", "vap" : "0", "pvap" : "00.00" }, 
{ "seq" : "16", "sqcand" : "160000836828", "n" : "36", "nm" : "ZÉ BONI", "cc" : "PTC", "nv" : "VALDO PERES", "e" : "n", "st" : "", "dvt" : "Válido", "vap" : "0", "pvap" : "00.00" }, 
{ "seq" : "3", "sqcand" : "160000794345", "n" : "22", "nm" : "CHRISTIANE YARED", "cc" : "PL - PROS \/ PL", "nv" : "JILCY RINK", "e" : "n", "st" : "", "dvt" : "Válido", "vap" : "0", "pvap" : "00.00" }, 
{ "seq" : "11", "sqcand" : "160000727465", "n" : "70", "nm" : "MARISA LOBO", "cc" : "AVANTE", "nv" : "DR ROMULO QUENEHEN", "e" : "n", "st" : "", "dvt" : "Válido", "vap" : "0", "pvap" : "00.00" }, 
{ "seq" : "14", "sqcand" : "160000734609", "n" : "16", "nm" : "PROFESSORA SAMARA", "cc" : "PSTU", "nv" : "SAMUEL DE MATTOS", "e" : "n", "st" : "", "dvt" : "Válido", "vap" : "0", "pvap" : "00.00" }, 
{ "seq" : "12", "sqcand" : "160001202014", "n" : "13", "nm" : "PAULO OPUSZKA", "cc" : "PT", "nv" : "DELEGADO PEDRO FILIPE", "e" : "n", "st" : "", "dvt" : "Válido", "vap" : "0", "pvap" : "00.00" }, 
{ "seq" : "2", "sqcand" : "160000788669", "n" : "19", "nm" : "CAROL ARNS", "cc" : "PODE", "nv" : "ROLF KOERNER", "e" : "n", "st" : "", "dvt" : "Válido", "vap" : "0", "pvap" : "00.00" }, 
{ "seq" : "8", "sqcand" : "160001133316", "n" : "12", "nm" : "GOURA", "cc" : "PDT", "nv" : "ANA MORO", "e" : "n", "st" : "", "dvt" : "Válido", "vap" : "0", "pvap" : "00.00" }, 
{ "seq" : "13", "sqcand" : "160000836377", "n" : "43", "nm" : "PROFESSOR MOCELLIN", "cc" : "PV", "nv" : "SORAIA", "e" : "n", "st" : "", "dvt" : "Válido", "vap" : "0", "pvap" : "00.00" }, 
{ "seq" : "9", "sqcand" : "160000833798", "n" : "15", "nm" : "JOÃO ARRUDA", "cc" : "MDB", "nv" : "PROFESSORA SHEILA TOLEDO", "e" : "n", "st" : "", "dvt" : "Válido", "vap" : "0", "pvap" : "00.00" }, 
{ "seq" : "7", "sqcand" : "160001009459", "n" : "17", "nm" : "FERNANDO FRANCISCHINI", "cc" : "PSL - PSL \/ PSDB \/ SOLIDARIEDADE \/ PATRIOTA \/ DC", "nv" : "DOUTORA LETICIA PAN", "e" : "n", "st" : "", "dvt" : "Válido", "vap" : "0", "pvap" : "00.00" } ] }