{ "ele" : "426", "tpabr" : "mu", "cdabr" : "77674", "carper" : "11", "t" : "1", "f" : "o", "dt" : "09\/11\/2020", "ht" : "16:41:47", "dv" : "s", "tf" : "n", "v" : "1", "esae" : "n", "mnae" : "", "s" : "48", "st" : "0", "pst" : "   0,00", "snt" : "48", "psnt" : " 100,00", "si" : "0", "psi" : "   0,00", "sni" : "0", "psni" : "   0,00", "sa" : "0", "psa" : "   0,00", "sna" : "0", "psna" : "   0,00", "e" : "18407", "ea" : "0", "pea" : "   0,00", "ena" : "0", "pena" : "   0,00", "esi" : "0", "pesi" : "   0,00", "esni" : "0", "pesni" : "   0,00", "c" : "0", "pc" : "   0,00", "a" : "0", "pa" : "   0,00", "vscv" : "0", "vnom" : "0", "pvnom" : "00,00", "vvc" : "0", "pvvc" : "00,00", "vb" : "0", "pvb" : "00,00", "tvn" : "0", "ptvn" : "00,00", "vn" : "0", "pvn" : "00,00", "vnt" : "0", "pvnt" : "00,00", "vp" : "0", "pvp" : "00,00", "vv" : "0", "pvv" : "00,00", "van" : "0", "pvan" : "00,00", "vansj" : "0", "pvansj" : "00,00", "tv" : "0", "cand" : [ 
{ "seq" : "2", "sqcand" : "160001255440", "n" : "70", "nm" : "CCC", "cc" : "AVANTE", "nv" : "ERISON", "e" : "n", "st" : "", "dvt" : "Válido", "vap" : "0", "pvap" : "00.00" }, 
{ "seq" : "3", "sqcand" : "160001255433", "n" : "25", "nm" : "HENRIQUE CARNEIRO", "cc" : "DEM - DEM \/ PTC \/ PTB", "nv" : "WAGNER ZADRA", "e" : "n", "st" : "", "dvt" : "Válido", "vap" : "0", "pvap" : "00.00" }, 
{ "seq" : "7", "sqcand" : "160001255374", "n" : "55", "nm" : "TIM MILLEO", "cc" : "PSD - PSC \/ PSD", "nv" : "SERGIO FADEL", "e" : "n", "st" : "", "dvt" : "Válido", "vap" : "0", "pvap" : "00.00" }, 
{ "seq" : "6", "sqcand" : "160001255439", "n" : "90", "nm" : "MÁRCIO DO GÁS", "cc" : "PROS - REPUBLICANOS \/ PSL \/ PROS \/ CIDADANIA", "nv" : "TAYLOR  CASTANHO", "e" : "n", "st" : "", "dvt" : "Válido", "vap" : "0", "pvap" : "00.00" }, 
{ "seq" : "4", "sqcand" : "160000999096", "n" : "19", "nm" : "KLEBER SAMPAIO", "cc" : "PODE", "nv" : "RAFAEL PRIOTTO", "e" : "n", "st" : "", "dvt" : "Válido", "vap" : "0", "pvap" : "00.00" }, 
{ "seq" : "1", "sqcand" : "160001255432", "n" : "27", "nm" : "CARLINHOS TROPEIRO", "cc" : "DC", "nv" : "VANESSA SILVA", "e" : "n", "st" : "", "dvt" : "Válido", "vap" : "0", "pvap" : "00.00" }, 
{ "seq" : "5", "sqcand" : "160001255376", "n" : "15", "nm" : "MARCELO MILLÉO", "cc" : "MDB - PSB \/ MDB", "nv" : "LUCIANO SOLEK", "e" : "n", "st" : "", "dvt" : "Válido", "vap" : "0", "pvap" : "00.00" } ] }