{ "ele" : "426", "tpabr" : "mu", "cdabr" : "74322", "carper" : "11", "t" : "1", "f" : "o", "dt" : "07\/11\/2020", "ht" : "02:10:07", "dv" : "s", "tf" : "n", "v" : "1", "esae" : "n", "mnae" : "", "s" : "200", "st" : "0", "pst" : "   0,00", "snt" : "200", "psnt" : " 100,00", "si" : "0", "psi" : "   0,00", "sni" : "0", "psni" : "   0,00", "sa" : "0", "psa" : "   0,00", "sna" : "0", "psna" : "   0,00", "e" : "75330", "ea" : "0", "pea" : "   0,00", "ena" : "0", "pena" : "   0,00", "esi" : "0", "pesi" : "   0,00", "esni" : "0", "pesni" : "   0,00", "c" : "0", "pc" : "   0,00", "a" : "0", "pa" : "   0,00", "vscv" : "0", "vnom" : "0", "pvnom" : "00,00", "vvc" : "0", "pvvc" : "00,00", "vb" : "0", "pvb" : "00,00", "tvn" : "0", "ptvn" : "00,00", "vn" : "0", "pvn" : "00,00", "vnt" : "0", "pvnt" : "00,00", "vp" : "0", "pvp" : "00,00", "vv" : "0", "pvv" : "00,00", "van" : "0", "pvan" : "00,00", "vansj" : "0", "pvansj" : "00,00", "tv" : "0", "cand" : [ 
{ "seq" : "7", "sqcand" : "160000775214", "n" : "40", "nm" : "RICARDO MIRANDA", "cc" : "PSB - AVANTE \/ PSB \/ SOLIDARIEDADE \/ MDB", "nv" : "PROF. MARLON", "e" : "n", "st" : "", "dvt" : "Válido", "vap" : "0", "pvap" : "00.00" }, 
{ "seq" : "8", "sqcand" : "160001147721", "n" : "22", "nm" : "RUBENS MOREIRA", "cc" : "PL", "nv" : "JEFFERSON FAGUNDES", "e" : "n", "st" : "", "dvt" : "Válido", "vap" : "0", "pvap" : "00.00" }, 
{ "seq" : "6", "sqcand" : "160001178519", "n" : "18", "nm" : "PROFESSOR LESLIE", "cc" : "REDE", "nv" : "CLAUDIA REIS", "e" : "n", "st" : "", "dvt" : "Válido", "vap" : "0", "pvap" : "00.00" }, 
{ "seq" : "2", "sqcand" : "160000773273", "n" : "17", "nm" : "DR NASSIB", "cc" : "PSL - PSL \/ PROS \/ PRTB", "nv" : "MARCONDES", "e" : "n", "st" : "", "dvt" : "Válido", "vap" : "0", "pvap" : "00.00" }, 
{ "seq" : "5", "sqcand" : "160001181033", "n" : "13", "nm" : "PROFESSOR CARLOS ZANCHI", "cc" : "PT", "nv" : "PROFESSORA ANALINE", "e" : "n", "st" : "", "dvt" : "Válido", "vap" : "0", "pvap" : "00.00" }, 
{ "seq" : "4", "sqcand" : "160000646514", "n" : "27", "nm" : "FILIPPO MARCON", "cc" : "DC", "nv" : "PROF JACÓ", "e" : "n", "st" : "", "dvt" : "Válido", "vap" : "0", "pvap" : "00.00" }, 
{ "seq" : "3", "sqcand" : "160001088508", "n" : "51", "nm" : "EZEQUIEL DA DELTA", "cc" : "PATRIOTA", "nv" : "HELITON SILVA", "e" : "n", "st" : "", "dvt" : "Válido", "vap" : "0", "pvap" : "00.00" }, 
{ "seq" : "1", "sqcand" : "160000821138", "n" : "55", "nm" : "CHICO SANTOS", "cc" : "PSD - REPUBLICANOS \/ PSD \/ PP \/ PSC \/ PTB \/ CIDADANIA", "nv" : "MARCELO PELANDA", "e" : "n", "st" : "", "dvt" : "Válido", "vap" : "0", "pvap" : "00.00" } ] }