{ "ele" : "426", "tpabr" : "mu", "cdabr" : "74462", "carper" : "13", "t" : "1", "f" : "o", "dt" : "07\/11\/2020", "ht" : "02:10:08", "dv" : "s", "tf" : "n", "v" : "9", "esae" : "n", "mnae" : "", "s" : "14", "st" : "0", "pst" : "   0,00", "snt" : "14", "psnt" : " 100,00", "si" : "0", "psi" : "   0,00", "sni" : "0", "psni" : "   0,00", "sa" : "0", "psa" : "   0,00", "sna" : "0", "psna" : "   0,00", "e" : "5782", "ea" : "0", "pea" : "   0,00", "ena" : "0", "pena" : "   0,00", "esi" : "0", "pesi" : "   0,00", "esni" : "0", "pesni" : "   0,00", "c" : "0", "pc" : "   0,00", "a" : "0", "pa" : "   0,00", "vscv" : "0", "vnom" : "0", "vl" : "0", "pvnom" : "00,00", "pvl" : "00,00", "vvc" : "0", "pvvc" : "00,00", "vb" : "0", "pvb" : "00,00", "tvn" : "0", "ptvn" : "00,00", "vn" : "0", "pvn" : "00,00", "vnt" : "0", "pvnt" : "00,00", "vp" : "0", "pvp" : "00,00", "vv" : "0", "pvv" : "00,00", "van" : "0", "pvan" : "00,00", "vansj" : "0", "pvansj" : "00,00", "tv" : "0", "cand" : [ 
{ "seq" : "48", "sqcand" : "160000941078", "n" : "22123", "nm" : "PIRAMBOIA", "cc" : "PL", "nv" : " ", "e" : "n", "st" : "", "dvt" : "Válido", "vap" : "0", "pvap" : "00.00" }, 
{ "seq" : "41", "sqcand" : "160001052431", "n" : "23500", "nm" : "NADIELI MOURA", "cc" : "CIDADANIA", "nv" : " ", "e" : "n", "st" : "", "dvt" : "Válido", "vap" : "0", "pvap" : "00.00" }, 
{ "seq" : "35", "sqcand" : "160001141671", "n" : "45500", "nm" : "MARIA DE ARAUJO", "cc" : "PSDB", "nv" : " ", "e" : "n", "st" : "", "dvt" : "Válido", "vap" : "0", "pvap" : "00.00" }, 
{ "seq" : "33", "sqcand" : "160001119659", "n" : "17333", "nm" : "LUZIA MEIRELLES", "cc" : "PSL", "nv" : " ", "e" : "n", "st" : "", "dvt" : "Válido", "vap" : "0", "pvap" : "00.00" }, 
{ "seq" : "12", "sqcand" : "160000941070", "n" : "22456", "nm" : "CEARÁ", "cc" : "PL", "nv" : " ", "e" : "n", "st" : "", "dvt" : "Válido", "vap" : "0", "pvap" : "00.00" }, 
{ "seq" : "38", "sqcand" : "160001153376", "n" : "11123", "nm" : "MAURO AFONSO", "cc" : "PP", "nv" : " ", "e" : "n", "st" : "", "dvt" : "Válido", "vap" : "0", "pvap" : "00.00" }, 
{ "seq" : "55", "sqcand" : "160001052432", "n" : "23456", "nm" : "SERGINHO DA SAÚDE", "cc" : "CIDADANIA", "nv" : " ", "e" : "n", "st" : "", "dvt" : "Válido", "vap" : "0", "pvap" : "00.00" }, 
{ "seq" : "22", "sqcand" : "160001050382", "n" : "13123", "nm" : "GALO", "cc" : "PT", "nv" : " ", "e" : "n", "st" : "", "dvt" : "Válido", "vap" : "0", "pvap" : "00.00" }, 
{ "seq" : "56", "sqcand" : "160000941510", "n" : "15155", "nm" : "TEREZA TOMAZ", "cc" : "MDB", "nv" : " ", "e" : "n", "st" : "", "dvt" : "Válido", "vap" : "0", "pvap" : "00.00" }, 
{ "seq" : "29", "sqcand" : "160001052423", "n" : "90123", "nm" : "LEO DA EDUCAÇÃO", "cc" : "PROS", "nv" : " ", "e" : "n", "st" : "", "dvt" : "Válido", "vap" : "0", "pvap" : "00.00" }, 
{ "seq" : "43", "sqcand" : "160001119660", "n" : "17777", "nm" : "NENE CABECAO", "cc" : "PSL", "nv" : " ", "e" : "n", "st" : "", "dvt" : "Válido", "vap" : "0", "pvap" : "00.00" }, 
{ "seq" : "57", "sqcand" : "160000941076", "n" : "22022", "nm" : "TIA DELZA", "cc" : "PL", "nv" : " ", "e" : "n", "st" : "", "dvt" : "Válido", "vap" : "0", "pvap" : "00.00" }, 
{ "seq" : "9", "sqcand" : "160001153380", "n" : "11011", "nm" : "AURORA VINDOCA", "cc" : "PP", "nv" : " ", "e" : "n", "st" : "", "dvt" : "Válido", "vap" : "0", "pvap" : "00.00" }, 
{ "seq" : "20", "sqcand" : "160000941507", "n" : "15123", "nm" : "ELSON DO MERCADO", "cc" : "MDB", "nv" : " ", "e" : "n", "st" : "", "dvt" : "Válido", "vap" : "0", "pvap" : "00.00" }, 
{ "seq" : "5", "sqcand" : "160001119663", "n" : "17456", "nm" : "ANTONIO RODRIGUES", "cc" : "PSL", "nv" : " ", "e" : "n", "st" : "", "dvt" : "Válido", "vap" : "0", "pvap" : "00.00" }, 
{ "seq" : "17", "sqcand" : "160000941074", "n" : "22369", "nm" : "EDILSON CHALEGRE", "cc" : "PL", "nv" : " ", "e" : "n", "st" : "", "dvt" : "Válido", "vap" : "0", "pvap" : "00.00" }, 
{ "seq" : "8", "sqcand" : "160001119661", "n" : "17170", "nm" : "AUREA DELAI", "cc" : "PSL", "nv" : " ", "e" : "n", "st" : "", "dvt" : "Válido", "vap" : "0", "pvap" : "00.00" }, 
{ "seq" : "50", "sqcand" : "160001050381", "n" : "13013", "nm" : "PROFESSORA EDILENE", "cc" : "PT", "nv" : " ", "e" : "n", "st" : "", "dvt" : "Válido", "vap" : "0", "pvap" : "00.00" }, 
{ "seq" : "54", "sqcand" : "160001141672", "n" : "45630", "nm" : "SELMA DA RUA", "cc" : "PSDB", "nv" : " ", "e" : "n", "st" : "", "dvt" : "Válido", "vap" : "0", "pvap" : "00.00" }, 
{ "seq" : "49", "sqcand" : "160001050383", "n" : "13650", "nm" : "POLACO TESSAROLLO", "cc" : "PT", "nv" : " ", "e" : "n", "st" : "", "dvt" : "Válido", "vap" : "0", "pvap" : "00.00" }, 
{ "seq" : "2", "sqcand" : "160001153379", "n" : "11234", "nm" : "ADRIANA DO GERALDO", "cc" : "PP", "nv" : " ", "e" : "n", "st" : "", "dvt" : "Válido", "vap" : "0", "pvap" : "00.00" }, 
{ "seq" : "60", "sqcand" : "160001052435", "n" : "23123", "nm" : "VALTER DA FARMACIA", "cc" : "CIDADANIA", "nv" : " ", "e" : "n", "st" : "", "dvt" : "Válido", "vap" : "0", "pvap" : "00.00" }, 
{ "seq" : "14", "sqcand" : "160001052437", "n" : "23888", "nm" : "CINTIA", "cc" : "CIDADANIA", "nv" : " ", "e" : "n", "st" : "", "dvt" : "Válido", "vap" : "0", "pvap" : "00.00" }, 
{ "seq" : "21", "sqcand" : "160001052436", "n" : "23164", "nm" : "FARIAS", "cc" : "CIDADANIA", "nv" : " ", "e" : "n", "st" : "", "dvt" : "Válido", "vap" : "0", "pvap" : "00.00" }, 
{ "seq" : "11", "sqcand" : "160000941508", "n" : "15012", "nm" : "CARNEIRO DA MADEIREIRA", "cc" : "MDB", "nv" : " ", "e" : "n", "st" : "", "dvt" : "Válido", "vap" : "0", "pvap" : "00.00" }, 
{ "seq" : "59", "sqcand" : "160000941513", "n" : "15610", "nm" : "TONHO DA VENDA", "cc" : "MDB", "nv" : " ", "e" : "n", "st" : "", "dvt" : "Válido", "vap" : "0", "pvap" : "00.00" }, 
{ "seq" : "24", "sqcand" : "160001141669", "n" : "45625", "nm" : "JOAO EDSON", "cc" : "PSDB", "nv" : " ", "e" : "n", "st" : "", "dvt" : "Válido", "vap" : "0", "pvap" : "00.00" }, 
{ "seq" : "46", "sqcand" : "160001153378", "n" : "11000", "nm" : "PACHECO SORVETEIRO", "cc" : "PP", "nv" : " ", "e" : "n", "st" : "", "dvt" : "Válido", "vap" : "0", "pvap" : "00.00" }, 
{ "seq" : "1", "sqcand" : "160001052427", "n" : "90789", "nm" : "ADEMIR DA XETAS", "cc" : "PROS", "nv" : " ", "e" : "n", "st" : "", "dvt" : "Válido", "vap" : "0", "pvap" : "00.00" }, 
{ "seq" : "27", "sqcand" : "160001052429", "n" : "23620", "nm" : "JOÃO VIEIRA", "cc" : "CIDADANIA", "nv" : " ", "e" : "n", "st" : "", "dvt" : "Válido", "vap" : "0", "pvap" : "00.00" }, 
{ "seq" : "51", "sqcand" : "160001052430", "n" : "23666", "nm" : "RAFAEL LEONARDI", "cc" : "CIDADANIA", "nv" : " ", "e" : "n", "st" : "", "dvt" : "Válido", "vap" : "0", "pvap" : "00.00" }, 
{ "seq" : "61", "sqcand" : "160001153374", "n" : "11456", "nm" : "VANUSA VALARDAO", "cc" : "PP", "nv" : " ", "e" : "n", "st" : "", "dvt" : "Válido", "vap" : "0", "pvap" : "00.00" }, 
{ "seq" : "19", "sqcand" : "160001153375", "n" : "11222", "nm" : "ELMO DAS TINTAS", "cc" : "PP", "nv" : " ", "e" : "n", "st" : "", "dvt" : "Anulado sub judice", "vap" : "0", "pvap" : "00.00" }, 
{ "seq" : "58", "sqcand" : "160001141674", "n" : "45611", "nm" : "TICAO", "cc" : "PSDB", "nv" : " ", "e" : "n", "st" : "", "dvt" : "Válido", "vap" : "0", "pvap" : "00.00" }, 
{ "seq" : "10", "sqcand" : "160001052428", "n" : "90190", "nm" : "BIANA DO BAR", "cc" : "PROS", "nv" : " ", "e" : "n", "st" : "", "dvt" : "Válido", "vap" : "0", "pvap" : "00.00" }, 
{ "seq" : "3", "sqcand" : "160001052425", "n" : "90999", "nm" : "ADRIANO VEINHO", "cc" : "PROS", "nv" : " ", "e" : "n", "st" : "", "dvt" : "Válido", "vap" : "0", "pvap" : "00.00" }, 
{ "seq" : "4", "sqcand" : "160001119664", "n" : "17500", "nm" : "ALEXANDRA LESSE", "cc" : "PSL", "nv" : " ", "e" : "n", "st" : "", "dvt" : "Válido", "vap" : "0", "pvap" : "00.00" }, 
{ "seq" : "6", "sqcand" : "160001050384", "n" : "13500", "nm" : "ANTONIO ZACARONI PEZINHO", "cc" : "PT", "nv" : " ", "e" : "n", "st" : "", "dvt" : "Válido", "vap" : "0", "pvap" : "00.00" }, 
{ "seq" : "37", "sqcand" : "160001052433", "n" : "23777", "nm" : "MARINALVA", "cc" : "CIDADANIA", "nv" : " ", "e" : "n", "st" : "", "dvt" : "Válido", "vap" : "0", "pvap" : "00.00" }, 
{ "seq" : "18", "sqcand" : "160000941072", "n" : "22500", "nm" : "EDNA CONTE", "cc" : "PL", "nv" : " ", "e" : "n", "st" : "", "dvt" : "Válido", "vap" : "0", "pvap" : "00.00" }, 
{ "seq" : "40", "sqcand" : "160001050380", "n" : "13300", "nm" : "MEIRE CUIDADORA DE IDOSOS", "cc" : "PT", "nv" : " ", "e" : "n", "st" : "", "dvt" : "Válido", "vap" : "0", "pvap" : "00.00" }, 
{ "seq" : "63", "sqcand" : "160001052434", "n" : "23110", "nm" : "ZE MOURA", "cc" : "CIDADANIA", "nv" : " ", "e" : "n", "st" : "", "dvt" : "Válido", "vap" : "0", "pvap" : "00.00" }, 
{ "seq" : "52", "sqcand" : "160001142671", "n" : "22222", "nm" : "RODRIGO DO EVERALDO", "cc" : "PL", "nv" : " ", "e" : "n", "st" : "", "dvt" : "Válido", "vap" : "0", "pvap" : "00.00" }, 
{ "seq" : "7", "sqcand" : "160000941073", "n" : "22333", "nm" : "ASA PRETA", "cc" : "PL", "nv" : " ", "e" : "n", "st" : "", "dvt" : "Válido", "vap" : "0", "pvap" : "00.00" }, 
{ "seq" : "15", "sqcand" : "160000941079", "n" : "22445", "nm" : "CRISLENE", "cc" : "PL", "nv" : " ", "e" : "n", "st" : "", "dvt" : "Válido", "vap" : "0", "pvap" : "00.00" }, 
{ "seq" : "13", "sqcand" : "160001052424", "n" : "90100", "nm" : "CIDINHA DA RADIO", "cc" : "PROS", "nv" : " ", "e" : "n", "st" : "", "dvt" : "Válido", "vap" : "0", "pvap" : "00.00" }, 
{ "seq" : "30", "sqcand" : "160001052426", "n" : "90111", "nm" : "LUCIANE DA SAÚDE", "cc" : "PROS", "nv" : " ", "e" : "n", "st" : "", "dvt" : "Válido", "vap" : "0", "pvap" : "00.00" }, 
{ "seq" : "25", "sqcand" : "160000941080", "n" : "22213", "nm" : "JOÃO SEGURANÇA", "cc" : "PL", "nv" : " ", "e" : "n", "st" : "", "dvt" : "Válido", "vap" : "0", "pvap" : "00.00" }, 
{ "seq" : "32", "sqcand" : "160000941512", "n" : "15660", "nm" : "LUIZ RUBENS", "cc" : "MDB", "nv" : " ", "e" : "n", "st" : "", "dvt" : "Válido", "vap" : "0", "pvap" : "00.00" }, 
{ "seq" : "45", "sqcand" : "160001051809", "n" : "20000", "nm" : "NIL DO BAR", "cc" : "PSC", "nv" : " ", "e" : "n", "st" : "", "dvt" : "Válido", "vap" : "0", "pvap" : "00.00" }, 
{ "seq" : "34", "sqcand" : "160001119658", "n" : "17000", "nm" : "MARCOS PERES", "cc" : "PSL", "nv" : " ", "e" : "n", "st" : "", "dvt" : "Válido", "vap" : "0", "pvap" : "00.00" }, 
{ "seq" : "16", "sqcand" : "160001153381", "n" : "11200", "nm" : "DITINHO", "cc" : "PP", "nv" : " ", "e" : "n", "st" : "", "dvt" : "Válido", "vap" : "0", "pvap" : "00.00" }, 
{ "seq" : "42", "sqcand" : "160001141670", "n" : "45678", "nm" : "NENE", "cc" : "PSDB", "nv" : " ", "e" : "n", "st" : "", "dvt" : "Válido", "vap" : "0", "pvap" : "00.00" }, 
{ "seq" : "53", "sqcand" : "160000941071", "n" : "22580", "nm" : "RUBINHO", "cc" : "PL", "nv" : " ", "e" : "n", "st" : "", "dvt" : "Válido", "vap" : "0", "pvap" : "00.00" }, 
{ "seq" : "44", "sqcand" : "160000941075", "n" : "22000", "nm" : "NENO", "cc" : "PL", "nv" : " ", "e" : "n", "st" : "", "dvt" : "Válido", "vap" : "0", "pvap" : "00.00" }, 
{ "seq" : "62", "sqcand" : "160001119657", "n" : "17700", "nm" : "WAYNER", "cc" : "PSL", "nv" : " ", "e" : "n", "st" : "", "dvt" : "Válido", "vap" : "0", "pvap" : "00.00" }, 
{ "seq" : "47", "sqcand" : "160001141673", "n" : "45628", "nm" : "PAULO", "cc" : "PSDB", "nv" : " ", "e" : "n", "st" : "", "dvt" : "Válido", "vap" : "0", "pvap" : "00.00" }, 
{ "seq" : "26", "sqcand" : "160000941081", "n" : "22345", "nm" : "JOÃO TESSAROLLO", "cc" : "PL", "nv" : " ", "e" : "n", "st" : "", "dvt" : "Válido", "vap" : "0", "pvap" : "00.00" }, 
{ "seq" : "31", "sqcand" : "160001153382", "n" : "11333", "nm" : "LUIA", "cc" : "PP", "nv" : " ", "e" : "n", "st" : "", "dvt" : "Anulado sub judice", "vap" : "0", "pvap" : "00.00" }, 
{ "seq" : "36", "sqcand" : "160000941077", "n" : "22365", "nm" : "MARIA PONTO CERTO", "cc" : "PL", "nv" : " ", "e" : "n", "st" : "", "dvt" : "Válido", "vap" : "0", "pvap" : "00.00" }, 
{ "seq" : "39", "sqcand" : "160001153377", "n" : "11111", "nm" : "MAURO DO PONTO CERTO", "cc" : "PP", "nv" : " ", "e" : "n", "st" : "", "dvt" : "Anulado sub judice", "vap" : "0", "pvap" : "00.00" }, 
{ "seq" : "23", "sqcand" : "160001119662", "n" : "17123", "nm" : "JAIR DA VILA", "cc" : "PSL", "nv" : " ", "e" : "n", "st" : "", "dvt" : "Válido", "vap" : "0", "pvap" : "00.00" }, 
{ "seq" : "28", "sqcand" : "160000941509", "n" : "15223", "nm" : "KATIA", "cc" : "MDB", "nv" : " ", "e" : "n", "st" : "", "dvt" : "Válido", "vap" : "0", "pvap" : "00.00" } ] }