{ "ele" : "426", "tpabr" : "mu", "cdabr" : "75043", "carper" : "11", "t" : "1", "f" : "o", "dt" : "07\/11\/2020", "ht" : "02:10:06", "dv" : "s", "tf" : "n", "v" : "1", "esae" : "n", "mnae" : "", "s" : "240", "st" : "0", "pst" : "   0,00", "snt" : "240", "psnt" : " 100,00", "si" : "0", "psi" : "   0,00", "sni" : "0", "psni" : "   0,00", "sa" : "0", "psa" : "   0,00", "sna" : "0", "psna" : "   0,00", "e" : "89723", "ea" : "0", "pea" : "   0,00", "ena" : "0", "pena" : "   0,00", "esi" : "0", "pesi" : "   0,00", "esni" : "0", "pesni" : "   0,00", "c" : "0", "pc" : "   0,00", "a" : "0", "pa" : "   0,00", "vscv" : "0", "vnom" : "0", "pvnom" : "00,00", "vvc" : "0", "pvvc" : "00,00", "vb" : "0", "pvb" : "00,00", "tvn" : "0", "ptvn" : "00,00", "vn" : "0", "pvn" : "00,00", "vnt" : "0", "pvnt" : "00,00", "vp" : "0", "pvp" : "00,00", "vv" : "0", "pvv" : "00,00", "van" : "0", "pvan" : "00,00", "vansj" : "0", "pvansj" : "00,00", "tv" : "0", "cand" : [ 
{ "seq" : "1", "sqcand" : "160000846462", "n" : "15", "nm" : "ALOISIO NASCIMENTO", "cc" : "MDB - MDB \/ PDT", "nv" : "FERNANDO VALOIS", "e" : "n", "st" : "", "dvt" : "Válido", "vap" : "0", "pvap" : "00.00" }, 
{ "seq" : "5", "sqcand" : "160001081375", "n" : "11", "nm" : "PROFESSOR RAFAEL GUILHERME", "cc" : "PP", "nv" : "BARBARA DILENE", "e" : "n", "st" : "", "dvt" : "Válido", "vap" : "0", "pvap" : "00.00" }, 
{ "seq" : "6", "sqcand" : "160000635359", "n" : "36", "nm" : "VINICIUS DA CRUZ", "cc" : "PTC", "nv" : "PASTOR ANDERSON BARBOSA", "e" : "n", "st" : "", "dvt" : "Válido", "vap" : "0", "pvap" : "00.00" }, 
{ "seq" : "2", "sqcand" : "160000670045", "n" : "19", "nm" : "DR MARCOS CESCHIN", "cc" : "PODE - PTB \/ PSL \/ DEM \/ PODE \/ AVANTE \/ PL", "nv" : "NEWTON BONIN", "e" : "n", "st" : "", "dvt" : "Válido", "vap" : "0", "pvap" : "00.00" }, 
{ "seq" : "3", "sqcand" : "160000675064", "n" : "13", "nm" : "INVESTIGADOR DR VLADIMIR", "cc" : "PT - PT \/ PC do B", "nv" : "DR GUILHERME SANTOS", "e" : "n", "st" : "", "dvt" : "Válido", "vap" : "0", "pvap" : "00.00" }, 
{ "seq" : "4", "sqcand" : "160000757434", "n" : "55", "nm" : "MARLI PAULINO", "cc" : "PSD - REPUBLICANOS \/ CIDADANIA \/ PSC \/ PROS \/ PSD \/ PSB", "nv" : "ROSA MARIA", "e" : "n", "st" : "", "dvt" : "Válido", "vap" : "0", "pvap" : "00.00" } ] }