{ "ele" : "426", "tpabr" : "mu", "cdabr" : "78018", "carper" : "11", "t" : "1", "f" : "o", "dt" : "07\/11\/2020", "ht" : "02:10:05", "dv" : "s", "tf" : "n", "v" : "1", "esae" : "n", "mnae" : "", "s" : "35", "st" : "0", "pst" : "   0,00", "snt" : "35", "psnt" : " 100,00", "si" : "0", "psi" : "   0,00", "sni" : "0", "psni" : "   0,00", "sa" : "0", "psa" : "   0,00", "sna" : "0", "psna" : "   0,00", "e" : "13148", "ea" : "0", "pea" : "   0,00", "ena" : "0", "pena" : "   0,00", "esi" : "0", "pesi" : "   0,00", "esni" : "0", "pesni" : "   0,00", "c" : "0", "pc" : "   0,00", "a" : "0", "pa" : "   0,00", "vscv" : "0", "vnom" : "0", "pvnom" : "00,00", "vvc" : "0", "pvvc" : "00,00", "vb" : "0", "pvb" : "00,00", "tvn" : "0", "ptvn" : "00,00", "vn" : "0", "pvn" : "00,00", "vnt" : "0", "pvnt" : "00,00", "vp" : "0", "pvp" : "00,00", "vv" : "0", "pvv" : "00,00", "van" : "0", "pvan" : "00,00", "vansj" : "0", "pvansj" : "00,00", "tv" : "0", "cand" : [ 
{ "seq" : "4", "sqcand" : "160000927151", "n" : "90", "nm" : "ZÉ QUIRERA", "cc" : "PROS - DC \/ PRTB \/ PROS", "nv" : "PAULÃO DO FEIJÃO", "e" : "n", "st" : "", "dvt" : "Válido", "vap" : "0", "pvap" : "00.00" }, 
{ "seq" : "1", "sqcand" : "160000888173", "n" : "17", "nm" : "CHARLES LIPINSKI", "cc" : "PSL - PSL \/ PP", "nv" : "AMIR LEMOS", "e" : "n", "st" : "", "dvt" : "Válido", "vap" : "0", "pvap" : "00.00" }, 
{ "seq" : "2", "sqcand" : "160000886873", "n" : "23", "nm" : "DR LUIS DENTISTA", "cc" : "CIDADANIA - CIDADANIA \/ SOLIDARIEDADE", "nv" : "GILSON RIBAS", "e" : "n", "st" : "", "dvt" : "Válido", "vap" : "0", "pvap" : "00.00" }, 
{ "seq" : "3", "sqcand" : "160000734238", "n" : "12", "nm" : "NECO PRADO", "cc" : "PDT - PDT \/ MDB \/ PODE \/ DEM \/ PSD \/ PTB \/ PSB", "nv" : "MARCIO RATO", "e" : "n", "st" : "", "dvt" : "Válido", "vap" : "0", "pvap" : "00.00" } ] }