{ "ele" : "426", "tpabr" : "mu", "cdabr" : "74292", "carper" : "13", "t" : "1", "f" : "o", "dt" : "09\/11\/2020", "ht" : "16:41:48", "dv" : "s", "tf" : "n", "v" : "9", "esae" : "n", "mnae" : "", "s" : "48", "st" : "0", "pst" : "   0,00", "snt" : "48", "psnt" : " 100,00", "si" : "0", "psi" : "   0,00", "sni" : "0", "psni" : "   0,00", "sa" : "0", "psa" : "   0,00", "sna" : "0", "psna" : "   0,00", "e" : "18769", "ea" : "0", "pea" : "   0,00", "ena" : "0", "pena" : "   0,00", "esi" : "0", "pesi" : "   0,00", "esni" : "0", "pesni" : "   0,00", "c" : "0", "pc" : "   0,00", "a" : "0", "pa" : "   0,00", "vscv" : "0", "vnom" : "0", "vl" : "0", "pvnom" : "00,00", "pvl" : "00,00", "vvc" : "0", "pvvc" : "00,00", "vb" : "0", "pvb" : "00,00", "tvn" : "0", "ptvn" : "00,00", "vn" : "0", "pvn" : "00,00", "vnt" : "0", "pvnt" : "00,00", "vp" : "0", "pvp" : "00,00", "vv" : "0", "pvv" : "00,00", "van" : "0", "pvan" : "00,00", "vansj" : "0", "pvansj" : "00,00", "tv" : "0", "cand" : [ 
{ "seq" : "35", "sqcand" : "160001138632", "n" : "90225", "nm" : "EVERTON SILVA", "cc" : "PROS", "nv" : " ", "e" : "n", "st" : "", "dvt" : "Válido", "vap" : "0", "pvap" : "00.00" }, 
{ "seq" : "12", "sqcand" : "160001138685", "n" : "22300", "nm" : "BUIA", "cc" : "PL", "nv" : " ", "e" : "n", "st" : "", "dvt" : "Válido", "vap" : "0", "pvap" : "00.00" }, 
{ "seq" : "42", "sqcand" : "160000784677", "n" : "19000", "nm" : "GIOVANI SIQUEIRA", "cc" : "PODE", "nv" : " ", "e" : "n", "st" : "", "dvt" : "Válido", "vap" : "0", "pvap" : "00.00" }, 
{ "seq" : "34", "sqcand" : "160001205151", "n" : "55000", "nm" : "ERNANI CASQUEADOR", "cc" : "PSD", "nv" : " ", "e" : "n", "st" : "", "dvt" : "Válido", "vap" : "0", "pvap" : "00.00" }, 
{ "seq" : "32", "sqcand" : "160001230382", "n" : "20222", "nm" : "EDMILSON BODAO", "cc" : "PSC", "nv" : " ", "e" : "n", "st" : "", "dvt" : "Válido", "vap" : "0", "pvap" : "00.00" }, 
{ "seq" : "28", "sqcand" : "160000924676", "n" : "43434", "nm" : "DIVAIR", "cc" : "PV", "nv" : " ", "e" : "n", "st" : "", "dvt" : "Válido", "vap" : "0", "pvap" : "00.00" }, 
{ "seq" : "120", "sqcand" : "160001225048", "n" : "25222", "nm" : "VALDECI MESQUITA", "cc" : "DEM", "nv" : " ", "e" : "n", "st" : "", "dvt" : "Válido", "vap" : "0", "pvap" : "00.00" }, 
{ "seq" : "129", "sqcand" : "160001138628", "n" : "90723", "nm" : "ZINA", "cc" : "PROS", "nv" : " ", "e" : "n", "st" : "", "dvt" : "Válido", "vap" : "0", "pvap" : "00.00" }, 
{ "seq" : "78", "sqcand" : "160001205047", "n" : "77555", "nm" : "MC WILSON", "cc" : "SOLIDARIEDADE", "nv" : " ", "e" : "n", "st" : "", "dvt" : "Válido", "vap" : "0", "pvap" : "00.00" }, 
{ "seq" : "15", "sqcand" : "160001225111", "n" : "45444", "nm" : "CARLINHOS PINTOR", "cc" : "PSDB", "nv" : " ", "e" : "n", "st" : "", "dvt" : "Válido", "vap" : "0", "pvap" : "00.00" }, 
{ "seq" : "19", "sqcand" : "160001225046", "n" : "25400", "nm" : "CHUMBA", "cc" : "DEM", "nv" : " ", "e" : "n", "st" : "", "dvt" : "Válido", "vap" : "0", "pvap" : "00.00" }, 
{ "seq" : "6", "sqcand" : "160000857103", "n" : "17111", "nm" : "AMELIA LOPES", "cc" : "PSL", "nv" : " ", "e" : "n", "st" : "", "dvt" : "Válido", "vap" : "0", "pvap" : "00.00" }, 
{ "seq" : "1", "sqcand" : "160000857110", "n" : "17234", "nm" : "ADAUTO BARBARINI", "cc" : "PSL", "nv" : " ", "e" : "n", "st" : "", "dvt" : "Válido", "vap" : "0", "pvap" : "00.00" }, 
{ "seq" : "10", "sqcand" : "160001230388", "n" : "20589", "nm" : "ARACI ALVES", "cc" : "PSC", "nv" : " ", "e" : "n", "st" : "", "dvt" : "Válido", "vap" : "0", "pvap" : "00.00" }, 
{ "seq" : "80", "sqcand" : "160001205155", "n" : "55153", "nm" : "MICHELE RAIBDA", "cc" : "PSD", "nv" : " ", "e" : "n", "st" : "", "dvt" : "Válido", "vap" : "0", "pvap" : "00.00" }, 
{ "seq" : "88", "sqcand" : "160001230391", "n" : "20111", "nm" : "PROFESSOR CLETO", "cc" : "PSC", "nv" : " ", "e" : "n", "st" : "", "dvt" : "Válido", "vap" : "0", "pvap" : "00.00" }, 
{ "seq" : "7", "sqcand" : "160001138690", "n" : "22111", "nm" : "ANA RAFAELE", "cc" : "PL", "nv" : " ", "e" : "n", "st" : "", "dvt" : "Válido", "vap" : "0", "pvap" : "00.00" }, 
{ "seq" : "89", "sqcand" : "160001205049", "n" : "77123", "nm" : "PROFESSOR JEAN", "cc" : "SOLIDARIEDADE", "nv" : " ", "e" : "n", "st" : "", "dvt" : "Válido", "vap" : "0", "pvap" : "00.00" }, 
{ "seq" : "41", "sqcand" : "160001205154", "n" : "55456", "nm" : "FININHO", "cc" : "PSD", "nv" : " ", "e" : "n", "st" : "", "dvt" : "Válido", "vap" : "0", "pvap" : "00.00" }, 
{ "seq" : "37", "sqcand" : "160000784671", "n" : "19429", "nm" : "FATIMA", "cc" : "PODE", "nv" : " ", "e" : "n", "st" : "", "dvt" : "Válido", "vap" : "0", "pvap" : "00.00" }, 
{ "seq" : "57", "sqcand" : "160000784676", "n" : "19333", "nm" : "LEANDRO CORREA MOTORISTA", "cc" : "PODE", "nv" : " ", "e" : "n", "st" : "", "dvt" : "Válido", "vap" : "0", "pvap" : "00.00" }, 
{ "seq" : "79", "sqcand" : "160000857104", "n" : "17770", "nm" : "MESSIAS DO MAT DE CONSTRUÇÃO", "cc" : "PSL", "nv" : " ", "e" : "n", "st" : "", "dvt" : "Válido", "vap" : "0", "pvap" : "00.00" }, 
{ "seq" : "77", "sqcand" : "160001225043", "n" : "25123", "nm" : "MAYARA DO VOZ DO POVO", "cc" : "DEM", "nv" : " ", "e" : "n", "st" : "", "dvt" : "Válido", "vap" : "0", "pvap" : "00.00" }, 
{ "seq" : "64", "sqcand" : "160001225040", "n" : "25555", "nm" : "LUCI", "cc" : "DEM", "nv" : " ", "e" : "n", "st" : "", "dvt" : "Válido", "vap" : "0", "pvap" : "00.00" }, 
{ "seq" : "45", "sqcand" : "160000784672", "n" : "19777", "nm" : "JAMAICA", "cc" : "PODE", "nv" : " ", "e" : "n", "st" : "", "dvt" : "Válido", "vap" : "0", "pvap" : "00.00" }, 
{ "seq" : "11", "sqcand" : "160001205053", "n" : "77890", "nm" : "BELO", "cc" : "SOLIDARIEDADE", "nv" : " ", "e" : "n", "st" : "", "dvt" : "Válido", "vap" : "0", "pvap" : "00.00" }, 
{ "seq" : "58", "sqcand" : "160001205152", "n" : "55555", "nm" : "LELO DO ZEZE", "cc" : "PSD", "nv" : " ", "e" : "n", "st" : "", "dvt" : "Válido", "vap" : "0", "pvap" : "00.00" }, 
{ "seq" : "74", "sqcand" : "160001138626", "n" : "90000", "nm" : "MARINA DA RECICLAGEM", "cc" : "PROS", "nv" : " ", "e" : "n", "st" : "", "dvt" : "Válido", "vap" : "0", "pvap" : "00.00" }, 
{ "seq" : "56", "sqcand" : "160001138624", "n" : "90777", "nm" : "KARLA", "cc" : "PROS", "nv" : " ", "e" : "n", "st" : "", "dvt" : "Válido", "vap" : "0", "pvap" : "00.00" }, 
{ "seq" : "20", "sqcand" : "160000857106", "n" : "17211", "nm" : "CIDA DO ZITO", "cc" : "PSL", "nv" : " ", "e" : "n", "st" : "", "dvt" : "Válido", "vap" : "0", "pvap" : "00.00" }, 
{ "seq" : "50", "sqcand" : "160001138683", "n" : "22333", "nm" : "JOICE", "cc" : "PL", "nv" : " ", "e" : "n", "st" : "", "dvt" : "Válido", "vap" : "0", "pvap" : "00.00" }, 
{ "seq" : "48", "sqcand" : "160000857100", "n" : "17666", "nm" : "JOÃO DO CONTÂINER", "cc" : "PSL", "nv" : " ", "e" : "n", "st" : "", "dvt" : "Válido", "vap" : "0", "pvap" : "00.00" }, 
{ "seq" : "68", "sqcand" : "160001138681", "n" : "22222", "nm" : "LUIZ DO RAIO X", "cc" : "PL", "nv" : " ", "e" : "n", "st" : "", "dvt" : "Válido", "vap" : "0", "pvap" : "00.00" }, 
{ "seq" : "54", "sqcand" : "160001205160", "n" : "55321", "nm" : "JULINHO HOT DOG", "cc" : "PSD", "nv" : " ", "e" : "n", "st" : "", "dvt" : "Válido", "vap" : "0", "pvap" : "00.00" }, 
{ "seq" : "128", "sqcand" : "160001138689", "n" : "22123", "nm" : "ZÉZINHO ARAÚJO", "cc" : "PL", "nv" : " ", "e" : "n", "st" : "", "dvt" : "Válido", "vap" : "0", "pvap" : "00.00" }, 
{ "seq" : "116", "sqcand" : "160001225113", "n" : "45454", "nm" : "TIA JANAINA", "cc" : "PSDB", "nv" : " ", "e" : "n", "st" : "", "dvt" : "Válido", "vap" : "0", "pvap" : "00.00" }, 
{ "seq" : "126", "sqcand" : "160001205041", "n" : "77045", "nm" : "VIVIANE", "cc" : "SOLIDARIEDADE", "nv" : " ", "e" : "n", "st" : "", "dvt" : "Válido", "vap" : "0", "pvap" : "00.00" }, 
{ "seq" : "96", "sqcand" : "160001225112", "n" : "45888", "nm" : "REGIS", "cc" : "PSDB", "nv" : " ", "e" : "n", "st" : "", "dvt" : "Válido", "vap" : "0", "pvap" : "00.00" }, 
{ "seq" : "113", "sqcand" : "160001225052", "n" : "25100", "nm" : "SUELI PIMENTEL", "cc" : "DEM", "nv" : " ", "e" : "n", "st" : "", "dvt" : "Válido", "vap" : "0", "pvap" : "00.00" }, 
{ "seq" : "4", "sqcand" : "160001225042", "n" : "25113", "nm" : "AILTON", "cc" : "DEM", "nv" : " ", "e" : "n", "st" : "", "dvt" : "Válido", "vap" : "0", "pvap" : "00.00" }, 
{ "seq" : "24", "sqcand" : "160001205161", "n" : "55123", "nm" : "DAMARES WOLLZ", "cc" : "PSD", "nv" : " ", "e" : "n", "st" : "", "dvt" : "Válido", "vap" : "0", "pvap" : "00.00" }, 
{ "seq" : "73", "sqcand" : "160001230384", "n" : "20940", "nm" : "MARCIANE", "cc" : "PSC", "nv" : " ", "e" : "n", "st" : "", "dvt" : "Válido", "vap" : "0", "pvap" : "00.00" }, 
{ "seq" : "123", "sqcand" : "160000784670", "n" : "19122", "nm" : "VERA PARANÁ", "cc" : "PODE", "nv" : " ", "e" : "n", "st" : "", "dvt" : "Válido", "vap" : "0", "pvap" : "00.00" }, 
{ "seq" : "83", "sqcand" : "160001230387", "n" : "20120", "nm" : "NEI", "cc" : "PSC", "nv" : " ", "e" : "n", "st" : "", "dvt" : "Válido", "vap" : "0", "pvap" : "00.00" }, 
{ "seq" : "84", "sqcand" : "160001205158", "n" : "55625", "nm" : "OSIRES", "cc" : "PSD", "nv" : " ", "e" : "n", "st" : "", "dvt" : "Válido", "vap" : "0", "pvap" : "00.00" }, 
{ "seq" : "62", "sqcand" : "160001205050", "n" : "77557", "nm" : "LUANA GOULART", "cc" : "SOLIDARIEDADE", "nv" : " ", "e" : "n", "st" : "", "dvt" : "Válido", "vap" : "0", "pvap" : "00.00" }, 
{ "seq" : "33", "sqcand" : "160000784673", "n" : "19113", "nm" : "ELSON DO 44", "cc" : "PODE", "nv" : " ", "e" : "n", "st" : "", "dvt" : "Válido", "vap" : "0", "pvap" : "00.00" }, 
{ "seq" : "112", "sqcand" : "160000857107", "n" : "17838", "nm" : "SUELI APARECIDA PEREIRA", "cc" : "PSL", "nv" : " ", "e" : "n", "st" : "", "dvt" : "Válido", "vap" : "0", "pvap" : "00.00" }, 
{ "seq" : "21", "sqcand" : "160001225049", "n" : "25110", "nm" : "CLEYTINHO", "cc" : "DEM", "nv" : " ", "e" : "n", "st" : "", "dvt" : "Válido", "vap" : "0", "pvap" : "00.00" }, 
{ "seq" : "36", "sqcand" : "160001230389", "n" : "20600", "nm" : "FAISCA", "cc" : "PSC", "nv" : " ", "e" : "n", "st" : "", "dvt" : "Válido", "vap" : "0", "pvap" : "00.00" }, 
{ "seq" : "22", "sqcand" : "160001225041", "n" : "25255", "nm" : "CORSINI", "cc" : "DEM", "nv" : " ", "e" : "n", "st" : "", "dvt" : "Válido", "vap" : "0", "pvap" : "00.00" }, 
{ "seq" : "75", "sqcand" : "160001225045", "n" : "25789", "nm" : "MARINEO FERREIRA", "cc" : "DEM", "nv" : " ", "e" : "n", "st" : "", "dvt" : "Válido", "vap" : "0", "pvap" : "00.00" }, 
{ "seq" : "59", "sqcand" : "160000856819", "n" : "40111", "nm" : "LEONICE BORGES", "cc" : "PSB", "nv" : " ", "e" : "n", "st" : "", "dvt" : "Válido", "vap" : "0", "pvap" : "00.00" }, 
{ "seq" : "125", "sqcand" : "160000924678", "n" : "43135", "nm" : "VERINHA DO PV", "cc" : "PV", "nv" : " ", "e" : "n", "st" : "", "dvt" : "Válido", "vap" : "0", "pvap" : "00.00" }, 
{ "seq" : "47", "sqcand" : "160001224847", "n" : "15678", "nm" : "JOAO DECOL", "cc" : "MDB", "nv" : " ", "e" : "n", "st" : "", "dvt" : "Anulado sub judice", "vap" : "0", "pvap" : "00.00" }, 
{ "seq" : "27", "sqcand" : "160001138631", "n" : "90123", "nm" : "DIMERSON BORRACHEIRO", "cc" : "PROS", "nv" : " ", "e" : "n", "st" : "", "dvt" : "Válido", "vap" : "0", "pvap" : "00.00" }, 
{ "seq" : "90", "sqcand" : "160000924673", "n" : "43813", "nm" : "PROFESSOR NUNES", "cc" : "PV", "nv" : " ", "e" : "n", "st" : "", "dvt" : "Válido", "vap" : "0", "pvap" : "00.00" }, 
{ "seq" : "17", "sqcand" : "160000857099", "n" : "17237", "nm" : "CERRADINHO", "cc" : "PSL", "nv" : " ", "e" : "n", "st" : "", "dvt" : "Válido", "vap" : "0", "pvap" : "00.00" }, 
{ "seq" : "117", "sqcand" : "160000784665", "n" : "19456", "nm" : "TIANINHA", "cc" : "PODE", "nv" : " ", "e" : "n", "st" : "", "dvt" : "Válido", "vap" : "0", "pvap" : "00.00" }, 
{ "seq" : "118", "sqcand" : "160001205156", "n" : "55678", "nm" : "TIÇÃO", "cc" : "PSD", "nv" : " ", "e" : "n", "st" : "", "dvt" : "Válido", "vap" : "0", "pvap" : "00.00" }, 
{ "seq" : "121", "sqcand" : "160001263459", "n" : "15151", "nm" : "VALÉRIA BURGOS JORNALISTA", "cc" : "MDB", "nv" : " ", "e" : "n", "st" : "", "dvt" : "Válido", "vap" : "0", "pvap" : "00.00" }, 
{ "seq" : "82", "sqcand" : "160000857111", "n" : "17777", "nm" : "NEGO BOMBEIRO", "cc" : "PSL", "nv" : " ", "e" : "n", "st" : "", "dvt" : "Válido", "vap" : "0", "pvap" : "00.00" }, 
{ "seq" : "5", "sqcand" : "160000784667", "n" : "19111", "nm" : "ALDO DO RESTAURANTE", "cc" : "PODE", "nv" : " ", "e" : "n", "st" : "", "dvt" : "Válido", "vap" : "0", "pvap" : "00.00" }, 
{ "seq" : "130", "sqcand" : "160001262283", "n" : "20000", "nm" : "ZORAIDE FERNANDES", "cc" : "PSC", "nv" : " ", "e" : "n", "st" : "", "dvt" : "Válido", "vap" : "0", "pvap" : "00.00" }, 
{ "seq" : "92", "sqcand" : "160000924674", "n" : "43432", "nm" : "PROFESSORA CECILIA", "cc" : "PV", "nv" : " ", "e" : "n", "st" : "", "dvt" : "Válido", "vap" : "0", "pvap" : "00.00" }, 
{ "seq" : "3", "sqcand" : "160000857112", "n" : "17000", "nm" : "ADRIANO", "cc" : "PSL", "nv" : " ", "e" : "n", "st" : "", "dvt" : "Válido", "vap" : "0", "pvap" : "00.00" }, 
{ "seq" : "18", "sqcand" : "160001205159", "n" : "55777", "nm" : "CHIPANZÉ", "cc" : "PSD", "nv" : " ", "e" : "n", "st" : "", "dvt" : "Válido", "vap" : "0", "pvap" : "00.00" }, 
{ "seq" : "16", "sqcand" : "160001225117", "n" : "45280", "nm" : "CARLINHOS RATINHO", "cc" : "PSDB", "nv" : " ", "e" : "n", "st" : "", "dvt" : "Válido", "vap" : "0", "pvap" : "00.00" }, 
{ "seq" : "95", "sqcand" : "160001138682", "n" : "22022", "nm" : "PROFESSORA NELMA", "cc" : "PL", "nv" : " ", "e" : "n", "st" : "", "dvt" : "Válido", "vap" : "0", "pvap" : "00.00" }, 
{ "seq" : "13", "sqcand" : "160000857102", "n" : "17123", "nm" : "BUIKA", "cc" : "PSL", "nv" : " ", "e" : "n", "st" : "", "dvt" : "Válido", "vap" : "0", "pvap" : "00.00" }, 
{ "seq" : "26", "sqcand" : "160000784668", "n" : "19888", "nm" : "DIKINHO DO DICO", "cc" : "PODE", "nv" : " ", "e" : "n", "st" : "", "dvt" : "Válido", "vap" : "0", "pvap" : "00.00" }, 
{ "seq" : "107", "sqcand" : "160000857108", "n" : "17100", "nm" : "SILVIO DO ALEMÃO", "cc" : "PSL", "nv" : " ", "e" : "n", "st" : "", "dvt" : "Válido", "vap" : "0", "pvap" : "00.00" }, 
{ "seq" : "114", "sqcand" : "160001138687", "n" : "22200", "nm" : "SUSANA DO CADEIAO", "cc" : "PL", "nv" : " ", "e" : "n", "st" : "", "dvt" : "Válido", "vap" : "0", "pvap" : "00.00" }, 
{ "seq" : "60", "sqcand" : "160001225122", "n" : "45456", "nm" : "LILIAN", "cc" : "PSDB", "nv" : " ", "e" : "n", "st" : "", "dvt" : "Anulado sub judice", "vap" : "0", "pvap" : "00.00" }, 
{ "seq" : "101", "sqcand" : "160000856820", "n" : "40222", "nm" : "ROMENIQUE  O RAPAZ DA MANDIOCA", "cc" : "PSB", "nv" : " ", "e" : "n", "st" : "", "dvt" : "Válido", "vap" : "0", "pvap" : "00.00" }, 
{ "seq" : "63", "sqcand" : "160000856821", "n" : "40333", "nm" : "LUCAS MATHEUS", "cc" : "PSB", "nv" : " ", "e" : "n", "st" : "", "dvt" : "Válido", "vap" : "0", "pvap" : "00.00" }, 
{ "seq" : "97", "sqcand" : "160001205040", "n" : "77456", "nm" : "RICARDINHO", "cc" : "SOLIDARIEDADE", "nv" : " ", "e" : "n", "st" : "", "dvt" : "Válido", "vap" : "0", "pvap" : "00.00" }, 
{ "seq" : "2", "sqcand" : "160001205044", "n" : "77789", "nm" : "ADEMAR", "cc" : "SOLIDARIEDADE", "nv" : " ", "e" : "n", "st" : "", "dvt" : "Válido", "vap" : "0", "pvap" : "00.00" }, 
{ "seq" : "100", "sqcand" : "160000784675", "n" : "19919", "nm" : "ROBERTINHO DO ARATINGA", "cc" : "PODE", "nv" : " ", "e" : "n", "st" : "", "dvt" : "Válido", "vap" : "0", "pvap" : "00.00" }, 
{ "seq" : "127", "sqcand" : "160000924675", "n" : "43111", "nm" : "ZENE", "cc" : "PV", "nv" : " ", "e" : "n", "st" : "", "dvt" : "Válido", "vap" : "0", "pvap" : "00.00" }, 
{ "seq" : "23", "sqcand" : "160000857109", "n" : "17124", "nm" : "DAIANE ARAÚJO", "cc" : "PSL", "nv" : " ", "e" : "n", "st" : "", "dvt" : "Válido", "vap" : "0", "pvap" : "00.00" }, 
{ "seq" : "102", "sqcand" : "160001138691", "n" : "22100", "nm" : "ROMEU", "cc" : "PL", "nv" : " ", "e" : "n", "st" : "", "dvt" : "Válido", "vap" : "0", "pvap" : "00.00" }, 
{ "seq" : "91", "sqcand" : "160001205046", "n" : "77333", "nm" : "PROFESSOR PEDRINHO", "cc" : "SOLIDARIEDADE", "nv" : " ", "e" : "n", "st" : "", "dvt" : "Válido", "vap" : "0", "pvap" : "00.00" }, 
{ "seq" : "119", "sqcand" : "160001225051", "n" : "25000", "nm" : "VALDECI CAIPIRÃO", "cc" : "DEM", "nv" : " ", "e" : "n", "st" : "", "dvt" : "Válido", "vap" : "0", "pvap" : "00.00" }, 
{ "seq" : "94", "sqcand" : "160001225120", "n" : "45123", "nm" : "PROFESSORA MICHELLE", "cc" : "PSDB", "nv" : " ", "e" : "n", "st" : "", "dvt" : "Válido", "vap" : "0", "pvap" : "00.00" }, 
{ "seq" : "111", "sqcand" : "160001138633", "n" : "90345", "nm" : "STELLA ABDALA", "cc" : "PROS", "nv" : " ", "e" : "n", "st" : "", "dvt" : "Válido", "vap" : "0", "pvap" : "00.00" }, 
{ "seq" : "9", "sqcand" : "160000784666", "n" : "19020", "nm" : "ANTONIO CARLOS", "cc" : "PODE", "nv" : " ", "e" : "n", "st" : "", "dvt" : "Válido", "vap" : "0", "pvap" : "00.00" }, 
{ "seq" : "104", "sqcand" : "160001205043", "n" : "77444", "nm" : "ROSILDA BARROS", "cc" : "SOLIDARIEDADE", "nv" : " ", "e" : "n", "st" : "", "dvt" : "Válido", "vap" : "0", "pvap" : "00.00" }, 
{ "seq" : "39", "sqcand" : "160000924679", "n" : "43333", "nm" : "FERNANDO", "cc" : "PV", "nv" : " ", "e" : "n", "st" : "", "dvt" : "Válido", "vap" : "0", "pvap" : "00.00" }, 
{ "seq" : "46", "sqcand" : "160001138623", "n" : "90066", "nm" : "JANAINA BUENO", "cc" : "PROS", "nv" : " ", "e" : "n", "st" : "", "dvt" : "Válido", "vap" : "0", "pvap" : "00.00" }, 
{ "seq" : "38", "sqcand" : "160001205045", "n" : "77000", "nm" : "FATIMA ROSA", "cc" : "SOLIDARIEDADE", "nv" : " ", "e" : "n", "st" : "", "dvt" : "Válido", "vap" : "0", "pvap" : "00.00" }, 
{ "seq" : "115", "sqcand" : "160000784674", "n" : "19999", "nm" : "TACIARA PROFESSORA", "cc" : "PODE", "nv" : " ", "e" : "n", "st" : "", "dvt" : "Válido", "vap" : "0", "pvap" : "00.00" }, 
{ "seq" : "109", "sqcand" : "160001224849", "n" : "15000", "nm" : "SIRAM", "cc" : "MDB", "nv" : " ", "e" : "n", "st" : "", "dvt" : "Válido", "vap" : "0", "pvap" : "00.00" }, 
{ "seq" : "124", "sqcand" : "160001225116", "n" : "45567", "nm" : "VERINHA", "cc" : "PSDB", "nv" : " ", "e" : "n", "st" : "", "dvt" : "Válido", "vap" : "0", "pvap" : "00.00" }, 
{ "seq" : "106", "sqcand" : "160001138684", "n" : "22000", "nm" : "SARGENTO RUSSO", "cc" : "PL", "nv" : " ", "e" : "n", "st" : "", "dvt" : "Válido", "vap" : "0", "pvap" : "00.00" }, 
{ "seq" : "108", "sqcand" : "160001225044", "n" : "25452", "nm" : "SILVIO LOPES", "cc" : "DEM", "nv" : " ", "e" : "n", "st" : "", "dvt" : "Válido", "vap" : "0", "pvap" : "00.00" }, 
{ "seq" : "29", "sqcand" : "160001230386", "n" : "20147", "nm" : "DIVONSIR CAMPOS", "cc" : "PSC", "nv" : " ", "e" : "n", "st" : "", "dvt" : "Válido", "vap" : "0", "pvap" : "00.00" }, 
{ "seq" : "31", "sqcand" : "160001225047", "n" : "25234", "nm" : "EDIVALDO PONTES", "cc" : "DEM", "nv" : " ", "e" : "n", "st" : "", "dvt" : "Válido", "vap" : "0", "pvap" : "00.00" }, 
{ "seq" : "76", "sqcand" : "160001225110", "n" : "45555", "nm" : "MARINHO DO SALÃO", "cc" : "PSDB", "nv" : " ", "e" : "n", "st" : "", "dvt" : "Válido", "vap" : "0", "pvap" : "00.00" }, 
{ "seq" : "53", "sqcand" : "160000924681", "n" : "43340", "nm" : "JULIANO COSTA", "cc" : "PV", "nv" : " ", "e" : "n", "st" : "", "dvt" : "Válido", "vap" : "0", "pvap" : "00.00" }, 
{ "seq" : "99", "sqcand" : "160001205052", "n" : "77129", "nm" : "RICK DE CALÓGERAS", "cc" : "SOLIDARIEDADE", "nv" : " ", "e" : "n", "st" : "", "dvt" : "Válido", "vap" : "0", "pvap" : "00.00" }, 
{ "seq" : "49", "sqcand" : "160000856822", "n" : "40123", "nm" : "JOÃO MADUREIRA", "cc" : "PSB", "nv" : " ", "e" : "n", "st" : "", "dvt" : "Válido", "vap" : "0", "pvap" : "00.00" }, 
{ "seq" : "69", "sqcand" : "160000924677", "n" : "43456", "nm" : "MACAN", "cc" : "PV", "nv" : " ", "e" : "n", "st" : "", "dvt" : "Válido", "vap" : "0", "pvap" : "00.00" }, 
{ "seq" : "40", "sqcand" : "160001138688", "n" : "22456", "nm" : "FIÃO", "cc" : "PL", "nv" : " ", "e" : "n", "st" : "", "dvt" : "Válido", "vap" : "0", "pvap" : "00.00" }, 
{ "seq" : "67", "sqcand" : "160001225114", "n" : "45999", "nm" : "LUIS CORREA", "cc" : "PSDB", "nv" : " ", "e" : "n", "st" : "", "dvt" : "Válido", "vap" : "0", "pvap" : "00.00" }, 
{ "seq" : "110", "sqcand" : "160000856818", "n" : "40000", "nm" : "SOELI", "cc" : "PSB", "nv" : " ", "e" : "n", "st" : "", "dvt" : "Válido", "vap" : "0", "pvap" : "00.00" }, 
{ "seq" : "98", "sqcand" : "160000924672", "n" : "43000", "nm" : "RICARDO ROMÃO", "cc" : "PV", "nv" : " ", "e" : "n", "st" : "", "dvt" : "Válido", "vap" : "0", "pvap" : "00.00" }, 
{ "seq" : "51", "sqcand" : "160001225121", "n" : "45122", "nm" : "JORGINHO", "cc" : "PSDB", "nv" : " ", "e" : "n", "st" : "", "dvt" : "Válido", "vap" : "0", "pvap" : "00.00" }, 
{ "seq" : "44", "sqcand" : "160000924680", "n" : "43210", "nm" : "JAIME", "cc" : "PV", "nv" : " ", "e" : "n", "st" : "", "dvt" : "Válido", "vap" : "0", "pvap" : "00.00" }, 
{ "seq" : "72", "sqcand" : "160000857105", "n" : "17999", "nm" : "MARCIA TEZZA", "cc" : "PSL", "nv" : " ", "e" : "n", "st" : "", "dvt" : "Válido", "vap" : "0", "pvap" : "00.00" }, 
{ "seq" : "87", "sqcand" : "160001138627", "n" : "90834", "nm" : "PEREIRA", "cc" : "PROS", "nv" : " ", "e" : "n", "st" : "", "dvt" : "Válido", "vap" : "0", "pvap" : "00.00" }, 
{ "seq" : "8", "sqcand" : "160001230383", "n" : "20456", "nm" : "ANSELMO PEDREIRO", "cc" : "PSC", "nv" : " ", "e" : "n", "st" : "", "dvt" : "Válido", "vap" : "0", "pvap" : "00.00" }, 
{ "seq" : "85", "sqcand" : "160001230385", "n" : "20123", "nm" : "PAPAI NOEL", "cc" : "PSC", "nv" : " ", "e" : "n", "st" : "", "dvt" : "Válido", "vap" : "0", "pvap" : "00.00" }, 
{ "seq" : "52", "sqcand" : "160001138686", "n" : "22555", "nm" : "JOSE COIMBRA", "cc" : "PL", "nv" : " ", "e" : "n", "st" : "", "dvt" : "Válido", "vap" : "0", "pvap" : "00.00" }, 
{ "seq" : "65", "sqcand" : "160000857101", "n" : "17333", "nm" : "LUCIANO VAVA", "cc" : "PSL", "nv" : " ", "e" : "n", "st" : "", "dvt" : "Válido", "vap" : "0", "pvap" : "00.00" }, 
{ "seq" : "14", "sqcand" : "160001138629", "n" : "90363", "nm" : "CAPIXABA DO BAR", "cc" : "PROS", "nv" : " ", "e" : "n", "st" : "", "dvt" : "Válido", "vap" : "0", "pvap" : "00.00" }, 
{ "seq" : "93", "sqcand" : "160001224848", "n" : "15123", "nm" : "PROFESSORA DEYSE", "cc" : "MDB", "nv" : " ", "e" : "n", "st" : "", "dvt" : "Válido", "vap" : "0", "pvap" : "00.00" }, 
{ "seq" : "25", "sqcand" : "160001230390", "n" : "20321", "nm" : "DIDA", "cc" : "PSC", "nv" : " ", "e" : "n", "st" : "", "dvt" : "Válido", "vap" : "0", "pvap" : "00.00" }, 
{ "seq" : "61", "sqcand" : "160001272676", "n" : "55197", "nm" : "LUANA BRIZOLA", "cc" : "PSD", "nv" : " ", "e" : "n", "st" : "", "dvt" : "Válido", "vap" : "0", "pvap" : "00.00" }, 
{ "seq" : "122", "sqcand" : "160001230381", "n" : "20223", "nm" : "VANIZA SOUZA", "cc" : "PSC", "nv" : " ", "e" : "n", "st" : "", "dvt" : "Válido", "vap" : "0", "pvap" : "00.00" }, 
{ "seq" : "86", "sqcand" : "160001225118", "n" : "45678", "nm" : "PEPE", "cc" : "PSDB", "nv" : " ", "e" : "n", "st" : "", "dvt" : "Válido", "vap" : "0", "pvap" : "00.00" }, 
{ "seq" : "43", "sqcand" : "160001205048", "n" : "77990", "nm" : "ISABEL", "cc" : "SOLIDARIEDADE", "nv" : " ", "e" : "n", "st" : "", "dvt" : "Válido", "vap" : "0", "pvap" : "00.00" }, 
{ "seq" : "81", "sqcand" : "160000784669", "n" : "19123", "nm" : "MINO", "cc" : "PODE", "nv" : " ", "e" : "n", "st" : "", "dvt" : "Válido", "vap" : "0", "pvap" : "00.00" }, 
{ "seq" : "71", "sqcand" : "160001225050", "n" : "25200", "nm" : "MAIQUEL ALBERTS", "cc" : "DEM", "nv" : " ", "e" : "n", "st" : "", "dvt" : "Válido", "vap" : "0", "pvap" : "00.00" }, 
{ "seq" : "66", "sqcand" : "160001225119", "n" : "45000", "nm" : "LUI", "cc" : "PSDB", "nv" : " ", "e" : "n", "st" : "", "dvt" : "Válido", "vap" : "0", "pvap" : "00.00" }, 
{ "seq" : "70", "sqcand" : "160001205042", "n" : "77777", "nm" : "MAICON POT", "cc" : "SOLIDARIEDADE", "nv" : " ", "e" : "n", "st" : "", "dvt" : "Válido", "vap" : "0", "pvap" : "00.00" }, 
{ "seq" : "55", "sqcand" : "160001230392", "n" : "20112", "nm" : "JUNINHO", "cc" : "PSC", "nv" : " ", "e" : "n", "st" : "", "dvt" : "Válido", "vap" : "0", "pvap" : "00.00" }, 
{ "seq" : "105", "sqcand" : "160001138625", "n" : "90546", "nm" : "SARDINHA", "cc" : "PROS", "nv" : " ", "e" : "n", "st" : "", "dvt" : "Válido", "vap" : "0", "pvap" : "00.00" }, 
{ "seq" : "30", "sqcand" : "160001205051", "n" : "77111", "nm" : "DOUGLAS", "cc" : "SOLIDARIEDADE", "nv" : " ", "e" : "n", "st" : "", "dvt" : "Válido", "vap" : "0", "pvap" : "00.00" }, 
{ "seq" : "103", "sqcand" : "160001225115", "n" : "45789", "nm" : "RONALDO DA RÁDIO", "cc" : "PSDB", "nv" : " ", "e" : "n", "st" : "", "dvt" : "Válido", "vap" : "0", "pvap" : "00.00" } ] }