{ "ele" : "426", "tpabr" : "mu", "cdabr" : "77097", "carper" : "11", "t" : "1", "f" : "o", "dt" : "09\/11\/2020", "ht" : "16:41:47", "dv" : "s", "tf" : "n", "v" : "1", "esae" : "n", "mnae" : "", "s" : "37", "st" : "0", "pst" : "   0,00", "snt" : "37", "psnt" : " 100,00", "si" : "0", "psi" : "   0,00", "sni" : "0", "psni" : "   0,00", "sa" : "0", "psa" : "   0,00", "sna" : "0", "psna" : "   0,00", "e" : "13137", "ea" : "0", "pea" : "   0,00", "ena" : "0", "pena" : "   0,00", "esi" : "0", "pesi" : "   0,00", "esni" : "0", "pesni" : "   0,00", "c" : "0", "pc" : "   0,00", "a" : "0", "pa" : "   0,00", "vscv" : "0", "vnom" : "0", "pvnom" : "00,00", "vvc" : "0", "pvvc" : "00,00", "vb" : "0", "pvb" : "00,00", "tvn" : "0", "ptvn" : "00,00", "vn" : "0", "pvn" : "00,00", "vnt" : "0", "pvnt" : "00,00", "vp" : "0", "pvp" : "00,00", "vv" : "0", "pvv" : "00,00", "van" : "0", "pvan" : "00,00", "vansj" : "0", "pvansj" : "00,00", "tv" : "0", "cand" : [ 
{ "seq" : "1", "sqcand" : "160001053902", "n" : "10", "nm" : "ARIEL CONFORTO", "cc" : "REPUBLICANOS - PSL \/ REPUBLICANOS", "nv" : "DR RUI SCUCATO", "e" : "n", "st" : "", "dvt" : "Válido", "vap" : "0", "pvap" : "00.00" }, 
{ "seq" : "3", "sqcand" : "160001106002", "n" : "55", "nm" : "JUNIOR BRINDAROLLI", "cc" : "PSD - PL \/ PSB \/ PSD", "nv" : "VITOR BERTOLIN", "e" : "n", "st" : "", "dvt" : "Válido", "vap" : "0", "pvap" : "00.00" }, 
{ "seq" : "5", "sqcand" : "160000662098", "n" : "12", "nm" : "VEIGA", "cc" : "PDT", "nv" : "RONAN CARDOSO", "e" : "n", "st" : "", "dvt" : "Anulado sub judice", "vap" : "0", "pvap" : "00.00" }, 
{ "seq" : "2", "sqcand" : "160000662840", "n" : "90", "nm" : "CLODOALDO ALYSSON CANTOR", "cc" : "PROS - PROS \/ PP", "nv" : "PASTOR ANTONIO NUNES", "e" : "n", "st" : "", "dvt" : "Válido", "vap" : "0", "pvap" : "00.00" }, 
{ "seq" : "4", "sqcand" : "160001221992", "n" : "19", "nm" : "MARAJÁ", "cc" : "PODE - PODE \/ MDB \/ PTB \/ PSDB", "nv" : "PROFESSORA SELMA", "e" : "n", "st" : "", "dvt" : "Válido", "vap" : "0", "pvap" : "00.00" } ] }