{ "ele" : "426", "tpabr" : "mu", "cdabr" : "74020", "carper" : "13", "t" : "1", "f" : "o", "dt" : "07\/11\/2020", "ht" : "02:10:16", "dv" : "s", "tf" : "n", "v" : "9", "esae" : "n", "mnae" : "", "s" : "12", "st" : "0", "pst" : "   0,00", "snt" : "12", "psnt" : " 100,00", "si" : "0", "psi" : "   0,00", "sni" : "0", "psni" : "   0,00", "sa" : "0", "psa" : "   0,00", "sna" : "0", "psna" : "   0,00", "e" : "5215", "ea" : "0", "pea" : "   0,00", "ena" : "0", "pena" : "   0,00", "esi" : "0", "pesi" : "   0,00", "esni" : "0", "pesni" : "   0,00", "c" : "0", "pc" : "   0,00", "a" : "0", "pa" : "   0,00", "vscv" : "0", "vnom" : "0", "vl" : "0", "pvnom" : "00,00", "pvl" : "00,00", "vvc" : "0", "pvvc" : "00,00", "vb" : "0", "pvb" : "00,00", "tvn" : "0", "ptvn" : "00,00", "vn" : "0", "pvn" : "00,00", "vnt" : "0", "pvnt" : "00,00", "vp" : "0", "pvp" : "00,00", "vv" : "0", "pvv" : "00,00", "van" : "0", "pvan" : "00,00", "vansj" : "0", "pvansj" : "00,00", "tv" : "0", "cand" : [ 
{ "seq" : "37", "sqcand" : "160001042028", "n" : "55456", "nm" : "JANINHA", "cc" : "PSD", "nv" : " ", "e" : "n", "st" : "", "dvt" : "Válido", "vap" : "0", "pvap" : "00.00" }, 
{ "seq" : "70", "sqcand" : "160001110197", "n" : "90100", "nm" : "ROSE RIBEIRO", "cc" : "PROS", "nv" : " ", "e" : "n", "st" : "", "dvt" : "Válido", "vap" : "0", "pvap" : "00.00" }, 
{ "seq" : "18", "sqcand" : "160001039099", "n" : "25028", "nm" : "CLARINEIDE CHIMELLO", "cc" : "DEM", "nv" : " ", "e" : "n", "st" : "", "dvt" : "Válido", "vap" : "0", "pvap" : "00.00" }, 
{ "seq" : "31", "sqcand" : "160001042037", "n" : "55234", "nm" : "FAGUNDES ENFERMEIRO", "cc" : "PSD", "nv" : " ", "e" : "n", "st" : "", "dvt" : "Válido", "vap" : "0", "pvap" : "00.00" }, 
{ "seq" : "12", "sqcand" : "160001042040", "n" : "55018", "nm" : "ANTONIO PEREIRA SILVA NENO", "cc" : "PSD", "nv" : " ", "e" : "n", "st" : "", "dvt" : "Anulado sub judice", "vap" : "0", "pvap" : "00.00" }, 
{ "seq" : "78", "sqcand" : "160001102546", "n" : "13123", "nm" : "SIRENE", "cc" : "PT", "nv" : " ", "e" : "n", "st" : "", "dvt" : "Válido", "vap" : "0", "pvap" : "00.00" }, 
{ "seq" : "20", "sqcand" : "160001102547", "n" : "13888", "nm" : "DICÃO", "cc" : "PT", "nv" : " ", "e" : "n", "st" : "", "dvt" : "Válido", "vap" : "0", "pvap" : "00.00" }, 
{ "seq" : "15", "sqcand" : "160001102543", "n" : "13513", "nm" : "BAIXINHO", "cc" : "PT", "nv" : " ", "e" : "n", "st" : "", "dvt" : "Válido", "vap" : "0", "pvap" : "00.00" }, 
{ "seq" : "80", "sqcand" : "160000786382", "n" : "45111", "nm" : "TONINHO SOUZA", "cc" : "PSDB", "nv" : " ", "e" : "n", "st" : "", "dvt" : "Válido", "vap" : "0", "pvap" : "00.00" }, 
{ "seq" : "62", "sqcand" : "160000786387", "n" : "45234", "nm" : "PROFESSORA EDINA MEIRA", "cc" : "PSDB", "nv" : " ", "e" : "n", "st" : "", "dvt" : "Válido", "vap" : "0", "pvap" : "00.00" }, 
{ "seq" : "43", "sqcand" : "160000750918", "n" : "20456", "nm" : "JOSE SEIXAS", "cc" : "PSC", "nv" : " ", "e" : "n", "st" : "", "dvt" : "Válido", "vap" : "0", "pvap" : "00.00" }, 
{ "seq" : "16", "sqcand" : "160001102540", "n" : "13313", "nm" : "BEATRIS", "cc" : "PT", "nv" : " ", "e" : "n", "st" : "", "dvt" : "Válido", "vap" : "0", "pvap" : "00.00" }, 
{ "seq" : "46", "sqcand" : "160000786386", "n" : "45277", "nm" : "JURACI  (JORA)", "cc" : "PSDB", "nv" : " ", "e" : "n", "st" : "", "dvt" : "Válido", "vap" : "0", "pvap" : "00.00" }, 
{ "seq" : "51", "sqcand" : "160001042034", "n" : "55055", "nm" : "MATEUS MINISTRO", "cc" : "PSD", "nv" : " ", "e" : "n", "st" : "", "dvt" : "Válido", "vap" : "0", "pvap" : "00.00" }, 
{ "seq" : "47", "sqcand" : "160001270652", "n" : "90020", "nm" : "KEILA DOS SANTOS", "cc" : "PROS", "nv" : " ", "e" : "n", "st" : "", "dvt" : "Válido", "vap" : "0", "pvap" : "00.00" }, 
{ "seq" : "6", "sqcand" : "160001042033", "n" : "55229", "nm" : "ALEMAO", "cc" : "PSD", "nv" : " ", "e" : "n", "st" : "", "dvt" : "Válido", "vap" : "0", "pvap" : "00.00" }, 
{ "seq" : "69", "sqcand" : "160001102542", "n" : "13333", "nm" : "RIVA", "cc" : "PT", "nv" : " ", "e" : "n", "st" : "", "dvt" : "Válido", "vap" : "0", "pvap" : "00.00" }, 
{ "seq" : "25", "sqcand" : "160001042039", "n" : "55111", "nm" : "EDI BERGAMASCHI", "cc" : "PSD", "nv" : " ", "e" : "n", "st" : "", "dvt" : "Válido", "vap" : "0", "pvap" : "00.00" }, 
{ "seq" : "61", "sqcand" : "160001039096", "n" : "25999", "nm" : "PROFESSORA DIRLENE", "cc" : "DEM", "nv" : " ", "e" : "n", "st" : "", "dvt" : "Válido", "vap" : "0", "pvap" : "00.00" }, 
{ "seq" : "40", "sqcand" : "160000750919", "n" : "20021", "nm" : "JOAO PAULO NAPOLI", "cc" : "PSC", "nv" : " ", "e" : "n", "st" : "", "dvt" : "Válido", "vap" : "0", "pvap" : "00.00" }, 
{ "seq" : "58", "sqcand" : "160001110203", "n" : "90190", "nm" : "POLACO DAS BEBIDAS", "cc" : "PROS", "nv" : " ", "e" : "n", "st" : "", "dvt" : "Válido", "vap" : "0", "pvap" : "00.00" }, 
{ "seq" : "54", "sqcand" : "160000847459", "n" : "40111", "nm" : "NOELI RAIMONDI", "cc" : "PSB", "nv" : " ", "e" : "n", "st" : "", "dvt" : "Válido", "vap" : "0", "pvap" : "00.00" }, 
{ "seq" : "65", "sqcand" : "160000786337", "n" : "11238", "nm" : "PROFESSORA SUELI", "cc" : "PP", "nv" : " ", "e" : "n", "st" : "", "dvt" : "Válido", "vap" : "0", "pvap" : "00.00" }, 
{ "seq" : "26", "sqcand" : "160000786383", "n" : "45555", "nm" : "ÉDINA CASANATTO", "cc" : "PSDB", "nv" : " ", "e" : "n", "st" : "", "dvt" : "Válido", "vap" : "0", "pvap" : "00.00" }, 
{ "seq" : "63", "sqcand" : "160000750923", "n" : "20011", "nm" : "PROFESSORA PAULINA", "cc" : "PSC", "nv" : " ", "e" : "n", "st" : "", "dvt" : "Válido", "vap" : "0", "pvap" : "00.00" }, 
{ "seq" : "33", "sqcand" : "160001105816", "n" : "22456", "nm" : "GILMAR BALENA", "cc" : "PL", "nv" : " ", "e" : "n", "st" : "", "dvt" : "Válido", "vap" : "0", "pvap" : "00.00" }, 
{ "seq" : "52", "sqcand" : "160001105823", "n" : "22111", "nm" : "NEIVA ALVES", "cc" : "PL", "nv" : " ", "e" : "n", "st" : "", "dvt" : "Válido", "vap" : "0", "pvap" : "00.00" }, 
{ "seq" : "32", "sqcand" : "160000786381", "n" : "45000", "nm" : "FIDEL", "cc" : "PSDB", "nv" : " ", "e" : "n", "st" : "", "dvt" : "Válido", "vap" : "0", "pvap" : "00.00" }, 
{ "seq" : "75", "sqcand" : "160000786339", "n" : "11011", "nm" : "SIDINEI NEGUINHO", "cc" : "PP", "nv" : " ", "e" : "n", "st" : "", "dvt" : "Válido", "vap" : "0", "pvap" : "00.00" }, 
{ "seq" : "73", "sqcand" : "160001042029", "n" : "55678", "nm" : "SAULO FILIPPINI", "cc" : "PSD", "nv" : " ", "e" : "n", "st" : "", "dvt" : "Válido", "vap" : "0", "pvap" : "00.00" }, 
{ "seq" : "27", "sqcand" : "160000847449", "n" : "40123", "nm" : "ELAINE MAGALHÂES", "cc" : "PSB", "nv" : " ", "e" : "n", "st" : "", "dvt" : "Válido", "vap" : "0", "pvap" : "00.00" }, 
{ "seq" : "36", "sqcand" : "160001102545", "n" : "13013", "nm" : "IVAIR", "cc" : "PT", "nv" : " ", "e" : "n", "st" : "", "dvt" : "Válido", "vap" : "0", "pvap" : "00.00" }, 
{ "seq" : "48", "sqcand" : "160001105821", "n" : "22115", "nm" : "LINDAIR VICENCI", "cc" : "PL", "nv" : " ", "e" : "n", "st" : "", "dvt" : "Válido", "vap" : "0", "pvap" : "00.00" }, 
{ "seq" : "11", "sqcand" : "160000786334", "n" : "11555", "nm" : "ANTONIO PADILHA", "cc" : "PP", "nv" : " ", "e" : "n", "st" : "", "dvt" : "Válido", "vap" : "0", "pvap" : "00.00" }, 
{ "seq" : "76", "sqcand" : "160001105820", "n" : "22333", "nm" : "SIMONE OIDELLA", "cc" : "PL", "nv" : " ", "e" : "n", "st" : "", "dvt" : "Válido", "vap" : "0", "pvap" : "00.00" }, 
{ "seq" : "7", "sqcand" : "160001110205", "n" : "90090", "nm" : "ALEMÃO DO PESQUEIRO", "cc" : "PROS", "nv" : " ", "e" : "n", "st" : "", "dvt" : "Válido", "vap" : "0", "pvap" : "00.00" }, 
{ "seq" : "42", "sqcand" : "160001105824", "n" : "22345", "nm" : "JOSÉ FERNANDES", "cc" : "PL", "nv" : " ", "e" : "n", "st" : "", "dvt" : "Válido", "vap" : "0", "pvap" : "00.00" }, 
{ "seq" : "68", "sqcand" : "160001102548", "n" : "13613", "nm" : "RIBEIRO", "cc" : "PT", "nv" : " ", "e" : "n", "st" : "", "dvt" : "Anulado sub judice", "vap" : "0", "pvap" : "00.00" }, 
{ "seq" : "59", "sqcand" : "160000786389", "n" : "45333", "nm" : "PROFESSOR KÉIO", "cc" : "PSDB", "nv" : " ", "e" : "n", "st" : "", "dvt" : "Válido", "vap" : "0", "pvap" : "00.00" }, 
{ "seq" : "2", "sqcand" : "160000786333", "n" : "11120", "nm" : "ADAO ADAIR BANDEIRA", "cc" : "PP", "nv" : " ", "e" : "n", "st" : "", "dvt" : "Válido", "vap" : "0", "pvap" : "00.00" }, 
{ "seq" : "28", "sqcand" : "160001105818", "n" : "22022", "nm" : "ELIAS PRADO", "cc" : "PL", "nv" : " ", "e" : "n", "st" : "", "dvt" : "Válido", "vap" : "0", "pvap" : "00.00" }, 
{ "seq" : "39", "sqcand" : "160001042035", "n" : "55123", "nm" : "JEFERSON FERREIRA", "cc" : "PSD", "nv" : " ", "e" : "n", "st" : "", "dvt" : "Válido", "vap" : "0", "pvap" : "00.00" }, 
{ "seq" : "83", "sqcand" : "160001042036", "n" : "55789", "nm" : "VANESSA", "cc" : "PSD", "nv" : " ", "e" : "n", "st" : "", "dvt" : "Válido", "vap" : "0", "pvap" : "00.00" }, 
{ "seq" : "22", "sqcand" : "160001105817", "n" : "22222", "nm" : "DIONATHAN SANTOS", "cc" : "PL", "nv" : " ", "e" : "n", "st" : "", "dvt" : "Válido", "vap" : "0", "pvap" : "00.00" }, 
{ "seq" : "67", "sqcand" : "160000847455", "n" : "40040", "nm" : "REGINA MEURER", "cc" : "PSB", "nv" : " ", "e" : "n", "st" : "", "dvt" : "Válido", "vap" : "0", "pvap" : "00.00" }, 
{ "seq" : "5", "sqcand" : "160000750920", "n" : "20123", "nm" : "ALAIS PINHEIRO", "cc" : "PSC", "nv" : " ", "e" : "n", "st" : "", "dvt" : "Válido", "vap" : "0", "pvap" : "00.00" }, 
{ "seq" : "84", "sqcand" : "160001039098", "n" : "25355", "nm" : "VININHO", "cc" : "DEM", "nv" : " ", "e" : "n", "st" : "", "dvt" : "Válido", "vap" : "0", "pvap" : "00.00" }, 
{ "seq" : "85", "sqcand" : "160000847453", "n" : "40345", "nm" : "ZÉ BONFIM", "cc" : "PSB", "nv" : " ", "e" : "n", "st" : "", "dvt" : "Válido", "vap" : "0", "pvap" : "00.00" }, 
{ "seq" : "30", "sqcand" : "160001042032", "n" : "55555", "nm" : "FABIULA HULSE", "cc" : "PSD", "nv" : " ", "e" : "n", "st" : "", "dvt" : "Válido", "vap" : "0", "pvap" : "00.00" }, 
{ "seq" : "34", "sqcand" : "160001273215", "n" : "90123", "nm" : "INES DA LUZ", "cc" : "PROS", "nv" : " ", "e" : "n", "st" : "", "dvt" : "Válido", "vap" : "0", "pvap" : "00.00" }, 
{ "seq" : "60", "sqcand" : "160001262597", "n" : "45045", "nm" : "PROFESSORA CARMEN PINHEIRO", "cc" : "PSDB", "nv" : " ", "e" : "n", "st" : "", "dvt" : "Válido", "vap" : "0", "pvap" : "00.00" }, 
{ "seq" : "79", "sqcand" : "160001042038", "n" : "55444", "nm" : "TALINO", "cc" : "PSD", "nv" : " ", "e" : "n", "st" : "", "dvt" : "Anulado sub judice", "vap" : "0", "pvap" : "00.00" }, 
{ "seq" : "10", "sqcand" : "160000750921", "n" : "20055", "nm" : "ANTONIO DAMBROSIO", "cc" : "PSC", "nv" : " ", "e" : "n", "st" : "", "dvt" : "Válido", "vap" : "0", "pvap" : "00.00" }, 
{ "seq" : "49", "sqcand" : "160001102916", "n" : "15678", "nm" : "LUANA", "cc" : "MDB", "nv" : " ", "e" : "n", "st" : "", "dvt" : "Anulado sub judice", "vap" : "0", "pvap" : "00.00" }, 
{ "seq" : "81", "sqcand" : "160000786341", "n" : "11111", "nm" : "VANDE MORAIS", "cc" : "PP", "nv" : " ", "e" : "n", "st" : "", "dvt" : "Válido", "vap" : "0", "pvap" : "00.00" }, 
{ "seq" : "66", "sqcand" : "160000786336", "n" : "11333", "nm" : "RAQUEL DANTAS", "cc" : "PP", "nv" : " ", "e" : "n", "st" : "", "dvt" : "Válido", "vap" : "0", "pvap" : "00.00" }, 
{ "seq" : "82", "sqcand" : "160000786390", "n" : "45999", "nm" : "VANDERLEI BORLIN", "cc" : "PSDB", "nv" : " ", "e" : "n", "st" : "", "dvt" : "Válido", "vap" : "0", "pvap" : "00.00" }, 
{ "seq" : "14", "sqcand" : "160000847456", "n" : "40000", "nm" : "ARTHUR LEZMAN", "cc" : "PSB", "nv" : " ", "e" : "n", "st" : "", "dvt" : "Válido", "vap" : "0", "pvap" : "00.00" }, 
{ "seq" : "71", "sqcand" : "160001102541", "n" : "13413", "nm" : "SALETE CHARAVA", "cc" : "PT", "nv" : " ", "e" : "n", "st" : "", "dvt" : "Válido", "vap" : "0", "pvap" : "00.00" }, 
{ "seq" : "55", "sqcand" : "160000750917", "n" : "20020", "nm" : "PASTOR MIRANDA", "cc" : "PSC", "nv" : " ", "e" : "n", "st" : "", "dvt" : "Válido", "vap" : "0", "pvap" : "00.00" }, 
{ "seq" : "38", "sqcand" : "160000847451", "n" : "40222", "nm" : "JANITA TOMACHESKI", "cc" : "PSB", "nv" : " ", "e" : "n", "st" : "", "dvt" : "Válido", "vap" : "0", "pvap" : "00.00" }, 
{ "seq" : "86", "sqcand" : "160000786335", "n" : "11110", "nm" : "ZEZINHO DA ERVATEIRA", "cc" : "PP", "nv" : " ", "e" : "n", "st" : "", "dvt" : "Válido", "vap" : "0", "pvap" : "00.00" }, 
{ "seq" : "19", "sqcand" : "160001102917", "n" : "15123", "nm" : "CRISTIANO ROCHA", "cc" : "MDB", "nv" : " ", "e" : "n", "st" : "", "dvt" : "Válido", "vap" : "0", "pvap" : "00.00" }, 
{ "seq" : "13", "sqcand" : "160001042027", "n" : "55134", "nm" : "ARISTIDES ANDRADE", "cc" : "PSD", "nv" : " ", "e" : "n", "st" : "", "dvt" : "Anulado sub judice", "vap" : "0", "pvap" : "00.00" }, 
{ "seq" : "45", "sqcand" : "160000786338", "n" : "11021", "nm" : "JUNIOR VIGO", "cc" : "PP", "nv" : " ", "e" : "n", "st" : "", "dvt" : "Válido", "vap" : "0", "pvap" : "00.00" }, 
{ "seq" : "23", "sqcand" : "160000847458", "n" : "40021", "nm" : "DIRCEU RAUPP", "cc" : "PSB", "nv" : " ", "e" : "n", "st" : "", "dvt" : "Válido", "vap" : "0", "pvap" : "00.00" }, 
{ "seq" : "17", "sqcand" : "160000786332", "n" : "11999", "nm" : "BIA BARTZIK", "cc" : "PP", "nv" : " ", "e" : "n", "st" : "", "dvt" : "Válido", "vap" : "0", "pvap" : "00.00" }, 
{ "seq" : "29", "sqcand" : "160000847457", "n" : "40045", "nm" : "EVERALDO (POLACO PEDREIRO)", "cc" : "PSB", "nv" : " ", "e" : "n", "st" : "", "dvt" : "Válido", "vap" : "0", "pvap" : "00.00" }, 
{ "seq" : "3", "sqcand" : "160001105822", "n" : "22789", "nm" : "ADÃO DO TAXI", "cc" : "PL", "nv" : " ", "e" : "n", "st" : "", "dvt" : "Válido", "vap" : "0", "pvap" : "00.00" }, 
{ "seq" : "74", "sqcand" : "160001110198", "n" : "90000", "nm" : "SERGINHO", "cc" : "PROS", "nv" : " ", "e" : "n", "st" : "", "dvt" : "Válido", "vap" : "0", "pvap" : "00.00" }, 
{ "seq" : "50", "sqcand" : "160001105815", "n" : "22123", "nm" : "LUIZ SILVESTRE", "cc" : "PL", "nv" : " ", "e" : "n", "st" : "", "dvt" : "Válido", "vap" : "0", "pvap" : "00.00" }, 
{ "seq" : "21", "sqcand" : "160001039095", "n" : "25155", "nm" : "DILSO PADILHA", "cc" : "DEM", "nv" : " ", "e" : "n", "st" : "", "dvt" : "Válido", "vap" : "0", "pvap" : "00.00" }, 
{ "seq" : "56", "sqcand" : "160000786384", "n" : "45123", "nm" : "PAULO PASSOS", "cc" : "PSDB", "nv" : " ", "e" : "n", "st" : "", "dvt" : "Válido", "vap" : "0", "pvap" : "00.00" }, 
{ "seq" : "53", "sqcand" : "160001105819", "n" : "22000", "nm" : "NEREU GLABA", "cc" : "PL", "nv" : " ", "e" : "n", "st" : "", "dvt" : "Válido", "vap" : "0", "pvap" : "00.00" }, 
{ "seq" : "72", "sqcand" : "160001042031", "n" : "55566", "nm" : "SALETE NOVASSAT", "cc" : "PSD", "nv" : " ", "e" : "n", "st" : "", "dvt" : "Válido", "vap" : "0", "pvap" : "00.00" }, 
{ "seq" : "44", "sqcand" : "160000786385", "n" : "45678", "nm" : "JUNINHO", "cc" : "PSDB", "nv" : " ", "e" : "n", "st" : "", "dvt" : "Válido", "vap" : "0", "pvap" : "00.00" }, 
{ "seq" : "8", "sqcand" : "160001110200", "n" : "90789", "nm" : "ALTEVIR LORENÇATTO", "cc" : "PROS", "nv" : " ", "e" : "n", "st" : "", "dvt" : "Válido", "vap" : "0", "pvap" : "00.00" }, 
{ "seq" : "35", "sqcand" : "160000847452", "n" : "40010", "nm" : "ITACIR", "cc" : "PSB", "nv" : " ", "e" : "n", "st" : "", "dvt" : "Válido", "vap" : "0", "pvap" : "00.00" }, 
{ "seq" : "1", "sqcand" : "160001110199", "n" : "90111", "nm" : "ADAIR", "cc" : "PROS", "nv" : " ", "e" : "n", "st" : "", "dvt" : "Válido", "vap" : "0", "pvap" : "00.00" }, 
{ "seq" : "4", "sqcand" : "160001110201", "n" : "90777", "nm" : "ADEMIR OLIVEIRA", "cc" : "PROS", "nv" : " ", "e" : "n", "st" : "", "dvt" : "Válido", "vap" : "0", "pvap" : "00.00" }, 
{ "seq" : "24", "sqcand" : "160000786340", "n" : "11117", "nm" : "EDELSON FONSECA", "cc" : "PP", "nv" : " ", "e" : "n", "st" : "", "dvt" : "Anulado sub judice", "vap" : "0", "pvap" : "00.00" }, 
{ "seq" : "64", "sqcand" : "160000786388", "n" : "45266", "nm" : "PROFESSORA SIRLENE", "cc" : "PSDB", "nv" : " ", "e" : "n", "st" : "", "dvt" : "Válido", "vap" : "0", "pvap" : "00.00" }, 
{ "seq" : "41", "sqcand" : "160000847454", "n" : "40277", "nm" : "JOEL ANDRADE", "cc" : "PSB", "nv" : " ", "e" : "n", "st" : "", "dvt" : "Válido", "vap" : "0", "pvap" : "00.00" }, 
{ "seq" : "57", "sqcand" : "160001039097", "n" : "25678", "nm" : "PEDRO RABEL", "cc" : "DEM", "nv" : " ", "e" : "n", "st" : "", "dvt" : "Válido", "vap" : "0", "pvap" : "00.00" }, 
{ "seq" : "9", "sqcand" : "160000847450", "n" : "40789", "nm" : "ANTONINHO DE LARA SARUVA", "cc" : "PSB", "nv" : " ", "e" : "n", "st" : "", "dvt" : "Válido", "vap" : "0", "pvap" : "00.00" }, 
{ "seq" : "77", "sqcand" : "160001042030", "n" : "55022", "nm" : "SIMONE PALUDO", "cc" : "PSD", "nv" : " ", "e" : "n", "st" : "", "dvt" : "Válido", "vap" : "0", "pvap" : "00.00" } ] }