{ "ele" : "426", "tpabr" : "mu", "cdabr" : "77658", "carper" : "11", "t" : "1", "f" : "o", "dt" : "12\/11\/2020", "ht" : "12:07:28", "dv" : "s", "tf" : "n", "v" : "1", "esae" : "n", "mnae" : "", "s" : "58", "st" : "0", "pst" : "   0,00", "snt" : "58", "psnt" : " 100,00", "si" : "0", "psi" : "   0,00", "sni" : "0", "psni" : "   0,00", "sa" : "0", "psa" : "   0,00", "sna" : "0", "psna" : "   0,00", "e" : "23289", "ea" : "0", "pea" : "   0,00", "ena" : "0", "pena" : "   0,00", "esi" : "0", "pesi" : "   0,00", "esni" : "0", "pesni" : "   0,00", "c" : "0", "pc" : "   0,00", "a" : "0", "pa" : "   0,00", "vscv" : "0", "vnom" : "0", "pvnom" : "00,00", "vvc" : "0", "pvvc" : "00,00", "vb" : "0", "pvb" : "00,00", "tvn" : "0", "ptvn" : "00,00", "vn" : "0", "pvn" : "00,00", "vnt" : "0", "pvnt" : "00,00", "vp" : "0", "pvp" : "00,00", "vv" : "0", "pvv" : "00,00", "van" : "0", "pvan" : "00,00", "vansj" : "0", "pvansj" : "00,00", "tv" : "0", "cand" : [ 
{ "seq" : "6", "sqcand" : "160001109763", "n" : "36", "nm" : "PROFESSOR CHIQUINHO", "cc" : "PTC", "nv" : "CARLOS CARDOZO", "e" : "n", "st" : "", "dvt" : "Válido", "vap" : "0", "pvap" : "00.00" }, 
{ "seq" : "4", "sqcand" : "160000846012", "n" : "13", "nm" : "DR ODIR", "cc" : "PT - PT \/ PC do B \/ MDB", "nv" : "BERALDO AMARAL", "e" : "n", "st" : "", "dvt" : "Válido", "vap" : "0", "pvap" : "00.00" }, 
{ "seq" : "7", "sqcand" : "160000845815", "n" : "40", "nm" : "ZE VITORINO", "cc" : "PSB - PSB \/ PROS \/ PDT \/ PP", "nv" : "VALDECIR BIASEBETTI", "e" : "n", "st" : "", "dvt" : "Anulado sub judice", "vap" : "0", "pvap" : "00.00" }, 
{ "seq" : "2", "sqcand" : "160000845477", "n" : "55", "nm" : "DIRCEU", "cc" : "PSD - PODE \/ CIDADANIA \/ PSL \/ PSDB \/ PSD", "nv" : "JUCA", "e" : "n", "st" : "", "dvt" : "Válido", "vap" : "0", "pvap" : "00.00" }, 
{ "seq" : "3", "sqcand" : "160000989881", "n" : "51", "nm" : "DR EDSON CREMA", "cc" : "PATRIOTA", "nv" : "JONAS DA ROSA", "e" : "n", "st" : "", "dvt" : "Válido", "vap" : "0", "pvap" : "00.00" }, 
{ "seq" : "5", "sqcand" : "160000843703", "n" : "70", "nm" : "LETICIA MARTINS", "cc" : "AVANTE", "nv" : "LIA DANGUY", "e" : "n", "st" : "", "dvt" : "Válido", "vap" : "0", "pvap" : "00.00" } ] }