{ "ele" : "426", "tpabr" : "mu", "cdabr" : "79278", "carper" : "11", "t" : "1", "f" : "o", "dt" : "07\/11\/2020", "ht" : "02:10:06", "dv" : "s", "tf" : "n", "v" : "1", "esae" : "n", "mnae" : "", "s" : "233", "st" : "0", "pst" : "   0,00", "snt" : "233", "psnt" : " 100,00", "si" : "0", "psi" : "   0,00", "sni" : "0", "psni" : "   0,00", "sa" : "0", "psa" : "   0,00", "sna" : "0", "psna" : "   0,00", "e" : "98692", "ea" : "0", "pea" : "   0,00", "ena" : "0", "pena" : "   0,00", "esi" : "0", "pesi" : "   0,00", "esni" : "0", "pesni" : "   0,00", "c" : "0", "pc" : "   0,00", "a" : "0", "pa" : "   0,00", "vscv" : "0", "vnom" : "0", "pvnom" : "00,00", "vvc" : "0", "pvvc" : "00,00", "vb" : "0", "pvb" : "00,00", "tvn" : "0", "ptvn" : "00,00", "vn" : "0", "pvn" : "00,00", "vnt" : "0", "pvnt" : "00,00", "vp" : "0", "pvp" : "00,00", "vv" : "0", "pvv" : "00,00", "van" : "0", "pvan" : "00,00", "vansj" : "0", "pvansj" : "00,00", "tv" : "0", "cand" : [ 
{ "seq" : "6", "sqcand" : "160000664981", "n" : "36", "nm" : "SIMONE SPONHOLZ", "cc" : "PTC - PTC \/ PTB", "nv" : "FÁBIO KUKOWITSCH", "e" : "n", "st" : "", "dvt" : "Válido", "vap" : "0", "pvap" : "00.00" }, 
{ "seq" : "4", "sqcand" : "160001116485", "n" : "13", "nm" : "JAQUELINE MACHADO", "cc" : "PT", "nv" : "PROF JOANA DARC", "e" : "n", "st" : "", "dvt" : "Válido", "vap" : "0", "pvap" : "00.00" }, 
{ "seq" : "5", "sqcand" : "160001211984", "n" : "11", "nm" : "LUCIO DE MARCHI", "cc" : "PP - PSD \/ PATRIOTA \/ DEM \/ SOLIDARIEDADE \/ PP \/ PV", "nv" : "MARCOS ZANETTI", "e" : "n", "st" : "", "dvt" : "Válido", "vap" : "0", "pvap" : "00.00" }, 
{ "seq" : "2", "sqcand" : "160001112436", "n" : "50", "nm" : "CLÁUDIA MALLMANN", "cc" : "PSOL - PSOL \/ PC do B", "nv" : "COSMES", "e" : "n", "st" : "", "dvt" : "Válido", "vap" : "0", "pvap" : "00.00" }, 
{ "seq" : "1", "sqcand" : "160000893002", "n" : "15", "nm" : "BETO LUNITTI", "cc" : "MDB - AVANTE \/ REDE \/ CIDADANIA \/ MDB \/ PSB", "nv" : "ADEMAR  DORFSCHMIDT", "e" : "n", "st" : "", "dvt" : "Válido", "vap" : "0", "pvap" : "00.00" }, 
{ "seq" : "3", "sqcand" : "160001213231", "n" : "12", "nm" : "CORAZZA", "cc" : "PDT", "nv" : "AMANDA LOPES", "e" : "n", "st" : "", "dvt" : "Válido", "vap" : "0", "pvap" : "00.00" }, 
{ "seq" : "7", "sqcand" : "160001240160", "n" : "19", "nm" : "TITA FURLAN", "cc" : "PODE - PODE \/ REPUBLICANOS \/ PSL \/ PL \/ PSC", "nv" : "BETO IGNÁCIO", "e" : "n", "st" : "", "dvt" : "Válido", "vap" : "0", "pvap" : "00.00" } ] }