{ "ele" : "426", "tpabr" : "mu", "cdabr" : "75850", "carper" : "11", "t" : "1", "f" : "o", "dt" : "07\/11\/2020", "ht" : "15:12:44", "dv" : "s", "tf" : "n", "v" : "1", "esae" : "n", "mnae" : "", "s" : "22", "st" : "0", "pst" : "   0,00", "snt" : "22", "psnt" : " 100,00", "si" : "0", "psi" : "   0,00", "sni" : "0", "psni" : "   0,00", "sa" : "0", "psa" : "   0,00", "sna" : "0", "psna" : "   0,00", "e" : "6635", "ea" : "0", "pea" : "   0,00", "ena" : "0", "pena" : "   0,00", "esi" : "0", "pesi" : "   0,00", "esni" : "0", "pesni" : "   0,00", "c" : "0", "pc" : "   0,00", "a" : "0", "pa" : "   0,00", "vscv" : "0", "vnom" : "0", "pvnom" : "00,00", "vvc" : "0", "pvvc" : "00,00", "vb" : "0", "pvb" : "00,00", "tvn" : "0", "ptvn" : "00,00", "vn" : "0", "pvn" : "00,00", "vnt" : "0", "pvnt" : "00,00", "vp" : "0", "pvp" : "00,00", "vv" : "0", "pvv" : "00,00", "van" : "0", "pvan" : "00,00", "vansj" : "0", "pvansj" : "00,00", "tv" : "0", "cand" : [ 
{ "seq" : "4", "sqcand" : "160001216070", "n" : "23", "nm" : "GERALDO CUNHA", "cc" : "CIDADANIA - CIDADANIA \/ DC", "nv" : "MAURICIO DO BERTIOGA", "e" : "n", "st" : "", "dvt" : "Válido", "vap" : "0", "pvap" : "00.00" }, 
{ "seq" : "5", "sqcand" : "160000745608", "n" : "20", "nm" : "LILIAN", "cc" : "PSC - PSDB \/ PSL \/ PSC \/ PATRIOTA \/ PL \/ PDT \/ PROS", "nv" : "JOEL DO TROMOMO", "e" : "n", "st" : "", "dvt" : "Válido", "vap" : "0", "pvap" : "00.00" }, 
{ "seq" : "3", "sqcand" : "160000990172", "n" : "55", "nm" : "ARIAD JUNIOR", "cc" : "PSD - PSD \/ PSB", "nv" : "ZITO", "e" : "n", "st" : "", "dvt" : "Válido", "vap" : "0", "pvap" : "00.00" }, 
{ "seq" : "6", "sqcand" : "160001129413", "n" : "11", "nm" : "PAULO AFONSO", "cc" : "PP", "nv" : "DR ALMIR", "e" : "n", "st" : "", "dvt" : "Válido", "vap" : "0", "pvap" : "00.00" }, 
{ "seq" : "2", "sqcand" : "160001216712", "n" : "36", "nm" : "ALESSANDRO SOARES", "cc" : "PTC", "nv" : "ALTAIR VICENTE", "e" : "n", "st" : "", "dvt" : "Válido", "vap" : "0", "pvap" : "00.00" }, 
{ "seq" : "1", "sqcand" : "160000879363", "n" : "14", "nm" : "ABELARDO", "cc" : "PTB", "nv" : "POLACO DA MARINA", "e" : "n", "st" : "", "dvt" : "Válido", "vap" : "0", "pvap" : "00.00" } ] }