{ "ele" : "426", "tpabr" : "mu", "cdabr" : "77453", "carper" : "11", "t" : "1", "f" : "o", "dt" : "07\/11\/2020", "ht" : "02:10:06", "dv" : "s", "tf" : "n", "v" : "1", "esae" : "n", "mnae" : "", "s" : "263", "st" : "0", "pst" : "   0,00", "snt" : "263", "psnt" : " 100,00", "si" : "0", "psi" : "   0,00", "sni" : "0", "psni" : "   0,00", "sa" : "0", "psa" : "   0,00", "sna" : "0", "psna" : "   0,00", "e" : "101403", "ea" : "0", "pea" : "   0,00", "ena" : "0", "pena" : "   0,00", "esi" : "0", "pesi" : "   0,00", "esni" : "0", "pesni" : "   0,00", "c" : "0", "pc" : "   0,00", "a" : "0", "pa" : "   0,00", "vscv" : "0", "vnom" : "0", "pvnom" : "00,00", "vvc" : "0", "pvvc" : "00,00", "vb" : "0", "pvb" : "00,00", "tvn" : "0", "ptvn" : "00,00", "vn" : "0", "pvn" : "00,00", "vnt" : "0", "pvnt" : "00,00", "vp" : "0", "pvp" : "00,00", "vv" : "0", "pvv" : "00,00", "van" : "0", "pvan" : "00,00", "vansj" : "0", "pvansj" : "00,00", "tv" : "0", "cand" : [ 
{ "seq" : "2", "sqcand" : "160001132708", "n" : "90", "nm" : "ALCEU MARON", "cc" : "PROS - MDB \/ PROS \/ SOLIDARIEDADE", "nv" : "JOAO CLAUDIO MARQUES", "e" : "n", "st" : "", "dvt" : "Válido", "vap" : "0", "pvap" : "00.00" }, 
{ "seq" : "1", "sqcand" : "160001078365", "n" : "10", "nm" : "ADRIANO RAMOS", "cc" : "REPUBLICANOS - DC \/ PTC \/ REPUBLICANOS \/ AVANTE", "nv" : "MARCIO DA MAX ESPETOS", "e" : "n", "st" : "", "dvt" : "Válido", "vap" : "0", "pvap" : "00.00" }, 
{ "seq" : "3", "sqcand" : "160000960419", "n" : "12", "nm" : "BAKA FILHO", "cc" : "PDT - PDT \/ PT", "nv" : "BIRA MARISTANY", "e" : "n", "st" : "", "dvt" : "Anulado sub judice", "vap" : "0", "pvap" : "00.00" }, 
{ "seq" : "10", "sqcand" : "160001194114", "n" : "25", "nm" : "PICHACO", "cc" : "DEM", "nv" : "COLODEL", "e" : "n", "st" : "", "dvt" : "Válido", "vap" : "0", "pvap" : "00.00" }, 
{ "seq" : "4", "sqcand" : "160001194885", "n" : "65", "nm" : "DR MANOEL BARBOSA", "cc" : "PC do B", "nv" : "ESMERALDA QUADROS", "e" : "n", "st" : "", "dvt" : "Válido", "vap" : "0", "pvap" : "00.00" }, 
{ "seq" : "6", "sqcand" : "160000639646", "n" : "23", "nm" : "FABIANO VICENTE ELIAS", "cc" : "CIDADANIA", "nv" : "MAIKE SANTOS", "e" : "n", "st" : "", "dvt" : "Válido", "vap" : "0", "pvap" : "00.00" }, 
{ "seq" : "7", "sqcand" : "160000847528", "n" : "51", "nm" : "JULINHO LIMA", "cc" : "PATRIOTA", "nv" : "ROSELAINE BARROSO", "e" : "n", "st" : "", "dvt" : "Válido", "vap" : "0", "pvap" : "00.00" }, 
{ "seq" : "9", "sqcand" : "160001127667", "n" : "43", "nm" : "MARCO SUKITA", "cc" : "PV", "nv" : "LUCIO TEODORO", "e" : "n", "st" : "", "dvt" : "Válido", "vap" : "0", "pvap" : "00.00" }, 
{ "seq" : "5", "sqcand" : "160001079433", "n" : "29", "nm" : "EMMANUEL LOBO", "cc" : "PCO", "nv" : "MARCO HAKIM", "e" : "n", "st" : "", "dvt" : "Anulado sub judice", "vap" : "0", "pvap" : "00.00" }, 
{ "seq" : "8", "sqcand" : "160001078739", "n" : "19", "nm" : "MARCELO ROQUE", "cc" : "PODE - PSC \/ PL \/ PSDB \/ PP \/ PTB \/ PSL \/ PODE \/ PMN \/ PSB \/ PSD", "nv" : "BORBA DA TRANSCAP", "e" : "n", "st" : "", "dvt" : "Anulado sub judice", "vap" : "0", "pvap" : "00.00" } ] }