{ "ele" : "426", "tpabr" : "mu", "cdabr" : "74250", "carper" : "11", "t" : "1", "f" : "o", "dt" : "07\/11\/2020", "ht" : "02:10:06", "dv" : "s", "tf" : "n", "v" : "1", "esae" : "n", "mnae" : "", "s" : "245", "st" : "0", "pst" : "   0,00", "snt" : "245", "psnt" : " 100,00", "si" : "0", "psi" : "   0,00", "sni" : "0", "psni" : "   0,00", "sa" : "0", "psa" : "   0,00", "sna" : "0", "psna" : "   0,00", "e" : "91751", "ea" : "0", "pea" : "   0,00", "ena" : "0", "pena" : "   0,00", "esi" : "0", "pesi" : "   0,00", "esni" : "0", "pesni" : "   0,00", "c" : "0", "pc" : "   0,00", "a" : "0", "pa" : "   0,00", "vscv" : "0", "vnom" : "0", "pvnom" : "00,00", "vvc" : "0", "pvvc" : "00,00", "vb" : "0", "pvb" : "00,00", "tvn" : "0", "ptvn" : "00,00", "vn" : "0", "pvn" : "00,00", "vnt" : "0", "pvnt" : "00,00", "vp" : "0", "pvp" : "00,00", "vv" : "0", "pvv" : "00,00", "van" : "0", "pvan" : "00,00", "vansj" : "0", "pvansj" : "00,00", "tv" : "0", "cand" : [ 
{ "seq" : "6", "sqcand" : "160000740387", "n" : "17", "nm" : "RODOLFO MOTA", "cc" : "PSL - PSDB \/ PTB \/ PSL \/ DC \/ PRTB \/ PV", "nv" : "ANTONIASSI", "e" : "n", "st" : "", "dvt" : "Válido", "vap" : "0", "pvap" : "00.00" }, 
{ "seq" : "1", "sqcand" : "160000780970", "n" : "10", "nm" : "ANDRE ROMAGNOLI", "cc" : "REPUBLICANOS", "nv" : "PAULO MESQUITA", "e" : "n", "st" : "", "dvt" : "Válido", "vap" : "0", "pvap" : "00.00" }, 
{ "seq" : "3", "sqcand" : "160000656790", "n" : "55", "nm" : "JUNIOR DA FEMAC", "cc" : "PSD - PP \/ MDB \/ PL \/ DEM \/ PSD \/ PROS \/ PSB", "nv" : "PAULO VITAL", "e" : "n", "st" : "", "dvt" : "Válido", "vap" : "0", "pvap" : "00.00" }, 
{ "seq" : "2", "sqcand" : "160000970879", "n" : "19", "nm" : "CAROL SCARPELINI", "cc" : "PODE - PODE \/ PATRIOTA \/ SOLIDARIEDADE", "nv" : "PROF FABIO SILVA", "e" : "n", "st" : "", "dvt" : "Válido", "vap" : "0", "pvap" : "00.00" }, 
{ "seq" : "4", "sqcand" : "160000979535", "n" : "13", "nm" : "LAÉRCIO LUZ", "cc" : "PT - PT \/ PDT \/ PC do B", "nv" : "WALDECIR GAVA", "e" : "n", "st" : "", "dvt" : "Válido", "vap" : "0", "pvap" : "00.00" }, 
{ "seq" : "5", "sqcand" : "160000778319", "n" : "50", "nm" : "PROFESSORA MALU DOMINGUES", "cc" : "PSOL", "nv" : "PROF MARCELINHO", "e" : "n", "st" : "", "dvt" : "Válido", "vap" : "0", "pvap" : "00.00" } ] }