{ "ele" : "426", "tpabr" : "mu", "cdabr" : "76350", "carper" : "11", "t" : "1", "f" : "o", "dt" : "07\/11\/2020", "ht" : "02:10:06", "dv" : "s", "tf" : "n", "v" : "1", "esae" : "n", "mnae" : "", "s" : "30", "st" : "0", "pst" : "   0,00", "snt" : "30", "psnt" : " 100,00", "si" : "0", "psi" : "   0,00", "sni" : "0", "psni" : "   0,00", "sa" : "0", "psa" : "   0,00", "sna" : "0", "psna" : "   0,00", "e" : "15807", "ea" : "0", "pea" : "   0,00", "ena" : "0", "pena" : "   0,00", "esi" : "0", "pesi" : "   0,00", "esni" : "0", "pesni" : "   0,00", "c" : "0", "pc" : "   0,00", "a" : "0", "pa" : "   0,00", "vscv" : "0", "vnom" : "0", "pvnom" : "00,00", "vvc" : "0", "pvvc" : "00,00", "vb" : "0", "pvb" : "00,00", "tvn" : "0", "ptvn" : "00,00", "vn" : "0", "pvn" : "00,00", "vnt" : "0", "pvnt" : "00,00", "vp" : "0", "pvp" : "00,00", "vv" : "0", "pvv" : "00,00", "van" : "0", "pvan" : "00,00", "vansj" : "0", "pvansj" : "00,00", "tv" : "0", "cand" : [ 
{ "seq" : "3", "sqcand" : "160001105362", "n" : "33", "nm" : "CORONEL AIMORÉ", "cc" : "PMN", "nv" : "FELICIANO", "e" : "n", "st" : "", "dvt" : "Válido", "vap" : "0", "pvap" : "00.00" }, 
{ "seq" : "1", "sqcand" : "160001008310", "n" : "23", "nm" : "ANDRÉ SADDI", "cc" : "CIDADANIA - MDB \/ PSC \/ CIDADANIA \/ PL", "nv" : "ZEZA DA FARMÁCIA", "e" : "n", "st" : "", "dvt" : "Válido", "vap" : "0", "pvap" : "00.00" }, 
{ "seq" : "5", "sqcand" : "160000867423", "n" : "17", "nm" : "LAURO JUNIOR", "cc" : "PSL - PSB \/ PODE \/ PSDB \/ PSL", "nv" : "FIFA", "e" : "n", "st" : "", "dvt" : "Válido", "vap" : "0", "pvap" : "00.00" }, 
{ "seq" : "4", "sqcand" : "160000997876", "n" : "51", "nm" : "INEI", "cc" : "PATRIOTA", "nv" : "SEGUNDO", "e" : "n", "st" : "", "dvt" : "Válido", "vap" : "0", "pvap" : "00.00" }, 
{ "seq" : "7", "sqcand" : "160000957766", "n" : "55", "nm" : "ZÉ DA GRUTA", "cc" : "PSD - PSD \/ PTB \/ REPUBLICANOS \/ DEM \/ PV \/ DC", "nv" : "RAPHAEL", "e" : "n", "st" : "", "dvt" : "Válido", "vap" : "0", "pvap" : "00.00" }, 
{ "seq" : "2", "sqcand" : "160000858683", "n" : "13", "nm" : "BANANINHA", "cc" : "PT", "nv" : "SONIA RISSATO", "e" : "n", "st" : "", "dvt" : "Válido", "vap" : "0", "pvap" : "00.00" }, 
{ "seq" : "6", "sqcand" : "160000778132", "n" : "11", "nm" : "NORBERTO BARÃO", "cc" : "PP", "nv" : "ANDRÉ ROGÉRIO BARQUEIRO", "e" : "n", "st" : "", "dvt" : "Válido", "vap" : "0", "pvap" : "00.00" } ] }