{ "ele" : "426", "tpabr" : "mu", "cdabr" : "74071", "carper" : "13", "t" : "1", "f" : "o", "dt" : "07\/11\/2020", "ht" : "02:10:02", "dv" : "s", "tf" : "n", "v" : "15", "esae" : "n", "mnae" : "", "s" : "190", "st" : "0", "pst" : "   0,00", "snt" : "190", "psnt" : " 100,00", "si" : "0", "psi" : "   0,00", "sni" : "0", "psni" : "   0,00", "sa" : "0", "psa" : "   0,00", "sna" : "0", "psna" : "   0,00", "e" : "70987", "ea" : "0", "pea" : "   0,00", "ena" : "0", "pena" : "   0,00", "esi" : "0", "pesi" : "   0,00", "esni" : "0", "pesni" : "   0,00", "c" : "0", "pc" : "   0,00", "a" : "0", "pa" : "   0,00", "vscv" : "0", "vnom" : "0", "vl" : "0", "pvnom" : "00,00", "pvl" : "00,00", "vvc" : "0", "pvvc" : "00,00", "vb" : "0", "pvb" : "00,00", "tvn" : "0", "ptvn" : "00,00", "vn" : "0", "pvn" : "00,00", "vnt" : "0", "pvnt" : "00,00", "vp" : "0", "pvp" : "00,00", "vv" : "0", "pvv" : "00,00", "van" : "0", "pvan" : "00,00", "vansj" : "0", "pvansj" : "00,00", "tv" : "0", "cand" : [ 
{ "seq" : "177", "sqcand" : "160001261397", "n" : "65456", "nm" : "MARI GAÚCHA", "cc" : "PC do B", "nv" : " ", "e" : "n", "st" : "", "dvt" : "Anulado sub judice", "vap" : "0", "pvap" : "00.00" }, 
{ "seq" : "245", "sqcand" : "160001222437", "n" : "14014", "nm" : "RICARDO GERBER", "cc" : "PTB", "nv" : " ", "e" : "n", "st" : "", "dvt" : "Válido", "vap" : "0", "pvap" : "00.00" }, 
{ "seq" : "307", "sqcand" : "160001051616", "n" : "33444", "nm" : "ZÉ BOY", "cc" : "PMN", "nv" : " ", "e" : "n", "st" : "", "dvt" : "Válido", "vap" : "0", "pvap" : "00.00" }, 
{ "seq" : "134", "sqcand" : "160001051748", "n" : "28333", "nm" : "JADIR SOIKA", "cc" : "PRTB", "nv" : " ", "e" : "n", "st" : "", "dvt" : "Válido", "vap" : "0", "pvap" : "00.00" }, 
{ "seq" : "275", "sqcand" : "160001051742", "n" : "28000", "nm" : "SILVANA OLIVEIRA", "cc" : "PRTB", "nv" : " ", "e" : "n", "st" : "", "dvt" : "Válido", "vap" : "0", "pvap" : "00.00" }, 
{ "seq" : "54", "sqcand" : "160001051624", "n" : "33057", "nm" : "CLAUDIA PEREIRA", "cc" : "PMN", "nv" : " ", "e" : "n", "st" : "", "dvt" : "Válido", "vap" : "0", "pvap" : "00.00" }, 
{ "seq" : "125", "sqcand" : "160001049350", "n" : "15150", "nm" : "INDIA DO POSTO", "cc" : "MDB", "nv" : " ", "e" : "n", "st" : "", "dvt" : "Válido", "vap" : "0", "pvap" : "00.00" }, 
{ "seq" : "106", "sqcand" : "160001112503", "n" : "12222", "nm" : "GALDINO", "cc" : "PDT", "nv" : " ", "e" : "n", "st" : "", "dvt" : "Anulado sub judice", "vap" : "0", "pvap" : "00.00" }, 
{ "seq" : "167", "sqcand" : "160001112499", "n" : "12021", "nm" : "LUKINHAS DA FROTA", "cc" : "PDT", "nv" : " ", "e" : "n", "st" : "", "dvt" : "Válido", "vap" : "0", "pvap" : "00.00" }, 
{ "seq" : "49", "sqcand" : "160000952651", "n" : "40780", "nm" : "CEZAR MANFRON", "cc" : "PSB", "nv" : " ", "e" : "n", "st" : "", "dvt" : "Válido", "vap" : "0", "pvap" : "00.00" }, 
{ "seq" : "69", "sqcand" : "160001050431", "n" : "27122", "nm" : "DORNELAS", "cc" : "DC", "nv" : " ", "e" : "n", "st" : "", "dvt" : "Válido", "vap" : "0", "pvap" : "00.00" }, 
{ "seq" : "45", "sqcand" : "160000953042", "n" : "43043", "nm" : "CÉLIA ASSISTENTE SOCIAL", "cc" : "PV", "nv" : " ", "e" : "n", "st" : "", "dvt" : "Válido", "vap" : "0", "pvap" : "00.00" }, 
{ "seq" : "142", "sqcand" : "160001049336", "n" : "15333", "nm" : "JORGE SOUZA DA VAN", "cc" : "MDB", "nv" : " ", "e" : "n", "st" : "", "dvt" : "Válido", "vap" : "0", "pvap" : "00.00" }, 
{ "seq" : "76", "sqcand" : "160000792524", "n" : "10110", "nm" : "EDITE STIVAL", "cc" : "REPUBLICANOS", "nv" : " ", "e" : "n", "st" : "", "dvt" : "Válido", "vap" : "0", "pvap" : "00.00" }, 
{ "seq" : "310", "sqcand" : "160000952855", "n" : "25200", "nm" : "ZEQUINHA QUINTANA", "cc" : "DEM", "nv" : " ", "e" : "n", "st" : "", "dvt" : "Válido", "vap" : "0", "pvap" : "00.00" }, 
{ "seq" : "257", "sqcand" : "160000952645", "n" : "40200", "nm" : "ROSELI FERNANDES", "cc" : "PSB", "nv" : " ", "e" : "n", "st" : "", "dvt" : "Válido", "vap" : "0", "pvap" : "00.00" }, 
{ "seq" : "135", "sqcand" : "160001051749", "n" : "28238", "nm" : "JANAINE", "cc" : "PRTB", "nv" : " ", "e" : "n", "st" : "", "dvt" : "Válido", "vap" : "0", "pvap" : "00.00" }, 
{ "seq" : "17", "sqcand" : "160001050453", "n" : "18111", "nm" : "ANDERSON JOSÉ", "cc" : "REDE", "nv" : " ", "e" : "n", "st" : "", "dvt" : "Válido", "vap" : "0", "pvap" : "00.00" }, 
{ "seq" : "234", "sqcand" : "160001050775", "n" : "50888", "nm" : "PROFESSORA NÍVIA", "cc" : "PSOL", "nv" : " ", "e" : "n", "st" : "", "dvt" : "Válido", "vap" : "0", "pvap" : "00.00" }, 
{ "seq" : "205", "sqcand" : "160001112490", "n" : "12333", "nm" : "PASTOR CLOVIS CORREA", "cc" : "PDT", "nv" : " ", "e" : "n", "st" : "", "dvt" : "Válido", "vap" : "0", "pvap" : "00.00" }, 
{ "seq" : "101", "sqcand" : "160001049344", "n" : "15190", "nm" : "FERRUGEM", "cc" : "MDB", "nv" : " ", "e" : "n", "st" : "", "dvt" : "Válido", "vap" : "0", "pvap" : "00.00" }, 
{ "seq" : "83", "sqcand" : "160000952657", "n" : "40243", "nm" : "ELISETE VAZ", "cc" : "PSB", "nv" : " ", "e" : "n", "st" : "", "dvt" : "Válido", "vap" : "0", "pvap" : "00.00" }, 
{ "seq" : "249", "sqcand" : "160001261402", "n" : "65030", "nm" : "ROBSON EDUARDO", "cc" : "PC do B", "nv" : " ", "e" : "n", "st" : "", "dvt" : "Anulado sub judice", "vap" : "0", "pvap" : "00.00" }, 
{ "seq" : "102", "sqcand" : "160000792532", "n" : "10465", "nm" : "FIGUEREDO", "cc" : "REPUBLICANOS", "nv" : " ", "e" : "n", "st" : "", "dvt" : "Válido", "vap" : "0", "pvap" : "00.00" }, 
{ "seq" : "131", "sqcand" : "160001050446", "n" : "18357", "nm" : "IVANA DOLNEI", "cc" : "REDE", "nv" : " ", "e" : "n", "st" : "", "dvt" : "Válido", "vap" : "0", "pvap" : "00.00" }, 
{ "seq" : "71", "sqcand" : "160001050433", "n" : "27190", "nm" : "DR MARCIO DENTISTA", "cc" : "DC", "nv" : " ", "e" : "n", "st" : "", "dvt" : "Válido", "vap" : "0", "pvap" : "00.00" }, 
{ "seq" : "278", "sqcand" : "160001048567", "n" : "13800", "nm" : "SIRLEI APARECIDA MOREIRA", "cc" : "PT", "nv" : " ", "e" : "n", "st" : "", "dvt" : "Válido", "vap" : "0", "pvap" : "00.00" }, 
{ "seq" : "283", "sqcand" : "160000953057", "n" : "43555", "nm" : "TIA MARILDA", "cc" : "PV", "nv" : " ", "e" : "n", "st" : "", "dvt" : "Válido", "vap" : "0", "pvap" : "00.00" }, 
{ "seq" : "128", "sqcand" : "160001051586", "n" : "19333", "nm" : "ISABELLE", "cc" : "PODE", "nv" : " ", "e" : "n", "st" : "", "dvt" : "Válido", "vap" : "0", "pvap" : "00.00" }, 
{ "seq" : "206", "sqcand" : "160000952853", "n" : "25025", "nm" : "PASTOR EZEQUIEL BORGES", "cc" : "DEM", "nv" : " ", "e" : "n", "st" : "", "dvt" : "Válido", "vap" : "0", "pvap" : "00.00" }, 
{ "seq" : "19", "sqcand" : "160000952849", "n" : "25555", "nm" : "ANDRÉIA DA ENFERMAGEM", "cc" : "DEM", "nv" : " ", "e" : "n", "st" : "", "dvt" : "Válido", "vap" : "0", "pvap" : "00.00" }, 
{ "seq" : "187", "sqcand" : "160000953044", "n" : "43019", "nm" : "MARQUINHOS VARREDOR", "cc" : "PV", "nv" : " ", "e" : "n", "st" : "", "dvt" : "Válido", "vap" : "0", "pvap" : "00.00" }, 
{ "seq" : "22", "sqcand" : "160000792528", "n" : "10020", "nm" : "ANNE STOCCHERO", "cc" : "REPUBLICANOS", "nv" : " ", "e" : "n", "st" : "", "dvt" : "Válido", "vap" : "0", "pvap" : "00.00" }, 
{ "seq" : "260", "sqcand" : "160001050432", "n" : "27888", "nm" : "ROSELI POLACA", "cc" : "DC", "nv" : " ", "e" : "n", "st" : "", "dvt" : "Válido", "vap" : "0", "pvap" : "00.00" }, 
{ "seq" : "285", "sqcand" : "160001051574", "n" : "19456", "nm" : "TIÃOZINHO LIMA", "cc" : "PODE", "nv" : " ", "e" : "n", "st" : "", "dvt" : "Válido", "vap" : "0", "pvap" : "00.00" }, 
{ "seq" : "180", "sqcand" : "160001051614", "n" : "33044", "nm" : "MARIA MACHADO MANICURE", "cc" : "PMN", "nv" : " ", "e" : "n", "st" : "", "dvt" : "Válido", "vap" : "0", "pvap" : "00.00" }, 
{ "seq" : "160", "sqcand" : "160000792515", "n" : "10163", "nm" : "LÚ DO SALÃO", "cc" : "REPUBLICANOS", "nv" : " ", "e" : "n", "st" : "", "dvt" : "Válido", "vap" : "0", "pvap" : "00.00" }, 
{ "seq" : "66", "sqcand" : "160001051576", "n" : "19133", "nm" : "DENILSON JOSÉ", "cc" : "PODE", "nv" : " ", "e" : "n", "st" : "", "dvt" : "Válido", "vap" : "0", "pvap" : "00.00" }, 
{ "seq" : "229", "sqcand" : "160001050434", "n" : "27327", "nm" : "PROFESSORA EVERLI SIQUEIRA", "cc" : "DC", "nv" : " ", "e" : "n", "st" : "", "dvt" : "Válido", "vap" : "0", "pvap" : "00.00" }, 
{ "seq" : "149", "sqcand" : "160000952848", "n" : "25161", "nm" : "JUCI MOSSON", "cc" : "DEM", "nv" : " ", "e" : "n", "st" : "", "dvt" : "Válido", "vap" : "0", "pvap" : "00.00" }, 
{ "seq" : "210", "sqcand" : "160000953050", "n" : "43467", "nm" : "PASTOR UBIRATAN FERNANDES", "cc" : "PV", "nv" : " ", "e" : "n", "st" : "", "dvt" : "Válido", "vap" : "0", "pvap" : "00.00" }, 
{ "seq" : "72", "sqcand" : "160000792523", "n" : "10456", "nm" : "DR WILSON CAVALHEIRO", "cc" : "REPUBLICANOS", "nv" : " ", "e" : "n", "st" : "", "dvt" : "Válido", "vap" : "0", "pvap" : "00.00" }, 
{ "seq" : "119", "sqcand" : "160001112494", "n" : "12345", "nm" : "GILBERTO MAFORT", "cc" : "PDT", "nv" : " ", "e" : "n", "st" : "", "dvt" : "Válido", "vap" : "0", "pvap" : "00.00" }, 
{ "seq" : "224", "sqcand" : "160001050452", "n" : "18888", "nm" : "PROFA. MARIA ALZIRA", "cc" : "REDE", "nv" : " ", "e" : "n", "st" : "", "dvt" : "Válido", "vap" : "0", "pvap" : "00.00" }, 
{ "seq" : "74", "sqcand" : "160001112491", "n" : "12678", "nm" : "DZULINSKI", "cc" : "PDT", "nv" : " ", "e" : "n", "st" : "", "dvt" : "Válido", "vap" : "0", "pvap" : "00.00" }, 
{ "seq" : "150", "sqcand" : "160001051618", "n" : "33033", "nm" : "JULIANO DO GÁS", "cc" : "PMN", "nv" : " ", "e" : "n", "st" : "", "dvt" : "Válido", "vap" : "0", "pvap" : "00.00" }, 
{ "seq" : "236", "sqcand" : "160000952858", "n" : "25115", "nm" : "PROFESSORA ROSELI", "cc" : "DEM", "nv" : " ", "e" : "n", "st" : "", "dvt" : "Válido", "vap" : "0", "pvap" : "00.00" }, 
{ "seq" : "226", "sqcand" : "160001050769", "n" : "50555", "nm" : "PROFESSOR ALFREDO", "cc" : "PSOL", "nv" : " ", "e" : "n", "st" : "", "dvt" : "Válido", "vap" : "0", "pvap" : "00.00" }, 
{ "seq" : "9", "sqcand" : "160001261354", "n" : "65140", "nm" : "ALESSANDRA ROSNER", "cc" : "PC do B", "nv" : " ", "e" : "n", "st" : "", "dvt" : "Anulado sub judice", "vap" : "0", "pvap" : "00.00" }, 
{ "seq" : "191", "sqcand" : "160001050424", "n" : "27333", "nm" : "MIGUEL DO BANCO", "cc" : "DC", "nv" : " ", "e" : "n", "st" : "", "dvt" : "Válido", "vap" : "0", "pvap" : "00.00" }, 
{ "seq" : "37", "sqcand" : "160001051744", "n" : "28222", "nm" : "CABO MEDEIROS", "cc" : "PRTB", "nv" : " ", "e" : "n", "st" : "", "dvt" : "Válido", "vap" : "0", "pvap" : "00.00" }, 
{ "seq" : "33", "sqcand" : "160000792527", "n" : "10310", "nm" : "BIANCA ALVES", "cc" : "REPUBLICANOS", "nv" : " ", "e" : "n", "st" : "", "dvt" : "Válido", "vap" : "0", "pvap" : "00.00" }, 
{ "seq" : "151", "sqcand" : "160001051588", "n" : "19318", "nm" : "JULIO PASIN", "cc" : "PODE", "nv" : " ", "e" : "n", "st" : "", "dvt" : "Válido", "vap" : "0", "pvap" : "00.00" }, 
{ "seq" : "43", "sqcand" : "160001048558", "n" : "13410", "nm" : "CAROL DA LOJINHA", "cc" : "PT", "nv" : " ", "e" : "n", "st" : "", "dvt" : "Válido", "vap" : "0", "pvap" : "00.00" }, 
{ "seq" : "109", "sqcand" : "160001051613", "n" : "33123", "nm" : "GAVILIKI", "cc" : "PMN", "nv" : " ", "e" : "n", "st" : "", "dvt" : "Válido", "vap" : "0", "pvap" : "00.00" }, 
{ "seq" : "154", "sqcand" : "160001048566", "n" : "13333", "nm" : "KELSEI GOULART DE CARVALHO", "cc" : "PT", "nv" : " ", "e" : "n", "st" : "", "dvt" : "Anulado sub judice", "vap" : "0", "pvap" : "00.00" }, 
{ "seq" : "268", "sqcand" : "160001049351", "n" : "15710", "nm" : "SANDRA BRITO", "cc" : "MDB", "nv" : " ", "e" : "n", "st" : "", "dvt" : "Válido", "vap" : "0", "pvap" : "00.00" }, 
{ "seq" : "118", "sqcand" : "160001051610", "n" : "33113", "nm" : "GILBERTO DOS MOVEIS", "cc" : "PMN", "nv" : " ", "e" : "n", "st" : "", "dvt" : "Válido", "vap" : "0", "pvap" : "00.00" }, 
{ "seq" : "287", "sqcand" : "160000792525", "n" : "10002", "nm" : "TIO XAND", "cc" : "REPUBLICANOS", "nv" : " ", "e" : "n", "st" : "", "dvt" : "Válido", "vap" : "0", "pvap" : "00.00" }, 
{ "seq" : "183", "sqcand" : "160000952861", "n" : "25800", "nm" : "MARINS DO ASFALTO", "cc" : "DEM", "nv" : " ", "e" : "n", "st" : "", "dvt" : "Válido", "vap" : "0", "pvap" : "00.00" }, 
{ "seq" : "296", "sqcand" : "160001049341", "n" : "15000", "nm" : "VALTER JOHNSON", "cc" : "MDB", "nv" : " ", "e" : "n", "st" : "", "dvt" : "Válido", "vap" : "0", "pvap" : "00.00" }, 
{ "seq" : "304", "sqcand" : "160000953035", "n" : "43150", "nm" : "WALLISON ROMERO", "cc" : "PV", "nv" : " ", "e" : "n", "st" : "", "dvt" : "Válido", "vap" : "0", "pvap" : "00.00" }, 
{ "seq" : "192", "sqcand" : "160001261399", "n" : "65222", "nm" : "MILTAO", "cc" : "PC do B", "nv" : " ", "e" : "n", "st" : "", "dvt" : "Anulado sub judice", "vap" : "0", "pvap" : "00.00" }, 
{ "seq" : "51", "sqcand" : "160001223037", "n" : "17913", "nm" : "CIBELE BUZATO", "cc" : "PSL", "nv" : " ", "e" : "n", "st" : "", "dvt" : "Válido", "vap" : "0", "pvap" : "00.00" }, 
{ "seq" : "64", "sqcand" : "160001261365", "n" : "65333", "nm" : "DEJAIR CAMPOS", "cc" : "PC do B", "nv" : " ", "e" : "n", "st" : "", "dvt" : "Anulado sub judice", "vap" : "0", "pvap" : "00.00" }, 
{ "seq" : "6", "sqcand" : "160001051612", "n" : "33611", "nm" : "ALDNEI SIQUEIRA", "cc" : "PMN", "nv" : " ", "e" : "n", "st" : "", "dvt" : "Válido", "vap" : "0", "pvap" : "00.00" }, 
{ "seq" : "24", "sqcand" : "160001049356", "n" : "15151", "nm" : "ANTONIO MARCOS BOMBEIRO", "cc" : "MDB", "nv" : " ", "e" : "n", "st" : "", "dvt" : "Válido", "vap" : "0", "pvap" : "00.00" }, 
{ "seq" : "11", "sqcand" : "160001261352", "n" : "65335", "nm" : "ALEXANDRE ASSIS BONFIM", "cc" : "PC do B", "nv" : " ", "e" : "n", "st" : "", "dvt" : "Anulado sub judice", "vap" : "0", "pvap" : "00.00" }, 
{ "seq" : "2", "sqcand" : "160001261340", "n" : "65025", "nm" : "ADÃO BORGES", "cc" : "PC do B", "nv" : " ", "e" : "n", "st" : "", "dvt" : "Anulado sub judice", "vap" : "0", "pvap" : "00.00" }, 
{ "seq" : "13", "sqcand" : "160000792518", "n" : "10510", "nm" : "AMARILDO PORTES", "cc" : "REPUBLICANOS", "nv" : " ", "e" : "n", "st" : "", "dvt" : "Válido", "vap" : "0", "pvap" : "00.00" }, 
{ "seq" : "155", "sqcand" : "160001223035", "n" : "17999", "nm" : "LACO", "cc" : "PSL", "nv" : " ", "e" : "n", "st" : "", "dvt" : "Válido", "vap" : "0", "pvap" : "00.00" }, 
{ "seq" : "113", "sqcand" : "160001261368", "n" : "65555", "nm" : "GERSÃO DO CACHOEIRA", "cc" : "PC do B", "nv" : " ", "e" : "n", "st" : "", "dvt" : "Anulado sub judice", "vap" : "0", "pvap" : "00.00" }, 
{ "seq" : "61", "sqcand" : "160001261364", "n" : "65420", "nm" : "DANILO SANTANA", "cc" : "PC do B", "nv" : " ", "e" : "n", "st" : "", "dvt" : "Anulado sub judice", "vap" : "0", "pvap" : "00.00" }, 
{ "seq" : "86", "sqcand" : "160001050437", "n" : "27733", "nm" : "ELSON APARECIDO", "cc" : "DC", "nv" : " ", "e" : "n", "st" : "", "dvt" : "Válido", "vap" : "0", "pvap" : "00.00" }, 
{ "seq" : "272", "sqcand" : "160001051745", "n" : "28190", "nm" : "SARGENTO GIVANILDO", "cc" : "PRTB", "nv" : " ", "e" : "n", "st" : "", "dvt" : "Válido", "vap" : "0", "pvap" : "00.00" }, 
{ "seq" : "168", "sqcand" : "160001112493", "n" : "12567", "nm" : "LURDES AGOSTINHO", "cc" : "PDT", "nv" : " ", "e" : "n", "st" : "", "dvt" : "Válido", "vap" : "0", "pvap" : "00.00" }, 
{ "seq" : "52", "sqcand" : "160001049342", "n" : "15122", "nm" : "CIDO DA FRUTARIA", "cc" : "MDB", "nv" : " ", "e" : "n", "st" : "", "dvt" : "Válido", "vap" : "0", "pvap" : "00.00" }, 
{ "seq" : "233", "sqcand" : "160001050772", "n" : "50125", "nm" : "PROFESSORA MÉRI", "cc" : "PSOL", "nv" : " ", "e" : "n", "st" : "", "dvt" : "Válido", "vap" : "0", "pvap" : "00.00" }, 
{ "seq" : "231", "sqcand" : "160001051572", "n" : "19579", "nm" : "PROFESSORA LUCIA", "cc" : "PODE", "nv" : " ", "e" : "n", "st" : "", "dvt" : "Válido", "vap" : "0", "pvap" : "00.00" }, 
{ "seq" : "256", "sqcand" : "160001223030", "n" : "17222", "nm" : "ROSANGELA AFFORNALLI", "cc" : "PSL", "nv" : " ", "e" : "n", "st" : "", "dvt" : "Válido", "vap" : "0", "pvap" : "00.00" }, 
{ "seq" : "178", "sqcand" : "160001049338", "n" : "15999", "nm" : "MARIA ALVES", "cc" : "MDB", "nv" : " ", "e" : "n", "st" : "", "dvt" : "Válido", "vap" : "0", "pvap" : "00.00" }, 
{ "seq" : "94", "sqcand" : "160000952867", "n" : "25007", "nm" : "EVERTON LUIZ INDIO DO BRASIL", "cc" : "DEM", "nv" : " ", "e" : "n", "st" : "", "dvt" : "Válido", "vap" : "0", "pvap" : "00.00" }, 
{ "seq" : "291", "sqcand" : "160001051591", "n" : "19789", "nm" : "VALDECIR RODRIGUES", "cc" : "PODE", "nv" : " ", "e" : "n", "st" : "", "dvt" : "Válido", "vap" : "0", "pvap" : "00.00" }, 
{ "seq" : "28", "sqcand" : "160000953038", "n" : "43743", "nm" : "BARBOSA ABBA SOLIDARIA", "cc" : "PV", "nv" : " ", "e" : "n", "st" : "", "dvt" : "Válido", "vap" : "0", "pvap" : "00.00" }, 
{ "seq" : "308", "sqcand" : "160001050777", "n" : "50055", "nm" : "ZÉ DA AMAROK", "cc" : "PSOL", "nv" : " ", "e" : "n", "st" : "", "dvt" : "Válido", "vap" : "0", "pvap" : "00.00" }, 
{ "seq" : "202", "sqcand" : "160000792534", "n" : "10455", "nm" : "OLIVIA DO BREXÓ", "cc" : "REPUBLICANOS", "nv" : " ", "e" : "n", "st" : "", "dvt" : "Válido", "vap" : "0", "pvap" : "00.00" }, 
{ "seq" : "188", "sqcand" : "160001050455", "n" : "18123", "nm" : "MATEUS RAHMEIER", "cc" : "REDE", "nv" : " ", "e" : "n", "st" : "", "dvt" : "Válido", "vap" : "0", "pvap" : "00.00" }, 
{ "seq" : "277", "sqcand" : "160001050449", "n" : "18234", "nm" : "SIMONE SANTOS", "cc" : "REDE", "nv" : " ", "e" : "n", "st" : "", "dvt" : "Válido", "vap" : "0", "pvap" : "00.00" }, 
{ "seq" : "141", "sqcand" : "160001051581", "n" : "19777", "nm" : "JORGE ESPIRITO SANTO", "cc" : "PODE", "nv" : " ", "e" : "n", "st" : "", "dvt" : "Válido", "vap" : "0", "pvap" : "00.00" }, 
{ "seq" : "90", "sqcand" : "160001112501", "n" : "12123", "nm" : "EMILIO MIMI", "cc" : "PDT", "nv" : " ", "e" : "n", "st" : "", "dvt" : "Válido", "vap" : "0", "pvap" : "00.00" }, 
{ "seq" : "136", "sqcand" : "160001261379", "n" : "65013", "nm" : "JHONATHAN L V", "cc" : "PC do B", "nv" : " ", "e" : "n", "st" : "", "dvt" : "Anulado sub judice", "vap" : "0", "pvap" : "00.00" }, 
{ "seq" : "247", "sqcand" : "160001048557", "n" : "13700", "nm" : "ROBERTO CARLOS", "cc" : "PT", "nv" : " ", "e" : "n", "st" : "", "dvt" : "Válido", "vap" : "0", "pvap" : "00.00" }, 
{ "seq" : "175", "sqcand" : "160001222441", "n" : "14666", "nm" : "MARCELO SABADIN", "cc" : "PTB", "nv" : " ", "e" : "n", "st" : "", "dvt" : "Válido", "vap" : "0", "pvap" : "00.00" }, 
{ "seq" : "194", "sqcand" : "160000952857", "n" : "25100", "nm" : "MOSQUITO DO POVO", "cc" : "DEM", "nv" : " ", "e" : "n", "st" : "", "dvt" : "Válido", "vap" : "0", "pvap" : "00.00" }, 
{ "seq" : "238", "sqcand" : "160000952642", "n" : "40111", "nm" : "PROFESSORA SUZANA", "cc" : "PSB", "nv" : " ", "e" : "n", "st" : "", "dvt" : "Válido", "vap" : "0", "pvap" : "00.00" }, 
{ "seq" : "35", "sqcand" : "160001222449", "n" : "14610", "nm" : "BILA", "cc" : "PTB", "nv" : " ", "e" : "n", "st" : "", "dvt" : "Válido", "vap" : "0", "pvap" : "00.00" }, 
{ "seq" : "121", "sqcand" : "160001051592", "n" : "19190", "nm" : "GILSO SPAGNOLLO", "cc" : "PODE", "nv" : " ", "e" : "n", "st" : "", "dvt" : "Válido", "vap" : "0", "pvap" : "00.00" }, 
{ "seq" : "186", "sqcand" : "160001051623", "n" : "33111", "nm" : "MARLI DO GRASIELA", "cc" : "PMN", "nv" : " ", "e" : "n", "st" : "", "dvt" : "Válido", "vap" : "0", "pvap" : "00.00" }, 
{ "seq" : "242", "sqcand" : "160000952655", "n" : "40444", "nm" : "REGINALDO NUNES", "cc" : "PSB", "nv" : " ", "e" : "n", "st" : "", "dvt" : "Válido", "vap" : "0", "pvap" : "00.00" }, 
{ "seq" : "211", "sqcand" : "160001222439", "n" : "14567", "nm" : "PATRICK COUTINHO", "cc" : "PTB", "nv" : " ", "e" : "n", "st" : "", "dvt" : "Válido", "vap" : "0", "pvap" : "00.00" }, 
{ "seq" : "232", "sqcand" : "160000952661", "n" : "40333", "nm" : "PROFESSORA MARA", "cc" : "PSB", "nv" : " ", "e" : "n", "st" : "", "dvt" : "Válido", "vap" : "0", "pvap" : "00.00" }, 
{ "seq" : "217", "sqcand" : "160001048548", "n" : "13111", "nm" : "PEDRINHO RAVEL", "cc" : "PT", "nv" : " ", "e" : "n", "st" : "", "dvt" : "Válido", "vap" : "0", "pvap" : "00.00" }, 
{ "seq" : "227", "sqcand" : "160001222440", "n" : "14698", "nm" : "PROFESSOR PAULO", "cc" : "PTB", "nv" : " ", "e" : "n", "st" : "", "dvt" : "Válido", "vap" : "0", "pvap" : "00.00" }, 
{ "seq" : "265", "sqcand" : "160000952660", "n" : "40040", "nm" : "SALIM PEDROSO", "cc" : "PSB", "nv" : " ", "e" : "n", "st" : "", "dvt" : "Válido", "vap" : "0", "pvap" : "00.00" }, 
{ "seq" : "239", "sqcand" : "160001050770", "n" : "50151", "nm" : "PROFESSORA VALÉRIA", "cc" : "PSOL", "nv" : " ", "e" : "n", "st" : "", "dvt" : "Válido", "vap" : "0", "pvap" : "00.00" }, 
{ "seq" : "58", "sqcand" : "160001051617", "n" : "33333", "nm" : "COVEIRO", "cc" : "PMN", "nv" : " ", "e" : "n", "st" : "", "dvt" : "Válido", "vap" : "0", "pvap" : "00.00" }, 
{ "seq" : "108", "sqcand" : "160001051625", "n" : "33003", "nm" : "GAÚCHO DO BOMFIM", "cc" : "PMN", "nv" : " ", "e" : "n", "st" : "", "dvt" : "Anulado sub judice", "vap" : "0", "pvap" : "00.00" }, 
{ "seq" : "282", "sqcand" : "160001261433", "n" : "65425", "nm" : "TERESINHA APA MARTINS", "cc" : "PC do B", "nv" : " ", "e" : "n", "st" : "", "dvt" : "Anulado sub judice", "vap" : "0", "pvap" : "00.00" }, 
{ "seq" : "228", "sqcand" : "160001050774", "n" : "50134", "nm" : "PROFESSOR PIVA", "cc" : "PSOL", "nv" : " ", "e" : "n", "st" : "", "dvt" : "Válido", "vap" : "0", "pvap" : "00.00" }, 
{ "seq" : "117", "sqcand" : "160001261377", "n" : "65219", "nm" : "GILBERTO DE JESUS", "cc" : "PC do B", "nv" : " ", "e" : "n", "st" : "", "dvt" : "Anulado sub judice", "vap" : "0", "pvap" : "00.00" }, 
{ "seq" : "97", "sqcand" : "160001051585", "n" : "19140", "nm" : "FABIULA JUNGLES", "cc" : "PODE", "nv" : " ", "e" : "n", "st" : "", "dvt" : "Válido", "vap" : "0", "pvap" : "00.00" }, 
{ "seq" : "46", "sqcand" : "160001048552", "n" : "13502", "nm" : "CENILDA", "cc" : "PT", "nv" : " ", "e" : "n", "st" : "", "dvt" : "Válido", "vap" : "0", "pvap" : "00.00" }, 
{ "seq" : "124", "sqcand" : "160001049343", "n" : "15128", "nm" : "ILIANE DA RECICLAGEM", "cc" : "MDB", "nv" : " ", "e" : "n", "st" : "", "dvt" : "Válido", "vap" : "0", "pvap" : "00.00" }, 
{ "seq" : "96", "sqcand" : "160001050425", "n" : "27027", "nm" : "FABIANO FARMACÊUTICO", "cc" : "DC", "nv" : " ", "e" : "n", "st" : "", "dvt" : "Válido", "vap" : "0", "pvap" : "00.00" }, 
{ "seq" : "26", "sqcand" : "160001051573", "n" : "19123", "nm" : "AROLDO PANICHI", "cc" : "PODE", "nv" : " ", "e" : "n", "st" : "", "dvt" : "Válido", "vap" : "0", "pvap" : "00.00" }, 
{ "seq" : "31", "sqcand" : "160001112495", "n" : "12900", "nm" : "BETE PERUSSI", "cc" : "PDT", "nv" : " ", "e" : "n", "st" : "", "dvt" : "Válido", "vap" : "0", "pvap" : "00.00" }, 
{ "seq" : "311", "sqcand" : "160001050454", "n" : "18222", "nm" : "ZEZÃO", "cc" : "REDE", "nv" : " ", "e" : "n", "st" : "", "dvt" : "Anulado sub judice", "vap" : "0", "pvap" : "00.00" }, 
{ "seq" : "144", "sqcand" : "160000952869", "n" : "25123", "nm" : "JOSÉ MARIANO", "cc" : "DEM", "nv" : " ", "e" : "n", "st" : "", "dvt" : "Válido", "vap" : "0", "pvap" : "00.00" }, 
{ "seq" : "244", "sqcand" : "160000952658", "n" : "40070", "nm" : "RENATO VILA ROMA", "cc" : "PSB", "nv" : " ", "e" : "n", "st" : "", "dvt" : "Válido", "vap" : "0", "pvap" : "00.00" }, 
{ "seq" : "219", "sqcand" : "160000792513", "n" : "10190", "nm" : "POLACO", "cc" : "REPUBLICANOS", "nv" : " ", "e" : "n", "st" : "", "dvt" : "Válido", "vap" : "0", "pvap" : "00.00" }, 
{ "seq" : "129", "sqcand" : "160001048560", "n" : "13999", "nm" : "ISABELLE MARIA FERREIRA DOS SA", "cc" : "PT", "nv" : " ", "e" : "n", "st" : "", "dvt" : "Anulado sub judice", "vap" : "0", "pvap" : "00.00" }, 
{ "seq" : "207", "sqcand" : "160000952648", "n" : "40021", "nm" : "PASTOR FABIO", "cc" : "PSB", "nv" : " ", "e" : "n", "st" : "", "dvt" : "Válido", "vap" : "0", "pvap" : "00.00" }, 
{ "seq" : "68", "sqcand" : "160001051750", "n" : "28021", "nm" : "DIEGO ALVES", "cc" : "PRTB", "nv" : " ", "e" : "n", "st" : "", "dvt" : "Válido", "vap" : "0", "pvap" : "00.00" }, 
{ "seq" : "240", "sqcand" : "160000952663", "n" : "40321", "nm" : "REGIANE ANGEWICZ", "cc" : "PSB", "nv" : " ", "e" : "n", "st" : "", "dvt" : "Válido", "vap" : "0", "pvap" : "00.00" }, 
{ "seq" : "269", "sqcand" : "160000953052", "n" : "43640", "nm" : "SANDRA DO SINDICATO", "cc" : "PV", "nv" : " ", "e" : "n", "st" : "", "dvt" : "Válido", "vap" : "0", "pvap" : "00.00" }, 
{ "seq" : "88", "sqcand" : "160000953054", "n" : "43444", "nm" : "ELVIS ROCHA", "cc" : "PV", "nv" : " ", "e" : "n", "st" : "", "dvt" : "Válido", "vap" : "0", "pvap" : "00.00" }, 
{ "seq" : "10", "sqcand" : "160000792520", "n" : "10678", "nm" : "ALESSANDRO DO ROMA", "cc" : "REPUBLICANOS", "nv" : " ", "e" : "n", "st" : "", "dvt" : "Válido", "vap" : "0", "pvap" : "00.00" }, 
{ "seq" : "200", "sqcand" : "160001112507", "n" : "12041", "nm" : "NINA QUADROS", "cc" : "PDT", "nv" : " ", "e" : "n", "st" : "", "dvt" : "Válido", "vap" : "0", "pvap" : "00.00" }, 
{ "seq" : "115", "sqcand" : "160001261370", "n" : "65065", "nm" : "GERSON DO PIEKAS", "cc" : "PC do B", "nv" : " ", "e" : "n", "st" : "", "dvt" : "Anulado sub judice", "vap" : "0", "pvap" : "00.00" }, 
{ "seq" : "215", "sqcand" : "160001051608", "n" : "33456", "nm" : "PÉ HAMILTON", "cc" : "PMN", "nv" : " ", "e" : "n", "st" : "", "dvt" : "Válido", "vap" : "0", "pvap" : "00.00" }, 
{ "seq" : "299", "sqcand" : "160000952656", "n" : "40640", "nm" : "VIEIRA", "cc" : "PSB", "nv" : " ", "e" : "n", "st" : "", "dvt" : "Válido", "vap" : "0", "pvap" : "00.00" }, 
{ "seq" : "295", "sqcand" : "160001223029", "n" : "17000", "nm" : "VALMIR DA FARMACIA", "cc" : "PSL", "nv" : " ", "e" : "n", "st" : "", "dvt" : "Válido", "vap" : "0", "pvap" : "00.00" }, 
{ "seq" : "111", "sqcand" : "160001048546", "n" : "13300", "nm" : "GERALDO DA RECICLAGEM", "cc" : "PT", "nv" : " ", "e" : "n", "st" : "", "dvt" : "Anulado sub judice", "vap" : "0", "pvap" : "00.00" }, 
{ "seq" : "84", "sqcand" : "160001222447", "n" : "14414", "nm" : "ELIZANGELA RAMOS", "cc" : "PTB", "nv" : " ", "e" : "n", "st" : "", "dvt" : "Válido", "vap" : "0", "pvap" : "00.00" }, 
{ "seq" : "174", "sqcand" : "160001050451", "n" : "18000", "nm" : "MARCELO RIBEIRO", "cc" : "REDE", "nv" : " ", "e" : "n", "st" : "", "dvt" : "Anulado sub judice", "vap" : "0", "pvap" : "00.00" }, 
{ "seq" : "293", "sqcand" : "160001222448", "n" : "14999", "nm" : "VALDEVINO BUENO", "cc" : "PTB", "nv" : " ", "e" : "n", "st" : "", "dvt" : "Válido", "vap" : "0", "pvap" : "00.00" }, 
{ "seq" : "65", "sqcand" : "160001049355", "n" : "15015", "nm" : "DEMETRIO FERREIRA", "cc" : "MDB", "nv" : " ", "e" : "n", "st" : "", "dvt" : "Válido", "vap" : "0", "pvap" : "00.00" }, 
{ "seq" : "1", "sqcand" : "160001050440", "n" : "27999", "nm" : "ABEL DA ASSOCIAÇÃO", "cc" : "DC", "nv" : " ", "e" : "n", "st" : "", "dvt" : "Válido", "vap" : "0", "pvap" : "00.00" }, 
{ "seq" : "63", "sqcand" : "160001050768", "n" : "50111", "nm" : "DAZÃO", "cc" : "PSOL", "nv" : " ", "e" : "n", "st" : "", "dvt" : "Válido", "vap" : "0", "pvap" : "00.00" }, 
{ "seq" : "237", "sqcand" : "160000952653", "n" : "40150", "nm" : "PROFESSORA SILVANA", "cc" : "PSB", "nv" : " ", "e" : "n", "st" : "", "dvt" : "Válido", "vap" : "0", "pvap" : "00.00" }, 
{ "seq" : "208", "sqcand" : "160001050436", "n" : "27007", "nm" : "PASTOR LOURIVAL", "cc" : "DC", "nv" : " ", "e" : "n", "st" : "", "dvt" : "Válido", "vap" : "0", "pvap" : "00.00" }, 
{ "seq" : "105", "sqcand" : "160001050773", "n" : "50050", "nm" : "GABRIELE", "cc" : "PSOL", "nv" : " ", "e" : "n", "st" : "", "dvt" : "Válido", "vap" : "0", "pvap" : "00.00" }, 
{ "seq" : "289", "sqcand" : "160001223026", "n" : "17025", "nm" : "VACA AREIAS", "cc" : "PSL", "nv" : " ", "e" : "n", "st" : "", "dvt" : "Válido", "vap" : "0", "pvap" : "00.00" }, 
{ "seq" : "312", "sqcand" : "160001051609", "n" : "33657", "nm" : "ZEZÃO DO DETRAN", "cc" : "PMN", "nv" : " ", "e" : "n", "st" : "", "dvt" : "Anulado sub judice", "vap" : "0", "pvap" : "00.00" }, 
{ "seq" : "120", "sqcand" : "160001051746", "n" : "28082", "nm" : "GILBERTO PRODOCIMO", "cc" : "PRTB", "nv" : " ", "e" : "n", "st" : "", "dvt" : "Válido", "vap" : "0", "pvap" : "00.00" }, 
{ "seq" : "196", "sqcand" : "160001051606", "n" : "33007", "nm" : "NEODETE", "cc" : "PMN", "nv" : " ", "e" : "n", "st" : "", "dvt" : "Válido", "vap" : "0", "pvap" : "00.00" }, 
{ "seq" : "221", "sqcand" : "160001261395", "n" : "65067", "nm" : "PREGO", "cc" : "PC do B", "nv" : " ", "e" : "n", "st" : "", "dvt" : "Anulado sub judice", "vap" : "0", "pvap" : "00.00" }, 
{ "seq" : "153", "sqcand" : "160001261386", "n" : "65000", "nm" : "KELLI MOTTA- A VALENTE", "cc" : "PC do B", "nv" : " ", "e" : "n", "st" : "", "dvt" : "Anulado sub judice", "vap" : "0", "pvap" : "00.00" }, 
{ "seq" : "137", "sqcand" : "160001050426", "n" : "27118", "nm" : "JÔ DOS BAIRROS", "cc" : "DC", "nv" : " ", "e" : "n", "st" : "", "dvt" : "Válido", "vap" : "0", "pvap" : "00.00" }, 
{ "seq" : "3", "sqcand" : "160000953036", "n" : "43100", "nm" : "ADIR CARDOSO", "cc" : "PV", "nv" : " ", "e" : "n", "st" : "", "dvt" : "Válido", "vap" : "0", "pvap" : "00.00" }, 
{ "seq" : "284", "sqcand" : "160001223033", "n" : "17567", "nm" : "TIAGO TARDELLI", "cc" : "PSL", "nv" : " ", "e" : "n", "st" : "", "dvt" : "Válido", "vap" : "0", "pvap" : "00.00" }, 
{ "seq" : "250", "sqcand" : "160001050429", "n" : "27388", "nm" : "ROBSON FERNANDO", "cc" : "DC", "nv" : " ", "e" : "n", "st" : "", "dvt" : "Válido", "vap" : "0", "pvap" : "00.00" }, 
{ "seq" : "300", "sqcand" : "160001049353", "n" : "15215", "nm" : "VINICIUS VIDOTI", "cc" : "MDB", "nv" : " ", "e" : "n", "st" : "", "dvt" : "Válido", "vap" : "0", "pvap" : "00.00" }, 
{ "seq" : "25", "sqcand" : "160001048555", "n" : "13752", "nm" : "ARAÇAZINHO", "cc" : "PT", "nv" : " ", "e" : "n", "st" : "", "dvt" : "Anulado sub judice", "vap" : "0", "pvap" : "00.00" }, 
{ "seq" : "107", "sqcand" : "160000952864", "n" : "25015", "nm" : "GAUCHO DA VILA MARTA", "cc" : "DEM", "nv" : " ", "e" : "n", "st" : "", "dvt" : "Válido", "vap" : "0", "pvap" : "00.00" }, 
{ "seq" : "38", "sqcand" : "160001223042", "n" : "17444", "nm" : "CAMILA KIVIA", "cc" : "PSL", "nv" : " ", "e" : "n", "st" : "", "dvt" : "Válido", "vap" : "0", "pvap" : "00.00" }, 
{ "seq" : "148", "sqcand" : "160001223040", "n" : "17456", "nm" : "JUAREZ TRALESKI DA SAÚDE", "cc" : "PSL", "nv" : " ", "e" : "n", "st" : "", "dvt" : "Válido", "vap" : "0", "pvap" : "00.00" }, 
{ "seq" : "161", "sqcand" : "160001050448", "n" : "18018", "nm" : "LUCAS CARDOSO", "cc" : "REDE", "nv" : " ", "e" : "n", "st" : "", "dvt" : "Válido", "vap" : "0", "pvap" : "00.00" }, 
{ "seq" : "110", "sqcand" : "160001112505", "n" : "12340", "nm" : "GERALDO DA BANCA", "cc" : "PDT", "nv" : " ", "e" : "n", "st" : "", "dvt" : "Válido", "vap" : "0", "pvap" : "00.00" }, 
{ "seq" : "182", "sqcand" : "160000792512", "n" : "10345", "nm" : "MARIANO BELO", "cc" : "REPUBLICANOS", "nv" : " ", "e" : "n", "st" : "", "dvt" : "Válido", "vap" : "0", "pvap" : "00.00" }, 
{ "seq" : "122", "sqcand" : "160001050438", "n" : "27066", "nm" : "HELLEN BRIÃO", "cc" : "DC", "nv" : " ", "e" : "n", "st" : "", "dvt" : "Válido", "vap" : "0", "pvap" : "00.00" }, 
{ "seq" : "166", "sqcand" : "160000952649", "n" : "40624", "nm" : "LUIZ CATARINA", "cc" : "PSB", "nv" : " ", "e" : "n", "st" : "", "dvt" : "Válido", "vap" : "0", "pvap" : "00.00" }, 
{ "seq" : "195", "sqcand" : "160001223137", "n" : "33025", "nm" : "NATAL", "cc" : "PMN", "nv" : " ", "e" : "n", "st" : "", "dvt" : "Válido", "vap" : "0", "pvap" : "00.00" }, 
{ "seq" : "225", "sqcand" : "160001049354", "n" : "15123", "nm" : "PROFA WILCELIA TERCEIRA IDADE", "cc" : "MDB", "nv" : " ", "e" : "n", "st" : "", "dvt" : "Válido", "vap" : "0", "pvap" : "00.00" }, 
{ "seq" : "203", "sqcand" : "160000953048", "n" : "43210", "nm" : "PABLO DO PROJETO", "cc" : "PV", "nv" : " ", "e" : "n", "st" : "", "dvt" : "Válido", "vap" : "0", "pvap" : "00.00" }, 
{ "seq" : "32", "sqcand" : "160001222435", "n" : "14441", "nm" : "BIA BUSATTO", "cc" : "PTB", "nv" : " ", "e" : "n", "st" : "", "dvt" : "Válido", "vap" : "0", "pvap" : "00.00" }, 
{ "seq" : "27", "sqcand" : "160001050771", "n" : "50750", "nm" : "AUGUSTO", "cc" : "PSOL", "nv" : " ", "e" : "n", "st" : "", "dvt" : "Válido", "vap" : "0", "pvap" : "00.00" }, 
{ "seq" : "44", "sqcand" : "160000952659", "n" : "40606", "nm" : "CATARINA JÚNIOR", "cc" : "PSB", "nv" : " ", "e" : "n", "st" : "", "dvt" : "Válido", "vap" : "0", "pvap" : "00.00" }, 
{ "seq" : "18", "sqcand" : "160001050435", "n" : "27777", "nm" : "ANDRÉ DO NASCIMENTO", "cc" : "DC", "nv" : " ", "e" : "n", "st" : "", "dvt" : "Válido", "vap" : "0", "pvap" : "00.00" }, 
{ "seq" : "261", "sqcand" : "160001261406", "n" : "65040", "nm" : "ROSELY MARTINS", "cc" : "PC do B", "nv" : " ", "e" : "n", "st" : "", "dvt" : "Anulado sub judice", "vap" : "0", "pvap" : "00.00" }, 
{ "seq" : "305", "sqcand" : "160001049340", "n" : "15660", "nm" : "WALTER PURKOTE", "cc" : "MDB", "nv" : " ", "e" : "n", "st" : "", "dvt" : "Válido", "vap" : "0", "pvap" : "00.00" }, 
{ "seq" : "56", "sqcand" : "160001050443", "n" : "27127", "nm" : "CLEOMARA DO POSTO", "cc" : "DC", "nv" : " ", "e" : "n", "st" : "", "dvt" : "Anulado sub judice", "vap" : "0", "pvap" : "00.00" }, 
{ "seq" : "29", "sqcand" : "160000792519", "n" : "10500", "nm" : "BEATRIZ DEVAI", "cc" : "REPUBLICANOS", "nv" : " ", "e" : "n", "st" : "", "dvt" : "Válido", "vap" : "0", "pvap" : "00.00" }, 
{ "seq" : "216", "sqcand" : "160001261382", "n" : "65123", "nm" : "PEDRINHO DA CANCHA", "cc" : "PC do B", "nv" : " ", "e" : "n", "st" : "", "dvt" : "Anulado sub judice", "vap" : "0", "pvap" : "00.00" }, 
{ "seq" : "243", "sqcand" : "160001275653", "n" : "14000", "nm" : "REINALDO DO SORVETE", "cc" : "PTB", "nv" : " ", "e" : "n", "st" : "", "dvt" : "Válido", "vap" : "0", "pvap" : "00.00" }, 
{ "seq" : "258", "sqcand" : "160001223041", "n" : "17007", "nm" : "ROSELI MACHADO", "cc" : "PSL", "nv" : " ", "e" : "n", "st" : "", "dvt" : "Válido", "vap" : "0", "pvap" : "00.00" }, 
{ "seq" : "263", "sqcand" : "160001051622", "n" : "33555", "nm" : "RUTE FERREIRA DA CRUZ", "cc" : "PMN", "nv" : " ", "e" : "n", "st" : "", "dvt" : "Válido", "vap" : "0", "pvap" : "00.00" }, 
{ "seq" : "103", "sqcand" : "160001112497", "n" : "12505", "nm" : "FOGAÇA", "cc" : "PDT", "nv" : " ", "e" : "n", "st" : "", "dvt" : "Válido", "vap" : "0", "pvap" : "00.00" }, 
{ "seq" : "132", "sqcand" : "160000953037", "n" : "43777", "nm" : "IVONE DO BONFIM", "cc" : "PV", "nv" : " ", "e" : "n", "st" : "", "dvt" : "Válido", "vap" : "0", "pvap" : "00.00" }, 
{ "seq" : "241", "sqcand" : "160000792521", "n" : "10111", "nm" : "REGINA CRUZ", "cc" : "REPUBLICANOS", "nv" : " ", "e" : "n", "st" : "", "dvt" : "Válido", "vap" : "0", "pvap" : "00.00" }, 
{ "seq" : "302", "sqcand" : "160000792529", "n" : "10000", "nm" : "WAGNER SOUZA", "cc" : "REPUBLICANOS", "nv" : " ", "e" : "n", "st" : "", "dvt" : "Válido", "vap" : "0", "pvap" : "00.00" }, 
{ "seq" : "230", "sqcand" : "160001261385", "n" : "65018", "nm" : "PROFESSORA JULIANE", "cc" : "PC do B", "nv" : " ", "e" : "n", "st" : "", "dvt" : "Anulado sub judice", "vap" : "0", "pvap" : "00.00" }, 
{ "seq" : "190", "sqcand" : "160000953046", "n" : "43456", "nm" : "MICHEL GABARDO", "cc" : "PV", "nv" : " ", "e" : "n", "st" : "", "dvt" : "Válido", "vap" : "0", "pvap" : "00.00" }, 
{ "seq" : "165", "sqcand" : "160001223032", "n" : "17123", "nm" : "LUCIANO LISBOA", "cc" : "PSL", "nv" : " ", "e" : "n", "st" : "", "dvt" : "Válido", "vap" : "0", "pvap" : "00.00" }, 
{ "seq" : "170", "sqcand" : "160001048551", "n" : "13713", "nm" : "MAGRÃO", "cc" : "PT", "nv" : " ", "e" : "n", "st" : "", "dvt" : "Anulado sub judice", "vap" : "0", "pvap" : "00.00" }, 
{ "seq" : "4", "sqcand" : "160000952860", "n" : "25020", "nm" : "AIRTON ROBERTO DO POVO", "cc" : "DEM", "nv" : " ", "e" : "n", "st" : "", "dvt" : "Válido", "vap" : "0", "pvap" : "00.00" }, 
{ "seq" : "280", "sqcand" : "160001112506", "n" : "12789", "nm" : "TAKANO", "cc" : "PDT", "nv" : " ", "e" : "n", "st" : "", "dvt" : "Válido", "vap" : "0", "pvap" : "00.00" }, 
{ "seq" : "53", "sqcand" : "160001050427", "n" : "27123", "nm" : "CLAUDEMIR ALVES", "cc" : "DC", "nv" : " ", "e" : "n", "st" : "", "dvt" : "Válido", "vap" : "0", "pvap" : "00.00" }, 
{ "seq" : "99", "sqcand" : "160001222444", "n" : "14037", "nm" : "FERNANDES DE PAULO", "cc" : "PTB", "nv" : " ", "e" : "n", "st" : "", "dvt" : "Válido", "vap" : "0", "pvap" : "00.00" }, 
{ "seq" : "301", "sqcand" : "160000792531", "n" : "10010", "nm" : "VITOR FRANCO", "cc" : "REPUBLICANOS", "nv" : " ", "e" : "n", "st" : "", "dvt" : "Válido", "vap" : "0", "pvap" : "00.00" }, 
{ "seq" : "57", "sqcand" : "160000952865", "n" : "25010", "nm" : "CLEVERSON BUIU", "cc" : "DEM", "nv" : " ", "e" : "n", "st" : "", "dvt" : "Válido", "vap" : "0", "pvap" : "00.00" }, 
{ "seq" : "79", "sqcand" : "160000792517", "n" : "10123", "nm" : "EDNILSON CAVERNA", "cc" : "REPUBLICANOS", "nv" : " ", "e" : "n", "st" : "", "dvt" : "Válido", "vap" : "0", "pvap" : "00.00" }, 
{ "seq" : "271", "sqcand" : "160000952662", "n" : "40100", "nm" : "SARGENTO FAUSTO", "cc" : "PSB", "nv" : " ", "e" : "n", "st" : "", "dvt" : "Válido", "vap" : "0", "pvap" : "00.00" }, 
{ "seq" : "147", "sqcand" : "160001222445", "n" : "14998", "nm" : "JOSIANE SANTOS", "cc" : "PTB", "nv" : " ", "e" : "n", "st" : "", "dvt" : "Válido", "vap" : "0", "pvap" : "00.00" }, 
{ "seq" : "294", "sqcand" : "160001048564", "n" : "13444", "nm" : "VALDIR GONÇALVES", "cc" : "PT", "nv" : " ", "e" : "n", "st" : "", "dvt" : "Válido", "vap" : "0", "pvap" : "00.00" }, 
{ "seq" : "248", "sqcand" : "160001050776", "n" : "50123", "nm" : "ROBINHO", "cc" : "PSOL", "nv" : " ", "e" : "n", "st" : "", "dvt" : "Válido", "vap" : "0", "pvap" : "00.00" }, 
{ "seq" : "126", "sqcand" : "160001051575", "n" : "19015", "nm" : "INERI GONÇALVES DE OLIVEIRA", "cc" : "PODE", "nv" : " ", "e" : "n", "st" : "", "dvt" : "Válido", "vap" : "0", "pvap" : "00.00" }, 
{ "seq" : "138", "sqcand" : "160001051582", "n" : "19876", "nm" : "JOANIN PROTOPAPA", "cc" : "PODE", "nv" : " ", "e" : "n", "st" : "", "dvt" : "Válido", "vap" : "0", "pvap" : "00.00" }, 
{ "seq" : "171", "sqcand" : "160000952862", "n" : "25000", "nm" : "MANOEL FRANCO", "cc" : "DEM", "nv" : " ", "e" : "n", "st" : "", "dvt" : "Válido", "vap" : "0", "pvap" : "00.00" }, 
{ "seq" : "112", "sqcand" : "160001049347", "n" : "15557", "nm" : "GERALDO DO TANGUÁ", "cc" : "MDB", "nv" : " ", "e" : "n", "st" : "", "dvt" : "Válido", "vap" : "0", "pvap" : "00.00" }, 
{ "seq" : "59", "sqcand" : "160001049345", "n" : "15777", "nm" : "DALTO LUIZ RADIO INDEPENDENCIA", "cc" : "MDB", "nv" : " ", "e" : "n", "st" : "", "dvt" : "Válido", "vap" : "0", "pvap" : "00.00" }, 
{ "seq" : "262", "sqcand" : "160001051590", "n" : "19010", "nm" : "ROSILENE REITER", "cc" : "PODE", "nv" : " ", "e" : "n", "st" : "", "dvt" : "Válido", "vap" : "0", "pvap" : "00.00" }, 
{ "seq" : "14", "sqcand" : "160000952852", "n" : "25456", "nm" : "AMAURI LOVATO", "cc" : "DEM", "nv" : " ", "e" : "n", "st" : "", "dvt" : "Válido", "vap" : "0", "pvap" : "00.00" }, 
{ "seq" : "80", "sqcand" : "160001050447", "n" : "18999", "nm" : "ELIANE CAMARGO", "cc" : "REDE", "nv" : " ", "e" : "n", "st" : "", "dvt" : "Válido", "vap" : "0", "pvap" : "00.00" }, 
{ "seq" : "185", "sqcand" : "160001112500", "n" : "12360", "nm" : "MARIZA OLIVEIRA", "cc" : "PDT", "nv" : " ", "e" : "n", "st" : "", "dvt" : "Válido", "vap" : "0", "pvap" : "00.00" }, 
{ "seq" : "162", "sqcand" : "160000952856", "n" : "25525", "nm" : "LUCAS MORTO VIVO", "cc" : "DEM", "nv" : " ", "e" : "n", "st" : "", "dvt" : "Válido", "vap" : "0", "pvap" : "00.00" }, 
{ "seq" : "78", "sqcand" : "160001051580", "n" : "19100", "nm" : "EDNEIA OLIVEIRA", "cc" : "PODE", "nv" : " ", "e" : "n", "st" : "", "dvt" : "Válido", "vap" : "0", "pvap" : "00.00" }, 
{ "seq" : "254", "sqcand" : "160001048556", "n" : "13131", "nm" : "RONALDO TOMAZ DE ANDRADE SILVA", "cc" : "PT", "nv" : " ", "e" : "n", "st" : "", "dvt" : "Anulado sub judice", "vap" : "0", "pvap" : "00.00" }, 
{ "seq" : "297", "sqcand" : "160001261409", "n" : "65100", "nm" : "VANDERLI DA SILVA", "cc" : "PC do B", "nv" : " ", "e" : "n", "st" : "", "dvt" : "Anulado sub judice", "vap" : "0", "pvap" : "00.00" }, 
{ "seq" : "123", "sqcand" : "160001048549", "n" : "13013", "nm" : "IDIONE RODRIGUES DE ABREU", "cc" : "PT", "nv" : " ", "e" : "n", "st" : "", "dvt" : "Anulado sub judice", "vap" : "0", "pvap" : "00.00" }, 
{ "seq" : "288", "sqcand" : "160000792522", "n" : "10789", "nm" : "TREVIZAN", "cc" : "REPUBLICANOS", "nv" : " ", "e" : "n", "st" : "", "dvt" : "Válido", "vap" : "0", "pvap" : "00.00" }, 
{ "seq" : "41", "sqcand" : "160001048568", "n" : "13113", "nm" : "CARLOS CASSARO", "cc" : "PT", "nv" : " ", "e" : "n", "st" : "", "dvt" : "Válido", "vap" : "0", "pvap" : "00.00" }, 
{ "seq" : "213", "sqcand" : "160001051619", "n" : "33001", "nm" : "PAULINHO SANTISTA", "cc" : "PMN", "nv" : " ", "e" : "n", "st" : "", "dvt" : "Válido", "vap" : "0", "pvap" : "00.00" }, 
{ "seq" : "30", "sqcand" : "160001048547", "n" : "13613", "nm" : "BENEDITA", "cc" : "PT", "nv" : " ", "e" : "n", "st" : "", "dvt" : "Válido", "vap" : "0", "pvap" : "00.00" }, 
{ "seq" : "184", "sqcand" : "160001049357", "n" : "15156", "nm" : "MARIO GARCIA", "cc" : "MDB", "nv" : " ", "e" : "n", "st" : "", "dvt" : "Válido", "vap" : "0", "pvap" : "00.00" }, 
{ "seq" : "77", "sqcand" : "160001050442", "n" : "27227", "nm" : "EDMILSON  CAMARGO", "cc" : "DC", "nv" : " ", "e" : "n", "st" : "", "dvt" : "Válido", "vap" : "0", "pvap" : "00.00" }, 
{ "seq" : "274", "sqcand" : "160001048553", "n" : "13222", "nm" : "SILAS DOS SANTOS VAZ SOBRINHO", "cc" : "PT", "nv" : " ", "e" : "n", "st" : "", "dvt" : "Anulado sub judice", "vap" : "0", "pvap" : "00.00" }, 
{ "seq" : "67", "sqcand" : "160000953039", "n" : "43123", "nm" : "DENYS MORAES", "cc" : "PV", "nv" : " ", "e" : "n", "st" : "", "dvt" : "Válido", "vap" : "0", "pvap" : "00.00" }, 
{ "seq" : "48", "sqcand" : "160001051584", "n" : "19036", "nm" : "CESINHA MOTOBOY", "cc" : "PODE", "nv" : " ", "e" : "n", "st" : "", "dvt" : "Válido", "vap" : "0", "pvap" : "00.00" }, 
{ "seq" : "143", "sqcand" : "160001051579", "n" : "19193", "nm" : "JOSÉ ILDO DE LARA", "cc" : "PODE", "nv" : " ", "e" : "n", "st" : "", "dvt" : "Válido", "vap" : "0", "pvap" : "00.00" }, 
{ "seq" : "47", "sqcand" : "160001112502", "n" : "12027", "nm" : "CESAR OLIVEIRA", "cc" : "PDT", "nv" : " ", "e" : "n", "st" : "", "dvt" : "Válido", "vap" : "0", "pvap" : "00.00" }, 
{ "seq" : "169", "sqcand" : "160000953049", "n" : "43321", "nm" : "MADRUGA", "cc" : "PV", "nv" : " ", "e" : "n", "st" : "", "dvt" : "Válido", "vap" : "0", "pvap" : "00.00" }, 
{ "seq" : "73", "sqcand" : "160000952850", "n" : "25890", "nm" : "DRA SIMONE FARIAS", "cc" : "DEM", "nv" : " ", "e" : "n", "st" : "", "dvt" : "Válido", "vap" : "0", "pvap" : "00.00" }, 
{ "seq" : "16", "sqcand" : "160001223039", "n" : "17620", "nm" : "ANA DO RIVER", "cc" : "PSL", "nv" : " ", "e" : "n", "st" : "", "dvt" : "Válido", "vap" : "0", "pvap" : "00.00" }, 
{ "seq" : "292", "sqcand" : "160000952854", "n" : "25176", "nm" : "VALDEVINA DA ASSISTENCIA", "cc" : "DEM", "nv" : " ", "e" : "n", "st" : "", "dvt" : "Válido", "vap" : "0", "pvap" : "00.00" }, 
{ "seq" : "270", "sqcand" : "160001222434", "n" : "14777", "nm" : "SARGENTO ELOIR", "cc" : "PTB", "nv" : " ", "e" : "n", "st" : "", "dvt" : "Válido", "vap" : "0", "pvap" : "00.00" }, 
{ "seq" : "40", "sqcand" : "160001223023", "n" : "17017", "nm" : "CARLÃO IPE", "cc" : "PSL", "nv" : " ", "e" : "n", "st" : "", "dvt" : "Válido", "vap" : "0", "pvap" : "00.00" }, 
{ "seq" : "100", "sqcand" : "160001051615", "n" : "33633", "nm" : "FERRAZ", "cc" : "PMN", "nv" : " ", "e" : "n", "st" : "", "dvt" : "Válido", "vap" : "0", "pvap" : "00.00" }, 
{ "seq" : "70", "sqcand" : "160001222436", "n" : "14444", "nm" : "DR EDSON CRUZ", "cc" : "PTB", "nv" : " ", "e" : "n", "st" : "", "dvt" : "Válido", "vap" : "0", "pvap" : "00.00" }, 
{ "seq" : "198", "sqcand" : "160001223136", "n" : "33999", "nm" : "NILCEIA", "cc" : "PMN", "nv" : " ", "e" : "n", "st" : "", "dvt" : "Válido", "vap" : "0", "pvap" : "00.00" }, 
{ "seq" : "163", "sqcand" : "160000953043", "n" : "43200", "nm" : "LUCAS SCHLICHTA", "cc" : "PV", "nv" : " ", "e" : "n", "st" : "", "dvt" : "Válido", "vap" : "0", "pvap" : "00.00" }, 
{ "seq" : "23", "sqcand" : "160001222433", "n" : "14125", "nm" : "ANTONIO DOS SANTOS", "cc" : "PTB", "nv" : " ", "e" : "n", "st" : "", "dvt" : "Válido", "vap" : "0", "pvap" : "00.00" }, 
{ "seq" : "209", "sqcand" : "160001050428", "n" : "27170", "nm" : "PASTOR LUIZINHO", "cc" : "DC", "nv" : " ", "e" : "n", "st" : "", "dvt" : "Válido", "vap" : "0", "pvap" : "00.00" }, 
{ "seq" : "286", "sqcand" : "160001050445", "n" : "27017", "nm" : "TIO EDSON DO ESCOLAR", "cc" : "DC", "nv" : " ", "e" : "n", "st" : "", "dvt" : "Válido", "vap" : "0", "pvap" : "00.00" }, 
{ "seq" : "298", "sqcand" : "160001050450", "n" : "18442", "nm" : "VANILSON ", "cc" : "REDE", "nv" : " ", "e" : "n", "st" : "", "dvt" : "Válido", "vap" : "0", "pvap" : "00.00" }, 
{ "seq" : "7", "sqcand" : "160001050444", "n" : "27013", "nm" : "ALE DA VAN ESCOLAR", "cc" : "DC", "nv" : " ", "e" : "n", "st" : "", "dvt" : "Válido", "vap" : "0", "pvap" : "00.00" }, 
{ "seq" : "197", "sqcand" : "160001048550", "n" : "13500", "nm" : "NEUSIDE ROBERTO FERMINO", "cc" : "PT", "nv" : " ", "e" : "n", "st" : "", "dvt" : "Anulado sub judice", "vap" : "0", "pvap" : "00.00" }, 
{ "seq" : "164", "sqcand" : "160001261388", "n" : "65300", "nm" : "LUCAS WEISS", "cc" : "PC do B", "nv" : " ", "e" : "n", "st" : "", "dvt" : "Anulado sub judice", "vap" : "0", "pvap" : "00.00" }, 
{ "seq" : "133", "sqcand" : "160001112504", "n" : "12500", "nm" : "IZABELA FERNANDA", "cc" : "PDT", "nv" : " ", "e" : "n", "st" : "", "dvt" : "Válido", "vap" : "0", "pvap" : "00.00" }, 
{ "seq" : "114", "sqcand" : "160001049348", "n" : "15515", "nm" : "GERSON CZAIKOWSKI", "cc" : "MDB", "nv" : " ", "e" : "n", "st" : "", "dvt" : "Válido", "vap" : "0", "pvap" : "00.00" }, 
{ "seq" : "158", "sqcand" : "160001051621", "n" : "33133", "nm" : "LEANDRO STOCO", "cc" : "PMN", "nv" : " ", "e" : "n", "st" : "", "dvt" : "Válido", "vap" : "0", "pvap" : "00.00" }, 
{ "seq" : "267", "sqcand" : "160001049337", "n" : "15001", "nm" : "SAMOEL PEREIRA DO FRETE", "cc" : "MDB", "nv" : " ", "e" : "n", "st" : "", "dvt" : "Válido", "vap" : "0", "pvap" : "00.00" }, 
{ "seq" : "34", "sqcand" : "160001222442", "n" : "14789", "nm" : "BIANCA PRADO", "cc" : "PTB", "nv" : " ", "e" : "n", "st" : "", "dvt" : "Válido", "vap" : "0", "pvap" : "00.00" }, 
{ "seq" : "220", "sqcand" : "160001223028", "n" : "17038", "nm" : "POLICIAL DOMINGOS", "cc" : "PSL", "nv" : " ", "e" : "n", "st" : "", "dvt" : "Válido", "vap" : "0", "pvap" : "00.00" }, 
{ "seq" : "235", "sqcand" : "160001051589", "n" : "19222", "nm" : "PROFESSORA REGIANE", "cc" : "PODE", "nv" : " ", "e" : "n", "st" : "", "dvt" : "Válido", "vap" : "0", "pvap" : "00.00" }, 
{ "seq" : "306", "sqcand" : "160000952859", "n" : "25222", "nm" : "WALTER TRANSAMERICA", "cc" : "DEM", "nv" : " ", "e" : "n", "st" : "", "dvt" : "Válido", "vap" : "0", "pvap" : "00.00" }, 
{ "seq" : "204", "sqcand" : "160001048559", "n" : "13513", "nm" : "PAMELA CRISTINA GOMES PESSOA", "cc" : "PT", "nv" : " ", "e" : "n", "st" : "", "dvt" : "Anulado sub judice", "vap" : "0", "pvap" : "00.00" }, 
{ "seq" : "36", "sqcand" : "160001051620", "n" : "33190", "nm" : "BOMFIM BOCA DO POVO", "cc" : "PMN", "nv" : " ", "e" : "n", "st" : "", "dvt" : "Válido", "vap" : "0", "pvap" : "00.00" }, 
{ "seq" : "92", "sqcand" : "160001112492", "n" : "12456", "nm" : "EVANILDE DOS SANTOS SOUZA", "cc" : "PDT", "nv" : " ", "e" : "n", "st" : "", "dvt" : "Válido", "vap" : "0", "pvap" : "00.00" }, 
{ "seq" : "313", "sqcand" : "160001222432", "n" : "14333", "nm" : "ZEZINHO", "cc" : "PTB", "nv" : " ", "e" : "n", "st" : "", "dvt" : "Anulado sub judice", "vap" : "0", "pvap" : "00.00" }, 
{ "seq" : "12", "sqcand" : "160000792526", "n" : "10112", "nm" : "ALEXANDRE SABADIN", "cc" : "REPUBLICANOS", "nv" : " ", "e" : "n", "st" : "", "dvt" : "Válido", "vap" : "0", "pvap" : "00.00" }, 
{ "seq" : "42", "sqcand" : "160001223021", "n" : "17888", "nm" : "CARLOS CHOCOLATE", "cc" : "PSL", "nv" : " ", "e" : "n", "st" : "", "dvt" : "Válido", "vap" : "0", "pvap" : "00.00" }, 
{ "seq" : "251", "sqcand" : "160001051578", "n" : "19000", "nm" : "RODRIGO DA ROLETA", "cc" : "PODE", "nv" : " ", "e" : "n", "st" : "", "dvt" : "Válido", "vap" : "0", "pvap" : "00.00" }, 
{ "seq" : "130", "sqcand" : "160000952863", "n" : "25321", "nm" : "IUJO MANFRON", "cc" : "DEM", "nv" : " ", "e" : "n", "st" : "", "dvt" : "Válido", "vap" : "0", "pvap" : "00.00" }, 
{ "seq" : "212", "sqcand" : "160000952646", "n" : "40123", "nm" : "PAULÃO", "cc" : "PSB", "nv" : " ", "e" : "n", "st" : "", "dvt" : "Válido", "vap" : "0", "pvap" : "00.00" }, 
{ "seq" : "281", "sqcand" : "160000792530", "n" : "10810", "nm" : "TEDY ALCK", "cc" : "REPUBLICANOS", "nv" : " ", "e" : "n", "st" : "", "dvt" : "Válido", "vap" : "0", "pvap" : "00.00" }, 
{ "seq" : "152", "sqcand" : "160001050441", "n" : "27012", "nm" : "KAIO", "cc" : "DC", "nv" : " ", "e" : "n", "st" : "", "dvt" : "Válido", "vap" : "0", "pvap" : "00.00" }, 
{ "seq" : "8", "sqcand" : "160000953041", "n" : "43333", "nm" : "ALEKSANDRA SANTOS", "cc" : "PV", "nv" : " ", "e" : "n", "st" : "", "dvt" : "Válido", "vap" : "0", "pvap" : "00.00" }, 
{ "seq" : "199", "sqcand" : "160000952643", "n" : "40456", "nm" : "NILSON GUIMARÃES", "cc" : "PSB", "nv" : " ", "e" : "n", "st" : "", "dvt" : "Válido", "vap" : "0", "pvap" : "00.00" }, 
{ "seq" : "91", "sqcand" : "160000952644", "n" : "40000", "nm" : "ESTER MOREIRA", "cc" : "PSB", "nv" : " ", "e" : "n", "st" : "", "dvt" : "Válido", "vap" : "0", "pvap" : "00.00" }, 
{ "seq" : "157", "sqcand" : "160001048562", "n" : "13000", "nm" : "LAZINHO", "cc" : "PT", "nv" : " ", "e" : "n", "st" : "", "dvt" : "Válido", "vap" : "0", "pvap" : "00.00" }, 
{ "seq" : "62", "sqcand" : "160001049346", "n" : "15180", "nm" : "DAYANE BOZZA NUTRICIONISTA", "cc" : "MDB", "nv" : " ", "e" : "n", "st" : "", "dvt" : "Válido", "vap" : "0", "pvap" : "00.00" }, 
{ "seq" : "266", "sqcand" : "160001051747", "n" : "28023", "nm" : "SAMANTA MATIAS", "cc" : "PRTB", "nv" : " ", "e" : "n", "st" : "", "dvt" : "Válido", "vap" : "0", "pvap" : "00.00" }, 
{ "seq" : "181", "sqcand" : "160001051607", "n" : "33323", "nm" : "MARIA MIRANDA", "cc" : "PMN", "nv" : " ", "e" : "n", "st" : "", "dvt" : "Válido", "vap" : "0", "pvap" : "00.00" }, 
{ "seq" : "223", "sqcand" : "160000953056", "n" : "43090", "nm" : "PROFª MARGARET TRELHA", "cc" : "PV", "nv" : " ", "e" : "n", "st" : "", "dvt" : "Válido", "vap" : "0", "pvap" : "00.00" }, 
{ "seq" : "259", "sqcand" : "160001261404", "n" : "65700", "nm" : "ROSELI MARTINS", "cc" : "PC do B", "nv" : " ", "e" : "n", "st" : "", "dvt" : "Anulado sub judice", "vap" : "0", "pvap" : "00.00" }, 
{ "seq" : "246", "sqcand" : "160001051743", "n" : "28111", "nm" : "ROBERTINHO", "cc" : "PRTB", "nv" : " ", "e" : "n", "st" : "", "dvt" : "Válido", "vap" : "0", "pvap" : "00.00" }, 
{ "seq" : "264", "sqcand" : "160001048565", "n" : "13010", "nm" : "SALIM CARVALHO DE OLIVEIRA", "cc" : "PT", "nv" : " ", "e" : "n", "st" : "", "dvt" : "Válido", "vap" : "0", "pvap" : "00.00" }, 
{ "seq" : "145", "sqcand" : "160001051587", "n" : "19999", "nm" : "JOSÉ PRADO", "cc" : "PODE", "nv" : " ", "e" : "n", "st" : "", "dvt" : "Válido", "vap" : "0", "pvap" : "00.00" }, 
{ "seq" : "75", "sqcand" : "160001223036", "n" : "17333", "nm" : "EDICLEIA STOCCHERO", "cc" : "PSL", "nv" : " ", "e" : "n", "st" : "", "dvt" : "Válido", "vap" : "0", "pvap" : "00.00" }, 
{ "seq" : "50", "sqcand" : "160000952866", "n" : "25021", "nm" : "CHICO DA AÇÃO", "cc" : "DEM", "nv" : " ", "e" : "n", "st" : "", "dvt" : "Válido", "vap" : "0", "pvap" : "00.00" }, 
{ "seq" : "139", "sqcand" : "160000952868", "n" : "25678", "nm" : "JOÃO DA SILVA", "cc" : "DEM", "nv" : " ", "e" : "n", "st" : "", "dvt" : "Válido", "vap" : "0", "pvap" : "00.00" }, 
{ "seq" : "189", "sqcand" : "160001112496", "n" : "12190", "nm" : "MAURI MIGUEL", "cc" : "PDT", "nv" : " ", "e" : "n", "st" : "", "dvt" : "Válido", "vap" : "0", "pvap" : "00.00" }, 
{ "seq" : "309", "sqcand" : "160001223020", "n" : "17777", "nm" : "ZECA DO AVIÁRIO", "cc" : "PSL", "nv" : " ", "e" : "n", "st" : "", "dvt" : "Válido", "vap" : "0", "pvap" : "00.00" }, 
{ "seq" : "253", "sqcand" : "160000952650", "n" : "40134", "nm" : "ROMERITO ÍNDIO", "cc" : "PSB", "nv" : " ", "e" : "n", "st" : "", "dvt" : "Válido", "vap" : "0", "pvap" : "00.00" }, 
{ "seq" : "193", "sqcand" : "160000953040", "n" : "43970", "nm" : "MIRELE GONÇALVES", "cc" : "PV", "nv" : " ", "e" : "n", "st" : "", "dvt" : "Válido", "vap" : "0", "pvap" : "00.00" }, 
{ "seq" : "273", "sqcand" : "160001222431", "n" : "14111", "nm" : "SIDÃO", "cc" : "PTB", "nv" : " ", "e" : "n", "st" : "", "dvt" : "Válido", "vap" : "0", "pvap" : "00.00" }, 
{ "seq" : "116", "sqcand" : "160000953045", "n" : "43190", "nm" : "GIARETTA", "cc" : "PV", "nv" : " ", "e" : "n", "st" : "", "dvt" : "Válido", "vap" : "0", "pvap" : "00.00" }, 
{ "seq" : "82", "sqcand" : "160001048563", "n" : "13123", "nm" : "ELIAS MOTA", "cc" : "PT", "nv" : " ", "e" : "n", "st" : "", "dvt" : "Válido", "vap" : "0", "pvap" : "00.00" }, 
{ "seq" : "60", "sqcand" : "160000953051", "n" : "43013", "nm" : "DANI BARBIE", "cc" : "PV", "nv" : " ", "e" : "n", "st" : "", "dvt" : "Válido", "vap" : "0", "pvap" : "00.00" }, 
{ "seq" : "21", "sqcand" : "160001049335", "n" : "15678", "nm" : "ANGELO PRODOSCIMO", "cc" : "MDB", "nv" : " ", "e" : "n", "st" : "", "dvt" : "Válido", "vap" : "0", "pvap" : "00.00" }, 
{ "seq" : "15", "sqcand" : "160000792514", "n" : "10633", "nm" : "AMILTON ROSA  ", "cc" : "REPUBLICANOS", "nv" : " ", "e" : "n", "st" : "", "dvt" : "Válido", "vap" : "0", "pvap" : "00.00" }, 
{ "seq" : "5", "sqcand" : "160001048561", "n" : "13456", "nm" : "ALAN ALVES DE SOUZA", "cc" : "PT", "nv" : " ", "e" : "n", "st" : "", "dvt" : "Anulado sub judice", "vap" : "0", "pvap" : "00.00" }, 
{ "seq" : "172", "sqcand" : "160001223034", "n" : "17029", "nm" : "MARCÃO", "cc" : "PSL", "nv" : " ", "e" : "n", "st" : "", "dvt" : "Anulado sub judice", "vap" : "0", "pvap" : "00.00" }, 
{ "seq" : "85", "sqcand" : "160001051577", "n" : "19111", "nm" : "ELOY ALEXANDRE", "cc" : "PODE", "nv" : " ", "e" : "n", "st" : "", "dvt" : "Válido", "vap" : "0", "pvap" : "00.00" }, 
{ "seq" : "214", "sqcand" : "160001051751", "n" : "28180", "nm" : "PAULO PANÇA", "cc" : "PRTB", "nv" : " ", "e" : "n", "st" : "", "dvt" : "Válido", "vap" : "0", "pvap" : "00.00" }, 
{ "seq" : "104", "sqcand" : "160001222450", "n" : "14222", "nm" : "FRANCISCO MOREIRA", "cc" : "PTB", "nv" : " ", "e" : "n", "st" : "", "dvt" : "Válido", "vap" : "0", "pvap" : "00.00" }, 
{ "seq" : "252", "sqcand" : "160001223031", "n" : "17190", "nm" : "RODRIGO PAVONI", "cc" : "PSL", "nv" : " ", "e" : "n", "st" : "", "dvt" : "Anulado sub judice", "vap" : "0", "pvap" : "00.00" }, 
{ "seq" : "173", "sqcand" : "160001049349", "n" : "15115", "nm" : "MARCÃO DO ESPORTE", "cc" : "MDB", "nv" : " ", "e" : "n", "st" : "", "dvt" : "Válido", "vap" : "0", "pvap" : "00.00" }, 
{ "seq" : "81", "sqcand" : "160001112498", "n" : "12560", "nm" : "ELIAS FARIA", "cc" : "PDT", "nv" : " ", "e" : "n", "st" : "", "dvt" : "Válido", "vap" : "0", "pvap" : "00.00" }, 
{ "seq" : "98", "sqcand" : "160001261366", "n" : "65111", "nm" : "FERNADO DOS ASSADOS", "cc" : "PC do B", "nv" : " ", "e" : "n", "st" : "", "dvt" : "Anulado sub judice", "vap" : "0", "pvap" : "00.00" }, 
{ "seq" : "303", "sqcand" : "160001051583", "n" : "19007", "nm" : "WAGNER VENTURA", "cc" : "PODE", "nv" : " ", "e" : "n", "st" : "", "dvt" : "Válido", "vap" : "0", "pvap" : "00.00" }, 
{ "seq" : "127", "sqcand" : "160000953053", "n" : "43055", "nm" : "IRMÃO VALDEMAR", "cc" : "PV", "nv" : " ", "e" : "n", "st" : "", "dvt" : "Válido", "vap" : "0", "pvap" : "00.00" }, 
{ "seq" : "93", "sqcand" : "160000792516", "n" : "10120", "nm" : "EVERSON LAMBÃO", "cc" : "REPUBLICANOS", "nv" : " ", "e" : "n", "st" : "", "dvt" : "Válido", "vap" : "0", "pvap" : "00.00" }, 
{ "seq" : "156", "sqcand" : "160001222443", "n" : "14261", "nm" : "LANA", "cc" : "PTB", "nv" : " ", "e" : "n", "st" : "", "dvt" : "Válido", "vap" : "0", "pvap" : "00.00" }, 
{ "seq" : "39", "sqcand" : "160001048554", "n" : "13400", "nm" : "CARLÃO DO GRAZIELE", "cc" : "PT", "nv" : " ", "e" : "n", "st" : "", "dvt" : "Válido", "vap" : "0", "pvap" : "00.00" }, 
{ "seq" : "20", "sqcand" : "160001050439", "n" : "27077", "nm" : "ANGÉLICA MORIÁ", "cc" : "DC", "nv" : " ", "e" : "n", "st" : "", "dvt" : "Válido", "vap" : "0", "pvap" : "00.00" }, 
{ "seq" : "218", "sqcand" : "160001051611", "n" : "33000", "nm" : "PERNELONGO DO ÔNIBUS", "cc" : "PMN", "nv" : " ", "e" : "n", "st" : "", "dvt" : "Anulado sub judice", "vap" : "0", "pvap" : "00.00" }, 
{ "seq" : "87", "sqcand" : "160000952652", "n" : "40777", "nm" : "ELSON NEGÃO", "cc" : "PSB", "nv" : " ", "e" : "n", "st" : "", "dvt" : "Válido", "vap" : "0", "pvap" : "00.00" }, 
{ "seq" : "55", "sqcand" : "160001049339", "n" : "15125", "nm" : "CLAUDINHO ZOINHO", "cc" : "MDB", "nv" : " ", "e" : "n", "st" : "", "dvt" : "Válido", "vap" : "0", "pvap" : "00.00" }, 
{ "seq" : "276", "sqcand" : "160001223027", "n" : "17220", "nm" : "SILVINHO GEFFER", "cc" : "PSL", "nv" : " ", "e" : "n", "st" : "", "dvt" : "Válido", "vap" : "0", "pvap" : "00.00" }, 
{ "seq" : "222", "sqcand" : "160000952654", "n" : "40140", "nm" : "PROF IZAIAS DO VOLEI", "cc" : "PSB", "nv" : " ", "e" : "n", "st" : "", "dvt" : "Válido", "vap" : "0", "pvap" : "00.00" }, 
{ "seq" : "179", "sqcand" : "160001222446", "n" : "14321", "nm" : "MARIA CELESTE", "cc" : "PTB", "nv" : " ", "e" : "n", "st" : "", "dvt" : "Válido", "vap" : "0", "pvap" : "00.00" }, 
{ "seq" : "146", "sqcand" : "160000792533", "n" : "10222", "nm" : "JOSEMAR MECÂNICO", "cc" : "REPUBLICANOS", "nv" : " ", "e" : "n", "st" : "", "dvt" : "Válido", "vap" : "0", "pvap" : "00.00" }, 
{ "seq" : "140", "sqcand" : "160001223135", "n" : "33777", "nm" : "JOÃO DO GÁS", "cc" : "PMN", "nv" : " ", "e" : "n", "st" : "", "dvt" : "Válido", "vap" : "0", "pvap" : "00.00" }, 
{ "seq" : "290", "sqcand" : "160000953047", "n" : "43007", "nm" : "VALDECIR DE OLIVEIRA", "cc" : "PV", "nv" : " ", "e" : "n", "st" : "", "dvt" : "Anulado sub judice", "vap" : "0", "pvap" : "00.00" }, 
{ "seq" : "255", "sqcand" : "160001223025", "n" : "17555", "nm" : "ROQUE LUIZ", "cc" : "PSL", "nv" : " ", "e" : "n", "st" : "", "dvt" : "Válido", "vap" : "0", "pvap" : "00.00" }, 
{ "seq" : "89", "sqcand" : "160001223024", "n" : "17577", "nm" : "ELZA DA TRANQUEIRA", "cc" : "PSL", "nv" : " ", "e" : "n", "st" : "", "dvt" : "Válido", "vap" : "0", "pvap" : "00.00" }, 
{ "seq" : "279", "sqcand" : "160001049352", "n" : "15007", "nm" : "STEFANY RAMOS", "cc" : "MDB", "nv" : " ", "e" : "n", "st" : "", "dvt" : "Válido", "vap" : "0", "pvap" : "00.00" }, 
{ "seq" : "176", "sqcand" : "160001223022", "n" : "17111", "nm" : "MARCOS PARANA", "cc" : "PSL", "nv" : " ", "e" : "n", "st" : "", "dvt" : "Válido", "vap" : "0", "pvap" : "00.00" }, 
{ "seq" : "95", "sqcand" : "160000952647", "n" : "40161", "nm" : "FABERSON DE MELO", "cc" : "PSB", "nv" : " ", "e" : "n", "st" : "", "dvt" : "Válido", "vap" : "0", "pvap" : "00.00" }, 
{ "seq" : "201", "sqcand" : "160000953055", "n" : "43000", "nm" : "NUNES", "cc" : "PV", "nv" : " ", "e" : "n", "st" : "", "dvt" : "Válido", "vap" : "0", "pvap" : "00.00" }, 
{ "seq" : "159", "sqcand" : "160000952870", "n" : "25001", "nm" : "LIRIA DE MIRANDA", "cc" : "DEM", "nv" : " ", "e" : "n", "st" : "", "dvt" : "Válido", "vap" : "0", "pvap" : "00.00" } ] }