{ "ele" : "426", "tpabr" : "mu", "cdabr" : "74810", "carper" : "13", "t" : "1", "f" : "o", "dt" : "07\/11\/2020", "ht" : "02:10:08", "dv" : "s", "tf" : "n", "v" : "11", "esae" : "n", "mnae" : "", "s" : "230", "st" : "0", "pst" : "   0,00", "snt" : "230", "psnt" : " 100,00", "si" : "0", "psi" : "   0,00", "sni" : "0", "psni" : "   0,00", "sa" : "0", "psa" : "   0,00", "sna" : "0", "psna" : "   0,00", "e" : "87489", "ea" : "0", "pea" : "   0,00", "ena" : "0", "pena" : "   0,00", "esi" : "0", "pesi" : "   0,00", "esni" : "0", "pesni" : "   0,00", "c" : "0", "pc" : "   0,00", "a" : "0", "pa" : "   0,00", "vscv" : "0", "vnom" : "0", "vl" : "0", "pvnom" : "00,00", "pvl" : "00,00", "vvc" : "0", "pvvc" : "00,00", "vb" : "0", "pvb" : "00,00", "tvn" : "0", "ptvn" : "00,00", "vn" : "0", "pvn" : "00,00", "vnt" : "0", "pvnt" : "00,00", "vp" : "0", "pvp" : "00,00", "vv" : "0", "pvv" : "00,00", "van" : "0", "pvan" : "00,00", "vansj" : "0", "pvansj" : "00,00", "tv" : "0", "cand" : [ 
{ "seq" : "91", "sqcand" : "160000941616", "n" : "10000", "nm" : "JOAO LEOCADIO", "cc" : "REPUBLICANOS", "nv" : " ", "e" : "n", "st" : "", "dvt" : "Válido", "vap" : "0", "pvap" : "00.00" }, 
{ "seq" : "112", "sqcand" : "160001218905", "n" : "77111", "nm" : "LUIS PULGA", "cc" : "SOLIDARIEDADE", "nv" : " ", "e" : "n", "st" : "", "dvt" : "Válido", "vap" : "0", "pvap" : "00.00" }, 
{ "seq" : "177", "sqcand" : "160001148666", "n" : "45166", "nm" : "ROBERTO AMARIO", "cc" : "PSDB", "nv" : " ", "e" : "n", "st" : "", "dvt" : "Válido", "vap" : "0", "pvap" : "00.00" }, 
{ "seq" : "61", "sqcand" : "160000887607", "n" : "36444", "nm" : "ERICA BARROSO", "cc" : "PTC", "nv" : " ", "e" : "n", "st" : "", "dvt" : "Válido", "vap" : "0", "pvap" : "00.00" }, 
{ "seq" : "198", "sqcand" : "160000887468", "n" : "40191", "nm" : "SONINHA", "cc" : "PSB", "nv" : " ", "e" : "n", "st" : "", "dvt" : "Válido", "vap" : "0", "pvap" : "00.00" }, 
{ "seq" : "87", "sqcand" : "160000742761", "n" : "90111", "nm" : "JOACIR DA PROCÓPIO", "cc" : "PROS", "nv" : " ", "e" : "n", "st" : "", "dvt" : "Válido", "vap" : "0", "pvap" : "00.00" }, 
{ "seq" : "167", "sqcand" : "160001052678", "n" : "15615", "nm" : "PROFESSOR MOSKO", "cc" : "MDB", "nv" : " ", "e" : "n", "st" : "", "dvt" : "Válido", "vap" : "0", "pvap" : "00.00" }, 
{ "seq" : "56", "sqcand" : "160000887594", "n" : "36777", "nm" : "EDNILSON FERREIRA", "cc" : "PTC", "nv" : " ", "e" : "n", "st" : "", "dvt" : "Válido", "vap" : "0", "pvap" : "00.00" }, 
{ "seq" : "83", "sqcand" : "160001052512", "n" : "17222", "nm" : "ISABELLA CASAGRANDE", "cc" : "PSL", "nv" : " ", "e" : "n", "st" : "", "dvt" : "Válido", "vap" : "0", "pvap" : "00.00" }, 
{ "seq" : "35", "sqcand" : "160001052508", "n" : "17123", "nm" : "CELSO VEDAM - DUNGA", "cc" : "PSL", "nv" : " ", "e" : "n", "st" : "", "dvt" : "Válido", "vap" : "0", "pvap" : "00.00" }, 
{ "seq" : "150", "sqcand" : "160001218911", "n" : "77137", "nm" : "PAULINHA", "cc" : "SOLIDARIEDADE", "nv" : " ", "e" : "n", "st" : "", "dvt" : "Válido", "vap" : "0", "pvap" : "00.00" }, 
{ "seq" : "163", "sqcand" : "160000957423", "n" : "50555", "nm" : "PROFESSOR ACLEILTON", "cc" : "PSOL", "nv" : " ", "e" : "n", "st" : "", "dvt" : "Válido", "vap" : "0", "pvap" : "00.00" }, 
{ "seq" : "219", "sqcand" : "160000986153", "n" : "55222", "nm" : "VILSON GOMES ARROZ", "cc" : "PSD", "nv" : " ", "e" : "n", "st" : "", "dvt" : "Válido", "vap" : "0", "pvap" : "00.00" }, 
{ "seq" : "3", "sqcand" : "160000941612", "n" : "10113", "nm" : "ADIR CARLOTTO", "cc" : "REPUBLICANOS", "nv" : " ", "e" : "n", "st" : "", "dvt" : "Válido", "vap" : "0", "pvap" : "00.00" }, 
{ "seq" : "204", "sqcand" : "160001218904", "n" : "77777", "nm" : "TELMINHA", "cc" : "SOLIDARIEDADE", "nv" : " ", "e" : "n", "st" : "", "dvt" : "Válido", "vap" : "0", "pvap" : "00.00" }, 
{ "seq" : "157", "sqcand" : "160001148667", "n" : "45052", "nm" : "POLACO", "cc" : "PSDB", "nv" : " ", "e" : "n", "st" : "", "dvt" : "Válido", "vap" : "0", "pvap" : "00.00" }, 
{ "seq" : "46", "sqcand" : "160000887608", "n" : "36080", "nm" : "DAVID BARCELLOS", "cc" : "PTC", "nv" : " ", "e" : "n", "st" : "", "dvt" : "Válido", "vap" : "0", "pvap" : "00.00" }, 
{ "seq" : "190", "sqcand" : "160000886953", "n" : "23333", "nm" : "SÁVIO BARBOSA", "cc" : "CIDADANIA", "nv" : " ", "e" : "n", "st" : "", "dvt" : "Válido", "vap" : "0", "pvap" : "00.00" }, 
{ "seq" : "97", "sqcand" : "160001053307", "n" : "43434", "nm" : "JOSÉ MENDES", "cc" : "PV", "nv" : " ", "e" : "n", "st" : "", "dvt" : "Válido", "vap" : "0", "pvap" : "00.00" }, 
{ "seq" : "6", "sqcand" : "160000941608", "n" : "10193", "nm" : "AILTON BOMBEIRO", "cc" : "REPUBLICANOS", "nv" : " ", "e" : "n", "st" : "", "dvt" : "Válido", "vap" : "0", "pvap" : "00.00" }, 
{ "seq" : "14", "sqcand" : "160001053302", "n" : "43043", "nm" : "ALOIZIO MORDEZIM", "cc" : "PV", "nv" : " ", "e" : "n", "st" : "", "dvt" : "Válido", "vap" : "0", "pvap" : "00.00" }, 
{ "seq" : "210", "sqcand" : "160001052688", "n" : "15321", "nm" : "TIAGO KAMINSKI", "cc" : "MDB", "nv" : " ", "e" : "n", "st" : "", "dvt" : "Válido", "vap" : "0", "pvap" : "00.00" }, 
{ "seq" : "41", "sqcand" : "160001218907", "n" : "77445", "nm" : "DANIEL DO FLAMENGUINHO", "cc" : "SOLIDARIEDADE", "nv" : " ", "e" : "n", "st" : "", "dvt" : "Válido", "vap" : "0", "pvap" : "00.00" }, 
{ "seq" : "139", "sqcand" : "160001052502", "n" : "17111", "nm" : "NANCY FRANCO", "cc" : "PSL", "nv" : " ", "e" : "n", "st" : "", "dvt" : "Válido", "vap" : "0", "pvap" : "00.00" }, 
{ "seq" : "147", "sqcand" : "160001218915", "n" : "77127", "nm" : "OTHONIEL TABORDA", "cc" : "SOLIDARIEDADE", "nv" : " ", "e" : "n", "st" : "", "dvt" : "Válido", "vap" : "0", "pvap" : "00.00" }, 
{ "seq" : "65", "sqcand" : "160000985554", "n" : "25025", "nm" : "FERNANDA DA GRAÇA", "cc" : "DEM", "nv" : " ", "e" : "n", "st" : "", "dvt" : "Válido", "vap" : "0", "pvap" : "00.00" }, 
{ "seq" : "223", "sqcand" : "160001052682", "n" : "15500", "nm" : "ZENO DO TERMINAL", "cc" : "MDB", "nv" : " ", "e" : "n", "st" : "", "dvt" : "Válido", "vap" : "0", "pvap" : "00.00" }, 
{ "seq" : "138", "sqcand" : "160001052500", "n" : "17233", "nm" : "NADJA FRAZETO", "cc" : "PSL", "nv" : " ", "e" : "n", "st" : "", "dvt" : "Válido", "vap" : "0", "pvap" : "00.00" }, 
{ "seq" : "171", "sqcand" : "160000886956", "n" : "23777", "nm" : "PROFESSORA ICLÉA", "cc" : "CIDADANIA", "nv" : " ", "e" : "n", "st" : "", "dvt" : "Válido", "vap" : "0", "pvap" : "00.00" }, 
{ "seq" : "20", "sqcand" : "160001148671", "n" : "45019", "nm" : "ANDRESSA SANTOS", "cc" : "PSDB", "nv" : " ", "e" : "n", "st" : "", "dvt" : "Válido", "vap" : "0", "pvap" : "00.00" }, 
{ "seq" : "58", "sqcand" : "160001173612", "n" : "22022", "nm" : "ELIEZER RAMOS", "cc" : "PL", "nv" : " ", "e" : "n", "st" : "", "dvt" : "Válido", "vap" : "0", "pvap" : "00.00" }, 
{ "seq" : "218", "sqcand" : "160000742750", "n" : "90333", "nm" : "VILMAR CACHERO", "cc" : "PROS", "nv" : " ", "e" : "n", "st" : "", "dvt" : "Válido", "vap" : "0", "pvap" : "00.00" }, 
{ "seq" : "43", "sqcand" : "160001173614", "n" : "22277", "nm" : "DANILO CHULIK", "cc" : "PL", "nv" : " ", "e" : "n", "st" : "", "dvt" : "Válido", "vap" : "0", "pvap" : "00.00" }, 
{ "seq" : "161", "sqcand" : "160001052506", "n" : "17890", "nm" : "PROF.ª ENI", "cc" : "PSL", "nv" : " ", "e" : "n", "st" : "", "dvt" : "Válido", "vap" : "0", "pvap" : "00.00" }, 
{ "seq" : "165", "sqcand" : "160001072808", "n" : "33007", "nm" : "PROFESSOR HEITOR", "cc" : "PMN", "nv" : " ", "e" : "n", "st" : "", "dvt" : "Válido", "vap" : "0", "pvap" : "00.00" }, 
{ "seq" : "131", "sqcand" : "160000887470", "n" : "40315", "nm" : "MARIA POLACA", "cc" : "PSB", "nv" : " ", "e" : "n", "st" : "", "dvt" : "Válido", "vap" : "0", "pvap" : "00.00" }, 
{ "seq" : "22", "sqcand" : "160000941613", "n" : "10555", "nm" : "BADALO", "cc" : "REPUBLICANOS", "nv" : " ", "e" : "n", "st" : "", "dvt" : "Válido", "vap" : "0", "pvap" : "00.00" }, 
{ "seq" : "73", "sqcand" : "160000887599", "n" : "36333", "nm" : "GILMAR GALVÃO", "cc" : "PTC", "nv" : " ", "e" : "n", "st" : "", "dvt" : "Válido", "vap" : "0", "pvap" : "00.00" }, 
{ "seq" : "44", "sqcand" : "160001052509", "n" : "17137", "nm" : "DARA TOMA CONTA E PRESTA CONTA", "cc" : "PSL", "nv" : " ", "e" : "n", "st" : "", "dvt" : "Válido", "vap" : "0", "pvap" : "00.00" }, 
{ "seq" : "92", "sqcand" : "160001053299", "n" : "43123", "nm" : "JOÃO RODRIGUES", "cc" : "PV", "nv" : " ", "e" : "n", "st" : "", "dvt" : "Válido", "vap" : "0", "pvap" : "00.00" }, 
{ "seq" : "151", "sqcand" : "160000887472", "n" : "40400", "nm" : "PAULINHO DA MARMORARIA", "cc" : "PSB", "nv" : " ", "e" : "n", "st" : "", "dvt" : "Válido", "vap" : "0", "pvap" : "00.00" }, 
{ "seq" : "13", "sqcand" : "160001000055", "n" : "19022", "nm" : "ALMEIDA", "cc" : "PODE", "nv" : " ", "e" : "n", "st" : "", "dvt" : "Válido", "vap" : "0", "pvap" : "00.00" }, 
{ "seq" : "118", "sqcand" : "160001052685", "n" : "15000", "nm" : "LUIZ SCERVENSKI JUNIOR", "cc" : "MDB", "nv" : " ", "e" : "n", "st" : "", "dvt" : "Válido", "vap" : "0", "pvap" : "00.00" }, 
{ "seq" : "126", "sqcand" : "160001148672", "n" : "45678", "nm" : "MARCIO SARNIK", "cc" : "PSDB", "nv" : " ", "e" : "n", "st" : "", "dvt" : "Válido", "vap" : "0", "pvap" : "00.00" }, 
{ "seq" : "57", "sqcand" : "160001052681", "n" : "15700", "nm" : "ELAINE", "cc" : "MDB", "nv" : " ", "e" : "n", "st" : "", "dvt" : "Válido", "vap" : "0", "pvap" : "00.00" }, 
{ "seq" : "194", "sqcand" : "160001000067", "n" : "19029", "nm" : "SERGIO JUNIOR", "cc" : "PODE", "nv" : " ", "e" : "n", "st" : "", "dvt" : "Válido", "vap" : "0", "pvap" : "00.00" }, 
{ "seq" : "108", "sqcand" : "160001053298", "n" : "43334", "nm" : "LEO BOLSAS", "cc" : "PV", "nv" : " ", "e" : "n", "st" : "", "dvt" : "Válido", "vap" : "0", "pvap" : "00.00" }, 
{ "seq" : "120", "sqcand" : "160000886957", "n" : "23999", "nm" : "LURDES ERTHAL", "cc" : "CIDADANIA", "nv" : " ", "e" : "n", "st" : "", "dvt" : "Válido", "vap" : "0", "pvap" : "00.00" }, 
{ "seq" : "64", "sqcand" : "160000985565", "n" : "25984", "nm" : "FELIPE MORAES", "cc" : "DEM", "nv" : " ", "e" : "n", "st" : "", "dvt" : "Válido", "vap" : "0", "pvap" : "00.00" }, 
{ "seq" : "146", "sqcand" : "160001218910", "n" : "77345", "nm" : "NOEMA LIMA", "cc" : "SOLIDARIEDADE", "nv" : " ", "e" : "n", "st" : "", "dvt" : "Válido", "vap" : "0", "pvap" : "00.00" }, 
{ "seq" : "149", "sqcand" : "160001000069", "n" : "19000", "nm" : "PAULART", "cc" : "PODE", "nv" : " ", "e" : "n", "st" : "", "dvt" : "Válido", "vap" : "0", "pvap" : "00.00" }, 
{ "seq" : "148", "sqcand" : "160000742749", "n" : "90357", "nm" : "PAULÃO", "cc" : "PROS", "nv" : " ", "e" : "n", "st" : "", "dvt" : "Válido", "vap" : "0", "pvap" : "00.00" }, 
{ "seq" : "207", "sqcand" : "160001052687", "n" : "15121", "nm" : "THIAGO ROGISKI", "cc" : "MDB", "nv" : " ", "e" : "n", "st" : "", "dvt" : "Válido", "vap" : "0", "pvap" : "00.00" }, 
{ "seq" : "193", "sqcand" : "160000941617", "n" : "10123", "nm" : "SERGIO BUENO", "cc" : "REPUBLICANOS", "nv" : " ", "e" : "n", "st" : "", "dvt" : "Válido", "vap" : "0", "pvap" : "00.00" }, 
{ "seq" : "111", "sqcand" : "160001148674", "n" : "45555", "nm" : "LUCIANA SCHMIDT", "cc" : "PSDB", "nv" : " ", "e" : "n", "st" : "", "dvt" : "Válido", "vap" : "0", "pvap" : "00.00" }, 
{ "seq" : "110", "sqcand" : "160001218912", "n" : "77077", "nm" : "LUCÃO DO GÁS", "cc" : "SOLIDARIEDADE", "nv" : " ", "e" : "n", "st" : "", "dvt" : "Válido", "vap" : "0", "pvap" : "00.00" }, 
{ "seq" : "213", "sqcand" : "160000742753", "n" : "90999", "nm" : "VALTER FIGUEIREDO", "cc" : "PROS", "nv" : " ", "e" : "n", "st" : "", "dvt" : "Válido", "vap" : "0", "pvap" : "00.00" }, 
{ "seq" : "222", "sqcand" : "160001072804", "n" : "33123", "nm" : "ZÉ DO GÁS", "cc" : "PMN", "nv" : " ", "e" : "n", "st" : "", "dvt" : "Válido", "vap" : "0", "pvap" : "00.00" }, 
{ "seq" : "15", "sqcand" : "160000887601", "n" : "36222", "nm" : "ANA PAULA DA TRANSLIPE", "cc" : "PTC", "nv" : " ", "e" : "n", "st" : "", "dvt" : "Válido", "vap" : "0", "pvap" : "00.00" }, 
{ "seq" : "170", "sqcand" : "160001052680", "n" : "15123", "nm" : "PROFESSORA DIRLENE", "cc" : "MDB", "nv" : " ", "e" : "n", "st" : "", "dvt" : "Válido", "vap" : "0", "pvap" : "00.00" }, 
{ "seq" : "128", "sqcand" : "160001052510", "n" : "17153", "nm" : "MARCOS LEITAO GUARDA", "cc" : "PSL", "nv" : " ", "e" : "n", "st" : "", "dvt" : "Válido", "vap" : "0", "pvap" : "00.00" }, 
{ "seq" : "26", "sqcand" : "160000941611", "n" : "10100", "nm" : "BISETTO", "cc" : "REPUBLICANOS", "nv" : " ", "e" : "n", "st" : "", "dvt" : "Válido", "vap" : "0", "pvap" : "00.00" }, 
{ "seq" : "155", "sqcand" : "160000887605", "n" : "36789", "nm" : "PEDRO MONTICELLI", "cc" : "PTC", "nv" : " ", "e" : "n", "st" : "", "dvt" : "Válido", "vap" : "0", "pvap" : "00.00" }, 
{ "seq" : "145", "sqcand" : "160000886952", "n" : "23523", "nm" : "NÉIA SANTOS", "cc" : "CIDADANIA", "nv" : " ", "e" : "n", "st" : "", "dvt" : "Válido", "vap" : "0", "pvap" : "00.00" }, 
{ "seq" : "30", "sqcand" : "160001053300", "n" : "43893", "nm" : "CAMARGUINHO", "cc" : "PV", "nv" : " ", "e" : "n", "st" : "", "dvt" : "Válido", "vap" : "0", "pvap" : "00.00" }, 
{ "seq" : "21", "sqcand" : "160000985555", "n" : "25001", "nm" : "ARI BIANCO", "cc" : "DEM", "nv" : " ", "e" : "n", "st" : "", "dvt" : "Válido", "vap" : "0", "pvap" : "00.00" }, 
{ "seq" : "17", "sqcand" : "160001000068", "n" : "19019", "nm" : "ANDRÉ GABARDO", "cc" : "PODE", "nv" : " ", "e" : "n", "st" : "", "dvt" : "Válido", "vap" : "0", "pvap" : "00.00" }, 
{ "seq" : "5", "sqcand" : "160000985563", "n" : "25000", "nm" : "ADRIANA RIVERO", "cc" : "DEM", "nv" : " ", "e" : "n", "st" : "", "dvt" : "Válido", "vap" : "0", "pvap" : "00.00" }, 
{ "seq" : "178", "sqcand" : "160001148588", "n" : "20123", "nm" : "ROGÉRIO DAS TINTAS", "cc" : "PSC", "nv" : " ", "e" : "n", "st" : "", "dvt" : "Válido", "vap" : "0", "pvap" : "00.00" }, 
{ "seq" : "175", "sqcand" : "160000941607", "n" : "10163", "nm" : "RAQUEL MORAES", "cc" : "REPUBLICANOS", "nv" : " ", "e" : "n", "st" : "", "dvt" : "Válido", "vap" : "0", "pvap" : "00.00" }, 
{ "seq" : "16", "sqcand" : "160001072807", "n" : "33333", "nm" : "ANDERSON", "cc" : "PMN", "nv" : " ", "e" : "n", "st" : "", "dvt" : "Válido", "vap" : "0", "pvap" : "00.00" }, 
{ "seq" : "196", "sqcand" : "160001052505", "n" : "17444", "nm" : "SOLANGINHA", "cc" : "PSL", "nv" : " ", "e" : "n", "st" : "", "dvt" : "Válido", "vap" : "0", "pvap" : "00.00" }, 
{ "seq" : "86", "sqcand" : "160001173620", "n" : "22444", "nm" : "JÔ DO SANTA ANGELA", "cc" : "PL", "nv" : " ", "e" : "n", "st" : "", "dvt" : "Válido", "vap" : "0", "pvap" : "00.00" }, 
{ "seq" : "199", "sqcand" : "160000985557", "n" : "25250", "nm" : "SUELI BEBER", "cc" : "DEM", "nv" : " ", "e" : "n", "st" : "", "dvt" : "Válido", "vap" : "0", "pvap" : "00.00" }, 
{ "seq" : "191", "sqcand" : "160001268071", "n" : "13013", "nm" : "SEDINEI GONÇALVES", "cc" : "PT", "nv" : " ", "e" : "n", "st" : "", "dvt" : "Válido", "vap" : "0", "pvap" : "00.00" }, 
{ "seq" : "114", "sqcand" : "160001148589", "n" : "20333", "nm" : "LUIZ ADRIANO ZULU", "cc" : "PSC", "nv" : " ", "e" : "n", "st" : "", "dvt" : "Válido", "vap" : "0", "pvap" : "00.00" }, 
{ "seq" : "182", "sqcand" : "160001218906", "n" : "77678", "nm" : "ROSILDA TABORDA", "cc" : "SOLIDARIEDADE", "nv" : " ", "e" : "n", "st" : "", "dvt" : "Válido", "vap" : "0", "pvap" : "00.00" }, 
{ "seq" : "49", "sqcand" : "160001053294", "n" : "43513", "nm" : "DONA BENEDITA", "cc" : "PV", "nv" : " ", "e" : "n", "st" : "", "dvt" : "Válido", "vap" : "0", "pvap" : "00.00" }, 
{ "seq" : "52", "sqcand" : "160000742751", "n" : "90024", "nm" : "DR RENATO", "cc" : "PROS", "nv" : " ", "e" : "n", "st" : "", "dvt" : "Válido", "vap" : "0", "pvap" : "00.00" }, 
{ "seq" : "36", "sqcand" : "160000742752", "n" : "90234", "nm" : "CHITAOZINHO DO ONIBUS", "cc" : "PROS", "nv" : " ", "e" : "n", "st" : "", "dvt" : "Válido", "vap" : "0", "pvap" : "00.00" }, 
{ "seq" : "188", "sqcand" : "160001148673", "n" : "45190", "nm" : "SARGENTO FERREIRA", "cc" : "PSDB", "nv" : " ", "e" : "n", "st" : "", "dvt" : "Válido", "vap" : "0", "pvap" : "00.00" }, 
{ "seq" : "200", "sqcand" : "160000887596", "n" : "36999", "nm" : "SUZANA ANDRADE", "cc" : "PTC", "nv" : " ", "e" : "n", "st" : "", "dvt" : "Válido", "vap" : "0", "pvap" : "00.00" }, 
{ "seq" : "24", "sqcand" : "160000986157", "n" : "55678", "nm" : "BETE DAMACENO", "cc" : "PSD", "nv" : " ", "e" : "n", "st" : "", "dvt" : "Válido", "vap" : "0", "pvap" : "00.00" }, 
{ "seq" : "185", "sqcand" : "160001000061", "n" : "19222", "nm" : "SANDRO DA AGÊNCIA", "cc" : "PODE", "nv" : " ", "e" : "n", "st" : "", "dvt" : "Válido", "vap" : "0", "pvap" : "00.00" }, 
{ "seq" : "4", "sqcand" : "160000742756", "n" : "90555", "nm" : "ADRIANA MANICURE", "cc" : "PROS", "nv" : " ", "e" : "n", "st" : "", "dvt" : "Válido", "vap" : "0", "pvap" : "00.00" }, 
{ "seq" : "84", "sqcand" : "160001052686", "n" : "15555", "nm" : "IVO GORSKI", "cc" : "MDB", "nv" : " ", "e" : "n", "st" : "", "dvt" : "Válido", "vap" : "0", "pvap" : "00.00" }, 
{ "seq" : "159", "sqcand" : "160000742758", "n" : "90567", "nm" : "PROFª DENIZE SOBOTA", "cc" : "PROS", "nv" : " ", "e" : "n", "st" : "", "dvt" : "Válido", "vap" : "0", "pvap" : "00.00" }, 
{ "seq" : "94", "sqcand" : "160001218916", "n" : "77789", "nm" : "JOAQUIM DA AMBULÂNCIA", "cc" : "SOLIDARIEDADE", "nv" : " ", "e" : "n", "st" : "", "dvt" : "Válido", "vap" : "0", "pvap" : "00.00" }, 
{ "seq" : "50", "sqcand" : "160000986149", "n" : "55055", "nm" : "DR ALGEMIRO", "cc" : "PSD", "nv" : " ", "e" : "n", "st" : "", "dvt" : "Válido", "vap" : "0", "pvap" : "00.00" }, 
{ "seq" : "164", "sqcand" : "160001245720", "n" : "13123", "nm" : "PROFESSOR GATTO", "cc" : "PT", "nv" : " ", "e" : "n", "st" : "", "dvt" : "Válido", "vap" : "0", "pvap" : "00.00" }, 
{ "seq" : "40", "sqcand" : "160000887466", "n" : "40123", "nm" : "CRIS ANDRADE", "cc" : "PSB", "nv" : " ", "e" : "n", "st" : "", "dvt" : "Válido", "vap" : "0", "pvap" : "00.00" }, 
{ "seq" : "34", "sqcand" : "160000887462", "n" : "40111", "nm" : "CELSINHO AÇOUGUEIRO", "cc" : "PSB", "nv" : " ", "e" : "n", "st" : "", "dvt" : "Válido", "vap" : "0", "pvap" : "00.00" }, 
{ "seq" : "168", "sqcand" : "160000886954", "n" : "23123", "nm" : "PROFESSOR ROSIVAL", "cc" : "CIDADANIA", "nv" : " ", "e" : "n", "st" : "", "dvt" : "Válido", "vap" : "0", "pvap" : "00.00" }, 
{ "seq" : "152", "sqcand" : "160001148678", "n" : "45818", "nm" : "PAULO RODRIGUES", "cc" : "PSDB", "nv" : " ", "e" : "n", "st" : "", "dvt" : "Válido", "vap" : "0", "pvap" : "00.00" }, 
{ "seq" : "134", "sqcand" : "160001000063", "n" : "19021", "nm" : "MICHELLE PALLU", "cc" : "PODE", "nv" : " ", "e" : "n", "st" : "", "dvt" : "Válido", "vap" : "0", "pvap" : "00.00" }, 
{ "seq" : "142", "sqcand" : "160001218902", "n" : "77234", "nm" : "NEGA ELZA", "cc" : "SOLIDARIEDADE", "nv" : " ", "e" : "n", "st" : "", "dvt" : "Válido", "vap" : "0", "pvap" : "00.00" }, 
{ "seq" : "195", "sqcand" : "160001224706", "n" : "12456", "nm" : "SHANA ZANLORENZI", "cc" : "PDT", "nv" : " ", "e" : "n", "st" : "", "dvt" : "Válido", "vap" : "0", "pvap" : "00.00" }, 
{ "seq" : "42", "sqcand" : "160000887595", "n" : "36310", "nm" : "DANIEL MACHADO", "cc" : "PTC", "nv" : " ", "e" : "n", "st" : "", "dvt" : "Válido", "vap" : "0", "pvap" : "00.00" }, 
{ "seq" : "113", "sqcand" : "160000887475", "n" : "40456", "nm" : "LUIS REIS", "cc" : "PSB", "nv" : " ", "e" : "n", "st" : "", "dvt" : "Válido", "vap" : "0", "pvap" : "00.00" }, 
{ "seq" : "7", "sqcand" : "160000887463", "n" : "40040", "nm" : "ALAN PEREIRA", "cc" : "PSB", "nv" : " ", "e" : "n", "st" : "", "dvt" : "Válido", "vap" : "0", "pvap" : "00.00" }, 
{ "seq" : "109", "sqcand" : "160001053301", "n" : "43100", "nm" : "LINO GOGOLA", "cc" : "PV", "nv" : " ", "e" : "n", "st" : "", "dvt" : "Válido", "vap" : "0", "pvap" : "00.00" }, 
{ "seq" : "98", "sqcand" : "160001148670", "n" : "45222", "nm" : "JUAREZ VAZ", "cc" : "PSDB", "nv" : " ", "e" : "n", "st" : "", "dvt" : "Válido", "vap" : "0", "pvap" : "00.00" }, 
{ "seq" : "104", "sqcand" : "160001052684", "n" : "15111", "nm" : "KOCHINSKI", "cc" : "MDB", "nv" : " ", "e" : "n", "st" : "", "dvt" : "Válido", "vap" : "0", "pvap" : "00.00" }, 
{ "seq" : "179", "sqcand" : "160000986150", "n" : "55100", "nm" : "ROMILDO FONSECA CABELEIREIRO", "cc" : "PSD", "nv" : " ", "e" : "n", "st" : "", "dvt" : "Válido", "vap" : "0", "pvap" : "00.00" }, 
{ "seq" : "105", "sqcand" : "160001000064", "n" : "19190", "nm" : "LAURA NEIZER", "cc" : "PODE", "nv" : " ", "e" : "n", "st" : "", "dvt" : "Válido", "vap" : "0", "pvap" : "00.00" }, 
{ "seq" : "79", "sqcand" : "160001053308", "n" : "43544", "nm" : "INACIO JR", "cc" : "PV", "nv" : " ", "e" : "n", "st" : "", "dvt" : "Válido", "vap" : "0", "pvap" : "00.00" }, 
{ "seq" : "217", "sqcand" : "160001218913", "n" : "77123", "nm" : "VIDALZINHO", "cc" : "SOLIDARIEDADE", "nv" : " ", "e" : "n", "st" : "", "dvt" : "Válido", "vap" : "0", "pvap" : "00.00" }, 
{ "seq" : "187", "sqcand" : "160000941609", "n" : "10243", "nm" : "SAPLAK", "cc" : "REPUBLICANOS", "nv" : " ", "e" : "n", "st" : "", "dvt" : "Válido", "vap" : "0", "pvap" : "00.00" }, 
{ "seq" : "206", "sqcand" : "160000886960", "n" : "23036", "nm" : "THAIS DUARTE", "cc" : "CIDADANIA", "nv" : " ", "e" : "n", "st" : "", "dvt" : "Válido", "vap" : "0", "pvap" : "00.00" }, 
{ "seq" : "66", "sqcand" : "160000887598", "n" : "36636", "nm" : "FLORIANO MORRO DO CAL", "cc" : "PTC", "nv" : " ", "e" : "n", "st" : "", "dvt" : "Válido", "vap" : "0", "pvap" : "00.00" }, 
{ "seq" : "33", "sqcand" : "160000887603", "n" : "36456", "nm" : "CASSIANA MUSSI", "cc" : "PTC", "nv" : " ", "e" : "n", "st" : "", "dvt" : "Válido", "vap" : "0", "pvap" : "00.00" }, 
{ "seq" : "205", "sqcand" : "160001218901", "n" : "77177", "nm" : "TEREZINHA BERNARDI", "cc" : "SOLIDARIEDADE", "nv" : " ", "e" : "n", "st" : "", "dvt" : "Válido", "vap" : "0", "pvap" : "00.00" }, 
{ "seq" : "70", "sqcand" : "160001148590", "n" : "20000", "nm" : "GENÉSIO DA VITAL", "cc" : "PSC", "nv" : " ", "e" : "n", "st" : "", "dvt" : "Válido", "vap" : "0", "pvap" : "00.00" }, 
{ "seq" : "156", "sqcand" : "160001000065", "n" : "19123", "nm" : "PETERSON VIDAL", "cc" : "PODE", "nv" : " ", "e" : "n", "st" : "", "dvt" : "Válido", "vap" : "0", "pvap" : "00.00" }, 
{ "seq" : "1", "sqcand" : "160001148583", "n" : "20021", "nm" : "ADEMAR DE SOUZA", "cc" : "PSC", "nv" : " ", "e" : "n", "st" : "", "dvt" : "Válido", "vap" : "0", "pvap" : "00.00" }, 
{ "seq" : "192", "sqcand" : "160000887474", "n" : "40000", "nm" : "SENSEI CLOVIS", "cc" : "PSB", "nv" : " ", "e" : "n", "st" : "", "dvt" : "Válido", "vap" : "0", "pvap" : "00.00" }, 
{ "seq" : "181", "sqcand" : "160000986152", "n" : "55999", "nm" : "ROSE VAZ", "cc" : "PSD", "nv" : " ", "e" : "n", "st" : "", "dvt" : "Válido", "vap" : "0", "pvap" : "00.00" }, 
{ "seq" : "55", "sqcand" : "160001000056", "n" : "19023", "nm" : "EDITE ORCINI", "cc" : "PODE", "nv" : " ", "e" : "n", "st" : "", "dvt" : "Válido", "vap" : "0", "pvap" : "00.00" }, 
{ "seq" : "48", "sqcand" : "160001224708", "n" : "12222", "nm" : "DIVO CRUZARA", "cc" : "PDT", "nv" : " ", "e" : "n", "st" : "", "dvt" : "Válido", "vap" : "0", "pvap" : "00.00" }, 
{ "seq" : "18", "sqcand" : "160000742746", "n" : "90900", "nm" : "ANDRÉIA LIMA", "cc" : "PROS", "nv" : " ", "e" : "n", "st" : "", "dvt" : "Válido", "vap" : "0", "pvap" : "00.00" }, 
{ "seq" : "31", "sqcand" : "160000886961", "n" : "23444", "nm" : "CAMPAGNARO", "cc" : "CIDADANIA", "nv" : " ", "e" : "n", "st" : "", "dvt" : "Válido", "vap" : "0", "pvap" : "00.00" }, 
{ "seq" : "72", "sqcand" : "160000957424", "n" : "50123", "nm" : "GESLLINE DO COLETIVO MAGNÓLIAS", "cc" : "PSOL", "nv" : " ", "e" : "n", "st" : "", "dvt" : "Válido", "vap" : "0", "pvap" : "00.00" }, 
{ "seq" : "211", "sqcand" : "160000887597", "n" : "36006", "nm" : "TICO SANTA CRUZ", "cc" : "PTC", "nv" : " ", "e" : "n", "st" : "", "dvt" : "Válido", "vap" : "0", "pvap" : "00.00" }, 
{ "seq" : "220", "sqcand" : "160000887469", "n" : "40222", "nm" : "VITOR MARCHEWSKI - STANISLAU", "cc" : "PSB", "nv" : " ", "e" : "n", "st" : "", "dvt" : "Válido", "vap" : "0", "pvap" : "00.00" }, 
{ "seq" : "100", "sqcand" : "160000985562", "n" : "25678", "nm" : "JÚNIOR POLACO PRETO", "cc" : "DEM", "nv" : " ", "e" : "n", "st" : "", "dvt" : "Válido", "vap" : "0", "pvap" : "00.00" }, 
{ "seq" : "117", "sqcand" : "160001218909", "n" : "77277", "nm" : "LUIZ MORES", "cc" : "SOLIDARIEDADE", "nv" : " ", "e" : "n", "st" : "", "dvt" : "Válido", "vap" : "0", "pvap" : "00.00" }, 
{ "seq" : "189", "sqcand" : "160001218903", "n" : "77190", "nm" : "SARGENTO LEANDRO CHRESTANI", "cc" : "SOLIDARIEDADE", "nv" : " ", "e" : "n", "st" : "", "dvt" : "Válido", "vap" : "0", "pvap" : "00.00" }, 
{ "seq" : "106", "sqcand" : "160001224707", "n" : "12123", "nm" : "LEANDRO SCHEPIURA", "cc" : "PDT", "nv" : " ", "e" : "n", "st" : "", "dvt" : "Válido", "vap" : "0", "pvap" : "00.00" }, 
{ "seq" : "116", "sqcand" : "160001053306", "n" : "43222", "nm" : "LUIZ COSTA", "cc" : "PV", "nv" : " ", "e" : "n", "st" : "", "dvt" : "Válido", "vap" : "0", "pvap" : "00.00" }, 
{ "seq" : "45", "sqcand" : "160000986156", "n" : "55555", "nm" : "DARCI ANDREASSA JUNIOR", "cc" : "PSD", "nv" : " ", "e" : "n", "st" : "", "dvt" : "Válido", "vap" : "0", "pvap" : "00.00" }, 
{ "seq" : "89", "sqcand" : "160001148581", "n" : "20420", "nm" : "JOÃO BATISTA CARNEIRO", "cc" : "PSC", "nv" : " ", "e" : "n", "st" : "", "dvt" : "Válido", "vap" : "0", "pvap" : "00.00" }, 
{ "seq" : "38", "sqcand" : "160000886951", "n" : "23007", "nm" : "CLAUDEMIR LIMPOL", "cc" : "CIDADANIA", "nv" : " ", "e" : "n", "st" : "", "dvt" : "Válido", "vap" : "0", "pvap" : "00.00" }, 
{ "seq" : "169", "sqcand" : "160001148677", "n" : "45000", "nm" : "PROFESSORA BERNARDETE SUONSKI", "cc" : "PSDB", "nv" : " ", "e" : "n", "st" : "", "dvt" : "Válido", "vap" : "0", "pvap" : "00.00" }, 
{ "seq" : "101", "sqcand" : "160000887600", "n" : "36232", "nm" : "KABRINI CAMPAGNARO", "cc" : "PTC", "nv" : " ", "e" : "n", "st" : "", "dvt" : "Válido", "vap" : "0", "pvap" : "00.00" }, 
{ "seq" : "90", "sqcand" : "160000985549", "n" : "25360", "nm" : "JOÃO DA ÁGUA", "cc" : "DEM", "nv" : " ", "e" : "n", "st" : "", "dvt" : "Válido", "vap" : "0", "pvap" : "00.00" }, 
{ "seq" : "172", "sqcand" : "160001013657", "n" : "65125", "nm" : "PROFESSORA VIVIANE CORAÇÃO", "cc" : "PC do B", "nv" : " ", "e" : "n", "st" : "", "dvt" : "Válido", "vap" : "0", "pvap" : "00.00" }, 
{ "seq" : "85", "sqcand" : "160000742747", "n" : "90123", "nm" : "JEAN CARLOS - CARLÃO", "cc" : "PROS", "nv" : " ", "e" : "n", "st" : "", "dvt" : "Válido", "vap" : "0", "pvap" : "00.00" }, 
{ "seq" : "160", "sqcand" : "160000941614", "n" : "10129", "nm" : "PROFª ELIANE MAGATAO PSCHEIDT", "cc" : "REPUBLICANOS", "nv" : " ", "e" : "n", "st" : "", "dvt" : "Válido", "vap" : "0", "pvap" : "00.00" }, 
{ "seq" : "125", "sqcand" : "160000985560", "n" : "25456", "nm" : "MARCIO BERALDO", "cc" : "DEM", "nv" : " ", "e" : "n", "st" : "", "dvt" : "Válido", "vap" : "0", "pvap" : "00.00" }, 
{ "seq" : "174", "sqcand" : "160001072806", "n" : "33000", "nm" : "RAQUEL DA VILA BANCÁRIA", "cc" : "PMN", "nv" : " ", "e" : "n", "st" : "", "dvt" : "Válido", "vap" : "0", "pvap" : "00.00" }, 
{ "seq" : "144", "sqcand" : "160000887464", "n" : "40277", "nm" : "NEI DA FERRARIA", "cc" : "PSB", "nv" : " ", "e" : "n", "st" : "", "dvt" : "Válido", "vap" : "0", "pvap" : "00.00" }, 
{ "seq" : "123", "sqcand" : "160000887465", "n" : "40444", "nm" : "MARCIA BARAUSSE", "cc" : "PSB", "nv" : " ", "e" : "n", "st" : "", "dvt" : "Válido", "vap" : "0", "pvap" : "00.00" }, 
{ "seq" : "180", "sqcand" : "160001053305", "n" : "43003", "nm" : "ROSANGELA SARNICK", "cc" : "PV", "nv" : " ", "e" : "n", "st" : "", "dvt" : "Válido", "vap" : "0", "pvap" : "00.00" }, 
{ "seq" : "29", "sqcand" : "160001052511", "n" : "17100", "nm" : "BRUNO CEZAR", "cc" : "PSL", "nv" : " ", "e" : "n", "st" : "", "dvt" : "Válido", "vap" : "0", "pvap" : "00.00" }, 
{ "seq" : "63", "sqcand" : "160000887606", "n" : "36007", "nm" : "EVELYN PASSOS", "cc" : "PTC", "nv" : " ", "e" : "n", "st" : "", "dvt" : "Válido", "vap" : "0", "pvap" : "00.00" }, 
{ "seq" : "162", "sqcand" : "160001013656", "n" : "65555", "nm" : "PROF LAYON BECKER", "cc" : "PC do B", "nv" : " ", "e" : "n", "st" : "", "dvt" : "Válido", "vap" : "0", "pvap" : "00.00" }, 
{ "seq" : "197", "sqcand" : "160001000054", "n" : "19999", "nm" : "SOLDADO LUCAS", "cc" : "PODE", "nv" : " ", "e" : "n", "st" : "", "dvt" : "Válido", "vap" : "0", "pvap" : "00.00" }, 
{ "seq" : "137", "sqcand" : "160001173616", "n" : "22222", "nm" : "MIRTES DALLAROSA", "cc" : "PL", "nv" : " ", "e" : "n", "st" : "", "dvt" : "Válido", "vap" : "0", "pvap" : "00.00" }, 
{ "seq" : "39", "sqcand" : "160000887471", "n" : "40333", "nm" : "CLEA OLIVEIRA", "cc" : "PSB", "nv" : " ", "e" : "n", "st" : "", "dvt" : "Válido", "vap" : "0", "pvap" : "00.00" }, 
{ "seq" : "132", "sqcand" : "160001053303", "n" : "43333", "nm" : "MARLENE", "cc" : "PV", "nv" : " ", "e" : "n", "st" : "", "dvt" : "Válido", "vap" : "0", "pvap" : "00.00" }, 
{ "seq" : "93", "sqcand" : "160001053296", "n" : "43613", "nm" : "JOÃO SCHULTZ", "cc" : "PV", "nv" : " ", "e" : "n", "st" : "", "dvt" : "Válido", "vap" : "0", "pvap" : "00.00" }, 
{ "seq" : "103", "sqcand" : "160001268072", "n" : "13012", "nm" : "KELI AUGUSTYN", "cc" : "PT", "nv" : " ", "e" : "n", "st" : "", "dvt" : "Válido", "vap" : "0", "pvap" : "00.00" }, 
{ "seq" : "122", "sqcand" : "160000985561", "n" : "25625", "nm" : "MARCELO DO OLARIA", "cc" : "DEM", "nv" : " ", "e" : "n", "st" : "", "dvt" : "Válido", "vap" : "0", "pvap" : "00.00" }, 
{ "seq" : "201", "sqcand" : "160000985552", "n" : "25550", "nm" : "TADEU DE PAULA", "cc" : "DEM", "nv" : " ", "e" : "n", "st" : "", "dvt" : "Válido", "vap" : "0", "pvap" : "00.00" }, 
{ "seq" : "82", "sqcand" : "160001148591", "n" : "20200", "nm" : "IRNALY CHAGAS", "cc" : "PSC", "nv" : " ", "e" : "n", "st" : "", "dvt" : "Válido", "vap" : "0", "pvap" : "00.00" }, 
{ "seq" : "153", "sqcand" : "160001053297", "n" : "43444", "nm" : "PEDRÃO", "cc" : "PV", "nv" : " ", "e" : "n", "st" : "", "dvt" : "Válido", "vap" : "0", "pvap" : "00.00" }, 
{ "seq" : "32", "sqcand" : "160001218914", "n" : "77147", "nm" : "CARIOCA CANTOR", "cc" : "SOLIDARIEDADE", "nv" : " ", "e" : "n", "st" : "", "dvt" : "Válido", "vap" : "0", "pvap" : "00.00" }, 
{ "seq" : "69", "sqcand" : "160000887602", "n" : "36000", "nm" : "GABRIEL MIRTO", "cc" : "PTC", "nv" : " ", "e" : "n", "st" : "", "dvt" : "Válido", "vap" : "0", "pvap" : "00.00" }, 
{ "seq" : "37", "sqcand" : "160001052504", "n" : "17000", "nm" : "CLAIRTON ALEMÃO", "cc" : "PSL", "nv" : " ", "e" : "n", "st" : "", "dvt" : "Válido", "vap" : "0", "pvap" : "00.00" }, 
{ "seq" : "25", "sqcand" : "160000886964", "n" : "23223", "nm" : "BETO GÁS", "cc" : "CIDADANIA", "nv" : " ", "e" : "n", "st" : "", "dvt" : "Válido", "vap" : "0", "pvap" : "00.00" }, 
{ "seq" : "121", "sqcand" : "160001000053", "n" : "19012", "nm" : "LUZIA COBRADORA", "cc" : "PODE", "nv" : " ", "e" : "n", "st" : "", "dvt" : "Válido", "vap" : "0", "pvap" : "00.00" }, 
{ "seq" : "2", "sqcand" : "160000886958", "n" : "23923", "nm" : "ADILSON  DIDIO", "cc" : "CIDADANIA", "nv" : " ", "e" : "n", "st" : "", "dvt" : "Válido", "vap" : "0", "pvap" : "00.00" }, 
{ "seq" : "203", "sqcand" : "160001013655", "n" : "65123", "nm" : "TEC ENF VICTOR ALBERTO", "cc" : "PC do B", "nv" : " ", "e" : "n", "st" : "", "dvt" : "Válido", "vap" : "0", "pvap" : "00.00" }, 
{ "seq" : "215", "sqcand" : "160001052683", "n" : "15015", "nm" : "VANESSA ZUB", "cc" : "MDB", "nv" : " ", "e" : "n", "st" : "", "dvt" : "Válido", "vap" : "0", "pvap" : "00.00" }, 
{ "seq" : "27", "sqcand" : "160000886965", "n" : "23023", "nm" : "BOCA BUENO", "cc" : "CIDADANIA", "nv" : " ", "e" : "n", "st" : "", "dvt" : "Válido", "vap" : "0", "pvap" : "00.00" }, 
{ "seq" : "51", "sqcand" : "160001052503", "n" : "17777", "nm" : "DR. JOÃO FREITA", "cc" : "PSL", "nv" : " ", "e" : "n", "st" : "", "dvt" : "Válido", "vap" : "0", "pvap" : "00.00" }, 
{ "seq" : "124", "sqcand" : "160001000062", "n" : "19777", "nm" : "MARCIÃO DO ESPETINHO", "cc" : "PODE", "nv" : " ", "e" : "n", "st" : "", "dvt" : "Válido", "vap" : "0", "pvap" : "00.00" }, 
{ "seq" : "141", "sqcand" : "160001013658", "n" : "65999", "nm" : "NEFERTI JULIO MASTEY", "cc" : "PC do B", "nv" : " ", "e" : "n", "st" : "", "dvt" : "Válido", "vap" : "0", "pvap" : "00.00" }, 
{ "seq" : "143", "sqcand" : "160001173619", "n" : "22126", "nm" : "NEGO DAS MOTOS", "cc" : "PL", "nv" : " ", "e" : "n", "st" : "", "dvt" : "Válido", "vap" : "0", "pvap" : "00.00" }, 
{ "seq" : "166", "sqcand" : "160001263213", "n" : "13333", "nm" : "PROFESSOR JOAO PAULISTA", "cc" : "PT", "nv" : " ", "e" : "n", "st" : "", "dvt" : "Válido", "vap" : "0", "pvap" : "00.00" }, 
{ "seq" : "78", "sqcand" : "160001148584", "n" : "20020", "nm" : "HENRIQUE SEGEDI", "cc" : "PSC", "nv" : " ", "e" : "n", "st" : "", "dvt" : "Válido", "vap" : "0", "pvap" : "00.00" }, 
{ "seq" : "12", "sqcand" : "160000887473", "n" : "40497", "nm" : "ALINO BRAGA", "cc" : "PSB", "nv" : " ", "e" : "n", "st" : "", "dvt" : "Válido", "vap" : "0", "pvap" : "00.00" }, 
{ "seq" : "95", "sqcand" : "160001148675", "n" : "45041", "nm" : "JOEL SILVA", "cc" : "PSDB", "nv" : " ", "e" : "n", "st" : "", "dvt" : "Válido", "vap" : "0", "pvap" : "00.00" }, 
{ "seq" : "96", "sqcand" : "160001052501", "n" : "17020", "nm" : "JOI DE SALLES", "cc" : "PSL", "nv" : " ", "e" : "n", "st" : "", "dvt" : "Válido", "vap" : "0", "pvap" : "00.00" }, 
{ "seq" : "9", "sqcand" : "160000742748", "n" : "90789", "nm" : "ALEXANDRE AUGUSTYN", "cc" : "PROS", "nv" : " ", "e" : "n", "st" : "", "dvt" : "Válido", "vap" : "0", "pvap" : "00.00" }, 
{ "seq" : "60", "sqcand" : "160000985550", "n" : "25255", "nm" : "ENFERMEIRA LÉO", "cc" : "DEM", "nv" : " ", "e" : "n", "st" : "", "dvt" : "Válido", "vap" : "0", "pvap" : "00.00" }, 
{ "seq" : "119", "sqcand" : "160001053304", "n" : "43000", "nm" : "LUIZÃO DA RELOJOARIA SANTANA", "cc" : "PV", "nv" : " ", "e" : "n", "st" : "", "dvt" : "Válido", "vap" : "0", "pvap" : "00.00" }, 
{ "seq" : "176", "sqcand" : "160000886963", "n" : "23610", "nm" : "RICARDINHO", "cc" : "CIDADANIA", "nv" : " ", "e" : "n", "st" : "", "dvt" : "Válido", "vap" : "0", "pvap" : "00.00" }, 
{ "seq" : "130", "sqcand" : "160001072805", "n" : "33456", "nm" : "MARIA DO BAIRRO", "cc" : "PMN", "nv" : " ", "e" : "n", "st" : "", "dvt" : "Válido", "vap" : "0", "pvap" : "00.00" }, 
{ "seq" : "77", "sqcand" : "160001052507", "n" : "17017", "nm" : "HELIO MARZANI", "cc" : "PSL", "nv" : " ", "e" : "n", "st" : "", "dvt" : "Válido", "vap" : "0", "pvap" : "00.00" }, 
{ "seq" : "80", "sqcand" : "160000887609", "n" : "36123", "nm" : "IRACI BENZEDEIRA", "cc" : "PTC", "nv" : " ", "e" : "n", "st" : "", "dvt" : "Válido", "vap" : "0", "pvap" : "00.00" }, 
{ "seq" : "19", "sqcand" : "160001148587", "n" : "20456", "nm" : "ANDREIA MATOS", "cc" : "PSC", "nv" : " ", "e" : "n", "st" : "", "dvt" : "Válido", "vap" : "0", "pvap" : "00.00" }, 
{ "seq" : "127", "sqcand" : "160000742760", "n" : "90190", "nm" : "MARCO AURELIO", "cc" : "PROS", "nv" : " ", "e" : "n", "st" : "", "dvt" : "Válido", "vap" : "0", "pvap" : "00.00" }, 
{ "seq" : "183", "sqcand" : "160000742757", "n" : "90222", "nm" : "ROZE DA SAUDE", "cc" : "PROS", "nv" : " ", "e" : "n", "st" : "", "dvt" : "Válido", "vap" : "0", "pvap" : "00.00" }, 
{ "seq" : "216", "sqcand" : "160000941615", "n" : "10124", "nm" : "VERA LUCIA", "cc" : "REPUBLICANOS", "nv" : " ", "e" : "n", "st" : "", "dvt" : "Válido", "vap" : "0", "pvap" : "00.00" }, 
{ "seq" : "133", "sqcand" : "160000886962", "n" : "23649", "nm" : "MICHEL ALVES", "cc" : "CIDADANIA", "nv" : " ", "e" : "n", "st" : "", "dvt" : "Válido", "vap" : "0", "pvap" : "00.00" }, 
{ "seq" : "186", "sqcand" : "160001013654", "n" : "65065", "nm" : "SANT&apos;ANA", "cc" : "PC do B", "nv" : " ", "e" : "n", "st" : "", "dvt" : "Válido", "vap" : "0", "pvap" : "00.00" }, 
{ "seq" : "209", "sqcand" : "160001148586", "n" : "20002", "nm" : "TIA NENA", "cc" : "PSC", "nv" : " ", "e" : "n", "st" : "", "dvt" : "Válido", "vap" : "0", "pvap" : "00.00" }, 
{ "seq" : "136", "sqcand" : "160001000059", "n" : "19020", "nm" : "MIRIAM BRUNETTA", "cc" : "PODE", "nv" : " ", "e" : "n", "st" : "", "dvt" : "Válido", "vap" : "0", "pvap" : "00.00" }, 
{ "seq" : "88", "sqcand" : "160000886955", "n" : "23456", "nm" : "JOACIR QUEBRA GAIO", "cc" : "CIDADANIA", "nv" : " ", "e" : "n", "st" : "", "dvt" : "Válido", "vap" : "0", "pvap" : "00.00" }, 
{ "seq" : "154", "sqcand" : "160000985553", "n" : "25320", "nm" : "PEDRINHO BARAUSSE", "cc" : "DEM", "nv" : " ", "e" : "n", "st" : "", "dvt" : "Válido", "vap" : "0", "pvap" : "00.00" }, 
{ "seq" : "129", "sqcand" : "160000986154", "n" : "55888", "nm" : "MARI COSMO", "cc" : "PSD", "nv" : " ", "e" : "n", "st" : "", "dvt" : "Válido", "vap" : "0", "pvap" : "00.00" }, 
{ "seq" : "140", "sqcand" : "160001173618", "n" : "22345", "nm" : "NARDO", "cc" : "PL", "nv" : " ", "e" : "n", "st" : "", "dvt" : "Válido", "vap" : "0", "pvap" : "00.00" }, 
{ "seq" : "10", "sqcand" : "160000986151", "n" : "55255", "nm" : "ALEXANDRE GUIMARÃES", "cc" : "PSD", "nv" : " ", "e" : "n", "st" : "", "dvt" : "Válido", "vap" : "0", "pvap" : "00.00" }, 
{ "seq" : "54", "sqcand" : "160000742754", "n" : "90777", "nm" : "DRICA COLETORA", "cc" : "PROS", "nv" : " ", "e" : "n", "st" : "", "dvt" : "Válido", "vap" : "0", "pvap" : "00.00" }, 
{ "seq" : "81", "sqcand" : "160001263212", "n" : "13777", "nm" : "IRAILDE FIA", "cc" : "PT", "nv" : " ", "e" : "n", "st" : "", "dvt" : "Válido", "vap" : "0", "pvap" : "00.00" }, 
{ "seq" : "67", "sqcand" : "160001258787", "n" : "15611", "nm" : "FRANCIELE CARLOTTO", "cc" : "MDB", "nv" : " ", "e" : "n", "st" : "", "dvt" : "Válido", "vap" : "0", "pvap" : "00.00" }, 
{ "seq" : "173", "sqcand" : "160000986158", "n" : "55345", "nm" : "RAFINHA JUNIOR", "cc" : "PSD", "nv" : " ", "e" : "n", "st" : "", "dvt" : "Válido", "vap" : "0", "pvap" : "00.00" }, 
{ "seq" : "221", "sqcand" : "160001173617", "n" : "22555", "nm" : "WAGNER DA RECICLAGEM", "cc" : "PL", "nv" : " ", "e" : "n", "st" : "", "dvt" : "Válido", "vap" : "0", "pvap" : "00.00" }, 
{ "seq" : "107", "sqcand" : "160000941606", "n" : "10017", "nm" : "LEIA COSTUREIRA", "cc" : "REPUBLICANOS", "nv" : " ", "e" : "n", "st" : "", "dvt" : "Válido", "vap" : "0", "pvap" : "00.00" }, 
{ "seq" : "184", "sqcand" : "160000887593", "n" : "36040", "nm" : "RUBÃO", "cc" : "PTC", "nv" : " ", "e" : "n", "st" : "", "dvt" : "Válido", "vap" : "0", "pvap" : "00.00" }, 
{ "seq" : "62", "sqcand" : "160001053295", "n" : "43111", "nm" : "ERON CARDOSO", "cc" : "PV", "nv" : " ", "e" : "n", "st" : "", "dvt" : "Válido", "vap" : "0", "pvap" : "00.00" }, 
{ "seq" : "59", "sqcand" : "160000887604", "n" : "36916", "nm" : "ELIZIANE MARTINS", "cc" : "PTC", "nv" : " ", "e" : "n", "st" : "", "dvt" : "Válido", "vap" : "0", "pvap" : "00.00" }, 
{ "seq" : "53", "sqcand" : "160001173613", "n" : "22678", "nm" : "DRA LETICIA DO RONDINHA", "cc" : "PL", "nv" : " ", "e" : "n", "st" : "", "dvt" : "Válido", "vap" : "0", "pvap" : "00.00" }, 
{ "seq" : "8", "sqcand" : "160001148676", "n" : "45444", "nm" : "ALESSANDRA LOPES", "cc" : "PSDB", "nv" : " ", "e" : "n", "st" : "", "dvt" : "Válido", "vap" : "0", "pvap" : "00.00" }, 
{ "seq" : "47", "sqcand" : "160001218900", "n" : "77456", "nm" : "DIRCEU ANIMAL", "cc" : "SOLIDARIEDADE", "nv" : " ", "e" : "n", "st" : "", "dvt" : "Válido", "vap" : "0", "pvap" : "00.00" }, 
{ "seq" : "214", "sqcand" : "160000742762", "n" : "90345", "nm" : "VANDERSON VAN VAN", "cc" : "PROS", "nv" : " ", "e" : "n", "st" : "", "dvt" : "Válido", "vap" : "0", "pvap" : "00.00" }, 
{ "seq" : "68", "sqcand" : "160000742759", "n" : "90456", "nm" : "FRANK DO RESTAURANTE", "cc" : "PROS", "nv" : " ", "e" : "n", "st" : "", "dvt" : "Válido", "vap" : "0", "pvap" : "00.00" }, 
{ "seq" : "99", "sqcand" : "160001148585", "n" : "20222", "nm" : "JULIANO TI DO TAXI", "cc" : "PSC", "nv" : " ", "e" : "n", "st" : "", "dvt" : "Válido", "vap" : "0", "pvap" : "00.00" }, 
{ "seq" : "102", "sqcand" : "160000742755", "n" : "90444", "nm" : "KAKAU", "cc" : "PROS", "nv" : " ", "e" : "n", "st" : "", "dvt" : "Válido", "vap" : "0", "pvap" : "00.00" }, 
{ "seq" : "158", "sqcand" : "160000941610", "n" : "10010", "nm" : "PRISCILA OLIVEIRA", "cc" : "REPUBLICANOS", "nv" : " ", "e" : "n", "st" : "", "dvt" : "Válido", "vap" : "0", "pvap" : "00.00" }, 
{ "seq" : "75", "sqcand" : "160000985559", "n" : "25225", "nm" : "GUSTAVO TORRES", "cc" : "DEM", "nv" : " ", "e" : "n", "st" : "", "dvt" : "Válido", "vap" : "0", "pvap" : "00.00" }, 
{ "seq" : "28", "sqcand" : "160001000058", "n" : "19111", "nm" : "BRESSAN", "cc" : "PODE", "nv" : " ", "e" : "n", "st" : "", "dvt" : "Válido", "vap" : "0", "pvap" : "00.00" }, 
{ "seq" : "11", "sqcand" : "160000985558", "n" : "25325", "nm" : "ALICE MARTINS", "cc" : "DEM", "nv" : " ", "e" : "n", "st" : "", "dvt" : "Válido", "vap" : "0", "pvap" : "00.00" }, 
{ "seq" : "76", "sqcand" : "160000886959", "n" : "23723", "nm" : "HELEN", "cc" : "CIDADANIA", "nv" : " ", "e" : "n", "st" : "", "dvt" : "Válido", "vap" : "0", "pvap" : "00.00" }, 
{ "seq" : "71", "sqcand" : "160001148669", "n" : "45045", "nm" : "GERMANINHO", "cc" : "PSDB", "nv" : " ", "e" : "n", "st" : "", "dvt" : "Válido", "vap" : "0", "pvap" : "00.00" }, 
{ "seq" : "212", "sqcand" : "160000986155", "n" : "55123", "nm" : "TONINHO FERREIRA", "cc" : "PSD", "nv" : " ", "e" : "n", "st" : "", "dvt" : "Válido", "vap" : "0", "pvap" : "00.00" }, 
{ "seq" : "135", "sqcand" : "160000887467", "n" : "40555", "nm" : "MIGUEL MARQUES", "cc" : "PSB", "nv" : " ", "e" : "n", "st" : "", "dvt" : "Válido", "vap" : "0", "pvap" : "00.00" }, 
{ "seq" : "202", "sqcand" : "160001000060", "n" : "19234", "nm" : "TANIA DA LOJA", "cc" : "PODE", "nv" : " ", "e" : "n", "st" : "", "dvt" : "Válido", "vap" : "0", "pvap" : "00.00" }, 
{ "seq" : "115", "sqcand" : "160001052679", "n" : "15678", "nm" : "LUIZ CESAR", "cc" : "MDB", "nv" : " ", "e" : "n", "st" : "", "dvt" : "Válido", "vap" : "0", "pvap" : "00.00" }, 
{ "seq" : "74", "sqcand" : "160000985556", "n" : "25555", "nm" : "GISLAINE BORGES", "cc" : "DEM", "nv" : " ", "e" : "n", "st" : "", "dvt" : "Válido", "vap" : "0", "pvap" : "00.00" }, 
{ "seq" : "208", "sqcand" : "160000985564", "n" : "25789", "nm" : "THIAGO ZOTTO", "cc" : "DEM", "nv" : " ", "e" : "n", "st" : "", "dvt" : "Válido", "vap" : "0", "pvap" : "00.00" }, 
{ "seq" : "23", "sqcand" : "160000985551", "n" : "25123", "nm" : "BENTO VIDAL", "cc" : "DEM", "nv" : " ", "e" : "n", "st" : "", "dvt" : "Válido", "vap" : "0", "pvap" : "00.00" } ] }