{ "ele" : "426", "tpabr" : "mu", "cdabr" : "74250", "carper" : "13", "t" : "1", "f" : "o", "dt" : "07\/11\/2020", "ht" : "02:10:02", "dv" : "s", "tf" : "n", "v" : "11", "esae" : "n", "mnae" : "", "s" : "245", "st" : "0", "pst" : "   0,00", "snt" : "245", "psnt" : " 100,00", "si" : "0", "psi" : "   0,00", "sni" : "0", "psni" : "   0,00", "sa" : "0", "psa" : "   0,00", "sna" : "0", "psna" : "   0,00", "e" : "91751", "ea" : "0", "pea" : "   0,00", "ena" : "0", "pena" : "   0,00", "esi" : "0", "pesi" : "   0,00", "esni" : "0", "pesni" : "   0,00", "c" : "0", "pc" : "   0,00", "a" : "0", "pa" : "   0,00", "vscv" : "0", "vnom" : "0", "vl" : "0", "pvnom" : "00,00", "pvl" : "00,00", "vvc" : "0", "pvvc" : "00,00", "vb" : "0", "pvb" : "00,00", "tvn" : "0", "ptvn" : "00,00", "vn" : "0", "pvn" : "00,00", "vnt" : "0", "pvnt" : "00,00", "vp" : "0", "pvp" : "00,00", "vv" : "0", "pvv" : "00,00", "van" : "0", "pvan" : "00,00", "vansj" : "0", "pvansj" : "00,00", "tv" : "0", "cand" : [ 
{ "seq" : "85", "sqcand" : "160000678071", "n" : "27345", "nm" : "JOÃO MARAFIGO", "cc" : "DC", "nv" : " ", "e" : "n", "st" : "", "dvt" : "Válido", "vap" : "0", "pvap" : "00.00" }, 
{ "seq" : "38", "sqcand" : "160000660374", "n" : "22153", "nm" : "COMANDANTE CARLETTI", "cc" : "PL", "nv" : " ", "e" : "n", "st" : "", "dvt" : "Válido", "vap" : "0", "pvap" : "00.00" }, 
{ "seq" : "16", "sqcand" : "160000851164", "n" : "10220", "nm" : "ANGELA PRADO", "cc" : "REPUBLICANOS", "nv" : " ", "e" : "n", "st" : "", "dvt" : "Válido", "vap" : "0", "pvap" : "00.00" }, 
{ "seq" : "80", "sqcand" : "160000660378", "n" : "22212", "nm" : "IVAN KAYUKAWA", "cc" : "PL", "nv" : " ", "e" : "n", "st" : "", "dvt" : "Válido", "vap" : "0", "pvap" : "00.00" }, 
{ "seq" : "72", "sqcand" : "160000660371", "n" : "90555", "nm" : "GUTO", "cc" : "PROS", "nv" : " ", "e" : "n", "st" : "", "dvt" : "Válido", "vap" : "0", "pvap" : "00.00" }, 
{ "seq" : "84", "sqcand" : "160000851161", "n" : "10321", "nm" : "JOAO LINO", "cc" : "REPUBLICANOS", "nv" : " ", "e" : "n", "st" : "", "dvt" : "Válido", "vap" : "0", "pvap" : "00.00" }, 
{ "seq" : "196", "sqcand" : "160000660369", "n" : "90333", "nm" : "SIVALDO INÁCIO", "cc" : "PROS", "nv" : " ", "e" : "n", "st" : "", "dvt" : "Válido", "vap" : "0", "pvap" : "00.00" }, 
{ "seq" : "19", "sqcand" : "160000660290", "n" : "11155", "nm" : "ARLINDO BORGES", "cc" : "PP", "nv" : " ", "e" : "n", "st" : "", "dvt" : "Válido", "vap" : "0", "pvap" : "00.00" }, 
{ "seq" : "122", "sqcand" : "160000660370", "n" : "90543", "nm" : "MATEUS LOPES", "cc" : "PROS", "nv" : " ", "e" : "n", "st" : "", "dvt" : "Válido", "vap" : "0", "pvap" : "00.00" }, 
{ "seq" : "118", "sqcand" : "160000678178", "n" : "17555", "nm" : "MARINALVA", "cc" : "PSL", "nv" : " ", "e" : "n", "st" : "", "dvt" : "Válido", "vap" : "0", "pvap" : "00.00" }, 
{ "seq" : "18", "sqcand" : "160000678182", "n" : "17077", "nm" : "APÓSTOLO GILMAR CARVALHO", "cc" : "PSL", "nv" : " ", "e" : "n", "st" : "", "dvt" : "Válido", "vap" : "0", "pvap" : "00.00" }, 
{ "seq" : "22", "sqcand" : "160000660382", "n" : "22444", "nm" : "BAIANO URTADO", "cc" : "PL", "nv" : " ", "e" : "n", "st" : "", "dvt" : "Válido", "vap" : "0", "pvap" : "00.00" }, 
{ "seq" : "132", "sqcand" : "160000970277", "n" : "13111", "nm" : "NANAH BARBEIRA", "cc" : "PT", "nv" : " ", "e" : "n", "st" : "", "dvt" : "Válido", "vap" : "0", "pvap" : "00.00" }, 
{ "seq" : "136", "sqcand" : "160000861885", "n" : "40016", "nm" : "NEUSA SARDINHA", "cc" : "PSB", "nv" : " ", "e" : "n", "st" : "", "dvt" : "Válido", "vap" : "0", "pvap" : "00.00" }, 
{ "seq" : "159", "sqcand" : "160000660286", "n" : "11022", "nm" : "PROFESSOR ERCI", "cc" : "PP", "nv" : " ", "e" : "n", "st" : "", "dvt" : "Válido", "vap" : "0", "pvap" : "00.00" }, 
{ "seq" : "2", "sqcand" : "160000678162", "n" : "45666", "nm" : "ADILAR GAÚCHO", "cc" : "PSDB", "nv" : " ", "e" : "n", "st" : "", "dvt" : "Válido", "vap" : "0", "pvap" : "00.00" }, 
{ "seq" : "157", "sqcand" : "160000970264", "n" : "13000", "nm" : "PROFESSOR CALEGARI", "cc" : "PT", "nv" : " ", "e" : "n", "st" : "", "dvt" : "Válido", "vap" : "0", "pvap" : "00.00" }, 
{ "seq" : "90", "sqcand" : "160000678074", "n" : "27666", "nm" : "KEILE CABELEIREIRA", "cc" : "DC", "nv" : " ", "e" : "n", "st" : "", "dvt" : "Válido", "vap" : "0", "pvap" : "00.00" }, 
{ "seq" : "97", "sqcand" : "160000970856", "n" : "19023", "nm" : "LORY KURAHASHI", "cc" : "PODE", "nv" : " ", "e" : "n", "st" : "", "dvt" : "Válido", "vap" : "0", "pvap" : "00.00" }, 
{ "seq" : "148", "sqcand" : "160000660373", "n" : "22033", "nm" : "PIRES", "cc" : "PL", "nv" : " ", "e" : "n", "st" : "", "dvt" : "Válido", "vap" : "0", "pvap" : "00.00" }, 
{ "seq" : "172", "sqcand" : "160001136939", "n" : "23007", "nm" : "QUITERIA CADEIRANTE", "cc" : "CIDADANIA", "nv" : " ", "e" : "n", "st" : "", "dvt" : "Válido", "vap" : "0", "pvap" : "00.00" }, 
{ "seq" : "20", "sqcand" : "160001136942", "n" : "23143", "nm" : "ARMANDO DIADOSK", "cc" : "CIDADANIA", "nv" : " ", "e" : "n", "st" : "", "dvt" : "Válido", "vap" : "0", "pvap" : "00.00" }, 
{ "seq" : "221", "sqcand" : "160000678168", "n" : "45033", "nm" : "ZEBRÃO", "cc" : "PSDB", "nv" : " ", "e" : "n", "st" : "", "dvt" : "Válido", "vap" : "0", "pvap" : "00.00" }, 
{ "seq" : "158", "sqcand" : "160000750161", "n" : "50377", "nm" : "PROFESSOR DONIZETI CAMPOS", "cc" : "PSOL", "nv" : " ", "e" : "n", "st" : "", "dvt" : "Válido", "vap" : "0", "pvap" : "00.00" }, 
{ "seq" : "140", "sqcand" : "160001136948", "n" : "23147", "nm" : "OSMAR CANIATO", "cc" : "CIDADANIA", "nv" : " ", "e" : "n", "st" : "", "dvt" : "Válido", "vap" : "0", "pvap" : "00.00" }, 
{ "seq" : "95", "sqcand" : "160000970267", "n" : "13038", "nm" : "LENNA SOUZA", "cc" : "PT", "nv" : " ", "e" : "n", "st" : "", "dvt" : "Válido", "vap" : "0", "pvap" : "00.00" }, 
{ "seq" : "47", "sqcand" : "160000970263", "n" : "13800", "nm" : "DR ODARLONE", "cc" : "PT", "nv" : " ", "e" : "n", "st" : "", "dvt" : "Válido", "vap" : "0", "pvap" : "00.00" }, 
{ "seq" : "63", "sqcand" : "160000660289", "n" : "11055", "nm" : "FIGUEIREDO", "cc" : "PP", "nv" : " ", "e" : "n", "st" : "", "dvt" : "Válido", "vap" : "0", "pvap" : "00.00" }, 
{ "seq" : "153", "sqcand" : "160000660363", "n" : "90180", "nm" : "PROFª INÊS BERTASSO", "cc" : "PROS", "nv" : " ", "e" : "n", "st" : "", "dvt" : "Válido", "vap" : "0", "pvap" : "00.00" }, 
{ "seq" : "111", "sqcand" : "160000970858", "n" : "19345", "nm" : "MARCIO JOSÉ BOLOGNEZI", "cc" : "PODE", "nv" : " ", "e" : "n", "st" : "", "dvt" : "Válido", "vap" : "0", "pvap" : "00.00" }, 
{ "seq" : "190", "sqcand" : "160000970278", "n" : "13103", "nm" : "SAPECADO", "cc" : "PT", "nv" : " ", "e" : "n", "st" : "", "dvt" : "Válido", "vap" : "0", "pvap" : "00.00" }, 
{ "seq" : "156", "sqcand" : "160000660358", "n" : "90234", "nm" : "PROFª MARINÊS KONEVALIKI", "cc" : "PROS", "nv" : " ", "e" : "n", "st" : "", "dvt" : "Válido", "vap" : "0", "pvap" : "00.00" }, 
{ "seq" : "27", "sqcand" : "160000970853", "n" : "19999", "nm" : "CABO DA MATTA", "cc" : "PODE", "nv" : " ", "e" : "n", "st" : "", "dvt" : "Válido", "vap" : "0", "pvap" : "00.00" }, 
{ "seq" : "67", "sqcand" : "160000660360", "n" : "90007", "nm" : "GARCIA BAGANHA", "cc" : "PROS", "nv" : " ", "e" : "n", "st" : "", "dvt" : "Válido", "vap" : "0", "pvap" : "00.00" }, 
{ "seq" : "207", "sqcand" : "160000678172", "n" : "45100", "nm" : "VALDECIR FERREIRA", "cc" : "PSDB", "nv" : " ", "e" : "n", "st" : "", "dvt" : "Válido", "vap" : "0", "pvap" : "00.00" }, 
{ "seq" : "6", "sqcand" : "160000660412", "n" : "55192", "nm" : "ALESSANDRO DA AMBULÂNCIA", "cc" : "PSD", "nv" : " ", "e" : "n", "st" : "", "dvt" : "Válido", "vap" : "0", "pvap" : "00.00" }, 
{ "seq" : "15", "sqcand" : "160000660380", "n" : "22102", "nm" : "ANGELA FREITAS", "cc" : "PL", "nv" : " ", "e" : "n", "st" : "", "dvt" : "Válido", "vap" : "0", "pvap" : "00.00" }, 
{ "seq" : "103", "sqcand" : "160000678160", "n" : "45123", "nm" : "LUIZÃO PINTOR", "cc" : "PSDB", "nv" : " ", "e" : "n", "st" : "", "dvt" : "Válido", "vap" : "0", "pvap" : "00.00" }, 
{ "seq" : "105", "sqcand" : "160000678161", "n" : "45045", "nm" : "MAGDA OLIVEIRA", "cc" : "PSDB", "nv" : " ", "e" : "n", "st" : "", "dvt" : "Válido", "vap" : "0", "pvap" : "00.00" }, 
{ "seq" : "25", "sqcand" : "160000970854", "n" : "19900", "nm" : "BRUNA MENDES", "cc" : "PODE", "nv" : " ", "e" : "n", "st" : "", "dvt" : "Válido", "vap" : "0", "pvap" : "00.00" }, 
{ "seq" : "131", "sqcand" : "160000861876", "n" : "40456", "nm" : "MUSSUM", "cc" : "PSB", "nv" : " ", "e" : "n", "st" : "", "dvt" : "Válido", "vap" : "0", "pvap" : "00.00" }, 
{ "seq" : "101", "sqcand" : "160000861878", "n" : "40282", "nm" : "LUIS CARLOS BEBEZÃO", "cc" : "PSB", "nv" : " ", "e" : "n", "st" : "", "dvt" : "Válido", "vap" : "0", "pvap" : "00.00" }, 
{ "seq" : "167", "sqcand" : "160000658295", "n" : "25111", "nm" : "PROFESSORA ROSÂNGELA CARVALHO", "cc" : "DEM", "nv" : " ", "e" : "n", "st" : "", "dvt" : "Válido", "vap" : "0", "pvap" : "00.00" }, 
{ "seq" : "180", "sqcand" : "160000678180", "n" : "17177", "nm" : "ROBERTA NAVARRO", "cc" : "PSL", "nv" : " ", "e" : "n", "st" : "", "dvt" : "Válido", "vap" : "0", "pvap" : "00.00" }, 
{ "seq" : "171", "sqcand" : "160000970855", "n" : "19019", "nm" : "PSICÓLOGO DIEGO BILATTI", "cc" : "PODE", "nv" : " ", "e" : "n", "st" : "", "dvt" : "Válido", "vap" : "0", "pvap" : "00.00" }, 
{ "seq" : "46", "sqcand" : "160001136946", "n" : "23051", "nm" : "DR GOIABA", "cc" : "CIDADANIA", "nv" : " ", "e" : "n", "st" : "", "dvt" : "Válido", "vap" : "0", "pvap" : "00.00" }, 
{ "seq" : "45", "sqcand" : "160000658288", "n" : "25444", "nm" : "DIRCEU NUNES", "cc" : "DEM", "nv" : " ", "e" : "n", "st" : "", "dvt" : "Válido", "vap" : "0", "pvap" : "00.00" }, 
{ "seq" : "147", "sqcand" : "160000660364", "n" : "90999", "nm" : "PERIVALDO SARAIVA", "cc" : "PROS", "nv" : " ", "e" : "n", "st" : "", "dvt" : "Válido", "vap" : "0", "pvap" : "00.00" }, 
{ "seq" : "162", "sqcand" : "160000658286", "n" : "25025", "nm" : "PROFESSORA EDNA MANSANO", "cc" : "DEM", "nv" : " ", "e" : "n", "st" : "", "dvt" : "Válido", "vap" : "0", "pvap" : "00.00" }, 
{ "seq" : "94", "sqcand" : "160000678079", "n" : "27321", "nm" : "LÊ GARÇON", "cc" : "DC", "nv" : " ", "e" : "n", "st" : "", "dvt" : "Válido", "vap" : "0", "pvap" : "00.00" }, 
{ "seq" : "216", "sqcand" : "160000861874", "n" : "40800", "nm" : "WELLINGTON GENTIL", "cc" : "PSB", "nv" : " ", "e" : "n", "st" : "", "dvt" : "Válido", "vap" : "0", "pvap" : "00.00" }, 
{ "seq" : "195", "sqcand" : "160000851163", "n" : "10010", "nm" : "SILVANA VERONA", "cc" : "REPUBLICANOS", "nv" : " ", "e" : "n", "st" : "", "dvt" : "Válido", "vap" : "0", "pvap" : "00.00" }, 
{ "seq" : "104", "sqcand" : "160000660387", "n" : "22022", "nm" : "MACARRÃO", "cc" : "PL", "nv" : " ", "e" : "n", "st" : "", "dvt" : "Válido", "vap" : "0", "pvap" : "00.00" }, 
{ "seq" : "194", "sqcand" : "160000861879", "n" : "40000", "nm" : "SIDNEY DA KAIRÓS", "cc" : "PSB", "nv" : " ", "e" : "n", "st" : "", "dvt" : "Válido", "vap" : "0", "pvap" : "00.00" }, 
{ "seq" : "41", "sqcand" : "160000658238", "n" : "15150", "nm" : "CRISTINA PITTA", "cc" : "MDB", "nv" : " ", "e" : "n", "st" : "", "dvt" : "Válido", "vap" : "0", "pvap" : "00.00" }, 
{ "seq" : "4", "sqcand" : "160000851159", "n" : "10404", "nm" : "AGUINALDO DE PAULA", "cc" : "REPUBLICANOS", "nv" : " ", "e" : "n", "st" : "", "dvt" : "Válido", "vap" : "0", "pvap" : "00.00" }, 
{ "seq" : "52", "sqcand" : "160000970851", "n" : "19232", "nm" : "EDILSON POLACO", "cc" : "PODE", "nv" : " ", "e" : "n", "st" : "", "dvt" : "Válido", "vap" : "0", "pvap" : "00.00" }, 
{ "seq" : "30", "sqcand" : "160000658289", "n" : "25555", "nm" : "CARMELO", "cc" : "DEM", "nv" : " ", "e" : "n", "st" : "", "dvt" : "Válido", "vap" : "0", "pvap" : "00.00" }, 
{ "seq" : "139", "sqcand" : "160000678187", "n" : "17888", "nm" : "ODAIR DO MOTO CLUBE", "cc" : "PSL", "nv" : " ", "e" : "n", "st" : "", "dvt" : "Válido", "vap" : "0", "pvap" : "00.00" }, 
{ "seq" : "35", "sqcand" : "160001136951", "n" : "23000", "nm" : "CIRINEU DIAS", "cc" : "CIDADANIA", "nv" : " ", "e" : "n", "st" : "", "dvt" : "Válido", "vap" : "0", "pvap" : "00.00" }, 
{ "seq" : "219", "sqcand" : "160000660372", "n" : "90666", "nm" : "ZÉ DO BARULHO", "cc" : "PROS", "nv" : " ", "e" : "n", "st" : "", "dvt" : "Válido", "vap" : "0", "pvap" : "00.00" }, 
{ "seq" : "198", "sqcand" : "160000678165", "n" : "45456", "nm" : "STELA SANTINI", "cc" : "PSDB", "nv" : " ", "e" : "n", "st" : "", "dvt" : "Válido", "vap" : "0", "pvap" : "00.00" }, 
{ "seq" : "69", "sqcand" : "160000660287", "n" : "11003", "nm" : "GERSON ", "cc" : "PP", "nv" : " ", "e" : "n", "st" : "", "dvt" : "Válido", "vap" : "0", "pvap" : "00.00" }, 
{ "seq" : "204", "sqcand" : "160000678188", "n" : "17007", "nm" : "TONINHO GARCIA", "cc" : "PSL", "nv" : " ", "e" : "n", "st" : "", "dvt" : "Válido", "vap" : "0", "pvap" : "00.00" }, 
{ "seq" : "107", "sqcand" : "160000861880", "n" : "40444", "nm" : "MAKARRÃO", "cc" : "PSB", "nv" : " ", "e" : "n", "st" : "", "dvt" : "Válido", "vap" : "0", "pvap" : "00.00" }, 
{ "seq" : "137", "sqcand" : "160000851155", "n" : "10020", "nm" : "NILTONS GOMES", "cc" : "REPUBLICANOS", "nv" : " ", "e" : "n", "st" : "", "dvt" : "Válido", "vap" : "0", "pvap" : "00.00" }, 
{ "seq" : "99", "sqcand" : "160000861882", "n" : "40777", "nm" : "LUCIANO FACCHIANO", "cc" : "PSB", "nv" : " ", "e" : "n", "st" : "", "dvt" : "Válido", "vap" : "0", "pvap" : "00.00" }, 
{ "seq" : "192", "sqcand" : "160000970857", "n" : "19777", "nm" : "SEMIRA PACHECO", "cc" : "PODE", "nv" : " ", "e" : "n", "st" : "", "dvt" : "Válido", "vap" : "0", "pvap" : "00.00" }, 
{ "seq" : "142", "sqcand" : "160000678181", "n" : "17053", "nm" : "PASTOR VALDIR", "cc" : "PSL", "nv" : " ", "e" : "n", "st" : "", "dvt" : "Válido", "vap" : "0", "pvap" : "00.00" }, 
{ "seq" : "36", "sqcand" : "160000660367", "n" : "90910", "nm" : "CIRO DA RÁDIO", "cc" : "PROS", "nv" : " ", "e" : "n", "st" : "", "dvt" : "Válido", "vap" : "0", "pvap" : "00.00" }, 
{ "seq" : "223", "sqcand" : "160000660285", "n" : "11999", "nm" : "ZENILTON BISPO", "cc" : "PP", "nv" : " ", "e" : "n", "st" : "", "dvt" : "Válido", "vap" : "0", "pvap" : "00.00" }, 
{ "seq" : "13", "sqcand" : "160000678078", "n" : "27000", "nm" : "ANESIO DOS MÓVEIS HORIZONTE", "cc" : "DC", "nv" : " ", "e" : "n", "st" : "", "dvt" : "Válido", "vap" : "0", "pvap" : "00.00" }, 
{ "seq" : "175", "sqcand" : "160000851157", "n" : "10190", "nm" : "REGIUS DO TRANSITO", "cc" : "REPUBLICANOS", "nv" : " ", "e" : "n", "st" : "", "dvt" : "Válido", "vap" : "0", "pvap" : "00.00" }, 
{ "seq" : "65", "sqcand" : "160001083153", "n" : "65020", "nm" : "FRANCISCA VICTORIO", "cc" : "PC do B", "nv" : " ", "e" : "n", "st" : "", "dvt" : "Válido", "vap" : "0", "pvap" : "00.00" }, 
{ "seq" : "42", "sqcand" : "160000660377", "n" : "22222", "nm" : "DECO", "cc" : "PL", "nv" : " ", "e" : "n", "st" : "", "dvt" : "Válido", "vap" : "0", "pvap" : "00.00" }, 
{ "seq" : "191", "sqcand" : "160000678081", "n" : "27300", "nm" : "SARGENTO CLAUDINEI", "cc" : "DC", "nv" : " ", "e" : "n", "st" : "", "dvt" : "Válido", "vap" : "0", "pvap" : "00.00" }, 
{ "seq" : "127", "sqcand" : "160000861875", "n" : "40038", "nm" : "MILTÃO DA DUBLAGEM", "cc" : "PSB", "nv" : " ", "e" : "n", "st" : "", "dvt" : "Válido", "vap" : "0", "pvap" : "00.00" }, 
{ "seq" : "119", "sqcand" : "160000660366", "n" : "90777", "nm" : "MARIO FELIPPE", "cc" : "PROS", "nv" : " ", "e" : "n", "st" : "", "dvt" : "Válido", "vap" : "0", "pvap" : "00.00" }, 
{ "seq" : "77", "sqcand" : "160000660294", "n" : "11123", "nm" : "IRENE DEPEVATI", "cc" : "PP", "nv" : " ", "e" : "n", "st" : "", "dvt" : "Válido", "vap" : "0", "pvap" : "00.00" }, 
{ "seq" : "112", "sqcand" : "160000660427", "n" : "55055", "nm" : "MARCOS DA VILA REIS ", "cc" : "PSD", "nv" : " ", "e" : "n", "st" : "", "dvt" : "Válido", "vap" : "0", "pvap" : "00.00" }, 
{ "seq" : "87", "sqcand" : "160000851158", "n" : "10234", "nm" : "JOSE JESUS BONATO", "cc" : "REPUBLICANOS", "nv" : " ", "e" : "n", "st" : "", "dvt" : "Válido", "vap" : "0", "pvap" : "00.00" }, 
{ "seq" : "75", "sqcand" : "160001136950", "n" : "23777", "nm" : "HERMES MACHADO", "cc" : "CIDADANIA", "nv" : " ", "e" : "n", "st" : "", "dvt" : "Válido", "vap" : "0", "pvap" : "00.00" }, 
{ "seq" : "217", "sqcand" : "160000660428", "n" : "55190", "nm" : "ZANETI", "cc" : "PSD", "nv" : " ", "e" : "n", "st" : "", "dvt" : "Válido", "vap" : "0", "pvap" : "00.00" }, 
{ "seq" : "3", "sqcand" : "160000678163", "n" : "45023", "nm" : "ADILSON CARIJÓ", "cc" : "PSDB", "nv" : " ", "e" : "n", "st" : "", "dvt" : "Válido", "vap" : "0", "pvap" : "00.00" }, 
{ "seq" : "24", "sqcand" : "160000660295", "n" : "11013", "nm" : "BETE BOM JESUS", "cc" : "PP", "nv" : " ", "e" : "n", "st" : "", "dvt" : "Válido", "vap" : "0", "pvap" : "00.00" }, 
{ "seq" : "5", "sqcand" : "160000658298", "n" : "25333", "nm" : "AIRTON JUSTO", "cc" : "DEM", "nv" : " ", "e" : "n", "st" : "", "dvt" : "Válido", "vap" : "0", "pvap" : "00.00" }, 
{ "seq" : "210", "sqcand" : "160000851162", "n" : "10017", "nm" : "VANESSA JAPA", "cc" : "REPUBLICANOS", "nv" : " ", "e" : "n", "st" : "", "dvt" : "Válido", "vap" : "0", "pvap" : "00.00" }, 
{ "seq" : "208", "sqcand" : "160000658243", "n" : "15222", "nm" : "VALDIR FRIAS", "cc" : "MDB", "nv" : " ", "e" : "n", "st" : "", "dvt" : "Válido", "vap" : "0", "pvap" : "00.00" }, 
{ "seq" : "203", "sqcand" : "160000861884", "n" : "40333", "nm" : "TONINHO", "cc" : "PSB", "nv" : " ", "e" : "n", "st" : "", "dvt" : "Válido", "vap" : "0", "pvap" : "00.00" }, 
{ "seq" : "222", "sqcand" : "160000678174", "n" : "17147", "nm" : "ZELIA CORREIA", "cc" : "PSL", "nv" : " ", "e" : "n", "st" : "", "dvt" : "Válido", "vap" : "0", "pvap" : "00.00" }, 
{ "seq" : "155", "sqcand" : "160000660386", "n" : "22777", "nm" : "PROFª MARINES", "cc" : "PL", "nv" : " ", "e" : "n", "st" : "", "dvt" : "Válido", "vap" : "0", "pvap" : "00.00" }, 
{ "seq" : "187", "sqcand" : "160000660384", "n" : "22137", "nm" : "RUBI", "cc" : "PL", "nv" : " ", "e" : "n", "st" : "", "dvt" : "Válido", "vap" : "0", "pvap" : "00.00" }, 
{ "seq" : "57", "sqcand" : "160000678157", "n" : "45026", "nm" : "ENILSON ROCHA", "cc" : "PSDB", "nv" : " ", "e" : "n", "st" : "", "dvt" : "Válido", "vap" : "0", "pvap" : "00.00" }, 
{ "seq" : "150", "sqcand" : "160000660379", "n" : "22345", "nm" : "PORVINHA DA GARCIA", "cc" : "PL", "nv" : " ", "e" : "n", "st" : "", "dvt" : "Válido", "vap" : "0", "pvap" : "00.00" }, 
{ "seq" : "60", "sqcand" : "160000658229", "n" : "15678", "nm" : "FABIO  NAKUI", "cc" : "MDB", "nv" : " ", "e" : "n", "st" : "", "dvt" : "Válido", "vap" : "0", "pvap" : "00.00" }, 
{ "seq" : "108", "sqcand" : "160000750162", "n" : "50420", "nm" : "MANDATO COLETIVO", "cc" : "PSOL", "nv" : " ", "e" : "n", "st" : "", "dvt" : "Válido", "vap" : "0", "pvap" : "00.00" }, 
{ "seq" : "9", "sqcand" : "160000660413", "n" : "55556", "nm" : "ALLAN GOMES", "cc" : "PSD", "nv" : " ", "e" : "n", "st" : "", "dvt" : "Válido", "vap" : "0", "pvap" : "00.00" }, 
{ "seq" : "209", "sqcand" : "160000660282", "n" : "11120", "nm" : "VALIN ", "cc" : "PP", "nv" : " ", "e" : "n", "st" : "", "dvt" : "Válido", "vap" : "0", "pvap" : "00.00" }, 
{ "seq" : "123", "sqcand" : "160000678179", "n" : "17456", "nm" : "MAURINEI NUNES", "cc" : "PSL", "nv" : " ", "e" : "n", "st" : "", "dvt" : "Válido", "vap" : "0", "pvap" : "00.00" }, 
{ "seq" : "61", "sqcand" : "160000678082", "n" : "27700", "nm" : "FABIO FOGUINHO", "cc" : "DC", "nv" : " ", "e" : "n", "st" : "", "dvt" : "Válido", "vap" : "0", "pvap" : "00.00" }, 
{ "seq" : "116", "sqcand" : "160000660291", "n" : "11192", "nm" : "MARIA COTA", "cc" : "PP", "nv" : " ", "e" : "n", "st" : "", "dvt" : "Válido", "vap" : "0", "pvap" : "00.00" }, 
{ "seq" : "48", "sqcand" : "160000678175", "n" : "17444", "nm" : "EDER LEITE", "cc" : "PSL", "nv" : " ", "e" : "n", "st" : "", "dvt" : "Válido", "vap" : "0", "pvap" : "00.00" }, 
{ "seq" : "218", "sqcand" : "160000658232", "n" : "15007", "nm" : "ZE DA FARMACIA", "cc" : "MDB", "nv" : " ", "e" : "n", "st" : "", "dvt" : "Válido", "vap" : "0", "pvap" : "00.00" }, 
{ "seq" : "10", "sqcand" : "160000970268", "n" : "13333", "nm" : "ALLAN JULIO", "cc" : "PT", "nv" : " ", "e" : "n", "st" : "", "dvt" : "Válido", "vap" : "0", "pvap" : "00.00" }, 
{ "seq" : "143", "sqcand" : "160001264204", "n" : "27600", "nm" : "PATRICIA CRUZ", "cc" : "DC", "nv" : " ", "e" : "n", "st" : "", "dvt" : "Válido", "vap" : "0", "pvap" : "00.00" }, 
{ "seq" : "14", "sqcand" : "160000861888", "n" : "40001", "nm" : "ANGELA", "cc" : "PSB", "nv" : " ", "e" : "n", "st" : "", "dvt" : "Válido", "vap" : "0", "pvap" : "00.00" }, 
{ "seq" : "56", "sqcand" : "160001136949", "n" : "23023", "nm" : "ENFERMEIRA FRAN", "cc" : "CIDADANIA", "nv" : " ", "e" : "n", "st" : "", "dvt" : "Válido", "vap" : "0", "pvap" : "00.00" }, 
{ "seq" : "199", "sqcand" : "160000970860", "n" : "19010", "nm" : "THIAGO BOCHECHA", "cc" : "PODE", "nv" : " ", "e" : "n", "st" : "", "dvt" : "Válido", "vap" : "0", "pvap" : "00.00" }, 
{ "seq" : "96", "sqcand" : "160001136940", "n" : "23456", "nm" : "LIVOTI", "cc" : "CIDADANIA", "nv" : " ", "e" : "n", "st" : "", "dvt" : "Válido", "vap" : "0", "pvap" : "00.00" }, 
{ "seq" : "39", "sqcand" : "160000660389", "n" : "22555", "nm" : "CRIDAO JD PONTA GROSSA", "cc" : "PL", "nv" : " ", "e" : "n", "st" : "", "dvt" : "Válido", "vap" : "0", "pvap" : "00.00" }, 
{ "seq" : "215", "sqcand" : "160000678177", "n" : "17000", "nm" : "WALDECYR CAÇULA", "cc" : "PSL", "nv" : " ", "e" : "n", "st" : "", "dvt" : "Válido", "vap" : "0", "pvap" : "00.00" }, 
{ "seq" : "154", "sqcand" : "160001136945", "n" : "23076", "nm" : "PROF JANA", "cc" : "CIDADANIA", "nv" : " ", "e" : "n", "st" : "", "dvt" : "Válido", "vap" : "0", "pvap" : "00.00" }, 
{ "seq" : "129", "sqcand" : "160000658240", "n" : "15111", "nm" : "MISSIONARIA ROSANA DUARTE", "cc" : "MDB", "nv" : " ", "e" : "n", "st" : "", "dvt" : "Válido", "vap" : "0", "pvap" : "00.00" }, 
{ "seq" : "11", "sqcand" : "160000660365", "n" : "90345", "nm" : "ALVINO LAMOUNIER", "cc" : "PROS", "nv" : " ", "e" : "n", "st" : "", "dvt" : "Válido", "vap" : "0", "pvap" : "00.00" }, 
{ "seq" : "82", "sqcand" : "160000678072", "n" : "27123", "nm" : "JAPONÊS DO CARVÃO", "cc" : "DC", "nv" : " ", "e" : "n", "st" : "", "dvt" : "Válido", "vap" : "0", "pvap" : "00.00" }, 
{ "seq" : "188", "sqcand" : "160000660426", "n" : "55321", "nm" : "SALETI DA SAÚDE", "cc" : "PSD", "nv" : " ", "e" : "n", "st" : "", "dvt" : "Válido", "vap" : "0", "pvap" : "00.00" }, 
{ "seq" : "124", "sqcand" : "160000658296", "n" : "25777", "nm" : "MAURO BERTOLI", "cc" : "DEM", "nv" : " ", "e" : "n", "st" : "", "dvt" : "Válido", "vap" : "0", "pvap" : "00.00" }, 
{ "seq" : "7", "sqcand" : "160000678070", "n" : "27001", "nm" : "ALINE BASSACO", "cc" : "DC", "nv" : " ", "e" : "n", "st" : "", "dvt" : "Válido", "vap" : "0", "pvap" : "00.00" }, 
{ "seq" : "33", "sqcand" : "160000658234", "n" : "15555", "nm" : "CIDINHA DA TAPIOCA", "cc" : "MDB", "nv" : " ", "e" : "n", "st" : "", "dvt" : "Válido", "vap" : "0", "pvap" : "00.00" }, 
{ "seq" : "211", "sqcand" : "160000678176", "n" : "17123", "nm" : "VICTOR HUGO MAGALHÃES", "cc" : "PSL", "nv" : " ", "e" : "n", "st" : "", "dvt" : "Válido", "vap" : "0", "pvap" : "00.00" }, 
{ "seq" : "83", "sqcand" : "160000658284", "n" : "25222", "nm" : "JEFÃO MOTO TAXI", "cc" : "DEM", "nv" : " ", "e" : "n", "st" : "", "dvt" : "Válido", "vap" : "0", "pvap" : "00.00" }, 
{ "seq" : "165", "sqcand" : "160000660361", "n" : "90000", "nm" : "PROFESSORA JOSSUELA PINHEIRO", "cc" : "PROS", "nv" : " ", "e" : "n", "st" : "", "dvt" : "Válido", "vap" : "0", "pvap" : "00.00" }, 
{ "seq" : "213", "sqcand" : "160000678166", "n" : "45015", "nm" : "VITOR DA CARANGOS", "cc" : "PSDB", "nv" : " ", "e" : "n", "st" : "", "dvt" : "Válido", "vap" : "0", "pvap" : "00.00" }, 
{ "seq" : "68", "sqcand" : "160000660420", "n" : "55000", "nm" : "GENTIL PEREIRA ", "cc" : "PSD", "nv" : " ", "e" : "n", "st" : "", "dvt" : "Válido", "vap" : "0", "pvap" : "00.00" }, 
{ "seq" : "93", "sqcand" : "160000970273", "n" : "13610", "nm" : "LAURO LUZ", "cc" : "PT", "nv" : " ", "e" : "n", "st" : "", "dvt" : "Válido", "vap" : "0", "pvap" : "00.00" }, 
{ "seq" : "151", "sqcand" : "160001136943", "n" : "23333", "nm" : "PROF EDSON", "cc" : "CIDADANIA", "nv" : " ", "e" : "n", "st" : "", "dvt" : "Válido", "vap" : "0", "pvap" : "00.00" }, 
{ "seq" : "212", "sqcand" : "160000851160", "n" : "10777", "nm" : "VINICIUS BARROS", "cc" : "REPUBLICANOS", "nv" : " ", "e" : "n", "st" : "", "dvt" : "Válido", "vap" : "0", "pvap" : "00.00" }, 
{ "seq" : "149", "sqcand" : "160000660425", "n" : "55123", "nm" : "POIM", "cc" : "PSD", "nv" : " ", "e" : "n", "st" : "", "dvt" : "Válido", "vap" : "0", "pvap" : "00.00" }, 
{ "seq" : "50", "sqcand" : "160000660416", "n" : "55555", "nm" : "EDER ROSSETTI", "cc" : "PSD", "nv" : " ", "e" : "n", "st" : "", "dvt" : "Válido", "vap" : "0", "pvap" : "00.00" }, 
{ "seq" : "193", "sqcand" : "160000658235", "n" : "15015", "nm" : "SIDNEI DA LEVELIMP", "cc" : "MDB", "nv" : " ", "e" : "n", "st" : "", "dvt" : "Válido", "vap" : "0", "pvap" : "00.00" }, 
{ "seq" : "51", "sqcand" : "160000970861", "n" : "19123", "nm" : "EDI CARLOS DIAS", "cc" : "PODE", "nv" : " ", "e" : "n", "st" : "", "dvt" : "Válido", "vap" : "0", "pvap" : "00.00" }, 
{ "seq" : "178", "sqcand" : "160000970271", "n" : "13137", "nm" : "RENATO MUNHOZ", "cc" : "PT", "nv" : " ", "e" : "n", "st" : "", "dvt" : "Válido", "vap" : "0", "pvap" : "00.00" }, 
{ "seq" : "40", "sqcand" : "160000660297", "n" : "11445", "nm" : "CRIS SANTOS", "cc" : "PP", "nv" : " ", "e" : "n", "st" : "", "dvt" : "Válido", "vap" : "0", "pvap" : "00.00" }, 
{ "seq" : "91", "sqcand" : "160000678158", "n" : "45127", "nm" : "LARISSA DANIEL", "cc" : "PSDB", "nv" : " ", "e" : "n", "st" : "", "dvt" : "Válido", "vap" : "0", "pvap" : "00.00" }, 
{ "seq" : "186", "sqcand" : "160000851153", "n" : "10333", "nm" : "ROZILDA ALVES", "cc" : "REPUBLICANOS", "nv" : " ", "e" : "n", "st" : "", "dvt" : "Válido", "vap" : "0", "pvap" : "00.00" }, 
{ "seq" : "173", "sqcand" : "160000660415", "n" : "55025", "nm" : "RADIALISTA ELOI DE SOUZA", "cc" : "PSD", "nv" : " ", "e" : "n", "st" : "", "dvt" : "Válido", "vap" : "0", "pvap" : "00.00" }, 
{ "seq" : "78", "sqcand" : "160000678186", "n" : "17017", "nm" : "IRMÃO ELIEZER", "cc" : "PSL", "nv" : " ", "e" : "n", "st" : "", "dvt" : "Válido", "vap" : "0", "pvap" : "00.00" }, 
{ "seq" : "125", "sqcand" : "160000660385", "n" : "22021", "nm" : "MAYCON J. SANCHES", "cc" : "PL", "nv" : " ", "e" : "n", "st" : "", "dvt" : "Válido", "vap" : "0", "pvap" : "00.00" }, 
{ "seq" : "92", "sqcand" : "160000660362", "n" : "90100", "nm" : "LAU DO OBA OBA", "cc" : "PROS", "nv" : " ", "e" : "n", "st" : "", "dvt" : "Válido", "vap" : "0", "pvap" : "00.00" }, 
{ "seq" : "86", "sqcand" : "160000660424", "n" : "55222", "nm" : "JOAQUIM DONIZETE ", "cc" : "PSD", "nv" : " ", "e" : "n", "st" : "", "dvt" : "Válido", "vap" : "0", "pvap" : "00.00" }, 
{ "seq" : "214", "sqcand" : "160000678171", "n" : "45555", "nm" : "VLADIMIR JARDIM PONTA GROSSA", "cc" : "PSDB", "nv" : " ", "e" : "n", "st" : "", "dvt" : "Válido", "vap" : "0", "pvap" : "00.00" }, 
{ "seq" : "64", "sqcand" : "160000660357", "n" : "90456", "nm" : "FRANCISCA DA SILVA (FRAN)", "cc" : "PROS", "nv" : " ", "e" : "n", "st" : "", "dvt" : "Válido", "vap" : "0", "pvap" : "00.00" }, 
{ "seq" : "201", "sqcand" : "160000658241", "n" : "15123", "nm" : "TIAGO CORDEIRO", "cc" : "MDB", "nv" : " ", "e" : "n", "st" : "", "dvt" : "Válido", "vap" : "0", "pvap" : "00.00" }, 
{ "seq" : "183", "sqcand" : "160000678170", "n" : "45000", "nm" : "RODY VALÉRIO", "cc" : "PSDB", "nv" : " ", "e" : "n", "st" : "", "dvt" : "Válido", "vap" : "0", "pvap" : "00.00" }, 
{ "seq" : "177", "sqcand" : "160000970276", "n" : "13180", "nm" : "RENATA BORGES", "cc" : "PT", "nv" : " ", "e" : "n", "st" : "", "dvt" : "Válido", "vap" : "0", "pvap" : "00.00" }, 
{ "seq" : "79", "sqcand" : "160000660423", "n" : "55777", "nm" : "ISABEL GODOY", "cc" : "PSD", "nv" : " ", "e" : "n", "st" : "", "dvt" : "Válido", "vap" : "0", "pvap" : "00.00" }, 
{ "seq" : "32", "sqcand" : "160000678184", "n" : "17079", "nm" : "CIDINHA", "cc" : "PSL", "nv" : " ", "e" : "n", "st" : "", "dvt" : "Válido", "vap" : "0", "pvap" : "00.00" }, 
{ "seq" : "174", "sqcand" : "160000678085", "n" : "27900", "nm" : "RAIMUNDINHO", "cc" : "DC", "nv" : " ", "e" : "n", "st" : "", "dvt" : "Válido", "vap" : "0", "pvap" : "00.00" }, 
{ "seq" : "161", "sqcand" : "160000658293", "n" : "25999", "nm" : "PROFESSORA ANINHA", "cc" : "DEM", "nv" : " ", "e" : "n", "st" : "", "dvt" : "Válido", "vap" : "0", "pvap" : "00.00" }, 
{ "seq" : "98", "sqcand" : "160000660284", "n" : "11000", "nm" : "LUCAS LEUGI", "cc" : "PP", "nv" : " ", "e" : "n", "st" : "", "dvt" : "Válido", "vap" : "0", "pvap" : "00.00" }, 
{ "seq" : "152", "sqcand" : "160000658231", "n" : "15155", "nm" : "PROF&#186; EDUARDO COBRA", "cc" : "MDB", "nv" : " ", "e" : "n", "st" : "", "dvt" : "Válido", "vap" : "0", "pvap" : "00.00" }, 
{ "seq" : "166", "sqcand" : "160000678159", "n" : "45567", "nm" : "PROFESSORA LUCI DO CONSELHO", "cc" : "PSDB", "nv" : " ", "e" : "n", "st" : "", "dvt" : "Válido", "vap" : "0", "pvap" : "00.00" }, 
{ "seq" : "44", "sqcand" : "160000678164", "n" : "45021", "nm" : "DIEGO ROGERIO", "cc" : "PSDB", "nv" : " ", "e" : "n", "st" : "", "dvt" : "Válido", "vap" : "0", "pvap" : "00.00" }, 
{ "seq" : "163", "sqcand" : "160000660359", "n" : "90013", "nm" : "PROFESSORA ELIANA ", "cc" : "PROS", "nv" : " ", "e" : "n", "st" : "", "dvt" : "Válido", "vap" : "0", "pvap" : "00.00" }, 
{ "seq" : "71", "sqcand" : "160000660288", "n" : "11890", "nm" : "GUILHERME VINICIUS ", "cc" : "PP", "nv" : " ", "e" : "n", "st" : "", "dvt" : "Válido", "vap" : "0", "pvap" : "00.00" }, 
{ "seq" : "62", "sqcand" : "160000678185", "n" : "17038", "nm" : "FERREIRA INVESTIGADOR", "cc" : "PSL", "nv" : " ", "e" : "n", "st" : "", "dvt" : "Válido", "vap" : "0", "pvap" : "00.00" }, 
{ "seq" : "102", "sqcand" : "160000660383", "n" : "22333", "nm" : "LUIZ VILAS BOAS", "cc" : "PL", "nv" : " ", "e" : "n", "st" : "", "dvt" : "Válido", "vap" : "0", "pvap" : "00.00" }, 
{ "seq" : "179", "sqcand" : "160001136952", "n" : "23555", "nm" : "RILDO DA AUTO ESCOLA", "cc" : "CIDADANIA", "nv" : " ", "e" : "n", "st" : "", "dvt" : "Válido", "vap" : "0", "pvap" : "00.00" }, 
{ "seq" : "121", "sqcand" : "160000970272", "n" : "13300", "nm" : "MARQUINHO", "cc" : "PT", "nv" : " ", "e" : "n", "st" : "", "dvt" : "Válido", "vap" : "0", "pvap" : "00.00" }, 
{ "seq" : "89", "sqcand" : "160000678084", "n" : "27111", "nm" : "KARINA OLEGÁRIO", "cc" : "DC", "nv" : " ", "e" : "n", "st" : "", "dvt" : "Válido", "vap" : "0", "pvap" : "00.00" }, 
{ "seq" : "164", "sqcand" : "160000678173", "n" : "17234", "nm" : "PROFESSORA JANE", "cc" : "PSL", "nv" : " ", "e" : "n", "st" : "", "dvt" : "Válido", "vap" : "0", "pvap" : "00.00" }, 
{ "seq" : "133", "sqcand" : "160000970269", "n" : "13130", "nm" : "NEIDE DA UMMAR", "cc" : "PT", "nv" : " ", "e" : "n", "st" : "", "dvt" : "Válido", "vap" : "0", "pvap" : "00.00" }, 
{ "seq" : "100", "sqcand" : "160000970859", "n" : "19000", "nm" : "LUCIMAR SCARPELINI", "cc" : "PODE", "nv" : " ", "e" : "n", "st" : "", "dvt" : "Válido", "vap" : "0", "pvap" : "00.00" }, 
{ "seq" : "55", "sqcand" : "160000660381", "n" : "22123", "nm" : "ELLEN SORRIBAS", "cc" : "PL", "nv" : " ", "e" : "n", "st" : "", "dvt" : "Válido", "vap" : "0", "pvap" : "00.00" }, 
{ "seq" : "182", "sqcand" : "160000658290", "n" : "25000", "nm" : "RODRIGO LIEVORE (RECIFE)", "cc" : "DEM", "nv" : " ", "e" : "n", "st" : "", "dvt" : "Válido", "vap" : "0", "pvap" : "00.00" }, 
{ "seq" : "146", "sqcand" : "160000660417", "n" : "55111", "nm" : "PAULO DOS REIS", "cc" : "PSD", "nv" : " ", "e" : "n", "st" : "", "dvt" : "Válido", "vap" : "0", "pvap" : "00.00" }, 
{ "seq" : "168", "sqcand" : "160000658236", "n" : "15777", "nm" : "PROFESSORA ROSANGELA QUADROS", "cc" : "MDB", "nv" : " ", "e" : "n", "st" : "", "dvt" : "Válido", "vap" : "0", "pvap" : "00.00" }, 
{ "seq" : "114", "sqcand" : "160000861887", "n" : "40888", "nm" : "MARCOS DO POSTO", "cc" : "PSB", "nv" : " ", "e" : "n", "st" : "", "dvt" : "Válido", "vap" : "0", "pvap" : "00.00" }, 
{ "seq" : "70", "sqcand" : "160001269544", "n" : "11555", "nm" : "GUILHERME HENRIQUE BARBEIRO", "cc" : "PP", "nv" : " ", "e" : "n", "st" : "", "dvt" : "Válido", "vap" : "0", "pvap" : "00.00" }, 
{ "seq" : "145", "sqcand" : "160000658239", "n" : "15151", "nm" : "PAULO DA RAÇÃO", "cc" : "MDB", "nv" : " ", "e" : "n", "st" : "", "dvt" : "Válido", "vap" : "0", "pvap" : "00.00" }, 
{ "seq" : "128", "sqcand" : "160000660419", "n" : "55155", "nm" : "MIRA", "cc" : "PSD", "nv" : " ", "e" : "n", "st" : "", "dvt" : "Válido", "vap" : "0", "pvap" : "00.00" }, 
{ "seq" : "144", "sqcand" : "160000861886", "n" : "40007", "nm" : "PATRICIA PROENÇA", "cc" : "PSB", "nv" : " ", "e" : "n", "st" : "", "dvt" : "Válido", "vap" : "0", "pvap" : "00.00" }, 
{ "seq" : "23", "sqcand" : "160000658237", "n" : "15100", "nm" : "BEPÃO", "cc" : "MDB", "nv" : " ", "e" : "n", "st" : "", "dvt" : "Válido", "vap" : "0", "pvap" : "00.00" }, 
{ "seq" : "74", "sqcand" : "160001136953", "n" : "23111", "nm" : "HELIÃO", "cc" : "CIDADANIA", "nv" : " ", "e" : "n", "st" : "", "dvt" : "Válido", "vap" : "0", "pvap" : "00.00" }, 
{ "seq" : "54", "sqcand" : "160000660293", "n" : "11011", "nm" : "ELIANA ROCHA ", "cc" : "PP", "nv" : " ", "e" : "n", "st" : "", "dvt" : "Válido", "vap" : "0", "pvap" : "00.00" }, 
{ "seq" : "53", "sqcand" : "160000678169", "n" : "45678", "nm" : "EDSON VALIM", "cc" : "PSDB", "nv" : " ", "e" : "n", "st" : "", "dvt" : "Válido", "vap" : "0", "pvap" : "00.00" }, 
{ "seq" : "49", "sqcand" : "160000970275", "n" : "13123", "nm" : "EDER PERNINHA", "cc" : "PT", "nv" : " ", "e" : "n", "st" : "", "dvt" : "Válido", "vap" : "0", "pvap" : "00.00" }, 
{ "seq" : "134", "sqcand" : "160000660368", "n" : "90123", "nm" : "NENO LEIROZ", "cc" : "PROS", "nv" : " ", "e" : "n", "st" : "", "dvt" : "Válido", "vap" : "0", "pvap" : "00.00" }, 
{ "seq" : "34", "sqcand" : "160000851156", "n" : "10000", "nm" : "CIGANO", "cc" : "REPUBLICANOS", "nv" : " ", "e" : "n", "st" : "", "dvt" : "Válido", "vap" : "0", "pvap" : "00.00" }, 
{ "seq" : "220", "sqcand" : "160000678073", "n" : "27777", "nm" : "ZÉ DO RANCHO", "cc" : "DC", "nv" : " ", "e" : "n", "st" : "", "dvt" : "Válido", "vap" : "0", "pvap" : "00.00" }, 
{ "seq" : "73", "sqcand" : "160001136944", "n" : "23999", "nm" : "HELEN FER", "cc" : "CIDADANIA", "nv" : " ", "e" : "n", "st" : "", "dvt" : "Válido", "vap" : "0", "pvap" : "00.00" }, 
{ "seq" : "31", "sqcand" : "160000658292", "n" : "25359", "nm" : "CIDA TUR", "cc" : "DEM", "nv" : " ", "e" : "n", "st" : "", "dvt" : "Válido", "vap" : "0", "pvap" : "00.00" }, 
{ "seq" : "43", "sqcand" : "160000658287", "n" : "25010", "nm" : "DERCILIO", "cc" : "DEM", "nv" : " ", "e" : "n", "st" : "", "dvt" : "Válido", "vap" : "0", "pvap" : "00.00" }, 
{ "seq" : "29", "sqcand" : "160000678167", "n" : "45035", "nm" : "CARLINHA", "cc" : "PSDB", "nv" : " ", "e" : "n", "st" : "", "dvt" : "Válido", "vap" : "0", "pvap" : "00.00" }, 
{ "seq" : "117", "sqcand" : "160000660422", "n" : "55525", "nm" : "MARINA DA SAÚDE", "cc" : "PSD", "nv" : " ", "e" : "n", "st" : "", "dvt" : "Válido", "vap" : "0", "pvap" : "00.00" }, 
{ "seq" : "81", "sqcand" : "160000660356", "n" : "90577", "nm" : "JACIRA", "cc" : "PROS", "nv" : " ", "e" : "n", "st" : "", "dvt" : "Válido", "vap" : "0", "pvap" : "00.00" }, 
{ "seq" : "21", "sqcand" : "160000861881", "n" : "40192", "nm" : "AVANSI", "cc" : "PSB", "nv" : " ", "e" : "n", "st" : "", "dvt" : "Válido", "vap" : "0", "pvap" : "00.00" }, 
{ "seq" : "135", "sqcand" : "160000970265", "n" : "13013", "nm" : "NEUSA", "cc" : "PT", "nv" : " ", "e" : "n", "st" : "", "dvt" : "Válido", "vap" : "0", "pvap" : "00.00" }, 
{ "seq" : "26", "sqcand" : "160000970852", "n" : "19456", "nm" : "BRUNO MORAIS", "cc" : "PODE", "nv" : " ", "e" : "n", "st" : "", "dvt" : "Válido", "vap" : "0", "pvap" : "00.00" }, 
{ "seq" : "169", "sqcand" : "160000660421", "n" : "55500", "nm" : "PROFESSORA SILVIA", "cc" : "PSD", "nv" : " ", "e" : "n", "st" : "", "dvt" : "Válido", "vap" : "0", "pvap" : "00.00" }, 
{ "seq" : "115", "sqcand" : "160000851152", "n" : "10123", "nm" : "MARCOS ROCHA", "cc" : "REPUBLICANOS", "nv" : " ", "e" : "n", "st" : "", "dvt" : "Válido", "vap" : "0", "pvap" : "00.00" }, 
{ "seq" : "197", "sqcand" : "160000658294", "n" : "25192", "nm" : "SOCORRISTA ALESSANDRO MELO", "cc" : "DEM", "nv" : " ", "e" : "n", "st" : "", "dvt" : "Válido", "vap" : "0", "pvap" : "00.00" }, 
{ "seq" : "17", "sqcand" : "160000658227", "n" : "15415", "nm" : "ANTONIO MOVEIS USADOS", "cc" : "MDB", "nv" : " ", "e" : "n", "st" : "", "dvt" : "Válido", "vap" : "0", "pvap" : "00.00" }, 
{ "seq" : "138", "sqcand" : "160000851154", "n" : "10100", "nm" : "NOEMIA FERREIRA", "cc" : "REPUBLICANOS", "nv" : " ", "e" : "n", "st" : "", "dvt" : "Válido", "vap" : "0", "pvap" : "00.00" }, 
{ "seq" : "8", "sqcand" : "160001136941", "n" : "23003", "nm" : "ALINE SILVA", "cc" : "CIDADANIA", "nv" : " ", "e" : "n", "st" : "", "dvt" : "Válido", "vap" : "0", "pvap" : "00.00" }, 
{ "seq" : "170", "sqcand" : "160000658242", "n" : "15456", "nm" : "PROFESSORA SIMONI", "cc" : "MDB", "nv" : " ", "e" : "n", "st" : "", "dvt" : "Válido", "vap" : "0", "pvap" : "00.00" }, 
{ "seq" : "113", "sqcand" : "160000678183", "n" : "17777", "nm" : "MARCOS DIAS", "cc" : "PSL", "nv" : " ", "e" : "n", "st" : "", "dvt" : "Válido", "vap" : "0", "pvap" : "00.00" }, 
{ "seq" : "37", "sqcand" : "160000970262", "n" : "13262", "nm" : "CLIDINHO SINDICATO", "cc" : "PT", "nv" : " ", "e" : "n", "st" : "", "dvt" : "Válido", "vap" : "0", "pvap" : "00.00" }, 
{ "seq" : "189", "sqcand" : "160000658228", "n" : "15000", "nm" : "SAN", "cc" : "MDB", "nv" : " ", "e" : "n", "st" : "", "dvt" : "Válido", "vap" : "0", "pvap" : "00.00" }, 
{ "seq" : "206", "sqcand" : "160000658283", "n" : "25240", "nm" : "VAL DO PONTA GROSSA", "cc" : "DEM", "nv" : " ", "e" : "n", "st" : "", "dvt" : "Válido", "vap" : "0", "pvap" : "00.00" }, 
{ "seq" : "106", "sqcand" : "160000678076", "n" : "27444", "nm" : "MAIKON CHAPEIRO", "cc" : "DC", "nv" : " ", "e" : "n", "st" : "", "dvt" : "Válido", "vap" : "0", "pvap" : "00.00" }, 
{ "seq" : "130", "sqcand" : "160001136947", "n" : "23123", "nm" : "MOISES TAVARES", "cc" : "CIDADANIA", "nv" : " ", "e" : "n", "st" : "", "dvt" : "Válido", "vap" : "0", "pvap" : "00.00" }, 
{ "seq" : "181", "sqcand" : "160000660418", "n" : "55191", "nm" : "ROBERTO OTHON", "cc" : "PSD", "nv" : " ", "e" : "n", "st" : "", "dvt" : "Válido", "vap" : "0", "pvap" : "00.00" }, 
{ "seq" : "120", "sqcand" : "160000970274", "n" : "13777", "nm" : "MARLENE DE CASTRO", "cc" : "PT", "nv" : " ", "e" : "n", "st" : "", "dvt" : "Válido", "vap" : "0", "pvap" : "00.00" }, 
{ "seq" : "202", "sqcand" : "160000660298", "n" : "11233", "nm" : "TIAOZINHO FELICIO", "cc" : "PP", "nv" : " ", "e" : "n", "st" : "", "dvt" : "Válido", "vap" : "0", "pvap" : "00.00" }, 
{ "seq" : "200", "sqcand" : "160000660283", "n" : "11111", "nm" : "TIA SANDRA", "cc" : "PP", "nv" : " ", "e" : "n", "st" : "", "dvt" : "Válido", "vap" : "0", "pvap" : "00.00" }, 
{ "seq" : "88", "sqcand" : "160000658233", "n" : "15131", "nm" : "JUDITH SOUZA", "cc" : "MDB", "nv" : " ", "e" : "n", "st" : "", "dvt" : "Válido", "vap" : "0", "pvap" : "00.00" }, 
{ "seq" : "109", "sqcand" : "160000861883", "n" : "40123", "nm" : "MARCELO MESSIAS", "cc" : "PSB", "nv" : " ", "e" : "n", "st" : "", "dvt" : "Válido", "vap" : "0", "pvap" : "00.00" }, 
{ "seq" : "184", "sqcand" : "160000970270", "n" : "13456", "nm" : "ROMILDO CATADOR", "cc" : "PT", "nv" : " ", "e" : "n", "st" : "", "dvt" : "Válido", "vap" : "0", "pvap" : "00.00" }, 
{ "seq" : "58", "sqcand" : "160000861877", "n" : "40116", "nm" : "ESTER", "cc" : "PSB", "nv" : " ", "e" : "n", "st" : "", "dvt" : "Válido", "vap" : "0", "pvap" : "00.00" }, 
{ "seq" : "28", "sqcand" : "160000658230", "n" : "15333", "nm" : "CAMBIRA DO POSTO", "cc" : "MDB", "nv" : " ", "e" : "n", "st" : "", "dvt" : "Válido", "vap" : "0", "pvap" : "00.00" }, 
{ "seq" : "160", "sqcand" : "160000660388", "n" : "22000", "nm" : "PROFESSOR MOLINA", "cc" : "PL", "nv" : " ", "e" : "n", "st" : "", "dvt" : "Válido", "vap" : "0", "pvap" : "00.00" }, 
{ "seq" : "126", "sqcand" : "160000678075", "n" : "27555", "nm" : "MEIRE BRAGA", "cc" : "DC", "nv" : " ", "e" : "n", "st" : "", "dvt" : "Válido", "vap" : "0", "pvap" : "00.00" }, 
{ "seq" : "110", "sqcand" : "160000660414", "n" : "55800", "nm" : "MARCIA SOUSA", "cc" : "PSD", "nv" : " ", "e" : "n", "st" : "", "dvt" : "Válido", "vap" : "0", "pvap" : "00.00" }, 
{ "seq" : "185", "sqcand" : "160000861873", "n" : "40020", "nm" : "ROSELI", "cc" : "PSB", "nv" : " ", "e" : "n", "st" : "", "dvt" : "Válido", "vap" : "0", "pvap" : "00.00" }, 
{ "seq" : "176", "sqcand" : "160000970266", "n" : "13078", "nm" : "REINALDO AFONSO CAMARGO", "cc" : "PT", "nv" : " ", "e" : "n", "st" : "", "dvt" : "Válido", "vap" : "0", "pvap" : "00.00" }, 
{ "seq" : "12", "sqcand" : "160000660376", "n" : "22322", "nm" : "ANA MARIA SCHMIDT", "cc" : "PL", "nv" : " ", "e" : "n", "st" : "", "dvt" : "Válido", "vap" : "0", "pvap" : "00.00" }, 
{ "seq" : "141", "sqcand" : "160000658297", "n" : "25153", "nm" : "PABLO DA SEGURANÇA", "cc" : "DEM", "nv" : " ", "e" : "n", "st" : "", "dvt" : "Válido", "vap" : "0", "pvap" : "00.00" }, 
{ "seq" : "1", "sqcand" : "160000658291", "n" : "25123", "nm" : "ADAN LENHARO", "cc" : "DEM", "nv" : " ", "e" : "n", "st" : "", "dvt" : "Válido", "vap" : "0", "pvap" : "00.00" }, 
{ "seq" : "66", "sqcand" : "160000678083", "n" : "27800", "nm" : "GABRIEL CALDEIRA", "cc" : "DC", "nv" : " ", "e" : "n", "st" : "", "dvt" : "Válido", "vap" : "0", "pvap" : "00.00" }, 
{ "seq" : "59", "sqcand" : "160000678080", "n" : "27333", "nm" : "EV CIRO SANTO", "cc" : "DC", "nv" : " ", "e" : "n", "st" : "", "dvt" : "Válido", "vap" : "0", "pvap" : "00.00" }, 
{ "seq" : "205", "sqcand" : "160000660375", "n" : "22678", "nm" : "TREINADORA SANDRA", "cc" : "PL", "nv" : " ", "e" : "n", "st" : "", "dvt" : "Válido", "vap" : "0", "pvap" : "00.00" }, 
{ "seq" : "76", "sqcand" : "160001136954", "n" : "23038", "nm" : "INVESTIGADOR FREITAS", "cc" : "CIDADANIA", "nv" : " ", "e" : "n", "st" : "", "dvt" : "Válido", "vap" : "0", "pvap" : "00.00" } ] }