{ "ele" : "426", "tpabr" : "mu", "cdabr" : "74322", "carper" : "13", "t" : "1", "f" : "o", "dt" : "07\/11\/2020", "ht" : "02:10:06", "dv" : "s", "tf" : "n", "v" : "13", "esae" : "n", "mnae" : "", "s" : "200", "st" : "0", "pst" : "   0,00", "snt" : "200", "psnt" : " 100,00", "si" : "0", "psi" : "   0,00", "sni" : "0", "psni" : "   0,00", "sa" : "0", "psa" : "   0,00", "sna" : "0", "psna" : "   0,00", "e" : "75330", "ea" : "0", "pea" : "   0,00", "ena" : "0", "pena" : "   0,00", "esi" : "0", "pesi" : "   0,00", "esni" : "0", "pesni" : "   0,00", "c" : "0", "pc" : "   0,00", "a" : "0", "pa" : "   0,00", "vscv" : "0", "vnom" : "0", "vl" : "0", "pvnom" : "00,00", "pvl" : "00,00", "vvc" : "0", "pvvc" : "00,00", "vb" : "0", "pvb" : "00,00", "tvn" : "0", "ptvn" : "00,00", "vn" : "0", "pvn" : "00,00", "vnt" : "0", "pvnt" : "00,00", "vp" : "0", "pvp" : "00,00", "vv" : "0", "pvv" : "00,00", "van" : "0", "pvan" : "00,00", "vansj" : "0", "pvansj" : "00,00", "tv" : "0", "cand" : [ 
{ "seq" : "107", "sqcand" : "160001231238", "n" : "18190", "nm" : "GERALDA DOS EUCALIPTOS", "cc" : "REDE", "nv" : " ", "e" : "n", "st" : "", "dvt" : "Válido", "vap" : "0", "pvap" : "00.00" }, 
{ "seq" : "128", "sqcand" : "160000658640", "n" : "28911", "nm" : "JOÃO DA EMPREITEIRA", "cc" : "PRTB", "nv" : " ", "e" : "n", "st" : "", "dvt" : "Válido", "vap" : "0", "pvap" : "00.00" }, 
{ "seq" : "158", "sqcand" : "160000658596", "n" : "11430", "nm" : "LUIZ BEM BOLADO", "cc" : "PP", "nv" : " ", "e" : "n", "st" : "", "dvt" : "Válido", "vap" : "0", "pvap" : "00.00" }, 
{ "seq" : "147", "sqcand" : "160000661819", "n" : "14000", "nm" : "LENITA SANTOS", "cc" : "PTB", "nv" : " ", "e" : "n", "st" : "", "dvt" : "Válido", "vap" : "0", "pvap" : "00.00" }, 
{ "seq" : "259", "sqcand" : "160000781806", "n" : "15039", "nm" : "TERAPEUTA MARCIA", "cc" : "MDB", "nv" : " ", "e" : "n", "st" : "", "dvt" : "Válido", "vap" : "0", "pvap" : "00.00" }, 
{ "seq" : "156", "sqcand" : "160000658493", "n" : "10350", "nm" : "LUCIMAR DE MORAES", "cc" : "REPUBLICANOS", "nv" : " ", "e" : "n", "st" : "", "dvt" : "Válido", "vap" : "0", "pvap" : "00.00" }, 
{ "seq" : "142", "sqcand" : "160000782510", "n" : "70007", "nm" : "KATIA GUARDA MUNICIPAL", "cc" : "AVANTE", "nv" : " ", "e" : "n", "st" : "", "dvt" : "Válido", "vap" : "0", "pvap" : "00.00" }, 
{ "seq" : "112", "sqcand" : "160000838062", "n" : "40190", "nm" : "GOIANO", "cc" : "PSB", "nv" : " ", "e" : "n", "st" : "", "dvt" : "Válido", "vap" : "0", "pvap" : "00.00" }, 
{ "seq" : "129", "sqcand" : "160000782509", "n" : "70077", "nm" : "JOÃO MILANI", "cc" : "AVANTE", "nv" : " ", "e" : "n", "st" : "", "dvt" : "Válido", "vap" : "0", "pvap" : "00.00" }, 
{ "seq" : "113", "sqcand" : "160000646532", "n" : "27032", "nm" : "GONÇALVES SEGURANÇA", "cc" : "DC", "nv" : " ", "e" : "n", "st" : "", "dvt" : "Válido", "vap" : "0", "pvap" : "00.00" }, 
{ "seq" : "246", "sqcand" : "160001262001", "n" : "18120", "nm" : "SIDNEY JACARÉ", "cc" : "REDE", "nv" : " ", "e" : "n", "st" : "", "dvt" : "Válido", "vap" : "0", "pvap" : "00.00" }, 
{ "seq" : "110", "sqcand" : "160000650212", "n" : "23121", "nm" : "GILMAR PETRY", "cc" : "CIDADANIA", "nv" : " ", "e" : "n", "st" : "", "dvt" : "Válido", "vap" : "0", "pvap" : "00.00" }, 
{ "seq" : "86", "sqcand" : "160000838066", "n" : "40188", "nm" : "ELIAS BELCO O PROFESSOR", "cc" : "PSB", "nv" : " ", "e" : "n", "st" : "", "dvt" : "Válido", "vap" : "0", "pvap" : "00.00" }, 
{ "seq" : "185", "sqcand" : "160000646537", "n" : "27007", "nm" : "MIRO", "cc" : "DC", "nv" : " ", "e" : "n", "st" : "", "dvt" : "Válido", "vap" : "0", "pvap" : "00.00" }, 
{ "seq" : "242", "sqcand" : "160000782959", "n" : "17000", "nm" : "SERJAO", "cc" : "PSL", "nv" : " ", "e" : "n", "st" : "", "dvt" : "Válido", "vap" : "0", "pvap" : "00.00" }, 
{ "seq" : "157", "sqcand" : "160000650225", "n" : "23023", "nm" : "LUIZ BARRETO", "cc" : "CIDADANIA", "nv" : " ", "e" : "n", "st" : "", "dvt" : "Válido", "vap" : "0", "pvap" : "00.00" }, 
{ "seq" : "83", "sqcand" : "160000661818", "n" : "14010", "nm" : "EDVALDO DA DISTRIBUIDORA", "cc" : "PTB", "nv" : " ", "e" : "n", "st" : "", "dvt" : "Válido", "vap" : "0", "pvap" : "00.00" }, 
{ "seq" : "261", "sqcand" : "160000646535", "n" : "27075", "nm" : "TIA ADRI DO PET", "cc" : "DC", "nv" : " ", "e" : "n", "st" : "", "dvt" : "Válido", "vap" : "0", "pvap" : "00.00" }, 
{ "seq" : "225", "sqcand" : "160001180726", "n" : "13015", "nm" : "PROFESSORA DENIZE", "cc" : "PT", "nv" : " ", "e" : "n", "st" : "", "dvt" : "Válido", "vap" : "0", "pvap" : "00.00" }, 
{ "seq" : "44", "sqcand" : "160000650221", "n" : "23567", "nm" : "CHANDY CASTRO", "cc" : "CIDADANIA", "nv" : " ", "e" : "n", "st" : "", "dvt" : "Válido", "vap" : "0", "pvap" : "00.00" }, 
{ "seq" : "126", "sqcand" : "160001262697", "n" : "17627", "nm" : "JÔ D&apos; BLAIR", "cc" : "PSL", "nv" : " ", "e" : "n", "st" : "", "dvt" : "Válido", "vap" : "0", "pvap" : "00.00" }, 
{ "seq" : "137", "sqcand" : "160001180725", "n" : "13713", "nm" : "JULIANA BARDDAL", "cc" : "PT", "nv" : " ", "e" : "n", "st" : "", "dvt" : "Válido", "vap" : "0", "pvap" : "00.00" }, 
{ "seq" : "56", "sqcand" : "160000658491", "n" : "10222", "nm" : "COELHO DUBAS", "cc" : "REPUBLICANOS", "nv" : " ", "e" : "n", "st" : "", "dvt" : "Válido", "vap" : "0", "pvap" : "00.00" }, 
{ "seq" : "41", "sqcand" : "160000658778", "n" : "51555", "nm" : "CARLOS DA ROSA", "cc" : "PATRIOTA", "nv" : " ", "e" : "n", "st" : "", "dvt" : "Válido", "vap" : "0", "pvap" : "00.00" }, 
{ "seq" : "191", "sqcand" : "160000782521", "n" : "70011", "nm" : "NEGÃO DA BORRACHARIA", "cc" : "AVANTE", "nv" : " ", "e" : "n", "st" : "", "dvt" : "Válido", "vap" : "0", "pvap" : "00.00" }, 
{ "seq" : "33", "sqcand" : "160001180717", "n" : "13300", "nm" : "CAMILA RUPPEL", "cc" : "PT", "nv" : " ", "e" : "n", "st" : "", "dvt" : "Válido", "vap" : "0", "pvap" : "00.00" }, 
{ "seq" : "52", "sqcand" : "160000838060", "n" : "40772", "nm" : "CLEIBI MARINHO", "cc" : "PSB", "nv" : " ", "e" : "n", "st" : "", "dvt" : "Válido", "vap" : "0", "pvap" : "00.00" }, 
{ "seq" : "50", "sqcand" : "160000658496", "n" : "10610", "nm" : "CLAUDIO SANTOS", "cc" : "REPUBLICANOS", "nv" : " ", "e" : "n", "st" : "", "dvt" : "Válido", "vap" : "0", "pvap" : "00.00" }, 
{ "seq" : "183", "sqcand" : "160000650216", "n" : "23512", "nm" : "MIRIAN DA MELHOR IDADE", "cc" : "CIDADANIA", "nv" : " ", "e" : "n", "st" : "", "dvt" : "Válido", "vap" : "0", "pvap" : "00.00" }, 
{ "seq" : "39", "sqcand" : "160000658759", "n" : "55010", "nm" : "CARLÃO", "cc" : "PSD", "nv" : " ", "e" : "n", "st" : "", "dvt" : "Válido", "vap" : "0", "pvap" : "00.00" }, 
{ "seq" : "161", "sqcand" : "160001204405", "n" : "28111", "nm" : "LUZIA MEIRA", "cc" : "PRTB", "nv" : " ", "e" : "n", "st" : "", "dvt" : "Válido", "vap" : "0", "pvap" : "00.00" }, 
{ "seq" : "200", "sqcand" : "160000658610", "n" : "11321", "nm" : "PAMELA GALVÃO", "cc" : "PP", "nv" : " ", "e" : "n", "st" : "", "dvt" : "Válido", "vap" : "0", "pvap" : "00.00" }, 
{ "seq" : "167", "sqcand" : "160000782523", "n" : "70789", "nm" : "MÁRCIA MARTENDAL", "cc" : "AVANTE", "nv" : " ", "e" : "n", "st" : "", "dvt" : "Válido", "vap" : "0", "pvap" : "00.00" }, 
{ "seq" : "79", "sqcand" : "160000658599", "n" : "11457", "nm" : "EDI SALETE", "cc" : "PP", "nv" : " ", "e" : "n", "st" : "", "dvt" : "Válido", "vap" : "0", "pvap" : "00.00" }, 
{ "seq" : "273", "sqcand" : "160000682539", "n" : "90888", "nm" : "WESLEI PRESTES", "cc" : "PROS", "nv" : " ", "e" : "n", "st" : "", "dvt" : "Válido", "vap" : "0", "pvap" : "00.00" }, 
{ "seq" : "66", "sqcand" : "160000781811", "n" : "15777", "nm" : "DELIZOM FURTADO", "cc" : "MDB", "nv" : " ", "e" : "n", "st" : "", "dvt" : "Válido", "vap" : "0", "pvap" : "00.00" }, 
{ "seq" : "219", "sqcand" : "160001204406", "n" : "28500", "nm" : "PROFESSOR FABIANO FUBÁ", "cc" : "PRTB", "nv" : " ", "e" : "n", "st" : "", "dvt" : "Válido", "vap" : "0", "pvap" : "00.00" }, 
{ "seq" : "141", "sqcand" : "160000650224", "n" : "23000", "nm" : "JUNIOR ROSA", "cc" : "CIDADANIA", "nv" : " ", "e" : "n", "st" : "", "dvt" : "Válido", "vap" : "0", "pvap" : "00.00" }, 
{ "seq" : "262", "sqcand" : "160000682551", "n" : "90122", "nm" : "TIDE", "cc" : "PROS", "nv" : " ", "e" : "n", "st" : "", "dvt" : "Válido", "vap" : "0", "pvap" : "00.00" }, 
{ "seq" : "92", "sqcand" : "160001204407", "n" : "28555", "nm" : "ENFERMEIRO ZÉ CARLOS", "cc" : "PRTB", "nv" : " ", "e" : "n", "st" : "", "dvt" : "Válido", "vap" : "0", "pvap" : "00.00" }, 
{ "seq" : "153", "sqcand" : "160000838057", "n" : "40287", "nm" : "LU DA QUIMASSA", "cc" : "PSB", "nv" : " ", "e" : "n", "st" : "", "dvt" : "Válido", "vap" : "0", "pvap" : "00.00" }, 
{ "seq" : "98", "sqcand" : "160000658485", "n" : "10777", "nm" : "FERNANDINHO DA EDUCAÇÃO", "cc" : "REPUBLICANOS", "nv" : " ", "e" : "n", "st" : "", "dvt" : "Válido", "vap" : "0", "pvap" : "00.00" }, 
{ "seq" : "76", "sqcand" : "160000661822", "n" : "14222", "nm" : "DU DO SUZUKI", "cc" : "PTB", "nv" : " ", "e" : "n", "st" : "", "dvt" : "Válido", "vap" : "0", "pvap" : "00.00" }, 
{ "seq" : "252", "sqcand" : "160000661816", "n" : "14777", "nm" : "SUELEN ROCHA", "cc" : "PTB", "nv" : " ", "e" : "n", "st" : "", "dvt" : "Válido", "vap" : "0", "pvap" : "00.00" }, 
{ "seq" : "149", "sqcand" : "160000782957", "n" : "17444", "nm" : "LIDIA ARTESÃ", "cc" : "PSL", "nv" : " ", "e" : "n", "st" : "", "dvt" : "Válido", "vap" : "0", "pvap" : "00.00" }, 
{ "seq" : "230", "sqcand" : "160000646611", "n" : "20856", "nm" : "RAONI", "cc" : "PSC", "nv" : " ", "e" : "n", "st" : "", "dvt" : "Anulado sub judice", "vap" : "0", "pvap" : "00.00" }, 
{ "seq" : "173", "sqcand" : "160001204404", "n" : "28028", "nm" : "MARILDA GARCIA", "cc" : "PRTB", "nv" : " ", "e" : "n", "st" : "", "dvt" : "Válido", "vap" : "0", "pvap" : "00.00" }, 
{ "seq" : "232", "sqcand" : "160000658781", "n" : "51116", "nm" : "RENATO", "cc" : "PATRIOTA", "nv" : " ", "e" : "n", "st" : "", "dvt" : "Válido", "vap" : "0", "pvap" : "00.00" }, 
{ "seq" : "61", "sqcand" : "160000682553", "n" : "90123", "nm" : "DANNY SANTOS", "cc" : "PROS", "nv" : " ", "e" : "n", "st" : "", "dvt" : "Válido", "vap" : "0", "pvap" : "00.00" }, 
{ "seq" : "69", "sqcand" : "160000658490", "n" : "10987", "nm" : "DIEGO GOUVEIA", "cc" : "REPUBLICANOS", "nv" : " ", "e" : "n", "st" : "", "dvt" : "Válido", "vap" : "0", "pvap" : "00.00" }, 
{ "seq" : "224", "sqcand" : "160000658767", "n" : "55020", "nm" : "PROFESSOR REINHOLD FREY", "cc" : "PSD", "nv" : " ", "e" : "n", "st" : "", "dvt" : "Válido", "vap" : "0", "pvap" : "00.00" }, 
{ "seq" : "34", "sqcand" : "160001180730", "n" : "13013", "nm" : "CAMINHONEIRO AGOSTINHO MARIAN", "cc" : "PT", "nv" : " ", "e" : "n", "st" : "", "dvt" : "Válido", "vap" : "0", "pvap" : "00.00" }, 
{ "seq" : "218", "sqcand" : "160000658764", "n" : "55100", "nm" : "PROF. FERNANDA PACHECO", "cc" : "PSD", "nv" : " ", "e" : "n", "st" : "", "dvt" : "Válido", "vap" : "0", "pvap" : "00.00" }, 
{ "seq" : "60", "sqcand" : "160001204401", "n" : "28237", "nm" : "DANIEL DO FERREIRO", "cc" : "PRTB", "nv" : " ", "e" : "n", "st" : "", "dvt" : "Válido", "vap" : "0", "pvap" : "00.00" }, 
{ "seq" : "75", "sqcand" : "160000658768", "n" : "55555", "nm" : "DR. RENAN WOZNIACK", "cc" : "PSD", "nv" : " ", "e" : "n", "st" : "", "dvt" : "Válido", "vap" : "0", "pvap" : "00.00" }, 
{ "seq" : "199", "sqcand" : "160000661829", "n" : "14123", "nm" : "OSMAR CORREIA", "cc" : "PTB", "nv" : " ", "e" : "n", "st" : "", "dvt" : "Válido", "vap" : "0", "pvap" : "00.00" }, 
{ "seq" : "12", "sqcand" : "160000658755", "n" : "55333", "nm" : "ALINE APARECIDA", "cc" : "PSD", "nv" : " ", "e" : "n", "st" : "", "dvt" : "Válido", "vap" : "0", "pvap" : "00.00" }, 
{ "seq" : "13", "sqcand" : "160000658601", "n" : "11190", "nm" : "ALINE DANTAS", "cc" : "PP", "nv" : " ", "e" : "n", "st" : "", "dvt" : "Válido", "vap" : "0", "pvap" : "00.00" }, 
{ "seq" : "248", "sqcand" : "160000989874", "n" : "19000", "nm" : "SIMONE DIACOVO", "cc" : "PODE", "nv" : " ", "e" : "n", "st" : "", "dvt" : "Válido", "vap" : "0", "pvap" : "00.00" }, 
{ "seq" : "48", "sqcand" : "160001204402", "n" : "28333", "nm" : "CLAUDIANE", "cc" : "PRTB", "nv" : " ", "e" : "n", "st" : "", "dvt" : "Válido", "vap" : "0", "pvap" : "00.00" }, 
{ "seq" : "16", "sqcand" : "160000658495", "n" : "10380", "nm" : "ANDRE RASBOLD", "cc" : "REPUBLICANOS", "nv" : " ", "e" : "n", "st" : "", "dvt" : "Válido", "vap" : "0", "pvap" : "00.00" }, 
{ "seq" : "57", "sqcand" : "160000661817", "n" : "14333", "nm" : "CONRADO LOPES", "cc" : "PTB", "nv" : " ", "e" : "n", "st" : "", "dvt" : "Válido", "vap" : "0", "pvap" : "00.00" }, 
{ "seq" : "125", "sqcand" : "160000661825", "n" : "14111", "nm" : "JHEI DO CAFÉ CORAÇÃO", "cc" : "PTB", "nv" : " ", "e" : "n", "st" : "", "dvt" : "Válido", "vap" : "0", "pvap" : "00.00" }, 
{ "seq" : "21", "sqcand" : "160001204414", "n" : "28000", "nm" : "BATISTELLA", "cc" : "PRTB", "nv" : " ", "e" : "n", "st" : "", "dvt" : "Válido", "vap" : "0", "pvap" : "00.00" }, 
{ "seq" : "109", "sqcand" : "160000646602", "n" : "20555", "nm" : "GILMAR MEGUSTA", "cc" : "PSC", "nv" : " ", "e" : "n", "st" : "", "dvt" : "Válido", "vap" : "0", "pvap" : "00.00" }, 
{ "seq" : "78", "sqcand" : "160000646541", "n" : "27890", "nm" : "EDEMILSON SUARTZ", "cc" : "DC", "nv" : " ", "e" : "n", "st" : "", "dvt" : "Válido", "vap" : "0", "pvap" : "00.00" }, 
{ "seq" : "77", "sqcand" : "160000646604", "n" : "20111", "nm" : "DULCE", "cc" : "PSC", "nv" : " ", "e" : "n", "st" : "", "dvt" : "Válido", "vap" : "0", "pvap" : "00.00" }, 
{ "seq" : "226", "sqcand" : "160000838063", "n" : "40321", "nm" : "PROFESSORA KEILA", "cc" : "PSB", "nv" : " ", "e" : "n", "st" : "", "dvt" : "Válido", "vap" : "0", "pvap" : "00.00" }, 
{ "seq" : "152", "sqcand" : "160000661826", "n" : "14014", "nm" : "LORENI MASSOTERAPEUTA", "cc" : "PTB", "nv" : " ", "e" : "n", "st" : "", "dvt" : "Válido", "vap" : "0", "pvap" : "00.00" }, 
{ "seq" : "133", "sqcand" : "160000661823", "n" : "14145", "nm" : "JORGE GARI", "cc" : "PTB", "nv" : " ", "e" : "n", "st" : "", "dvt" : "Válido", "vap" : "0", "pvap" : "00.00" }, 
{ "seq" : "88", "sqcand" : "160000646609", "n" : "20055", "nm" : "ELIETE", "cc" : "PSC", "nv" : " ", "e" : "n", "st" : "", "dvt" : "Válido", "vap" : "0", "pvap" : "00.00" }, 
{ "seq" : "256", "sqcand" : "160000782950", "n" : "17020", "nm" : "TATÁ RODRIGUES", "cc" : "PSL", "nv" : " ", "e" : "n", "st" : "", "dvt" : "Válido", "vap" : "0", "pvap" : "00.00" }, 
{ "seq" : "18", "sqcand" : "160001180720", "n" : "13444", "nm" : "ANTONIO ABREU", "cc" : "PT", "nv" : " ", "e" : "n", "st" : "", "dvt" : "Válido", "vap" : "0", "pvap" : "00.00" }, 
{ "seq" : "159", "sqcand" : "160000661827", "n" : "14444", "nm" : "LUIZ CARLOS", "cc" : "PTB", "nv" : " ", "e" : "n", "st" : "", "dvt" : "Válido", "vap" : "0", "pvap" : "00.00" }, 
{ "seq" : "9", "sqcand" : "160001180722", "n" : "13131", "nm" : "ALESON", "cc" : "PT", "nv" : " ", "e" : "n", "st" : "", "dvt" : "Válido", "vap" : "0", "pvap" : "00.00" }, 
{ "seq" : "99", "sqcand" : "160000838059", "n" : "40777", "nm" : "FERNANDO ZANINI", "cc" : "PSB", "nv" : " ", "e" : "n", "st" : "", "dvt" : "Válido", "vap" : "0", "pvap" : "00.00" }, 
{ "seq" : "96", "sqcand" : "160001231242", "n" : "18888", "nm" : "FÁBIO NEVES", "cc" : "REDE", "nv" : " ", "e" : "n", "st" : "", "dvt" : "Válido", "vap" : "0", "pvap" : "00.00" }, 
{ "seq" : "127", "sqcand" : "160000838068", "n" : "40004", "nm" : "JÔ DA FUNERÁRIA", "cc" : "PSB", "nv" : " ", "e" : "n", "st" : "", "dvt" : "Válido", "vap" : "0", "pvap" : "00.00" }, 
{ "seq" : "212", "sqcand" : "160000782946", "n" : "17111", "nm" : "PINHEIRO DA CAÇAMBA", "cc" : "PSL", "nv" : " ", "e" : "n", "st" : "", "dvt" : "Válido", "vap" : "0", "pvap" : "00.00" }, 
{ "seq" : "91", "sqcand" : "160000658763", "n" : "55321", "nm" : "ENFERMEIRO WHEVERTON TEIXEIRA", "cc" : "PSD", "nv" : " ", "e" : "n", "st" : "", "dvt" : "Válido", "vap" : "0", "pvap" : "00.00" }, 
{ "seq" : "4", "sqcand" : "160000781800", "n" : "15555", "nm" : "ADIR MIRANDA", "cc" : "MDB", "nv" : " ", "e" : "n", "st" : "", "dvt" : "Válido", "vap" : "0", "pvap" : "00.00" }, 
{ "seq" : "119", "sqcand" : "160001262002", "n" : "18114", "nm" : "IVONE DE JESUS", "cc" : "REDE", "nv" : " ", "e" : "n", "st" : "", "dvt" : "Válido", "vap" : "0", "pvap" : "00.00" }, 
{ "seq" : "192", "sqcand" : "160000682548", "n" : "90777", "nm" : "NELSON BUENO", "cc" : "PROS", "nv" : " ", "e" : "n", "st" : "", "dvt" : "Válido", "vap" : "0", "pvap" : "00.00" }, 
{ "seq" : "202", "sqcand" : "160000781803", "n" : "15115", "nm" : "PASTOR APARECIDO", "cc" : "MDB", "nv" : " ", "e" : "n", "st" : "", "dvt" : "Válido", "vap" : "0", "pvap" : "00.00" }, 
{ "seq" : "268", "sqcand" : "160000650228", "n" : "23277", "nm" : "VAL DA PIZZARIA", "cc" : "CIDADANIA", "nv" : " ", "e" : "n", "st" : "", "dvt" : "Válido", "vap" : "0", "pvap" : "00.00" }, 
{ "seq" : "228", "sqcand" : "160000658604", "n" : "11055", "nm" : "QUITANDINHA DA AMBULÂNCIA", "cc" : "PP", "nv" : " ", "e" : "n", "st" : "", "dvt" : "Válido", "vap" : "0", "pvap" : "00.00" }, 
{ "seq" : "19", "sqcand" : "160000782956", "n" : "17222", "nm" : "ANTONIO DO GAS", "cc" : "PSL", "nv" : " ", "e" : "n", "st" : "", "dvt" : "Válido", "vap" : "0", "pvap" : "00.00" }, 
{ "seq" : "229", "sqcand" : "160000646610", "n" : "20033", "nm" : "RAFAEL CAMPANER", "cc" : "PSC", "nv" : " ", "e" : "n", "st" : "", "dvt" : "Válido", "vap" : "0", "pvap" : "00.00" }, 
{ "seq" : "186", "sqcand" : "160000650218", "n" : "23111", "nm" : "MOISES", "cc" : "CIDADANIA", "nv" : " ", "e" : "n", "st" : "", "dvt" : "Válido", "vap" : "0", "pvap" : "00.00" }, 
{ "seq" : "111", "sqcand" : "160000650220", "n" : "23123", "nm" : "GILSÃO", "cc" : "CIDADANIA", "nv" : " ", "e" : "n", "st" : "", "dvt" : "Válido", "vap" : "0", "pvap" : "00.00" }, 
{ "seq" : "151", "sqcand" : "160000658481", "n" : "10111", "nm" : "LOANA CORDEIRO", "cc" : "REPUBLICANOS", "nv" : " ", "e" : "n", "st" : "", "dvt" : "Válido", "vap" : "0", "pvap" : "00.00" }, 
{ "seq" : "31", "sqcand" : "160000650226", "n" : "23007", "nm" : "CAMARGO", "cc" : "CIDADANIA", "nv" : " ", "e" : "n", "st" : "", "dvt" : "Válido", "vap" : "0", "pvap" : "00.00" }, 
{ "seq" : "194", "sqcand" : "160000782958", "n" : "17100", "nm" : "NEUSA PORTES", "cc" : "PSL", "nv" : " ", "e" : "n", "st" : "", "dvt" : "Válido", "vap" : "0", "pvap" : "00.00" }, 
{ "seq" : "53", "sqcand" : "160000658757", "n" : "55111", "nm" : "CLENIR", "cc" : "PSD", "nv" : " ", "e" : "n", "st" : "", "dvt" : "Válido", "vap" : "0", "pvap" : "00.00" }, 
{ "seq" : "213", "sqcand" : "160000781801", "n" : "15234", "nm" : "POLACO", "cc" : "MDB", "nv" : " ", "e" : "n", "st" : "", "dvt" : "Válido", "vap" : "0", "pvap" : "00.00" }, 
{ "seq" : "253", "sqcand" : "160000658483", "n" : "10000", "nm" : "SYLVIO", "cc" : "REPUBLICANOS", "nv" : " ", "e" : "n", "st" : "", "dvt" : "Válido", "vap" : "0", "pvap" : "00.00" }, 
{ "seq" : "231", "sqcand" : "160000782947", "n" : "17999", "nm" : "RAUL MUNHOZ", "cc" : "PSL", "nv" : " ", "e" : "n", "st" : "", "dvt" : "Válido", "vap" : "0", "pvap" : "00.00" }, 
{ "seq" : "175", "sqcand" : "160000661820", "n" : "14555", "nm" : "MARQUINHO CRUZ", "cc" : "PTB", "nv" : " ", "e" : "n", "st" : "", "dvt" : "Válido", "vap" : "0", "pvap" : "00.00" }, 
{ "seq" : "67", "sqcand" : "160000781807", "n" : "15640", "nm" : "DENISE DO MDB", "cc" : "MDB", "nv" : " ", "e" : "n", "st" : "", "dvt" : "Válido", "vap" : "0", "pvap" : "00.00" }, 
{ "seq" : "72", "sqcand" : "160000658776", "n" : "51222", "nm" : "DIONES RODRIGUES", "cc" : "PATRIOTA", "nv" : " ", "e" : "n", "st" : "", "dvt" : "Válido", "vap" : "0", "pvap" : "00.00" }, 
{ "seq" : "184", "sqcand" : "160000650222", "n" : "23756", "nm" : "MIRINHO DO PÃO", "cc" : "CIDADANIA", "nv" : " ", "e" : "n", "st" : "", "dvt" : "Válido", "vap" : "0", "pvap" : "00.00" }, 
{ "seq" : "265", "sqcand" : "160000782522", "n" : "70153", "nm" : "TONINHO DO ÔNIBUS", "cc" : "AVANTE", "nv" : " ", "e" : "n", "st" : "", "dvt" : "Válido", "vap" : "0", "pvap" : "00.00" }, 
{ "seq" : "87", "sqcand" : "160000782943", "n" : "17007", "nm" : "ELIAS REIS", "cc" : "PSL", "nv" : " ", "e" : "n", "st" : "", "dvt" : "Válido", "vap" : "0", "pvap" : "00.00" }, 
{ "seq" : "95", "sqcand" : "160000646531", "n" : "27077", "nm" : "EVERTON MEGATON", "cc" : "DC", "nv" : " ", "e" : "n", "st" : "", "dvt" : "Válido", "vap" : "0", "pvap" : "00.00" }, 
{ "seq" : "105", "sqcand" : "160000646608", "n" : "20020", "nm" : "GAGO KOMBEER", "cc" : "PSC", "nv" : " ", "e" : "n", "st" : "", "dvt" : "Válido", "vap" : "0", "pvap" : "00.00" }, 
{ "seq" : "222", "sqcand" : "160001204411", "n" : "28260", "nm" : "PROFESSOR MARCELO", "cc" : "PRTB", "nv" : " ", "e" : "n", "st" : "", "dvt" : "Válido", "vap" : "0", "pvap" : "00.00" }, 
{ "seq" : "1", "sqcand" : "160000646606", "n" : "20222", "nm" : "ABEL DA DISTRIBUIDORA", "cc" : "PSC", "nv" : " ", "e" : "n", "st" : "", "dvt" : "Válido", "vap" : "0", "pvap" : "00.00" }, 
{ "seq" : "204", "sqcand" : "160000658482", "n" : "10190", "nm" : "PAULO DA COOPER", "cc" : "REPUBLICANOS", "nv" : " ", "e" : "n", "st" : "", "dvt" : "Válido", "vap" : "0", "pvap" : "00.00" }, 
{ "seq" : "131", "sqcand" : "160000658497", "n" : "10010", "nm" : "JOELITON LEAL", "cc" : "REPUBLICANOS", "nv" : " ", "e" : "n", "st" : "", "dvt" : "Válido", "vap" : "0", "pvap" : "00.00" }, 
{ "seq" : "165", "sqcand" : "160000781812", "n" : "15151", "nm" : "MARCÃO DO SINDICATO", "cc" : "MDB", "nv" : " ", "e" : "n", "st" : "", "dvt" : "Válido", "vap" : "0", "pvap" : "00.00" }, 
{ "seq" : "176", "sqcand" : "160000650214", "n" : "23333", "nm" : "MAURICIO ATALAIA", "cc" : "CIDADANIA", "nv" : " ", "e" : "n", "st" : "", "dvt" : "Válido", "vap" : "0", "pvap" : "00.00" }, 
{ "seq" : "220", "sqcand" : "160000658756", "n" : "55123", "nm" : "PROFESSOR HELIO", "cc" : "PSD", "nv" : " ", "e" : "n", "st" : "", "dvt" : "Válido", "vap" : "0", "pvap" : "00.00" }, 
{ "seq" : "215", "sqcand" : "160000658479", "n" : "10011", "nm" : "PROENCIO", "cc" : "REPUBLICANOS", "nv" : " ", "e" : "n", "st" : "", "dvt" : "Válido", "vap" : "0", "pvap" : "00.00" }, 
{ "seq" : "270", "sqcand" : "160000781799", "n" : "15789", "nm" : "VENANCIO", "cc" : "MDB", "nv" : " ", "e" : "n", "st" : "", "dvt" : "Válido", "vap" : "0", "pvap" : "00.00" }, 
{ "seq" : "37", "sqcand" : "160000646533", "n" : "27500", "nm" : "CANTORA CARLA BUCHANELLI", "cc" : "DC", "nv" : " ", "e" : "n", "st" : "", "dvt" : "Válido", "vap" : "0", "pvap" : "00.00" }, 
{ "seq" : "47", "sqcand" : "160000781805", "n" : "15153", "nm" : "CLAUDEMIR FERREIRA", "cc" : "MDB", "nv" : " ", "e" : "n", "st" : "", "dvt" : "Válido", "vap" : "0", "pvap" : "00.00" }, 
{ "seq" : "189", "sqcand" : "160000782954", "n" : "17777", "nm" : "NANI HAMMAD", "cc" : "PSL", "nv" : " ", "e" : "n", "st" : "", "dvt" : "Válido", "vap" : "0", "pvap" : "00.00" }, 
{ "seq" : "73", "sqcand" : "160000658605", "n" : "11676", "nm" : "DONI MATOS JORNALISTA", "cc" : "PP", "nv" : " ", "e" : "n", "st" : "", "dvt" : "Válido", "vap" : "0", "pvap" : "00.00" }, 
{ "seq" : "84", "sqcand" : "160001204400", "n" : "28088", "nm" : "EFRAIN DO FRANGO", "cc" : "PRTB", "nv" : " ", "e" : "n", "st" : "", "dvt" : "Válido", "vap" : "0", "pvap" : "00.00" }, 
{ "seq" : "54", "sqcand" : "160000646540", "n" : "27027", "nm" : "CLEO PRESTES", "cc" : "DC", "nv" : " ", "e" : "n", "st" : "", "dvt" : "Válido", "vap" : "0", "pvap" : "00.00" }, 
{ "seq" : "267", "sqcand" : "160000989875", "n" : "19321", "nm" : "TONY SILVA", "cc" : "PODE", "nv" : " ", "e" : "n", "st" : "", "dvt" : "Válido", "vap" : "0", "pvap" : "00.00" }, 
{ "seq" : "24", "sqcand" : "160001268980", "n" : "55999", "nm" : "BETE MÓVEIS", "cc" : "PSD", "nv" : " ", "e" : "n", "st" : "", "dvt" : "Válido", "vap" : "0", "pvap" : "00.00" }, 
{ "seq" : "195", "sqcand" : "160000782513", "n" : "70123", "nm" : "NEUZA DO BOTICÁRIO", "cc" : "AVANTE", "nv" : " ", "e" : "n", "st" : "", "dvt" : "Válido", "vap" : "0", "pvap" : "00.00" }, 
{ "seq" : "140", "sqcand" : "160000658498", "n" : "10120", "nm" : "JULIO RABELO", "cc" : "REPUBLICANOS", "nv" : " ", "e" : "n", "st" : "", "dvt" : "Válido", "vap" : "0", "pvap" : "00.00" }, 
{ "seq" : "264", "sqcand" : "160000646614", "n" : "20123", "nm" : "TITI BARROSINHO", "cc" : "PSC", "nv" : " ", "e" : "n", "st" : "", "dvt" : "Válido", "vap" : "0", "pvap" : "00.00" }, 
{ "seq" : "214", "sqcand" : "160000650227", "n" : "23456", "nm" : "POLICIAL BATISTA", "cc" : "CIDADANIA", "nv" : " ", "e" : "n", "st" : "", "dvt" : "Válido", "vap" : "0", "pvap" : "00.00" }, 
{ "seq" : "132", "sqcand" : "160000682541", "n" : "90333", "nm" : "JONAS DA FAZENDA", "cc" : "PROS", "nv" : " ", "e" : "n", "st" : "", "dvt" : "Válido", "vap" : "0", "pvap" : "00.00" }, 
{ "seq" : "49", "sqcand" : "160001204408", "n" : "28123", "nm" : "CLAUDINEI HOMEM DO CHAPÉU", "cc" : "PRTB", "nv" : " ", "e" : "n", "st" : "", "dvt" : "Válido", "vap" : "0", "pvap" : "00.00" }, 
{ "seq" : "143", "sqcand" : "160000650215", "n" : "23038", "nm" : "KAUE COSTA", "cc" : "CIDADANIA", "nv" : " ", "e" : "n", "st" : "", "dvt" : "Válido", "vap" : "0", "pvap" : "00.00" }, 
{ "seq" : "35", "sqcand" : "160000661813", "n" : "14266", "nm" : "CAMPOS", "cc" : "PTB", "nv" : " ", "e" : "n", "st" : "", "dvt" : "Válido", "vap" : "0", "pvap" : "00.00" }, 
{ "seq" : "26", "sqcand" : "160000838065", "n" : "40151", "nm" : "BOB ESPONJA", "cc" : "PSB", "nv" : " ", "e" : "n", "st" : "", "dvt" : "Válido", "vap" : "0", "pvap" : "00.00" }, 
{ "seq" : "14", "sqcand" : "160000646536", "n" : "27017", "nm" : "ANDERSON CRUZ", "cc" : "DC", "nv" : " ", "e" : "n", "st" : "", "dvt" : "Válido", "vap" : "0", "pvap" : "00.00" }, 
{ "seq" : "144", "sqcand" : "160001180723", "n" : "13116", "nm" : "LACERDA", "cc" : "PT", "nv" : " ", "e" : "n", "st" : "", "dvt" : "Válido", "vap" : "0", "pvap" : "00.00" }, 
{ "seq" : "46", "sqcand" : "160000650229", "n" : "23777", "nm" : "CIDA AKIMNULERO", "cc" : "CIDADANIA", "nv" : " ", "e" : "n", "st" : "", "dvt" : "Válido", "vap" : "0", "pvap" : "00.00" }, 
{ "seq" : "120", "sqcand" : "160000682544", "n" : "90116", "nm" : "JACKSON FERRUGEM", "cc" : "PROS", "nv" : " ", "e" : "n", "st" : "", "dvt" : "Válido", "vap" : "0", "pvap" : "00.00" }, 
{ "seq" : "243", "sqcand" : "160000658773", "n" : "51234", "nm" : "SEU MENINO", "cc" : "PATRIOTA", "nv" : " ", "e" : "n", "st" : "", "dvt" : "Válido", "vap" : "0", "pvap" : "00.00" }, 
{ "seq" : "207", "sqcand" : "160000782961", "n" : "17333", "nm" : "PEDAGOGO CESAR TAVARES", "cc" : "PSL", "nv" : " ", "e" : "n", "st" : "", "dvt" : "Válido", "vap" : "0", "pvap" : "00.00" }, 
{ "seq" : "236", "sqcand" : "160000658779", "n" : "51187", "nm" : "ROMILDO DO LAVA CAR", "cc" : "PATRIOTA", "nv" : " ", "e" : "n", "st" : "", "dvt" : "Válido", "vap" : "0", "pvap" : "00.00" }, 
{ "seq" : "90", "sqcand" : "160000646616", "n" : "20777", "nm" : "EMERSON MORAIS", "cc" : "PSC", "nv" : " ", "e" : "n", "st" : "", "dvt" : "Válido", "vap" : "0", "pvap" : "00.00" }, 
{ "seq" : "63", "sqcand" : "160000782951", "n" : "17077", "nm" : "DAVI PACCOR", "cc" : "PSL", "nv" : " ", "e" : "n", "st" : "", "dvt" : "Válido", "vap" : "0", "pvap" : "00.00" }, 
{ "seq" : "94", "sqcand" : "160000658782", "n" : "51777", "nm" : "EVANILDA OLIVEIRA", "cc" : "PATRIOTA", "nv" : " ", "e" : "n", "st" : "", "dvt" : "Válido", "vap" : "0", "pvap" : "00.00" }, 
{ "seq" : "237", "sqcand" : "160000682556", "n" : "90124", "nm" : "ROSANA SENHUK", "cc" : "PROS", "nv" : " ", "e" : "n", "st" : "", "dvt" : "Válido", "vap" : "0", "pvap" : "00.00" }, 
{ "seq" : "64", "sqcand" : "160000782952", "n" : "17200", "nm" : "DAVID MOREIRA", "cc" : "PSL", "nv" : " ", "e" : "n", "st" : "", "dvt" : "Válido", "vap" : "0", "pvap" : "00.00" }, 
{ "seq" : "82", "sqcand" : "160000658608", "n" : "11777", "nm" : "EDUARDO SEU ANTONIO", "cc" : "PP", "nv" : " ", "e" : "n", "st" : "", "dvt" : "Válido", "vap" : "0", "pvap" : "00.00" }, 
{ "seq" : "210", "sqcand" : "160000658761", "n" : "55678", "nm" : "PESCADOR", "cc" : "PSD", "nv" : " ", "e" : "n", "st" : "", "dvt" : "Válido", "vap" : "0", "pvap" : "00.00" }, 
{ "seq" : "201", "sqcand" : "160000658766", "n" : "55410", "nm" : "PASTOR ADEMILSON", "cc" : "PSD", "nv" : " ", "e" : "n", "st" : "", "dvt" : "Válido", "vap" : "0", "pvap" : "00.00" }, 
{ "seq" : "81", "sqcand" : "160000658774", "n" : "51004", "nm" : "EDSON DO SIDON", "cc" : "PATRIOTA", "nv" : " ", "e" : "n", "st" : "", "dvt" : "Válido", "vap" : "0", "pvap" : "00.00" }, 
{ "seq" : "177", "sqcand" : "160000782525", "n" : "70111", "nm" : "MAYKO LIMA", "cc" : "AVANTE", "nv" : " ", "e" : "n", "st" : "", "dvt" : "Válido", "vap" : "0", "pvap" : "00.00" }, 
{ "seq" : "206", "sqcand" : "160000646534", "n" : "27100", "nm" : "PEDAGOGA SELMA LARA", "cc" : "DC", "nv" : " ", "e" : "n", "st" : "", "dvt" : "Válido", "vap" : "0", "pvap" : "00.00" }, 
{ "seq" : "17", "sqcand" : "160001204403", "n" : "28018", "nm" : "ANDREIA SIMÃO", "cc" : "PRTB", "nv" : " ", "e" : "n", "st" : "", "dvt" : "Válido", "vap" : "0", "pvap" : "00.00" }, 
{ "seq" : "263", "sqcand" : "160000782516", "n" : "70190", "nm" : "TIEGO BATISTA", "cc" : "AVANTE", "nv" : " ", "e" : "n", "st" : "", "dvt" : "Válido", "vap" : "0", "pvap" : "00.00" }, 
{ "seq" : "145", "sqcand" : "160000782524", "n" : "70555", "nm" : "LAERCIO JOSÉ", "cc" : "AVANTE", "nv" : " ", "e" : "n", "st" : "", "dvt" : "Válido", "vap" : "0", "pvap" : "00.00" }, 
{ "seq" : "114", "sqcand" : "160000782948", "n" : "17789", "nm" : "GUARDA MUNICIPAL NASCIMENTO", "cc" : "PSL", "nv" : " ", "e" : "n", "st" : "", "dvt" : "Válido", "vap" : "0", "pvap" : "00.00" }, 
{ "seq" : "190", "sqcand" : "160000650217", "n" : "23125", "nm" : "NEGA", "cc" : "CIDADANIA", "nv" : " ", "e" : "n", "st" : "", "dvt" : "Válido", "vap" : "0", "pvap" : "00.00" }, 
{ "seq" : "80", "sqcand" : "160000658758", "n" : "55075", "nm" : "EDIVAR ADELINO", "cc" : "PSD", "nv" : " ", "e" : "n", "st" : "", "dvt" : "Válido", "vap" : "0", "pvap" : "00.00" }, 
{ "seq" : "247", "sqcand" : "160001277762", "n" : "70999", "nm" : "SILVANA FERREIRA", "cc" : "AVANTE", "nv" : " ", "e" : "n", "st" : "", "dvt" : "Válido", "vap" : "0", "pvap" : "00.00" }, 
{ "seq" : "174", "sqcand" : "160000661828", "n" : "14567", "nm" : "MARINA FIT", "cc" : "PTB", "nv" : " ", "e" : "n", "st" : "", "dvt" : "Válido", "vap" : "0", "pvap" : "00.00" }, 
{ "seq" : "227", "sqcand" : "160000838064", "n" : "40400", "nm" : "PROFESSORA MARIA", "cc" : "PSB", "nv" : " ", "e" : "n", "st" : "", "dvt" : "Válido", "vap" : "0", "pvap" : "00.00" }, 
{ "seq" : "103", "sqcand" : "160000658609", "n" : "11550", "nm" : "FRANKLIM MARTINS", "cc" : "PP", "nv" : " ", "e" : "n", "st" : "", "dvt" : "Válido", "vap" : "0", "pvap" : "00.00" }, 
{ "seq" : "160", "sqcand" : "160001180729", "n" : "13620", "nm" : "LUIZ MOISES", "cc" : "PT", "nv" : " ", "e" : "n", "st" : "", "dvt" : "Válido", "vap" : "0", "pvap" : "00.00" }, 
{ "seq" : "89", "sqcand" : "160000661814", "n" : "14055", "nm" : "ELZA DUBIK", "cc" : "PTB", "nv" : " ", "e" : "n", "st" : "", "dvt" : "Válido", "vap" : "0", "pvap" : "00.00" }, 
{ "seq" : "11", "sqcand" : "160001204410", "n" : "28999", "nm" : "ALEXANDRE MARINGÁ", "cc" : "PRTB", "nv" : " ", "e" : "n", "st" : "", "dvt" : "Válido", "vap" : "0", "pvap" : "00.00" }, 
{ "seq" : "179", "sqcand" : "160000782962", "n" : "17017", "nm" : "MESTRE NELSON", "cc" : "PSL", "nv" : " ", "e" : "n", "st" : "", "dvt" : "Válido", "vap" : "0", "pvap" : "00.00" }, 
{ "seq" : "97", "sqcand" : "160001180728", "n" : "13123", "nm" : "FABIO PAMPA", "cc" : "PT", "nv" : " ", "e" : "n", "st" : "", "dvt" : "Válido", "vap" : "0", "pvap" : "00.00" }, 
{ "seq" : "43", "sqcand" : "160000782519", "n" : "70070", "nm" : "CESAR FAZENDENSE", "cc" : "AVANTE", "nv" : " ", "e" : "n", "st" : "", "dvt" : "Válido", "vap" : "0", "pvap" : "00.00" }, 
{ "seq" : "238", "sqcand" : "160000650211", "n" : "23500", "nm" : "RUBÃO DO SALVADOS", "cc" : "CIDADANIA", "nv" : " ", "e" : "n", "st" : "", "dvt" : "Válido", "vap" : "0", "pvap" : "00.00" }, 
{ "seq" : "188", "sqcand" : "160001205260", "n" : "28456", "nm" : "MOISES SANTANA", "cc" : "PRTB", "nv" : " ", "e" : "n", "st" : "", "dvt" : "Válido", "vap" : "0", "pvap" : "00.00" }, 
{ "seq" : "211", "sqcand" : "160000658771", "n" : "51500", "nm" : "PETTERSON DO AMERICA", "cc" : "PATRIOTA", "nv" : " ", "e" : "n", "st" : "", "dvt" : "Válido", "vap" : "0", "pvap" : "00.00" }, 
{ "seq" : "102", "sqcand" : "160001266240", "n" : "55456", "nm" : "FLAVIO SANTOS", "cc" : "PSD", "nv" : " ", "e" : "n", "st" : "", "dvt" : "Anulado sub judice", "vap" : "0", "pvap" : "00.00" }, 
{ "seq" : "65", "sqcand" : "160000782515", "n" : "70333", "nm" : "DÉBORA MOTOGIRL", "cc" : "AVANTE", "nv" : " ", "e" : "n", "st" : "", "dvt" : "Válido", "vap" : "0", "pvap" : "00.00" }, 
{ "seq" : "62", "sqcand" : "160000782518", "n" : "70060", "nm" : "DANONE", "cc" : "AVANTE", "nv" : " ", "e" : "n", "st" : "", "dvt" : "Válido", "vap" : "0", "pvap" : "00.00" }, 
{ "seq" : "170", "sqcand" : "160000782955", "n" : "17888", "nm" : "MARCOS FIDÊNCIO", "cc" : "PSL", "nv" : " ", "e" : "n", "st" : "", "dvt" : "Válido", "vap" : "0", "pvap" : "00.00" }, 
{ "seq" : "250", "sqcand" : "160000658777", "n" : "51333", "nm" : "SOLANGE REZENDE", "cc" : "PATRIOTA", "nv" : " ", "e" : "n", "st" : "", "dvt" : "Válido", "vap" : "0", "pvap" : "00.00" }, 
{ "seq" : "116", "sqcand" : "160000682545", "n" : "90100", "nm" : "HERIVELTON DO SKATE", "cc" : "PROS", "nv" : " ", "e" : "n", "st" : "", "dvt" : "Válido", "vap" : "0", "pvap" : "00.00" }, 
{ "seq" : "74", "sqcand" : "160000781802", "n" : "15000", "nm" : "DR. DEMETRYUS", "cc" : "MDB", "nv" : " ", "e" : "n", "st" : "", "dvt" : "Válido", "vap" : "0", "pvap" : "00.00" }, 
{ "seq" : "255", "sqcand" : "160001180719", "n" : "13633", "nm" : "TANIA CLASS", "cc" : "PT", "nv" : " ", "e" : "n", "st" : "", "dvt" : "Válido", "vap" : "0", "pvap" : "00.00" }, 
{ "seq" : "51", "sqcand" : "160000838071", "n" : "40333", "nm" : "CLÁUDIO SANTOS CAVALHEIRO", "cc" : "PSB", "nv" : " ", "e" : "n", "st" : "", "dvt" : "Válido", "vap" : "0", "pvap" : "00.00" }, 
{ "seq" : "164", "sqcand" : "160000658488", "n" : "10555", "nm" : "MARA FRANÇA", "cc" : "REPUBLICANOS", "nv" : " ", "e" : "n", "st" : "", "dvt" : "Válido", "vap" : "0", "pvap" : "00.00" }, 
{ "seq" : "260", "sqcand" : "160000658606", "n" : "11123", "nm" : "THIAGO DA FARMACIA", "cc" : "PP", "nv" : " ", "e" : "n", "st" : "", "dvt" : "Válido", "vap" : "0", "pvap" : "00.00" }, 
{ "seq" : "108", "sqcand" : "160000658780", "n" : "51051", "nm" : "GERIEL DE SOUZA", "cc" : "PATRIOTA", "nv" : " ", "e" : "n", "st" : "", "dvt" : "Válido", "vap" : "0", "pvap" : "00.00" }, 
{ "seq" : "146", "sqcand" : "160000658597", "n" : "11222", "nm" : "LENI CAMARGO", "cc" : "PP", "nv" : " ", "e" : "n", "st" : "", "dvt" : "Válido", "vap" : "0", "pvap" : "00.00" }, 
{ "seq" : "134", "sqcand" : "160001180721", "n" : "13190", "nm" : "JOSE IVINO", "cc" : "PT", "nv" : " ", "e" : "n", "st" : "", "dvt" : "Válido", "vap" : "0", "pvap" : "00.00" }, 
{ "seq" : "117", "sqcand" : "160000782945", "n" : "17123", "nm" : "IRMAO JOSE MIRANDA", "cc" : "PSL", "nv" : " ", "e" : "n", "st" : "", "dvt" : "Válido", "vap" : "0", "pvap" : "00.00" }, 
{ "seq" : "32", "sqcand" : "160000658489", "n" : "10710", "nm" : "CAMILA LEITE", "cc" : "REPUBLICANOS", "nv" : " ", "e" : "n", "st" : "", "dvt" : "Válido", "vap" : "0", "pvap" : "00.00" }, 
{ "seq" : "115", "sqcand" : "160000658480", "n" : "10321", "nm" : "GUSTAVO FERRAZ", "cc" : "REPUBLICANOS", "nv" : " ", "e" : "n", "st" : "", "dvt" : "Válido", "vap" : "0", "pvap" : "00.00" }, 
{ "seq" : "235", "sqcand" : "160000838058", "n" : "40222", "nm" : "RICARDO DO DOG", "cc" : "PSB", "nv" : " ", "e" : "n", "st" : "", "dvt" : "Válido", "vap" : "0", "pvap" : "00.00" }, 
{ "seq" : "216", "sqcand" : "160000650219", "n" : "23230", "nm" : "PROF BETH EDUCAÇÃO ESPECIAL", "cc" : "CIDADANIA", "nv" : " ", "e" : "n", "st" : "", "dvt" : "Válido", "vap" : "0", "pvap" : "00.00" }, 
{ "seq" : "162", "sqcand" : "160000682554", "n" : "90555", "nm" : "MACIEL DO DOG", "cc" : "PROS", "nv" : " ", "e" : "n", "st" : "", "dvt" : "Válido", "vap" : "0", "pvap" : "00.00" }, 
{ "seq" : "30", "sqcand" : "160000682546", "n" : "90900", "nm" : "CAIO SZADKOSKI", "cc" : "PROS", "nv" : " ", "e" : "n", "st" : "", "dvt" : "Válido", "vap" : "0", "pvap" : "00.00" }, 
{ "seq" : "193", "sqcand" : "160000682549", "n" : "90111", "nm" : "NEUCI CARVALHO", "cc" : "PROS", "nv" : " ", "e" : "n", "st" : "", "dvt" : "Válido", "vap" : "0", "pvap" : "00.00" }, 
{ "seq" : "38", "sqcand" : "160000682540", "n" : "90223", "nm" : "CANTORA EULA SAROTE", "cc" : "PROS", "nv" : " ", "e" : "n", "st" : "", "dvt" : "Válido", "vap" : "0", "pvap" : "00.00" }, 
{ "seq" : "106", "sqcand" : "160001262003", "n" : "18318", "nm" : "GENILSON", "cc" : "REDE", "nv" : " ", "e" : "n", "st" : "", "dvt" : "Válido", "vap" : "0", "pvap" : "00.00" }, 
{ "seq" : "138", "sqcand" : "160001204412", "n" : "28888", "nm" : "JULINHO DO PESQUE", "cc" : "PRTB", "nv" : " ", "e" : "n", "st" : "", "dvt" : "Válido", "vap" : "0", "pvap" : "00.00" }, 
{ "seq" : "55", "sqcand" : "160001266241", "n" : "20010", "nm" : "CLEUSA BRIZOLLA", "cc" : "PSC", "nv" : " ", "e" : "n", "st" : "", "dvt" : "Válido", "vap" : "0", "pvap" : "00.00" }, 
{ "seq" : "181", "sqcand" : "160000682547", "n" : "90222", "nm" : "MICHEL BATATA", "cc" : "PROS", "nv" : " ", "e" : "n", "st" : "", "dvt" : "Válido", "vap" : "0", "pvap" : "00.00" }, 
{ "seq" : "101", "sqcand" : "160000781809", "n" : "15190", "nm" : "FIGUEIRO", "cc" : "MDB", "nv" : " ", "e" : "n", "st" : "", "dvt" : "Válido", "vap" : "0", "pvap" : "00.00" }, 
{ "seq" : "168", "sqcand" : "160000682538", "n" : "90007", "nm" : "MARCIO LOYOLLA", "cc" : "PROS", "nv" : " ", "e" : "n", "st" : "", "dvt" : "Válido", "vap" : "0", "pvap" : "00.00" }, 
{ "seq" : "217", "sqcand" : "160001231243", "n" : "18011", "nm" : "PROF. DARCI CAMPOS", "cc" : "REDE", "nv" : " ", "e" : "n", "st" : "", "dvt" : "Válido", "vap" : "0", "pvap" : "00.00" }, 
{ "seq" : "257", "sqcand" : "160000781804", "n" : "15123", "nm" : "TATI MICHALSKI", "cc" : "MDB", "nv" : " ", "e" : "n", "st" : "", "dvt" : "Válido", "vap" : "0", "pvap" : "00.00" }, 
{ "seq" : "104", "sqcand" : "160000658593", "n" : "11011", "nm" : "GABRIEL PELANDA", "cc" : "PP", "nv" : " ", "e" : "n", "st" : "", "dvt" : "Válido", "vap" : "0", "pvap" : "00.00" }, 
{ "seq" : "25", "sqcand" : "160000650210", "n" : "23233", "nm" : "BISPO RODRIGUES", "cc" : "CIDADANIA", "nv" : " ", "e" : "n", "st" : "", "dvt" : "Válido", "vap" : "0", "pvap" : "00.00" }, 
{ "seq" : "234", "sqcand" : "160000782520", "n" : "70000", "nm" : "REPÓRTER ESLEIF MARTINS", "cc" : "AVANTE", "nv" : " ", "e" : "n", "st" : "", "dvt" : "Válido", "vap" : "0", "pvap" : "00.00" }, 
{ "seq" : "223", "sqcand" : "160000658494", "n" : "10100", "nm" : "PROFESSOR MARCELO FÉLIX", "cc" : "REPUBLICANOS", "nv" : " ", "e" : "n", "st" : "", "dvt" : "Válido", "vap" : "0", "pvap" : "00.00" }, 
{ "seq" : "205", "sqcand" : "160000661815", "n" : "14233", "nm" : "PAULO RB", "cc" : "PTB", "nv" : " ", "e" : "n", "st" : "", "dvt" : "Válido", "vap" : "0", "pvap" : "00.00" }, 
{ "seq" : "42", "sqcand" : "160000658603", "n" : "11225", "nm" : "CELIA REGINA", "cc" : "PP", "nv" : " ", "e" : "n", "st" : "", "dvt" : "Válido", "vap" : "0", "pvap" : "00.00" }, 
{ "seq" : "249", "sqcand" : "160000646618", "n" : "20171", "nm" : "SINDICO ERICK", "cc" : "PSC", "nv" : " ", "e" : "n", "st" : "", "dvt" : "Válido", "vap" : "0", "pvap" : "00.00" }, 
{ "seq" : "71", "sqcand" : "160000782517", "n" : "70777", "nm" : "DIENNIFER ANTUNES", "cc" : "AVANTE", "nv" : " ", "e" : "n", "st" : "", "dvt" : "Válido", "vap" : "0", "pvap" : "00.00" }, 
{ "seq" : "197", "sqcand" : "160000658486", "n" : "10055", "nm" : "NINA SOUZA", "cc" : "REPUBLICANOS", "nv" : " ", "e" : "n", "st" : "", "dvt" : "Válido", "vap" : "0", "pvap" : "00.00" }, 
{ "seq" : "187", "sqcand" : "160000646542", "n" : "27123", "nm" : "MOISES MACHADO", "cc" : "DC", "nv" : " ", "e" : "n", "st" : "", "dvt" : "Válido", "vap" : "0", "pvap" : "00.00" }, 
{ "seq" : "135", "sqcand" : "160001204415", "n" : "28777", "nm" : "JOSMAR PEREIRA", "cc" : "PRTB", "nv" : " ", "e" : "n", "st" : "", "dvt" : "Válido", "vap" : "0", "pvap" : "00.00" }, 
{ "seq" : "36", "sqcand" : "160000646530", "n" : "27000", "nm" : "CANTOR ADEMIR JOSÉ", "cc" : "DC", "nv" : " ", "e" : "n", "st" : "", "dvt" : "Válido", "vap" : "0", "pvap" : "00.00" }, 
{ "seq" : "40", "sqcand" : "160000658492", "n" : "10123", "nm" : "CARLOS BRANDÃO", "cc" : "REPUBLICANOS", "nv" : " ", "e" : "n", "st" : "", "dvt" : "Válido", "vap" : "0", "pvap" : "00.00" }, 
{ "seq" : "244", "sqcand" : "160000989873", "n" : "19777", "nm" : "SEVERO DO SEDEX", "cc" : "PODE", "nv" : " ", "e" : "n", "st" : "", "dvt" : "Válido", "vap" : "0", "pvap" : "00.00" }, 
{ "seq" : "28", "sqcand" : "160001180718", "n" : "13113", "nm" : "BRAYAN BORGES", "cc" : "PT", "nv" : " ", "e" : "n", "st" : "", "dvt" : "Válido", "vap" : "0", "pvap" : "00.00" }, 
{ "seq" : "251", "sqcand" : "160000658484", "n" : "10112", "nm" : "SONIA ARAÚJO", "cc" : "REPUBLICANOS", "nv" : " ", "e" : "n", "st" : "", "dvt" : "Válido", "vap" : "0", "pvap" : "00.00" }, 
{ "seq" : "196", "sqcand" : "160000646539", "n" : "27700", "nm" : "NILTON DA BARBEARIA", "cc" : "DC", "nv" : " ", "e" : "n", "st" : "", "dvt" : "Válido", "vap" : "0", "pvap" : "00.00" }, 
{ "seq" : "150", "sqcand" : "160000658775", "n" : "51011", "nm" : "LIU DA BORRACHARIA", "cc" : "PATRIOTA", "nv" : " ", "e" : "n", "st" : "", "dvt" : "Válido", "vap" : "0", "pvap" : "00.00" }, 
{ "seq" : "241", "sqcand" : "160000682537", "n" : "90190", "nm" : "SARGENTO LUCIANO", "cc" : "PROS", "nv" : " ", "e" : "n", "st" : "", "dvt" : "Válido", "vap" : "0", "pvap" : "00.00" }, 
{ "seq" : "20", "sqcand" : "160000661821", "n" : "14331", "nm" : "ATAÍDE PANFLETEIRO", "cc" : "PTB", "nv" : " ", "e" : "n", "st" : "", "dvt" : "Válido", "vap" : "0", "pvap" : "00.00" }, 
{ "seq" : "221", "sqcand" : "160000838074", "n" : "40456", "nm" : "PROFESSOR LÉO", "cc" : "PSB", "nv" : " ", "e" : "n", "st" : "", "dvt" : "Válido", "vap" : "0", "pvap" : "00.00" }, 
{ "seq" : "68", "sqcand" : "160001204409", "n" : "28789", "nm" : "DENISE DO NAÇÕES", "cc" : "PRTB", "nv" : " ", "e" : "n", "st" : "", "dvt" : "Válido", "vap" : "0", "pvap" : "00.00" }, 
{ "seq" : "254", "sqcand" : "160000658594", "n" : "11511", "nm" : "TABACO", "cc" : "PP", "nv" : " ", "e" : "n", "st" : "", "dvt" : "Válido", "vap" : "0", "pvap" : "00.00" }, 
{ "seq" : "245", "sqcand" : "160000658760", "n" : "55055", "nm" : "SIDNEI SANTOS", "cc" : "PSD", "nv" : " ", "e" : "n", "st" : "", "dvt" : "Válido", "vap" : "0", "pvap" : "00.00" }, 
{ "seq" : "100", "sqcand" : "160000782514", "n" : "70234", "nm" : "FERRELLI", "cc" : "AVANTE", "nv" : " ", "e" : "n", "st" : "", "dvt" : "Válido", "vap" : "0", "pvap" : "00.00" }, 
{ "seq" : "8", "sqcand" : "160000682552", "n" : "90999", "nm" : "ALESANDRA", "cc" : "PROS", "nv" : " ", "e" : "n", "st" : "", "dvt" : "Válido", "vap" : "0", "pvap" : "00.00" }, 
{ "seq" : "85", "sqcand" : "160000658772", "n" : "51888", "nm" : "ELIANE DO VENEZA", "cc" : "PATRIOTA", "nv" : " ", "e" : "n", "st" : "", "dvt" : "Válido", "vap" : "0", "pvap" : "00.00" }, 
{ "seq" : "58", "sqcand" : "160000646543", "n" : "27006", "nm" : "COREÓGRAFA CATHERINE FEITOSA", "cc" : "DC", "nv" : " ", "e" : "n", "st" : "", "dvt" : "Válido", "vap" : "0", "pvap" : "00.00" }, 
{ "seq" : "6", "sqcand" : "160000646615", "n" : "20100", "nm" : "AGUINALDO MOREIRA", "cc" : "PSC", "nv" : " ", "e" : "n", "st" : "", "dvt" : "Válido", "vap" : "0", "pvap" : "00.00" }, 
{ "seq" : "240", "sqcand" : "160000782953", "n" : "17190", "nm" : "SARGENTO CLEVINHO", "cc" : "PSL", "nv" : " ", "e" : "n", "st" : "", "dvt" : "Válido", "vap" : "0", "pvap" : "00.00" }, 
{ "seq" : "169", "sqcand" : "160000658607", "n" : "11455", "nm" : "MARCO ANTONIO", "cc" : "PP", "nv" : " ", "e" : "n", "st" : "", "dvt" : "Válido", "vap" : "0", "pvap" : "00.00" }, 
{ "seq" : "182", "sqcand" : "160000782511", "n" : "70299", "nm" : "MILTINHO AUTO CENTER", "cc" : "AVANTE", "nv" : " ", "e" : "n", "st" : "", "dvt" : "Válido", "vap" : "0", "pvap" : "00.00" }, 
{ "seq" : "121", "sqcand" : "160000781808", "n" : "15111", "nm" : "JACQUELINE MELLNIK", "cc" : "MDB", "nv" : " ", "e" : "n", "st" : "", "dvt" : "Válido", "vap" : "0", "pvap" : "00.00" }, 
{ "seq" : "172", "sqcand" : "160000782512", "n" : "70447", "nm" : "MARCOS OLIVEIRA", "cc" : "AVANTE", "nv" : " ", "e" : "n", "st" : "", "dvt" : "Válido", "vap" : "0", "pvap" : "00.00" }, 
{ "seq" : "130", "sqcand" : "160000658487", "n" : "10333", "nm" : "JOÃO NAPP", "cc" : "REPUBLICANOS", "nv" : " ", "e" : "n", "st" : "", "dvt" : "Válido", "vap" : "0", "pvap" : "00.00" }, 
{ "seq" : "15", "sqcand" : "160000658753", "n" : "55841", "nm" : "ANDERSON DO SUCO", "cc" : "PSD", "nv" : " ", "e" : "n", "st" : "", "dvt" : "Válido", "vap" : "0", "pvap" : "00.00" }, 
{ "seq" : "122", "sqcand" : "160001231241", "n" : "18000", "nm" : "JAIRO BASTOS", "cc" : "REDE", "nv" : " ", "e" : "n", "st" : "", "dvt" : "Válido", "vap" : "0", "pvap" : "00.00" }, 
{ "seq" : "203", "sqcand" : "160000682550", "n" : "90000", "nm" : "PAULINHO COXINHA", "cc" : "PROS", "nv" : " ", "e" : "n", "st" : "", "dvt" : "Válido", "vap" : "0", "pvap" : "00.00" }, 
{ "seq" : "10", "sqcand" : "160000646617", "n" : "20000", "nm" : "ALEX PADILHA", "cc" : "PSC", "nv" : " ", "e" : "n", "st" : "", "dvt" : "Válido", "vap" : "0", "pvap" : "00.00" }, 
{ "seq" : "93", "sqcand" : "160000658591", "n" : "11000", "nm" : "EVANDRO DO AVIÁRIO", "cc" : "PP", "nv" : " ", "e" : "n", "st" : "", "dvt" : "Válido", "vap" : "0", "pvap" : "00.00" }, 
{ "seq" : "154", "sqcand" : "160000838069", "n" : "40888", "nm" : "LUCIA", "cc" : "PSB", "nv" : " ", "e" : "n", "st" : "", "dvt" : "Válido", "vap" : "0", "pvap" : "00.00" }, 
{ "seq" : "59", "sqcand" : "160000658592", "n" : "11909", "nm" : "COYOTE", "cc" : "PP", "nv" : " ", "e" : "n", "st" : "", "dvt" : "Válido", "vap" : "0", "pvap" : "00.00" }, 
{ "seq" : "163", "sqcand" : "160000838072", "n" : "40123", "nm" : "MAGRÃO", "cc" : "PSB", "nv" : " ", "e" : "n", "st" : "", "dvt" : "Válido", "vap" : "0", "pvap" : "00.00" }, 
{ "seq" : "124", "sqcand" : "160001180727", "n" : "13415", "nm" : "JEFÃO DA FARMACIA", "cc" : "PT", "nv" : " ", "e" : "n", "st" : "", "dvt" : "Válido", "vap" : "0", "pvap" : "00.00" }, 
{ "seq" : "70", "sqcand" : "160000646538", "n" : "27200", "nm" : "DIEGO VILARINO", "cc" : "DC", "nv" : " ", "e" : "n", "st" : "", "dvt" : "Válido", "vap" : "0", "pvap" : "00.00" }, 
{ "seq" : "45", "sqcand" : "160001231240", "n" : "18298", "nm" : "CHRIS CALIXTO", "cc" : "REDE", "nv" : " ", "e" : "n", "st" : "", "dvt" : "Válido", "vap" : "0", "pvap" : "00.00" }, 
{ "seq" : "27", "sqcand" : "160001204413", "n" : "28193", "nm" : "BOMBEIRO PAES", "cc" : "PRTB", "nv" : " ", "e" : "n", "st" : "", "dvt" : "Válido", "vap" : "0", "pvap" : "00.00" }, 
{ "seq" : "3", "sqcand" : "160000646544", "n" : "27777", "nm" : "ADELMO RIBEIRO", "cc" : "DC", "nv" : " ", "e" : "n", "st" : "", "dvt" : "Válido", "vap" : "0", "pvap" : "00.00" }, 
{ "seq" : "2", "sqcand" : "160000646612", "n" : "20130", "nm" : "ACS MELANI SANTA MARIA", "cc" : "PSC", "nv" : " ", "e" : "n", "st" : "", "dvt" : "Válido", "vap" : "0", "pvap" : "00.00" }, 
{ "seq" : "208", "sqcand" : "160000646605", "n" : "20620", "nm" : "PEDRINHO QUIRINO", "cc" : "PSC", "nv" : " ", "e" : "n", "st" : "", "dvt" : "Válido", "vap" : "0", "pvap" : "00.00" }, 
{ "seq" : "139", "sqcand" : "160000658595", "n" : "11111", "nm" : "JULIO BEIÇO", "cc" : "PP", "nv" : " ", "e" : "n", "st" : "", "dvt" : "Válido", "vap" : "0", "pvap" : "00.00" }, 
{ "seq" : "5", "sqcand" : "160000658600", "n" : "11444", "nm" : "ADRIANO RAKET", "cc" : "PP", "nv" : " ", "e" : "n", "st" : "", "dvt" : "Válido", "vap" : "0", "pvap" : "00.00" }, 
{ "seq" : "178", "sqcand" : "160000782526", "n" : "70193", "nm" : "MAYKON SANTOS", "cc" : "AVANTE", "nv" : " ", "e" : "n", "st" : "", "dvt" : "Válido", "vap" : "0", "pvap" : "00.00" }, 
{ "seq" : "123", "sqcand" : "160001204416", "n" : "28223", "nm" : "JANETE RAMBO", "cc" : "PRTB", "nv" : " ", "e" : "n", "st" : "", "dvt" : "Válido", "vap" : "0", "pvap" : "00.00" }, 
{ "seq" : "171", "sqcand" : "160000838070", "n" : "40040", "nm" : "MARCOS MIRANDA", "cc" : "PSB", "nv" : " ", "e" : "n", "st" : "", "dvt" : "Válido", "vap" : "0", "pvap" : "00.00" }, 
{ "seq" : "136", "sqcand" : "160001180724", "n" : "13020", "nm" : "JUCIANE", "cc" : "PT", "nv" : " ", "e" : "n", "st" : "", "dvt" : "Válido", "vap" : "0", "pvap" : "00.00" }, 
{ "seq" : "269", "sqcand" : "160001180716", "n" : "13141", "nm" : "VALDECIR", "cc" : "PT", "nv" : " ", "e" : "n", "st" : "", "dvt" : "Válido", "vap" : "0", "pvap" : "00.00" }, 
{ "seq" : "233", "sqcand" : "160000838061", "n" : "40167", "nm" : "RENATTO DOM", "cc" : "PSB", "nv" : " ", "e" : "n", "st" : "", "dvt" : "Válido", "vap" : "0", "pvap" : "00.00" }, 
{ "seq" : "198", "sqcand" : "160000782960", "n" : "17600", "nm" : "ODAIR CABELO", "cc" : "PSL", "nv" : " ", "e" : "n", "st" : "", "dvt" : "Válido", "vap" : "0", "pvap" : "00.00" }, 
{ "seq" : "271", "sqcand" : "160000838073", "n" : "40226", "nm" : "VGT ARLETE RODRIGUES", "cc" : "PSB", "nv" : " ", "e" : "n", "st" : "", "dvt" : "Válido", "vap" : "0", "pvap" : "00.00" }, 
{ "seq" : "166", "sqcand" : "160000658762", "n" : "55000", "nm" : "MARCIA DA ONG", "cc" : "PSD", "nv" : " ", "e" : "n", "st" : "", "dvt" : "Anulado sub judice", "vap" : "0", "pvap" : "00.00" }, 
{ "seq" : "266", "sqcand" : "160001231239", "n" : "18023", "nm" : "TONINHO DO UBER", "cc" : "REDE", "nv" : " ", "e" : "n", "st" : "", "dvt" : "Válido", "vap" : "0", "pvap" : "00.00" }, 
{ "seq" : "7", "sqcand" : "160001266248", "n" : "20013", "nm" : "ALEKSANDRA", "cc" : "PSC", "nv" : " ", "e" : "n", "st" : "", "dvt" : "Válido", "vap" : "0", "pvap" : "00.00" }, 
{ "seq" : "274", "sqcand" : "160000646607", "n" : "20200", "nm" : "ZENI TRENTO", "cc" : "PSC", "nv" : " ", "e" : "n", "st" : "", "dvt" : "Válido", "vap" : "0", "pvap" : "00.00" }, 
{ "seq" : "180", "sqcand" : "160000682555", "n" : "90090", "nm" : "MESTRE SPOCK", "cc" : "PROS", "nv" : " ", "e" : "n", "st" : "", "dvt" : "Válido", "vap" : "0", "pvap" : "00.00" }, 
{ "seq" : "155", "sqcand" : "160000658598", "n" : "11013", "nm" : "LUCIANA KONOFAL", "cc" : "PP", "nv" : " ", "e" : "n", "st" : "", "dvt" : "Válido", "vap" : "0", "pvap" : "00.00" }, 
{ "seq" : "258", "sqcand" : "160000682543", "n" : "90126", "nm" : "TELEI TATOO", "cc" : "PROS", "nv" : " ", "e" : "n", "st" : "", "dvt" : "Válido", "vap" : "0", "pvap" : "00.00" }, 
{ "seq" : "239", "sqcand" : "160000682542", "n" : "90027", "nm" : "SANDRO DO PROTEÇÃO", "cc" : "PROS", "nv" : " ", "e" : "n", "st" : "", "dvt" : "Válido", "vap" : "0", "pvap" : "00.00" }, 
{ "seq" : "23", "sqcand" : "160000658602", "n" : "11555", "nm" : "BESERRA", "cc" : "PP", "nv" : " ", "e" : "n", "st" : "", "dvt" : "Válido", "vap" : "0", "pvap" : "00.00" }, 
{ "seq" : "29", "sqcand" : "160000646613", "n" : "20349", "nm" : "BRENER NOGUEIRA", "cc" : "PSC", "nv" : " ", "e" : "n", "st" : "", "dvt" : "Válido", "vap" : "0", "pvap" : "00.00" }, 
{ "seq" : "118", "sqcand" : "160000781810", "n" : "15184", "nm" : "IVANILDA R.I. SALGADOS", "cc" : "MDB", "nv" : " ", "e" : "n", "st" : "", "dvt" : "Válido", "vap" : "0", "pvap" : "00.00" }, 
{ "seq" : "148", "sqcand" : "160000650223", "n" : "23789", "nm" : "LEONI DA ENFERMAGEM", "cc" : "CIDADANIA", "nv" : " ", "e" : "n", "st" : "", "dvt" : "Válido", "vap" : "0", "pvap" : "00.00" }, 
{ "seq" : "22", "sqcand" : "160000650213", "n" : "23300", "nm" : "BENEDITO DA SAÚDE", "cc" : "CIDADANIA", "nv" : " ", "e" : "n", "st" : "", "dvt" : "Válido", "vap" : "0", "pvap" : "00.00" }, 
{ "seq" : "209", "sqcand" : "160000658783", "n" : "51123", "nm" : "PERLA DO PROBEN", "cc" : "PATRIOTA", "nv" : " ", "e" : "n", "st" : "", "dvt" : "Válido", "vap" : "0", "pvap" : "00.00" }, 
{ "seq" : "272", "sqcand" : "160000782949", "n" : "17180", "nm" : "VIVI CALISARIO", "cc" : "PSL", "nv" : " ", "e" : "n", "st" : "", "dvt" : "Válido", "vap" : "0", "pvap" : "00.00" } ] }