{"ele":8707,"carper":11,"t":1,"f":"S","esae":"N","mnae":" ","dg":"13/10/2020","hg":"20:06:09","dv":"S","nadf":"pr74632-c0011-e008707-006-f","abr":[{"dt":"13/10/2020","ht":"16:55:01","tf":"N","and":"P","s":26,"st":26,"pst":" 100,00","snt":0,"psnt":"   0,00","si":26,"psi":" 100,00","sni":0,"psni":"   0,00","sa":26,"psa":" 100,00","sna":0,"psna":"   0,00","e":6567,"ea":6567,"pea":" 100,00","ena":0,"pena":"   0,00","esi":6567,"pesi":" 100,00","esni":0,"pesni":"   0,00","c":5593,"pc":"  85,17","a":974,"pa":"  14,83","tv":5593,"vscv":0,"vb":1194,"pvb":"  21,35","tvn":1328,"ptvn":"  23,74","vn":1328,"pvn":" 100,00","vnt":0,"pvnt":"   0,00","vp":0,"pvp":"   0,00","vv":3071,"pvv":" 100,00","van":0,"pvan":"   0,00","vansj":0,"pvansj":"   0,00","vnom":3071,"pvnom":" 100,00","cand":[{"seq":2,"n":16,"e":"N","vap":1341,"pvap":"  23,98","st":""},{"seq":1,"n":14,"e":"N","vap":1730,"pvap":"  30,93","st":""}],"tpabr":"MU","cdabr":"74632","colig":[{"n":160000331024,"tvtn":1341,"tvtl":0,"tvan":1341,"tval":0},{"n":160000331022,"tvtn":1730,"tvtl":0,"tvan":1730,"tval":0}],"part":[{"n":16,"tvtn":1341,"tvtl":0,"tvan":1341,"tval":0},{"n":14,"tvtn":1730,"tvtl":0,"tvan":1730,"tval":0}]},{"dt":"13/10/2020","ht":"16:55:01","tf":"N","and":"P","s":26,"st":26,"pst":" 100,00","snt":0,"psnt":"0","si":26,"psi":" 100,00","sni":0,"psni":"   0,00","sa":26,"psa":" 100,00","sna":0,"psna":"   0,00","e":6567,"ea":6567,"pea":" 100,00","ena":0,"pena":"   0,00","esi":6567,"pesi":" 100,00","esni":0,"pesni":"   0,00","c":5593,"pc":"  85,17","a":974,"pa":"  14,83","tv":5593,"vscv":0,"vb":1194,"pvb":"  21,35","tvn":1328,"ptvn":"  23,74","vn":1328,"pvn":" 100,00","vp":0,"pvp":"   0,00","vv":3071,"pvv":" 100,00","van":0,"pvan":"   0,00","vansj":0,"pvansj":"   0,00","vnom":3071,"pvnom":" 100,00","cand":[{"seq":2,"n":16,"e":"N","vap":1341,"pvap":"  23,98","st":""},{"seq":1,"n":14,"e":"N","vap":1730,"pvap":"  30,93","st":""}],"tpabr":"ZONA","cdabr":"110"}]}