{"ele":8707,"cdabr":"74187","nmabr":"BRASILÂNDIA DO SUL","t":1,"f":"S","s":"N","dg":"13/10/2020","hg":"20:03:42","v":"005","br":{"nm":"Brasil","uf":[{"sg":"PR","nm":"PARANÁ","mun":[{"cd":"74187","nm":"BRASILÂNDIA DO SUL","c":"N","s":14,"e":2746,"tzon":1,"zon":[{"cd":"0128","s":14,"e":2746}]}]}]},"carg":{"cd":13,"nmn":"Vereador","nmm":"Vereador","nmf":"Vereadora","nv":15,"col":[{"n":160000338149,"nm":"COLIGACAO 160000338149","tp":"P","com":"P23","par":[{"n":23,"sg":" P23 ","nm":"PARTIDO 23","cand":[{"sqcand":160002520536,"n":23002,"nm":"CANDIDATO 23002","nmu":"CANDIDATO 23002","s":"F","dt":"08/11/1929","dvt":"Válido"},{"sqcand":160002520541,"n":23007,"nm":"CANDIDATO 23007","nmu":"CANDIDATO 23007","s":"M","dt":"01/10/1925","dvt":"Válido"},{"sqcand":160002520547,"n":23013,"nm":"CANDIDATO 23013","nmu":"CANDIDATO 23013","s":"M","dt":"24/07/1929","dvt":"Válido"},{"sqcand":160002520549,"n":23015,"nm":"CANDIDATO 23015","nmu":"CANDIDATO 23015","s":"M","dt":"28/05/1983","dvt":"Válido"},{"sqcand":160002520538,"n":23004,"nm":"CANDIDATO 23004","nmu":"CANDIDATO 23004","s":"F","dt":"17/08/1929","dvt":"Válido"},{"sqcand":160002520546,"n":23012,"nm":"CANDIDATO 23012","nmu":"CANDIDATO 23012","s":"M","dt":"21/01/1924","dvt":"Válido"},{"sqcand":160002520543,"n":23009,"nm":"CANDIDATO 23009","nmu":"CANDIDATO 23009","s":"M","dt":"20/09/1924","dvt":"Válido"},{"sqcand":160002520544,"n":23010,"nm":"CANDIDATO 23010","nmu":"CANDIDATO 23010","s":"M","dt":"28/04/1929","dvt":"Válido"},{"sqcand":160002520540,"n":23006,"nm":"CANDIDATO 23006","nmu":"CANDIDATO 23006","s":"M","dt":"29/08/1928","dvt":"Válido"},{"sqcand":160002520542,"n":23008,"nm":"CANDIDATO 23008","nmu":"CANDIDATO 23008","s":"M","dt":"28/04/1929","dvt":"Válido"},{"sqcand":160002520545,"n":23011,"nm":"CANDIDATO 23011","nmu":"CANDIDATO 23011","s":"M","dt":"09/09/1929","dvt":"Válido"},{"sqcand":160002520548,"n":23014,"nm":"CANDIDATO 23014","nmu":"CANDIDATO 23014","s":"M","dt":"07/10/1929","dvt":"Válido"},{"sqcand":160002520535,"n":23001,"nm":"CANDIDATO 23001","nmu":"CANDIDATO 23001","s":"F","dt":"16/07/1927","dvt":"Válido"},{"sqcand":160002520537,"n":23003,"nm":"CANDIDATO 23003","nmu":"CANDIDATO 23003","s":"F","dt":"15/07/1925","dvt":"Válido"},{"sqcand":160002520539,"n":23005,"nm":"CANDIDATO 23005","nmu":"CANDIDATO 23005","s":"M","dt":"15/05/1973","dvt":"Válido"}]}]},{"n":160000338151,"nm":"COLIGACAO 160000338151","tp":"P","com":"P14","par":[{"n":14,"sg":" P14 ","nm":"PARTIDO 14","cand":[{"sqcand":160002520560,"n":14009,"nm":"CANDIDATO 14009","nmu":"CANDIDATO 14009","s":"M","dt":"17/03/1924","dvt":"Válido"},{"sqcand":160002520563,"n":14012,"nm":"CANDIDATO 14012","nmu":"CANDIDATO 14012","s":"M","dt":"19/10/1929","dvt":"Válido"},{"sqcand":160002520552,"n":14001,"nm":"CANDIDATO 14001","nmu":"CANDIDATO 14001","s":"F","dt":"10/08/1929","dvt":"Válido"},{"sqcand":160002520556,"n":14005,"nm":"CANDIDATO 14005","nmu":"CANDIDATO 14005","s":"M","dt":"25/09/1925","dvt":"Válido"},{"sqcand":160002520557,"n":14006,"nm":"CANDIDATO 14006","nmu":"CANDIDATO 14006","s":"M","dt":"11/05/1922","dvt":"Válido"},{"sqcand":160002520558,"n":14007,"nm":"CANDIDATO 14007","nmu":"CANDIDATO 14007","s":"M","dt":"28/03/1976","dvt":"Válido"},{"sqcand":160002520559,"n":14008,"nm":"CANDIDATO 14008","nmu":"CANDIDATO 14008","s":"M","dt":"05/05/1925","dvt":"Válido"},{"sqcand":160002520562,"n":14011,"nm":"CANDIDATO 14011","nmu":"CANDIDATO 14011","s":"M","dt":"10/05/1988","dvt":"Válido"},{"sqcand":160002520565,"n":14014,"nm":"CANDIDATO 14014","nmu":"CANDIDATO 14014","s":"M","dt":"17/02/1989","dvt":"Válido"},{"sqcand":160002520566,"n":14015,"nm":"CANDIDATO 14015","nmu":"CANDIDATO 14015","s":"M","dt":"24/05/1929","dvt":"Válido"},{"sqcand":160002520555,"n":14004,"nm":"CANDIDATO 14004","nmu":"CANDIDATO 14004","s":"F","dt":"22/09/1970","dvt":"Válido"},{"sqcand":160002520561,"n":14010,"nm":"CANDIDATO 14010","nmu":"CANDIDATO 14010","s":"M","dt":"10/11/1923","dvt":"Válido"},{"sqcand":160002520564,"n":14013,"nm":"CANDIDATO 14013","nmu":"CANDIDATO 14013","s":"M","dt":"12/02/1951","dvt":"Válido"},{"sqcand":160002520553,"n":14002,"nm":"CANDIDATO 14002","nmu":"CANDIDATO 14002","s":"F","dt":"22/08/1928","dvt":"Válido"},{"sqcand":160002520554,"n":14003,"nm":"CANDIDATO 14003","nmu":"CANDIDATO 14003","s":"F","dt":"06/02/1924","dvt":"Válido"}]}]}]}}