{"ele":8707,"cdabr":"74900","nmabr":"VENTANIA","t":1,"f":"S","s":"N","dg":"13/10/2020","hg":"20:03:39","v":"005","br":{"nm":"Brasil","uf":[{"sg":"PR","nm":"PARANÁ","mun":[{"cd":"74900","nm":"VENTANIA","c":"N","s":22,"e":6802,"tzon":1,"zon":[{"cd":"0017","s":22,"e":6802}]}]}]},"carg":{"cd":13,"nmn":"Vereador","nmm":"Vereador","nmf":"Vereadora","nv":12,"col":[{"n":160000330612,"nm":"COLIGACAO 160000330612","tp":"P","com":"P16","par":[{"n":16,"sg":" P16 ","nm":"PARTIDO 16","cand":[{"sqcand":160002496280,"n":16010,"nm":"CANDIDATO 16010","nmu":"CANDIDATO 16010","s":"M","dt":"08/05/1929","dvt":"Válido"},{"sqcand":160002496281,"n":16011,"nm":"CANDIDATO 16011","nmu":"CANDIDATO 16011","s":"M","dt":"12/06/1928","dvt":"Válido"},{"sqcand":160002496271,"n":16001,"nm":"CANDIDATO 16001","nmu":"CANDIDATO 16001","s":"F","dt":"14/06/1923","dvt":"Válido"},{"sqcand":160002496279,"n":16009,"nm":"CANDIDATO 16009","nmu":"CANDIDATO 16009","s":"M","dt":"21/12/1956","dvt":"Válido"},{"sqcand":160002496284,"n":16014,"nm":"CANDIDATO 16014","nmu":"CANDIDATO 16014","s":"M","dt":"15/07/1929","dvt":"Válido"},{"sqcand":160002496274,"n":16004,"nm":"CANDIDATO 16004","nmu":"CANDIDATO 16004","s":"F","dt":"01/09/1922","dvt":"Válido"},{"sqcand":160002496272,"n":16002,"nm":"CANDIDATO 16002","nmu":"CANDIDATO 16002","s":"F","dt":"01/07/1973","dvt":"Válido"},{"sqcand":160002496275,"n":16005,"nm":"CANDIDATO 16005","nmu":"CANDIDATO 16005","s":"M","dt":"18/08/1929","dvt":"Válido"},{"sqcand":160002496278,"n":16008,"nm":"CANDIDATO 16008","nmu":"CANDIDATO 16008","s":"M","dt":"10/11/1980","dvt":"Válido"},{"sqcand":160002496285,"n":16015,"nm":"CANDIDATO 16015","nmu":"CANDIDATO 16015","s":"M","dt":"02/06/1922","dvt":"Válido"},{"sqcand":160002496273,"n":16003,"nm":"CANDIDATO 16003","nmu":"CANDIDATO 16003","s":"F","dt":"23/10/1921","dvt":"Válido"},{"sqcand":160002496277,"n":16007,"nm":"CANDIDATO 16007","nmu":"CANDIDATO 16007","s":"M","dt":"18/12/1929","dvt":"Válido"},{"sqcand":160002496282,"n":16012,"nm":"CANDIDATO 16012","nmu":"CANDIDATO 16012","s":"M","dt":"25/08/1929","dvt":"Válido"},{"sqcand":160002496283,"n":16013,"nm":"CANDIDATO 16013","nmu":"CANDIDATO 16013","s":"M","dt":"21/05/1929","dvt":"Válido"},{"sqcand":160002496276,"n":16006,"nm":"CANDIDATO 16006","nmu":"CANDIDATO 16006","s":"M","dt":"25/09/1925","dvt":"Válido"}]}]},{"n":160000330610,"nm":"COLIGACAO 160000330610","tp":"P","com":"P13","par":[{"n":13,"sg":" P13 ","nm":"PARTIDO 13","cand":[{"sqcand":160002496243,"n":13001,"nm":"CANDIDATO 13001","nmu":"CANDIDATO 13001","s":"F","dt":"08/02/1929","dvt":"Válido"},{"sqcand":160002496247,"n":13005,"nm":"CANDIDATO 13005","nmu":"CANDIDATO 13005","s":"M","dt":"28/12/1928","dvt":"Válido"},{"sqcand":160002496252,"n":13010,"nm":"CANDIDATO 13010","nmu":"CANDIDATO 13010","s":"M","dt":"12/11/1929","dvt":"Válido"},{"sqcand":160002496244,"n":13002,"nm":"CANDIDATO 13002","nmu":"CANDIDATO 13002","s":"F","dt":"27/12/1929","dvt":"Válido"},{"sqcand":160002496249,"n":13007,"nm":"CANDIDATO 13007","nmu":"CANDIDATO 13007","s":"M","dt":"20/12/1928","dvt":"Válido"},{"sqcand":160002496245,"n":13003,"nm":"CANDIDATO 13003","nmu":"CANDIDATO 13003","s":"F","dt":"11/09/1929","dvt":"Válido"},{"sqcand":160002496256,"n":13014,"nm":"CANDIDATO 13014","nmu":"CANDIDATO 13014","s":"M","dt":"29/11/1929","dvt":"Válido"},{"sqcand":160002496250,"n":13008,"nm":"CANDIDATO 13008","nmu":"CANDIDATO 13008","s":"M","dt":"27/09/1929","dvt":"Válido"},{"sqcand":160002496255,"n":13013,"nm":"CANDIDATO 13013","nmu":"CANDIDATO 13013","s":"M","dt":"08/03/1929","dvt":"Válido"},{"sqcand":160002496246,"n":13004,"nm":"CANDIDATO 13004","nmu":"CANDIDATO 13004","s":"F","dt":"10/07/1927","dvt":"Válido"},{"sqcand":160002496248,"n":13006,"nm":"CANDIDATO 13006","nmu":"CANDIDATO 13006","s":"M","dt":"29/04/1969","dvt":"Válido"},{"sqcand":160002496251,"n":13009,"nm":"CANDIDATO 13009","nmu":"CANDIDATO 13009","s":"M","dt":"20/02/1929","dvt":"Válido"},{"sqcand":160002496253,"n":13011,"nm":"CANDIDATO 13011","nmu":"CANDIDATO 13011","s":"M","dt":"05/04/1972","dvt":"Válido"},{"sqcand":160002496254,"n":13012,"nm":"CANDIDATO 13012","nmu":"CANDIDATO 13012","s":"M","dt":"17/01/1970","dvt":"Válido"}]}]}]}}