{"ele":8707,"cdabr":"74934","nmabr":"CASCAVEL","t":1,"f":"S","s":"N","dg":"13/10/2020","hg":"20:03:35","v":"005","br":{"nm":"Brasil","uf":[{"sg":"PR","nm":"PARANÁ","mun":[{"cd":"74934","nm":"CASCAVEL","c":"N","s":659,"e":218414,"tzon":2,"zon":[{"cd":"0068","s":350,"e":116229},{"cd":"0143","s":309,"e":102185}]}]}]},"carg":{"cd":11,"nmn":"Prefeito","nmm":"Prefeito","nmf":"Prefeita","nv":1,"col":[{"n":160000323087,"nm":"COLIGACAO 160000323087","tp":"P","com":"P16","par":[{"n":16,"sg":" P16 ","nm":"PARTIDO 16","cand":[{"sqcand":160002469137,"n":16,"nm":"CANDIDATO 16","nmu":"CANDIDATO 16","s":"M","dt":"29/09/1929","dvt":"Válido","vs":[{"sqcand":160002469138,"nm":"CANDIDATO 16 1","nmu":"CANDIDATO 16 1","tp":"V","sgp":"P16"}]}]}]},{"n":160000323085,"nm":"COLIGACAO 160000323085","tp":"P","com":"P14","par":[{"n":14,"sg":" P14 ","nm":"PARTIDO 14","cand":[{"sqcand":160002469120,"n":14,"nm":"CANDIDATO 14","nmu":"CANDIDATO 14","s":"M","dt":"20/04/1926","dvt":"Válido","vs":[{"sqcand":160002469121,"nm":"CANDIDATO 14 1","nmu":"CANDIDATO 14 1","tp":"V","sgp":"P14"}]}]}]}]}}