{"ele":8707,"cdabr":"74314","nmabr":"ARARUNA","t":1,"f":"S","s":"N","dg":"13/10/2020","hg":"20:03:35","v":"005","br":{"nm":"Brasil","uf":[{"sg":"PR","nm":"PARANÁ","mun":[{"cd":"74314","nm":"ARARUNA","c":"N","s":33,"e":10718,"tzon":1,"zon":[{"cd":"0074","s":33,"e":10718}]}]}]},"carg":{"cd":11,"nmn":"Prefeito","nmm":"Prefeito","nmf":"Prefeita","nv":1,"col":[{"n":160000323423,"nm":"COLIGACAO 160000323423","tp":"P","com":"P16","par":[{"n":16,"sg":" P16 ","nm":"PARTIDO 16","cand":[{"sqcand":160002471279,"n":16,"nm":"CANDIDATO 16","nmu":"CANDIDATO 16","s":"M","dt":"21/07/1929","dvt":"Válido","vs":[{"sqcand":160002471280,"nm":"CANDIDATO 16 1","nmu":"CANDIDATO 16 1","tp":"V","sgp":"P16"}]}]}]},{"n":160000323417,"nm":"COLIGACAO 160000323417","tp":"P","com":"P14","par":[{"n":14,"sg":" P14 ","nm":"PARTIDO 14","cand":[{"sqcand":160002471215,"n":14,"nm":"CANDIDATO 14","nmu":"CANDIDATO 14","s":"M","dt":"30/09/1929","dvt":"Válido","vs":[{"sqcand":160002471216,"nm":"CANDIDATO 14 1","nmu":"CANDIDATO 14 1","tp":"V","sgp":"P14"}]}]}]}]}}