{"ele":8707,"cdabr":"74012","nmabr":"ABATIÁ","t":1,"f":"S","s":"N","dg":"13/10/2020","hg":"20:03:34","v":"005","br":{"nm":"Brasil","uf":[{"sg":"PR","nm":"PARANÁ","mun":[{"cd":"74012","nm":"ABATIÁ","c":"N","s":27,"e":5764,"tzon":1,"zon":[{"cd":"0082","s":27,"e":5764}]}]}]},"carg":{"cd":11,"nmn":"Prefeito","nmm":"Prefeito","nmf":"Prefeita","nv":1,"col":[{"n":160000322518,"nm":"COLIGACAO 160000322518","tp":"P","com":"P16","par":[{"n":16,"sg":" P16 ","nm":"PARTIDO 16","cand":[{"sqcand":160002465688,"n":16,"nm":"CANDIDATO 16","nmu":"CANDIDATO 16","s":"M","dt":"03/04/1928","dvt":"Válido","vs":[{"sqcand":160002465689,"nm":"CANDIDATO 16 1","nmu":"CANDIDATO 16 1","tp":"V","sgp":"P16"}]}]}]},{"n":160000322512,"nm":"COLIGACAO 160000322512","tp":"P","com":"P14","par":[{"n":14,"sg":" P14 ","nm":"PARTIDO 14","cand":[{"sqcand":160002465637,"n":14,"nm":"CANDIDATO 14","nmu":"CANDIDATO 14","s":"M","dt":"10/09/1963","dvt":"Válido","vs":[{"sqcand":160002465638,"nm":"CANDIDATO 14 1","nmu":"CANDIDATO 14 1","tp":"V","sgp":"P14"}]}]}]}]}}