{"ele":8707,"cdabr":"74853","nmabr":"CÂNDIDO DE ABREU","t":1,"f":"S","s":"N","dg":"13/10/2020","hg":"20:03:35","v":"005","br":{"nm":"Brasil","uf":[{"sg":"PR","nm":"PARANÁ","mun":[{"cd":"74853","nm":"CÂNDIDO DE ABREU","c":"N","s":53,"e":11209,"tzon":1,"zon":[{"cd":"0106","s":53,"e":11209}]}]}]},"carg":{"cd":13,"nmn":"Vereador","nmm":"Vereador","nmf":"Vereadora","nv":15,"col":[{"n":160000329515,"nm":"COLIGACAO 160000329515","tp":"P","com":"P14","par":[{"n":14,"sg":" P14 ","nm":"PARTIDO 14","cand":[{"sqcand":160002490776,"n":14014,"nm":"CANDIDATO 14014","nmu":"CANDIDATO 14014","s":"M","dt":"08/03/1981","dvt":"Válido"},{"sqcand":160002490771,"n":14009,"nm":"CANDIDATO 14009","nmu":"CANDIDATO 14009","s":"M","dt":"09/04/1956","dvt":"Válido"},{"sqcand":160002490767,"n":14005,"nm":"CANDIDATO 14005","nmu":"CANDIDATO 14005","s":"M","dt":"30/10/1981","dvt":"Válido"},{"sqcand":160002490770,"n":14008,"nm":"CANDIDATO 14008","nmu":"CANDIDATO 14008","s":"M","dt":"28/11/1981","dvt":"Válido"},{"sqcand":160002490764,"n":14002,"nm":"CANDIDATO 14002","nmu":"CANDIDATO 14002","s":"F","dt":"03/11/1929","dvt":"Válido"},{"sqcand":160002490768,"n":14006,"nm":"CANDIDATO 14006","nmu":"CANDIDATO 14006","s":"M","dt":"07/06/1982","dvt":"Válido"},{"sqcand":160002490772,"n":14010,"nm":"CANDIDATO 14010","nmu":"CANDIDATO 14010","s":"M","dt":"19/07/1920","dvt":"Válido"},{"sqcand":160002490766,"n":14004,"nm":"CANDIDATO 14004","nmu":"CANDIDATO 14004","s":"F","dt":"19/05/1952","dvt":"Válido"},{"sqcand":160002490775,"n":14013,"nm":"CANDIDATO 14013","nmu":"CANDIDATO 14013","s":"M","dt":"14/05/1929","dvt":"Válido"},{"sqcand":160002490777,"n":14015,"nm":"CANDIDATO 14015","nmu":"CANDIDATO 14015","s":"M","dt":"21/02/1929","dvt":"Válido"},{"sqcand":160002490773,"n":14011,"nm":"CANDIDATO 14011","nmu":"CANDIDATO 14011","s":"M","dt":"30/06/1929","dvt":"Válido"},{"sqcand":160002490774,"n":14012,"nm":"CANDIDATO 14012","nmu":"CANDIDATO 14012","s":"M","dt":"02/06/1956","dvt":"Válido"},{"sqcand":160002490769,"n":14007,"nm":"CANDIDATO 14007","nmu":"CANDIDATO 14007","s":"M","dt":"29/07/1965","dvt":"Válido"},{"sqcand":160002490765,"n":14003,"nm":"CANDIDATO 14003","nmu":"CANDIDATO 14003","s":"F","dt":"06/08/1986","dvt":"Válido"},{"sqcand":160002490763,"n":14001,"nm":"CANDIDATO 14001","nmu":"CANDIDATO 14001","s":"F","dt":"04/09/1929","dvt":"Válido"}]}]},{"n":160000329517,"nm":"COLIGACAO 160000329517","tp":"P","com":"P16","par":[{"n":16,"sg":" P16 ","nm":"PARTIDO 16","cand":[{"sqcand":160002490785,"n":16006,"nm":"CANDIDATO 16006","nmu":"CANDIDATO 16006","s":"M","dt":"17/08/1929","dvt":"Válido"},{"sqcand":160002490790,"n":16011,"nm":"CANDIDATO 16011","nmu":"CANDIDATO 16011","s":"M","dt":"12/03/1927","dvt":"Válido"},{"sqcand":160002490782,"n":16003,"nm":"CANDIDATO 16003","nmu":"CANDIDATO 16003","s":"F","dt":"19/02/1927","dvt":"Válido"},{"sqcand":160002490788,"n":16009,"nm":"CANDIDATO 16009","nmu":"CANDIDATO 16009","s":"M","dt":"05/11/1929","dvt":"Válido"},{"sqcand":160002490793,"n":16014,"nm":"CANDIDATO 16014","nmu":"CANDIDATO 16014","s":"M","dt":"12/07/1977","dvt":"Válido"},{"sqcand":160002490786,"n":16007,"nm":"CANDIDATO 16007","nmu":"CANDIDATO 16007","s":"M","dt":"06/01/1927","dvt":"Válido"},{"sqcand":160002490780,"n":16001,"nm":"CANDIDATO 16001","nmu":"CANDIDATO 16001","s":"F","dt":"30/07/1963","dvt":"Válido"},{"sqcand":160002490781,"n":16002,"nm":"CANDIDATO 16002","nmu":"CANDIDATO 16002","s":"F","dt":"11/05/1929","dvt":"Válido"},{"sqcand":160002490789,"n":16010,"nm":"CANDIDATO 16010","nmu":"CANDIDATO 16010","s":"M","dt":"24/09/1929","dvt":"Válido"},{"sqcand":160002490791,"n":16012,"nm":"CANDIDATO 16012","nmu":"CANDIDATO 16012","s":"M","dt":"03/06/1929","dvt":"Válido"},{"sqcand":160002490794,"n":16015,"nm":"CANDIDATO 16015","nmu":"CANDIDATO 16015","s":"M","dt":"03/04/1928","dvt":"Válido"},{"sqcand":160002490784,"n":16005,"nm":"CANDIDATO 16005","nmu":"CANDIDATO 16005","s":"M","dt":"03/12/1929","dvt":"Válido"},{"sqcand":160002490787,"n":16008,"nm":"CANDIDATO 16008","nmu":"CANDIDATO 16008","s":"M","dt":"30/08/1922","dvt":"Válido"},{"sqcand":160002490792,"n":16013,"nm":"CANDIDATO 16013","nmu":"CANDIDATO 16013","s":"M","dt":"28/09/1920","dvt":"Válido"},{"sqcand":160002490783,"n":16004,"nm":"CANDIDATO 16004","nmu":"CANDIDATO 16004","s":"F","dt":"26/08/1927","dvt":"Válido"}]}]}]}}