{"ele":8707,"cdabr":"74918","nmabr":"CARLÓPOLIS","t":1,"f":"S","s":"N","dg":"13/10/2020","hg":"20:03:43","v":"005","br":{"nm":"Brasil","uf":[{"sg":"PR","nm":"PARANÁ","mun":[{"cd":"74918","nm":"CARLÓPOLIS","c":"N","s":39,"e":11235,"tzon":1,"zon":[{"cd":"0056","s":39,"e":11235}]}]}]},"carg":{"cd":13,"nmn":"Vereador","nmm":"Vereador","nmf":"Vereadora","nv":15,"col":[{"n":160000322551,"nm":"COLIGACAO 160000322551","tp":"P","com":"P16","par":[{"n":16,"sg":" P16 ","nm":"PARTIDO 16","cand":[{"sqcand":160002465927,"n":16007,"nm":"CANDIDATO 16007","nmu":"CANDIDATO 16007","s":"M","dt":"06/06/1929","dvt":"Válido"},{"sqcand":160002465929,"n":16009,"nm":"CANDIDATO 16009","nmu":"CANDIDATO 16009","s":"M","dt":"14/08/1924","dvt":"Válido"},{"sqcand":160002465935,"n":16015,"nm":"CANDIDATO 16015","nmu":"CANDIDATO 16015","s":"M","dt":"17/12/1980","dvt":"Válido"},{"sqcand":160002465928,"n":16008,"nm":"CANDIDATO 16008","nmu":"CANDIDATO 16008","s":"M","dt":"14/08/1929","dvt":"Válido"},{"sqcand":160002465931,"n":16011,"nm":"CANDIDATO 16011","nmu":"CANDIDATO 16011","s":"M","dt":"19/09/1924","dvt":"Válido"},{"sqcand":160002465922,"n":16002,"nm":"CANDIDATO 16002","nmu":"CANDIDATO 16002","s":"F","dt":"24/10/1920","dvt":"Válido"},{"sqcand":160002465923,"n":16003,"nm":"CANDIDATO 16003","nmu":"CANDIDATO 16003","s":"F","dt":"03/09/1920","dvt":"Válido"},{"sqcand":160002465924,"n":16004,"nm":"CANDIDATO 16004","nmu":"CANDIDATO 16004","s":"F","dt":"19/11/1926","dvt":"Válido"},{"sqcand":160002465926,"n":16006,"nm":"CANDIDATO 16006","nmu":"CANDIDATO 16006","s":"M","dt":"09/10/1961","dvt":"Válido"},{"sqcand":160002465932,"n":16012,"nm":"CANDIDATO 16012","nmu":"CANDIDATO 16012","s":"M","dt":"16/05/1929","dvt":"Válido"},{"sqcand":160002465933,"n":16013,"nm":"CANDIDATO 16013","nmu":"CANDIDATO 16013","s":"M","dt":"23/10/1974","dvt":"Válido"},{"sqcand":160002465921,"n":16001,"nm":"CANDIDATO 16001","nmu":"CANDIDATO 16001","s":"F","dt":"20/04/1921","dvt":"Válido"},{"sqcand":160002465930,"n":16010,"nm":"CANDIDATO 16010","nmu":"CANDIDATO 16010","s":"M","dt":"11/08/1929","dvt":"Válido"},{"sqcand":160002465934,"n":16014,"nm":"CANDIDATO 16014","nmu":"CANDIDATO 16014","s":"M","dt":"26/12/1929","dvt":"Válido"},{"sqcand":160002465925,"n":16005,"nm":"CANDIDATO 16005","nmu":"CANDIDATO 16005","s":"M","dt":"07/10/1929","dvt":"Válido"}]}]},{"n":160000322549,"nm":"COLIGACAO 160000322549","tp":"P","com":"P14","par":[{"n":14,"sg":" P14 ","nm":"PARTIDO 14","cand":[{"sqcand":160002465905,"n":14002,"nm":"CANDIDATO 14002","nmu":"CANDIDATO 14002","s":"F","dt":"20/06/1923","dvt":"Válido"},{"sqcand":160002465909,"n":14006,"nm":"CANDIDATO 14006","nmu":"CANDIDATO 14006","s":"M","dt":"30/05/1928","dvt":"Válido"},{"sqcand":160002465913,"n":14010,"nm":"CANDIDATO 14010","nmu":"CANDIDATO 14010","s":"M","dt":"16/06/1929","dvt":"Válido"},{"sqcand":160002465916,"n":14013,"nm":"CANDIDATO 14013","nmu":"CANDIDATO 14013","s":"M","dt":"20/07/1966","dvt":"Válido"},{"sqcand":160002465911,"n":14008,"nm":"CANDIDATO 14008","nmu":"CANDIDATO 14008","s":"M","dt":"26/10/1966","dvt":"Válido"},{"sqcand":160002465917,"n":14014,"nm":"CANDIDATO 14014","nmu":"CANDIDATO 14014","s":"M","dt":"11/06/1929","dvt":"Válido"},{"sqcand":160002465907,"n":14004,"nm":"CANDIDATO 14004","nmu":"CANDIDATO 14004","s":"F","dt":"03/05/1924","dvt":"Válido"},{"sqcand":160002465904,"n":14001,"nm":"CANDIDATO 14001","nmu":"CANDIDATO 14001","s":"F","dt":"08/04/1925","dvt":"Válido"},{"sqcand":160002465906,"n":14003,"nm":"CANDIDATO 14003","nmu":"CANDIDATO 14003","s":"F","dt":"08/09/1925","dvt":"Válido"},{"sqcand":160002465918,"n":14015,"nm":"CANDIDATO 14015","nmu":"CANDIDATO 14015","s":"M","dt":"14/08/1924","dvt":"Válido"},{"sqcand":160002465908,"n":14005,"nm":"CANDIDATO 14005","nmu":"CANDIDATO 14005","s":"M","dt":"02/08/1928","dvt":"Válido"},{"sqcand":160002465910,"n":14007,"nm":"CANDIDATO 14007","nmu":"CANDIDATO 14007","s":"M","dt":"09/10/1928","dvt":"Válido"},{"sqcand":160002465912,"n":14009,"nm":"CANDIDATO 14009","nmu":"CANDIDATO 14009","s":"M","dt":"29/12/1929","dvt":"Válido"},{"sqcand":160002465914,"n":14011,"nm":"CANDIDATO 14011","nmu":"CANDIDATO 14011","s":"M","dt":"31/05/1929","dvt":"Válido"},{"sqcand":160002465915,"n":14012,"nm":"CANDIDATO 14012","nmu":"CANDIDATO 14012","s":"M","dt":"28/04/1976","dvt":"Válido"}]}]}]}}