{"ele":8707,"carper":11,"t":1,"f":"S","esae":"N","mnae":" ","dg":"13/10/2020","hg":"20:06:04","dv":"S","nadf":"pr74080-c0011-e008707-006-f","abr":[{"dt":"13/10/2020","ht":"18:54:01","tf":"N","and":"P","s":27,"st":27,"pst":" 100,00","snt":0,"psnt":"   0,00","si":27,"psi":" 100,00","sni":0,"psni":"   0,00","sa":27,"psa":" 100,00","sna":0,"psna":"   0,00","e":8677,"ea":8677,"pea":" 100,00","ena":0,"pena":"   0,00","esi":8677,"pesi":" 100,00","esni":0,"pesni":"   0,00","c":7387,"pc":"  85,13","a":1290,"pa":"  14,87","tv":7387,"vscv":0,"vb":1237,"pvb":"  16,75","tvn":970,"ptvn":"  13,13","vn":970,"pvn":" 100,00","vnt":0,"pvnt":"   0,00","vp":0,"pvp":"   0,00","vv":5180,"pvv":" 100,00","van":0,"pvan":"   0,00","vansj":0,"pvansj":"   0,00","vnom":5180,"pvnom":" 100,00","cand":[{"seq":2,"n":16,"e":"N","vap":2165,"pvap":"  29,31","st":""},{"seq":1,"n":14,"e":"N","vap":3015,"pvap":"  40,81","st":""}],"tpabr":"MU","cdabr":"74080","colig":[{"n":160000338335,"tvtn":2165,"tvtl":0,"tvan":2165,"tval":0},{"n":160000338331,"tvtn":3015,"tvtl":0,"tvan":3015,"tval":0}],"part":[{"n":16,"tvtn":2165,"tvtl":0,"tvan":2165,"tval":0},{"n":14,"tvtn":3015,"tvtl":0,"tvan":3015,"tval":0}]},{"dt":"13/10/2020","ht":"18:54:01","tf":"N","and":"P","s":27,"st":27,"pst":" 100,00","snt":0,"psnt":"0","si":27,"psi":" 100,00","sni":0,"psni":"   0,00","sa":27,"psa":" 100,00","sna":0,"psna":"   0,00","e":8677,"ea":8677,"pea":" 100,00","ena":0,"pena":"   0,00","esi":8677,"pesi":" 100,00","esni":0,"pesni":"   0,00","c":7387,"pc":"  85,13","a":1290,"pa":"  14,87","tv":7387,"vscv":0,"vb":1237,"pvb":"  16,75","tvn":970,"ptvn":"  13,13","vn":970,"pvn":" 100,00","vp":0,"pvp":"   0,00","vv":5180,"pvv":" 100,00","van":0,"pvan":"   0,00","vansj":0,"pvansj":"   0,00","vnom":5180,"pvnom":" 100,00","cand":[{"seq":2,"n":16,"e":"N","vap":2165,"pvap":"  29,31","st":""},{"seq":1,"n":14,"e":"N","vap":3015,"pvap":"  40,81","st":""}],"tpabr":"ZONA","cdabr":"143"}]}