{"ele":8707,"cdabr":"74659","nmabr":"CAFEARA","t":1,"f":"S","s":"N","dg":"13/10/2020","hg":"20:03:42","v":"005","br":{"nm":"Brasil","uf":[{"sg":"PR","nm":"PARANÁ","mun":[{"cd":"74659","nm":"CAFEARA","c":"N","s":7,"e":2086,"tzon":1,"zon":[{"cd":"0159","s":7,"e":2086}]}]}]},"carg":{"cd":13,"nmn":"Vereador","nmm":"Vereador","nmf":"Vereadora","nv":15,"col":[{"n":160000331224,"nm":"COLIGACAO 160000331224","tp":"P","com":"P16","par":[{"n":16,"sg":" P16 ","nm":"PARTIDO 16","cand":[{"sqcand":160002499393,"n":16013,"nm":"CANDIDATO 16013","nmu":"CANDIDATO 16013","s":"M","dt":"31/07/1989","dvt":"Válido"},{"sqcand":160002499386,"n":16006,"nm":"CANDIDATO 16006","nmu":"CANDIDATO 16006","s":"M","dt":"13/01/1928","dvt":"Válido"},{"sqcand":160002499388,"n":16008,"nm":"CANDIDATO 16008","nmu":"CANDIDATO 16008","s":"M","dt":"31/10/1929","dvt":"Válido"},{"sqcand":160002499392,"n":16012,"nm":"CANDIDATO 16012","nmu":"CANDIDATO 16012","s":"M","dt":"31/05/1926","dvt":"Válido"},{"sqcand":160002499381,"n":16001,"nm":"CANDIDATO 16001","nmu":"CANDIDATO 16001","s":"F","dt":"12/02/1960","dvt":"Válido"},{"sqcand":160002499384,"n":16004,"nm":"CANDIDATO 16004","nmu":"CANDIDATO 16004","s":"F","dt":"21/11/1928","dvt":"Válido"},{"sqcand":160002499382,"n":16002,"nm":"CANDIDATO 16002","nmu":"CANDIDATO 16002","s":"F","dt":"22/11/1925","dvt":"Válido"},{"sqcand":160002499389,"n":16009,"nm":"CANDIDATO 16009","nmu":"CANDIDATO 16009","s":"M","dt":"10/08/1920","dvt":"Válido"},{"sqcand":160002499383,"n":16003,"nm":"CANDIDATO 16003","nmu":"CANDIDATO 16003","s":"F","dt":"15/03/1927","dvt":"Válido"},{"sqcand":160002499385,"n":16005,"nm":"CANDIDATO 16005","nmu":"CANDIDATO 16005","s":"M","dt":"02/01/1929","dvt":"Válido"},{"sqcand":160002499387,"n":16007,"nm":"CANDIDATO 16007","nmu":"CANDIDATO 16007","s":"M","dt":"13/02/1929","dvt":"Válido"},{"sqcand":160002499390,"n":16010,"nm":"CANDIDATO 16010","nmu":"CANDIDATO 16010","s":"M","dt":"21/04/1983","dvt":"Válido"},{"sqcand":160002499391,"n":16011,"nm":"CANDIDATO 16011","nmu":"CANDIDATO 16011","s":"M","dt":"22/05/1929","dvt":"Válido"},{"sqcand":160002499394,"n":16014,"nm":"CANDIDATO 16014","nmu":"CANDIDATO 16014","s":"M","dt":"05/11/1982","dvt":"Válido"},{"sqcand":160002499395,"n":16015,"nm":"CANDIDATO 16015","nmu":"CANDIDATO 16015","s":"M","dt":"28/08/1969","dvt":"Válido"}]}]},{"n":160000331216,"nm":"COLIGACAO 160000331216","tp":"P","com":"P14","par":[{"n":14,"sg":" P14 ","nm":"PARTIDO 14","cand":[{"sqcand":160002499296,"n":14004,"nm":"CANDIDATO 14004","nmu":"CANDIDATO 14004","s":"F","dt":"20/09/1929","dvt":"Válido"},{"sqcand":160002499297,"n":14005,"nm":"CANDIDATO 14005","nmu":"CANDIDATO 14005","s":"M","dt":"08/06/1926","dvt":"Válido"},{"sqcand":160002499324,"n":14012,"nm":"CANDIDATO 14012","nmu":"CANDIDATO 14012","s":"M","dt":"11/12/1920","dvt":"Válido"},{"sqcand":160002499293,"n":14001,"nm":"CANDIDATO 14001","nmu":"CANDIDATO 14001","s":"F","dt":"05/02/1924","dvt":"Válido"},{"sqcand":160002499294,"n":14002,"nm":"CANDIDATO 14002","nmu":"CANDIDATO 14002","s":"F","dt":"23/01/1926","dvt":"Válido"},{"sqcand":160002499321,"n":14009,"nm":"CANDIDATO 14009","nmu":"CANDIDATO 14009","s":"M","dt":"26/06/1984","dvt":"Válido"},{"sqcand":160002499322,"n":14010,"nm":"CANDIDATO 14010","nmu":"CANDIDATO 14010","s":"M","dt":"21/10/1964","dvt":"Válido"},{"sqcand":160002499319,"n":14007,"nm":"CANDIDATO 14007","nmu":"CANDIDATO 14007","s":"M","dt":"22/08/1967","dvt":"Válido"},{"sqcand":160002499320,"n":14008,"nm":"CANDIDATO 14008","nmu":"CANDIDATO 14008","s":"M","dt":"11/11/1929","dvt":"Válido"},{"sqcand":160002499323,"n":14011,"nm":"CANDIDATO 14011","nmu":"CANDIDATO 14011","s":"M","dt":"11/12/1989","dvt":"Válido"},{"sqcand":160002499327,"n":14015,"nm":"CANDIDATO 14015","nmu":"CANDIDATO 14015","s":"M","dt":"05/02/1924","dvt":"Válido"},{"sqcand":160002499325,"n":14013,"nm":"CANDIDATO 14013","nmu":"CANDIDATO 14013","s":"M","dt":"09/10/1928","dvt":"Válido"},{"sqcand":160002499326,"n":14014,"nm":"CANDIDATO 14014","nmu":"CANDIDATO 14014","s":"M","dt":"30/08/1929","dvt":"Válido"},{"sqcand":160002499318,"n":14006,"nm":"CANDIDATO 14006","nmu":"CANDIDATO 14006","s":"M","dt":"20/11/1929","dvt":"Válido"},{"sqcand":160002499295,"n":14003,"nm":"CANDIDATO 14003","nmu":"CANDIDATO 14003","s":"F","dt":"13/10/1924","dvt":"Válido"}]}]}]}}