{"ele":8707,"cdabr":"74950","nmabr":"CASTRO","t":1,"f":"S","s":"N","dg":"13/10/2020","hg":"20:03:35","v":"005","br":{"nm":"Brasil","uf":[{"sg":"PR","nm":"PARANÁ","mun":[{"cd":"74950","nm":"CASTRO","c":"N","s":180,"e":51385,"tzon":1,"zon":[{"cd":"0016","s":180,"e":51385}]}]}]},"carg":{"cd":13,"nmn":"Vereador","nmm":"Vereador","nmf":"Vereadora","nv":14,"col":[{"n":160000330449,"nm":"COLIGACAO 160000330449","tp":"P","com":"P16","par":[{"n":16,"sg":" P16 ","nm":"PARTIDO 16","cand":[{"sqcand":160002495442,"n":16008,"nm":"CANDIDATO 16008","nmu":"CANDIDATO 16008","s":"M","dt":"04/05/1929","dvt":"Válido"},{"sqcand":160002495445,"n":16011,"nm":"CANDIDATO 16011","nmu":"CANDIDATO 16011","s":"M","dt":"13/03/1989","dvt":"Válido"},{"sqcand":160002495448,"n":16014,"nm":"CANDIDATO 16014","nmu":"CANDIDATO 16014","s":"M","dt":"30/12/1929","dvt":"Válido"},{"sqcand":160002495436,"n":16002,"nm":"CANDIDATO 16002","nmu":"CANDIDATO 16002","s":"F","dt":"24/10/1929","dvt":"Válido"},{"sqcand":160002495441,"n":16007,"nm":"CANDIDATO 16007","nmu":"CANDIDATO 16007","s":"M","dt":"10/10/1927","dvt":"Válido"},{"sqcand":160002495443,"n":16009,"nm":"CANDIDATO 16009","nmu":"CANDIDATO 16009","s":"M","dt":"04/02/1925","dvt":"Válido"},{"sqcand":160002495439,"n":16005,"nm":"CANDIDATO 16005","nmu":"CANDIDATO 16005","s":"M","dt":"18/02/1929","dvt":"Válido"},{"sqcand":160002495447,"n":16013,"nm":"CANDIDATO 16013","nmu":"CANDIDATO 16013","s":"M","dt":"31/03/1926","dvt":"Válido"},{"sqcand":160002495435,"n":16001,"nm":"CANDIDATO 16001","nmu":"CANDIDATO 16001","s":"F","dt":"13/03/1951","dvt":"Válido"},{"sqcand":160002495446,"n":16012,"nm":"CANDIDATO 16012","nmu":"CANDIDATO 16012","s":"M","dt":"20/07/1988","dvt":"Válido"},{"sqcand":160002495438,"n":16004,"nm":"CANDIDATO 16004","nmu":"CANDIDATO 16004","s":"F","dt":"30/03/1929","dvt":"Válido"},{"sqcand":160002495437,"n":16003,"nm":"CANDIDATO 16003","nmu":"CANDIDATO 16003","s":"F","dt":"02/04/1929","dvt":"Válido"},{"sqcand":160002495444,"n":16010,"nm":"CANDIDATO 16010","nmu":"CANDIDATO 16010","s":"M","dt":"15/06/1999","dvt":"Válido"},{"sqcand":160002495449,"n":16015,"nm":"CANDIDATO 16015","nmu":"CANDIDATO 16015","s":"M","dt":"27/01/1929","dvt":"Válido"},{"sqcand":160002495440,"n":16006,"nm":"CANDIDATO 16006","nmu":"CANDIDATO 16006","s":"M","dt":"15/06/1969","dvt":"Válido"}]}]},{"n":160000330448,"nm":"COLIGACAO 160000330448","tp":"P","com":"P14","par":[{"n":14,"sg":" P14 ","nm":"PARTIDO 14","cand":[{"sqcand":160002495426,"n":14003,"nm":"CANDIDATO 14003","nmu":"CANDIDATO 14003","s":"F","dt":"13/06/1985","dvt":"Válido"},{"sqcand":160002495431,"n":14008,"nm":"CANDIDATO 14008","nmu":"CANDIDATO 14008","s":"M","dt":"08/01/1965","dvt":"Válido"},{"sqcand":160002495434,"n":14011,"nm":"CANDIDATO 14011","nmu":"CANDIDATO 14011","s":"M","dt":"11/07/1929","dvt":"Válido"},{"sqcand":160002495429,"n":14006,"nm":"CANDIDATO 14006","nmu":"CANDIDATO 14006","s":"M","dt":"30/06/1928","dvt":"Válido"},{"sqcand":160002495433,"n":14010,"nm":"CANDIDATO 14010","nmu":"CANDIDATO 14010","s":"M","dt":"06/06/1986","dvt":"Válido"},{"sqcand":160002495425,"n":14002,"nm":"CANDIDATO 14002","nmu":"CANDIDATO 14002","s":"F","dt":"25/12/1987","dvt":"Válido"},{"sqcand":160002495428,"n":14005,"nm":"CANDIDATO 14005","nmu":"CANDIDATO 14005","s":"M","dt":"02/01/1929","dvt":"Válido"},{"sqcand":160002495432,"n":14009,"nm":"CANDIDATO 14009","nmu":"CANDIDATO 14009","s":"M","dt":"12/07/1928","dvt":"Válido"},{"sqcand":160002495427,"n":14004,"nm":"CANDIDATO 14004","nmu":"CANDIDATO 14004","s":"M","dt":"10/03/1928","dvt":"Válido"},{"sqcand":160002495430,"n":14007,"nm":"CANDIDATO 14007","nmu":"CANDIDATO 14007","s":"M","dt":"30/10/1929","dvt":"Válido"},{"sqcand":160002495424,"n":14001,"nm":"CANDIDATO 14001","nmu":"CANDIDATO 14001","s":"F","dt":"19/02/1929","dvt":"Válido"}]}]}]}}