{"ele":8707,"cdabr":"74748","nmabr":"RIO BONITO DO IGUAÇU","t":1,"f":"S","s":"N","dg":"13/10/2020","hg":"20:03:41","v":"005","br":{"nm":"Brasil","uf":[{"sg":"PR","nm":"PARANÁ","mun":[{"cd":"74748","nm":"RIO BONITO DO IGUAÇU","c":"N","s":37,"e":10645,"tzon":1,"zon":[{"cd":"0045","s":37,"e":10645}]}]}]},"carg":{"cd":13,"nmn":"Vereador","nmm":"Vereador","nmf":"Vereadora","nv":15,"col":[{"n":160000329015,"nm":"COLIGACAO 160000329015","tp":"P","com":"P14","par":[{"n":14,"sg":" P14 ","nm":"PARTIDO 14","cand":[{"sqcand":160002488458,"n":14008,"nm":"CANDIDATO 14008","nmu":"CANDIDATO 14008","s":"M","dt":"26/07/1926","dvt":"Válido"},{"sqcand":160002488461,"n":14011,"nm":"CANDIDATO 14011","nmu":"CANDIDATO 14011","s":"M","dt":"20/06/1929","dvt":"Válido"},{"sqcand":160002488455,"n":14005,"nm":"CANDIDATO 14005","nmu":"CANDIDATO 14005","s":"M","dt":"17/03/1980","dvt":"Válido"},{"sqcand":160002488462,"n":14012,"nm":"CANDIDATO 14012","nmu":"CANDIDATO 14012","s":"M","dt":"28/07/1972","dvt":"Válido"},{"sqcand":160002488463,"n":14013,"nm":"CANDIDATO 14013","nmu":"CANDIDATO 14013","s":"M","dt":"16/10/1928","dvt":"Válido"},{"sqcand":160002488452,"n":14002,"nm":"CANDIDATO 14002","nmu":"CANDIDATO 14002","s":"F","dt":"16/07/1929","dvt":"Válido"},{"sqcand":160002488451,"n":14001,"nm":"CANDIDATO 14001","nmu":"CANDIDATO 14001","s":"F","dt":"25/11/1929","dvt":"Válido"},{"sqcand":160002488453,"n":14003,"nm":"CANDIDATO 14003","nmu":"CANDIDATO 14003","s":"F","dt":"10/01/1922","dvt":"Válido"},{"sqcand":160002488460,"n":14010,"nm":"CANDIDATO 14010","nmu":"CANDIDATO 14010","s":"M","dt":"06/05/1929","dvt":"Válido"},{"sqcand":160002488465,"n":14015,"nm":"CANDIDATO 14015","nmu":"CANDIDATO 14015","s":"M","dt":"16/03/1975","dvt":"Válido"},{"sqcand":160002488456,"n":14006,"nm":"CANDIDATO 14006","nmu":"CANDIDATO 14006","s":"M","dt":"15/01/1922","dvt":"Válido"},{"sqcand":160002488457,"n":14007,"nm":"CANDIDATO 14007","nmu":"CANDIDATO 14007","s":"M","dt":"09/01/1929","dvt":"Válido"},{"sqcand":160002488459,"n":14009,"nm":"CANDIDATO 14009","nmu":"CANDIDATO 14009","s":"M","dt":"20/02/1929","dvt":"Válido"},{"sqcand":160002488454,"n":14004,"nm":"CANDIDATO 14004","nmu":"CANDIDATO 14004","s":"F","dt":"02/03/1929","dvt":"Válido"},{"sqcand":160002488464,"n":14014,"nm":"CANDIDATO 14014","nmu":"CANDIDATO 14014","s":"M","dt":"09/03/1929","dvt":"Válido"}]}]},{"n":160000329019,"nm":"COLIGACAO 160000329019","tp":"P","com":"P16","par":[{"n":16,"sg":" P16 ","nm":"PARTIDO 16","cand":[{"sqcand":160002488513,"n":16003,"nm":"CANDIDATO 16003","nmu":"CANDIDATO 16003","s":"F","dt":"12/07/1925","dvt":"Válido"},{"sqcand":160002488514,"n":16004,"nm":"CANDIDATO 16004","nmu":"CANDIDATO 16004","s":"F","dt":"30/09/1928","dvt":"Válido"},{"sqcand":160002488522,"n":16012,"nm":"CANDIDATO 16012","nmu":"CANDIDATO 16012","s":"M","dt":"25/05/1929","dvt":"Válido"},{"sqcand":160002488523,"n":16013,"nm":"CANDIDATO 16013","nmu":"CANDIDATO 16013","s":"M","dt":"01/08/1928","dvt":"Válido"},{"sqcand":160002488524,"n":16014,"nm":"CANDIDATO 16014","nmu":"CANDIDATO 16014","s":"M","dt":"07/06/1929","dvt":"Válido"},{"sqcand":160002488517,"n":16007,"nm":"CANDIDATO 16007","nmu":"CANDIDATO 16007","s":"M","dt":"20/07/1924","dvt":"Válido"},{"sqcand":160002488519,"n":16009,"nm":"CANDIDATO 16009","nmu":"CANDIDATO 16009","s":"M","dt":"19/07/1991","dvt":"Válido"},{"sqcand":160002488521,"n":16011,"nm":"CANDIDATO 16011","nmu":"CANDIDATO 16011","s":"M","dt":"29/05/1929","dvt":"Válido"},{"sqcand":160002488511,"n":16001,"nm":"CANDIDATO 16001","nmu":"CANDIDATO 16001","s":"F","dt":"20/02/1925","dvt":"Válido"},{"sqcand":160002488516,"n":16006,"nm":"CANDIDATO 16006","nmu":"CANDIDATO 16006","s":"M","dt":"26/08/1982","dvt":"Válido"},{"sqcand":160002488518,"n":16008,"nm":"CANDIDATO 16008","nmu":"CANDIDATO 16008","s":"M","dt":"06/12/1994","dvt":"Válido"},{"sqcand":160002488520,"n":16010,"nm":"CANDIDATO 16010","nmu":"CANDIDATO 16010","s":"M","dt":"19/08/1929","dvt":"Válido"},{"sqcand":160002488525,"n":16015,"nm":"CANDIDATO 16015","nmu":"CANDIDATO 16015","s":"M","dt":"08/06/1926","dvt":"Válido"},{"sqcand":160002488515,"n":16005,"nm":"CANDIDATO 16005","nmu":"CANDIDATO 16005","s":"M","dt":"12/05/1929","dvt":"Válido"},{"sqcand":160002488512,"n":16002,"nm":"CANDIDATO 16002","nmu":"CANDIDATO 16002","s":"F","dt":"02/03/1929","dvt":"Válido"}]}]}]}}