{"ele":8707,"cdabr":"74470","nmabr":"BARBOSA FERRAZ","t":1,"f":"S","s":"N","dg":"13/10/2020","hg":"20:03:44","v":"005","br":{"nm":"Brasil","uf":[{"sg":"PR","nm":"PARANÁ","mun":[{"cd":"74470","nm":"BARBOSA FERRAZ","c":"N","s":35,"e":8621,"tzon":1,"zon":[{"cd":"0133","s":35,"e":8621}]}]}]},"carg":{"cd":13,"nmn":"Vereador","nmm":"Vereador","nmf":"Vereadora","nv":15,"col":[{"n":160000332477,"nm":"COLIGACAO 160000332477","tp":"P","com":"P16","par":[{"n":16,"sg":" P16 ","nm":"PARTIDO 16","cand":[{"sqcand":160002503121,"n":16015,"nm":"CANDIDATO 16015","nmu":"CANDIDATO 16015","s":"M","dt":"11/07/1970","dvt":"Válido"},{"sqcand":160002503114,"n":16008,"nm":"CANDIDATO 16008","nmu":"CANDIDATO 16008","s":"M","dt":"27/03/1981","dvt":"Válido"},{"sqcand":160002503118,"n":16012,"nm":"CANDIDATO 16012","nmu":"CANDIDATO 16012","s":"M","dt":"02/04/1926","dvt":"Válido"},{"sqcand":160002503107,"n":16001,"nm":"CANDIDATO 16001","nmu":"CANDIDATO 16001","s":"F","dt":"02/08/1927","dvt":"Válido"},{"sqcand":160002503108,"n":16002,"nm":"CANDIDATO 16002","nmu":"CANDIDATO 16002","s":"F","dt":"10/04/1927","dvt":"Válido"},{"sqcand":160002503120,"n":16014,"nm":"CANDIDATO 16014","nmu":"CANDIDATO 16014","s":"M","dt":"12/06/1972","dvt":"Válido"},{"sqcand":160002503110,"n":16004,"nm":"CANDIDATO 16004","nmu":"CANDIDATO 16004","s":"F","dt":"13/05/1927","dvt":"Válido"},{"sqcand":160002503119,"n":16013,"nm":"CANDIDATO 16013","nmu":"CANDIDATO 16013","s":"M","dt":"04/01/1929","dvt":"Válido"},{"sqcand":160002503113,"n":16007,"nm":"CANDIDATO 16007","nmu":"CANDIDATO 16007","s":"M","dt":"01/07/1929","dvt":"Válido"},{"sqcand":160002503112,"n":16006,"nm":"CANDIDATO 16006","nmu":"CANDIDATO 16006","s":"M","dt":"25/06/1929","dvt":"Válido"},{"sqcand":160002503117,"n":16011,"nm":"CANDIDATO 16011","nmu":"CANDIDATO 16011","s":"M","dt":"13/05/1992","dvt":"Válido"},{"sqcand":160002503109,"n":16003,"nm":"CANDIDATO 16003","nmu":"CANDIDATO 16003","s":"F","dt":"28/09/1929","dvt":"Válido"},{"sqcand":160002503111,"n":16005,"nm":"CANDIDATO 16005","nmu":"CANDIDATO 16005","s":"M","dt":"20/12/1929","dvt":"Válido"},{"sqcand":160002503115,"n":16009,"nm":"CANDIDATO 16009","nmu":"CANDIDATO 16009","s":"M","dt":"30/07/1997","dvt":"Válido"},{"sqcand":160002503116,"n":16010,"nm":"CANDIDATO 16010","nmu":"CANDIDATO 16010","s":"M","dt":"25/10/1929","dvt":"Válido"}]}]},{"n":160000332475,"nm":"COLIGACAO 160000332475","tp":"P","com":"P14","par":[{"n":14,"sg":" P14 ","nm":"PARTIDO 14","cand":[{"sqcand":160002503085,"n":14009,"nm":"CANDIDATO 14009","nmu":"CANDIDATO 14009","s":"M","dt":"16/11/1929","dvt":"Válido"},{"sqcand":160002503078,"n":14002,"nm":"CANDIDATO 14002","nmu":"CANDIDATO 14002","s":"F","dt":"21/03/1929","dvt":"Válido"},{"sqcand":160002503079,"n":14003,"nm":"CANDIDATO 14003","nmu":"CANDIDATO 14003","s":"F","dt":"09/06/1929","dvt":"Válido"},{"sqcand":160002503082,"n":14006,"nm":"CANDIDATO 14006","nmu":"CANDIDATO 14006","s":"M","dt":"10/10/1927","dvt":"Válido"},{"sqcand":160002503083,"n":14007,"nm":"CANDIDATO 14007","nmu":"CANDIDATO 14007","s":"M","dt":"08/06/1929","dvt":"Válido"},{"sqcand":160002503090,"n":14014,"nm":"CANDIDATO 14014","nmu":"CANDIDATO 14014","s":"M","dt":"28/06/1920","dvt":"Válido"},{"sqcand":160002503091,"n":14015,"nm":"CANDIDATO 14015","nmu":"CANDIDATO 14015","s":"M","dt":"21/12/1925","dvt":"Válido"},{"sqcand":160002503081,"n":14005,"nm":"CANDIDATO 14005","nmu":"CANDIDATO 14005","s":"M","dt":"02/07/1927","dvt":"Válido"},{"sqcand":160002503087,"n":14011,"nm":"CANDIDATO 14011","nmu":"CANDIDATO 14011","s":"M","dt":"01/04/1929","dvt":"Válido"},{"sqcand":160002503089,"n":14013,"nm":"CANDIDATO 14013","nmu":"CANDIDATO 14013","s":"M","dt":"01/01/1928","dvt":"Válido"},{"sqcand":160002503088,"n":14012,"nm":"CANDIDATO 14012","nmu":"CANDIDATO 14012","s":"M","dt":"07/12/1928","dvt":"Válido"},{"sqcand":160002503037,"n":14001,"nm":"CANDIDATO 14001","nmu":"CANDIDATO 14001","s":"F","dt":"26/10/1929","dvt":"Válido"},{"sqcand":160002503086,"n":14010,"nm":"CANDIDATO 14010","nmu":"CANDIDATO 14010","s":"M","dt":"29/03/1929","dvt":"Válido"},{"sqcand":160002503084,"n":14008,"nm":"CANDIDATO 14008","nmu":"CANDIDATO 14008","s":"M","dt":"02/03/1923","dvt":"Válido"},{"sqcand":160002503080,"n":14004,"nm":"CANDIDATO 14004","nmu":"CANDIDATO 14004","s":"F","dt":"29/10/1926","dvt":"Válido"}]}]}]}}