{"ele":8707,"carper":11,"t":1,"f":"S","esae":"N","mnae":" ","dg":"13/10/2020","hg":"20:06:05","dv":"S","nadf":"pr74934-c0011-e008707-006-f","abr":[{"dt":"13/10/2020","ht":"19:02:02","tf":"N","and":"P","s":659,"st":309,"pst":"  46,89","snt":350,"psnt":"  53,11","si":309,"psi":"  46,89","sni":0,"psni":"   0,00","sa":309,"psa":" 100,00","sna":0,"psna":"   0,00","e":102185,"ea":102185,"pea":" 100,00","ena":0,"pena":"   0,00","esi":102185,"pesi":"  46,89","esni":0,"pesni":"   0,00","c":86078,"pc":"  84,24","a":16107,"pa":"  15,76","tv":86078,"vscv":0,"vb":20097,"pvb":"  23,35","tvn":22355,"ptvn":"  25,97","vn":22355,"pvn":" 100,00","vnt":0,"pvnt":"   0,00","vp":0,"pvp":"   0,00","vv":43626,"pvv":" 100,00","van":0,"pvan":"   0,00","vansj":0,"pvansj":"   0,00","vnom":43626,"pvnom":" 100,00","cand":[{"seq":1,"n":16,"e":"N","vap":22287,"pvap":"  25,89","st":""},{"seq":2,"n":14,"e":"N","vap":21339,"pvap":"  24,79","st":""}],"tpabr":"MU","cdabr":"74934","colig":[{"n":160000323087,"tvtn":22287,"tvtl":0,"tvan":22287,"tval":0},{"n":160000323085,"tvtn":21339,"tvtl":0,"tvan":21339,"tval":0}],"part":[{"n":16,"tvtn":22287,"tvtl":0,"tvan":22287,"tval":0},{"n":14,"tvtn":21339,"tvtl":0,"tvan":21339,"tval":0}]},{"dt":"13/10/2020","ht":"19:02:02","tf":"N","and":"N","s":350,"st":0,"pst":"   0,00","snt":350,"psnt":"350","si":0,"psi":"   0,00","sni":0,"psni":"   0,00","sa":0,"psa":"   0,00","sna":0,"psna":"   0,00","e":0,"ea":0,"pea":"   0,00","ena":0,"pena":"   0,00","esi":0,"pesi":"   0,00","esni":0,"pesni":"   0,00","c":0,"pc":"   0,00","a":0,"pa":"   0,00","tv":0,"vscv":0,"vb":0,"pvb":"00,00","tvn":0,"ptvn":"00,00","vn":0,"pvn":"00,00","vp":0,"pvp":"00,00","vv":0,"pvv":"00,00","van":0,"pvan":"00,00","vansj":0,"pvansj":"00,00","vnom":0,"pvnom":"0","cand":[],"tpabr":"ZONA","cdabr":"68"},{"dt":"13/10/2020","ht":"19:02:02","tf":"N","and":"P","s":309,"st":309,"pst":" 100,00","snt":0,"psnt":"0","si":309,"psi":" 100,00","sni":0,"psni":"   0,00","sa":309,"psa":" 100,00","sna":0,"psna":"   0,00","e":102185,"ea":102185,"pea":" 100,00","ena":0,"pena":"   0,00","esi":102185,"pesi":" 100,00","esni":0,"pesni":"   0,00","c":86078,"pc":"  84,24","a":16107,"pa":"  15,76","tv":86078,"vscv":0,"vb":20097,"pvb":"  23,35","tvn":22355,"ptvn":"  25,97","vn":22355,"pvn":" 100,00","vp":0,"pvp":"   0,00","vv":43626,"pvv":" 100,00","van":0,"pvan":"   0,00","vansj":0,"pvansj":"   0,00","vnom":43626,"pvnom":" 100,00","cand":[{"seq":2,"n":14,"e":"N","vap":21339,"pvap":"  24,79","st":""},{"seq":1,"n":16,"e":"N","vap":22287,"pvap":"  25,89","st":""}],"tpabr":"ZONA","cdabr":"143"}]}