{"ele":8707,"carper":13,"t":1,"f":"S","esae":"N","mnae":" ","dg":"13/10/2020","hg":"20:06:03","dv":"S","nadf":"pr74799-c0013-e008707-006-f","abr":[{"dt":"13/10/2020","ht":"16:55:01","tf":"N","and":"P","s":18,"st":18,"pst":" 100,00","snt":0,"psnt":"   0,00","si":18,"psi":" 100,00","sni":0,"psni":"   0,00","sa":18,"psa":" 100,00","sna":0,"psna":"   0,00","e":5675,"ea":5675,"pea":" 100,00","ena":0,"pena":"   0,00","esi":5675,"pesi":" 100,00","esni":0,"pesni":"   0,00","c":4832,"pc":"  85,15","a":843,"pa":"  14,85","tv":4832,"vscv":0,"vb":341,"pvb":"   7,06","tvn":107,"ptvn":"   2,21","vn":107,"pvn":" 100,00","vnt":0,"pvnt":"   0,00","vp":0,"pvp":"   0,00","vv":4384,"pvv":" 100,00","vl":142,"pvl":"   3,24","van":0,"pvan":"   0,00","vansj":0,"pvansj":"   0,00","vnom":4242,"pvnom":"  96,76","cand":[{"seq":5,"n":16004,"e":"N","vap":268,"pvap":"   5,55","st":""},{"seq":21,"n":16015,"e":"N","vap":37,"pvap":"   0,77","st":""},{"seq":4,"n":16007,"e":"N","vap":276,"pvap":"   5,71","st":""},{"seq":27,"n":16009,"e":"N","vap":22,"pvap":"   0,46","st":""},{"seq":8,"n":16012,"e":"N","vap":214,"pvap":"   4,43","st":""},{"seq":6,"n":16014,"e":"N","vap":244,"pvap":"   5,05","st":""},{"seq":10,"n":16011,"e":"N","vap":189,"pvap":"   3,91","st":""},{"seq":1,"n":16001,"e":"N","vap":531,"pvap":"  10,99","st":""},{"seq":23,"n":16008,"e":"N","vap":36,"pvap":"   0,75","st":""},{"seq":22,"n":16002,"e":"N","vap":37,"pvap":"   0,77","st":""},{"seq":11,"n":16005,"e":"N","vap":165,"pvap":"   3,41","st":""},{"seq":20,"n":16013,"e":"N","vap":47,"pvap":"   0,97","st":""},{"seq":3,"n":16010,"e":"N","vap":323,"pvap":"   6,68","st":""},{"seq":18,"n":16003,"e":"N","vap":64,"pvap":"   1,32","st":""},{"seq":25,"n":16006,"e":"N","vap":33,"pvap":"   0,68","st":""},{"seq":15,"n":14007,"e":"N","vap":103,"pvap":"   2,13","st":""},{"seq":16,"n":14002,"e":"N","vap":100,"pvap":"   2,07","st":""},{"seq":13,"n":14013,"e":"N","vap":146,"pvap":"   3,02","st":""},{"seq":30,"n":14014,"e":"N","vap":18,"pvap":"   0,37","st":""},{"seq":9,"n":14004,"e":"N","vap":199,"pvap":"   4,12","st":""},{"seq":17,"n":14008,"e":"N","vap":75,"pvap":"   1,55","st":""},{"seq":29,"n":14012,"e":"N","vap":19,"pvap":"   0,39","st":""},{"seq":7,"n":14011,"e":"N","vap":225,"pvap":"   4,66","st":""},{"seq":14,"n":14015,"e":"N","vap":121,"pvap":"   2,50","st":""},{"seq":24,"n":14010,"e":"N","vap":33,"pvap":"   0,68","st":""},{"seq":26,"n":14009,"e":"N","vap":22,"pvap":"   0,46","st":""},{"seq":2,"n":14006,"e":"N","vap":465,"pvap":"   9,62","st":""},{"seq":28,"n":14001,"e":"N","vap":20,"pvap":"   0,41","st":""},{"seq":19,"n":14005,"e":"N","vap":63,"pvap":"   1,30","st":""},{"seq":12,"n":14003,"e":"N","vap":147,"pvap":"   3,04","st":""}],"tpabr":"MU","cdabr":"74799","colig":[{"n":160000322397,"tvtn":2486,"tvtl":88,"tvan":2486,"tval":88,"vag":9},{"n":160000322394,"tvtn":1756,"tvtl":54,"tvan":1756,"tval":54,"vag":6}],"part":[{"n":16,"tvtn":2486,"tvtl":88,"tvan":2486,"tval":88},{"n":14,"tvtn":1756,"tvtl":54,"tvan":1756,"tval":54}]},{"dt":"13/10/2020","ht":"16:55:01","tf":"N","and":"P","s":18,"st":18,"pst":" 100,00","snt":0,"psnt":"0","si":18,"psi":" 100,00","sni":0,"psni":"   0,00","sa":18,"psa":" 100,00","sna":0,"psna":"   0,00","e":5675,"ea":5675,"pea":" 100,00","ena":0,"pena":"   0,00","esi":5675,"pesi":" 100,00","esni":0,"pesni":"   0,00","c":4832,"pc":"  85,15","a":843,"pa":"  14,85","tv":4832,"vscv":0,"vb":341,"pvb":"   7,06","tvn":107,"ptvn":"   2,21","vn":107,"pvn":" 100,00","vp":0,"pvp":"   0,00","vv":4384,"pvv":" 100,00","vl":142,"pvl":"   3,24","van":0,"pvan":"   0,00","vansj":0,"pvansj":"   0,00","vnom":4242,"pvnom":"  96,76","cand":[{"seq":15,"n":14007,"e":"N","vap":103,"pvap":"   2,13","st":""},{"seq":16,"n":14002,"e":"N","vap":100,"pvap":"   2,07","st":""},{"seq":13,"n":14013,"e":"N","vap":146,"pvap":"   3,02","st":""},{"seq":30,"n":14014,"e":"N","vap":18,"pvap":"   0,37","st":""},{"seq":9,"n":14004,"e":"N","vap":199,"pvap":"   4,12","st":""},{"seq":17,"n":14008,"e":"N","vap":75,"pvap":"   1,55","st":""},{"seq":29,"n":14012,"e":"N","vap":19,"pvap":"   0,39","st":""},{"seq":7,"n":14011,"e":"N","vap":225,"pvap":"   4,66","st":""},{"seq":14,"n":14015,"e":"N","vap":121,"pvap":"   2,50","st":""},{"seq":24,"n":14010,"e":"N","vap":33,"pvap":"   0,68","st":""},{"seq":26,"n":14009,"e":"N","vap":22,"pvap":"   0,46","st":""},{"seq":2,"n":14006,"e":"N","vap":465,"pvap":"   9,62","st":""},{"seq":28,"n":14001,"e":"N","vap":20,"pvap":"   0,41","st":""},{"seq":19,"n":14005,"e":"N","vap":63,"pvap":"   1,30","st":""},{"seq":12,"n":14003,"e":"N","vap":147,"pvap":"   3,04","st":""},{"seq":5,"n":16004,"e":"N","vap":268,"pvap":"   5,55","st":""},{"seq":21,"n":16015,"e":"N","vap":37,"pvap":"   0,77","st":""},{"seq":4,"n":16007,"e":"N","vap":276,"pvap":"   5,71","st":""},{"seq":27,"n":16009,"e":"N","vap":22,"pvap":"   0,46","st":""},{"seq":8,"n":16012,"e":"N","vap":214,"pvap":"   4,43","st":""},{"seq":6,"n":16014,"e":"N","vap":244,"pvap":"   5,05","st":""},{"seq":10,"n":16011,"e":"N","vap":189,"pvap":"   3,91","st":""},{"seq":1,"n":16001,"e":"N","vap":531,"pvap":"  10,99","st":""},{"seq":23,"n":16008,"e":"N","vap":36,"pvap":"   0,75","st":""},{"seq":22,"n":16002,"e":"N","vap":37,"pvap":"   0,77","st":""},{"seq":11,"n":16005,"e":"N","vap":165,"pvap":"   3,41","st":""},{"seq":20,"n":16013,"e":"N","vap":47,"pvap":"   0,97","st":""},{"seq":3,"n":16010,"e":"N","vap":323,"pvap":"   6,68","st":""},{"seq":18,"n":16003,"e":"N","vap":64,"pvap":"   1,32","st":""},{"seq":25,"n":16006,"e":"N","vap":33,"pvap":"   0,68","st":""}],"tpabr":"ZONA","cdabr":"11"}]}