{"ele":8707,"cdabr":"74543","nmabr":"MAUÁ DA SERRA","t":1,"f":"S","s":"N","dg":"13/10/2020","hg":"20:03:35","v":"005","br":{"nm":"Brasil","uf":[{"sg":"PR","nm":"PARANÁ","mun":[{"cd":"74543","nm":"MAUÁ DA SERRA","c":"N","s":25,"e":6898,"tzon":1,"zon":[{"cd":"0076","s":25,"e":6898}]}]}]},"carg":{"cd":13,"nmn":"Vereador","nmm":"Vereador","nmf":"Vereadora","nv":15,"col":[{"n":160000322201,"nm":"COLIGACAO 160000322201","tp":"P","com":"P16","par":[{"n":16,"sg":" P16 ","nm":"PARTIDO 16","cand":[{"sqcand":160002463955,"n":16004,"nm":"CANDIDATO 16004","nmu":"CANDIDATO 16004","s":"F","dt":"28/09/1929","dvt":"Válido"},{"sqcand":160002463962,"n":16011,"nm":"CANDIDATO 16011","nmu":"CANDIDATO 16011","s":"M","dt":"06/09/1929","dvt":"Válido"},{"sqcand":160002463960,"n":16009,"nm":"CANDIDATO 16009","nmu":"CANDIDATO 16009","s":"M","dt":"19/04/1929","dvt":"Válido"},{"sqcand":160002463965,"n":16014,"nm":"CANDIDATO 16014","nmu":"CANDIDATO 16014","s":"M","dt":"29/04/1929","dvt":"Válido"},{"sqcand":160002463953,"n":16002,"nm":"CANDIDATO 16002","nmu":"CANDIDATO 16002","s":"F","dt":"14/02/1929","dvt":"Válido"},{"sqcand":160002463956,"n":16005,"nm":"CANDIDATO 16005","nmu":"CANDIDATO 16005","s":"M","dt":"10/11/1929","dvt":"Válido"},{"sqcand":160002463957,"n":16006,"nm":"CANDIDATO 16006","nmu":"CANDIDATO 16006","s":"M","dt":"02/03/1929","dvt":"Válido"},{"sqcand":160002463954,"n":16003,"nm":"CANDIDATO 16003","nmu":"CANDIDATO 16003","s":"F","dt":"20/12/1925","dvt":"Válido"},{"sqcand":160002463959,"n":16008,"nm":"CANDIDATO 16008","nmu":"CANDIDATO 16008","s":"M","dt":"05/09/1924","dvt":"Válido"},{"sqcand":160002463963,"n":16012,"nm":"CANDIDATO 16012","nmu":"CANDIDATO 16012","s":"M","dt":"02/12/1929","dvt":"Válido"},{"sqcand":160002463958,"n":16007,"nm":"CANDIDATO 16007","nmu":"CANDIDATO 16007","s":"M","dt":"24/12/1929","dvt":"Válido"},{"sqcand":160002463966,"n":16015,"nm":"CANDIDATO 16015","nmu":"CANDIDATO 16015","s":"M","dt":"05/07/1929","dvt":"Válido"},{"sqcand":160002463952,"n":16001,"nm":"CANDIDATO 16001","nmu":"CANDIDATO 16001","s":"F","dt":"01/10/1929","dvt":"Válido"},{"sqcand":160002463961,"n":16010,"nm":"CANDIDATO 16010","nmu":"CANDIDATO 16010","s":"M","dt":"28/08/1922","dvt":"Válido"},{"sqcand":160002463964,"n":16013,"nm":"CANDIDATO 16013","nmu":"CANDIDATO 16013","s":"M","dt":"12/06/1924","dvt":"Válido"}]}]},{"n":160000322205,"nm":"COLIGACAO 160000322205","tp":"P","com":"P14","par":[{"n":14,"sg":" P14 ","nm":"PARTIDO 14","cand":[{"sqcand":160002464012,"n":14001,"nm":"CANDIDATO 14001","nmu":"CANDIDATO 14001","s":"F","dt":"27/10/1929","dvt":"Válido"},{"sqcand":160002464025,"n":14014,"nm":"CANDIDATO 14014","nmu":"CANDIDATO 14014","s":"M","dt":"07/01/1974","dvt":"Válido"},{"sqcand":160002464015,"n":14004,"nm":"CANDIDATO 14004","nmu":"CANDIDATO 14004","s":"F","dt":"23/10/1929","dvt":"Válido"},{"sqcand":160002464014,"n":14003,"nm":"CANDIDATO 14003","nmu":"CANDIDATO 14003","s":"F","dt":"13/05/1929","dvt":"Válido"},{"sqcand":160002464022,"n":14011,"nm":"CANDIDATO 14011","nmu":"CANDIDATO 14011","s":"M","dt":"28/12/1928","dvt":"Válido"},{"sqcand":160002464017,"n":14006,"nm":"CANDIDATO 14006","nmu":"CANDIDATO 14006","s":"M","dt":"11/08/1929","dvt":"Válido"},{"sqcand":160002464020,"n":14009,"nm":"CANDIDATO 14009","nmu":"CANDIDATO 14009","s":"M","dt":"28/07/1928","dvt":"Válido"},{"sqcand":160002464013,"n":14002,"nm":"CANDIDATO 14002","nmu":"CANDIDATO 14002","s":"F","dt":"06/03/1923","dvt":"Válido"},{"sqcand":160002464016,"n":14005,"nm":"CANDIDATO 14005","nmu":"CANDIDATO 14005","s":"M","dt":"02/03/1929","dvt":"Válido"},{"sqcand":160002464018,"n":14007,"nm":"CANDIDATO 14007","nmu":"CANDIDATO 14007","s":"M","dt":"20/10/1929","dvt":"Válido"},{"sqcand":160002464019,"n":14008,"nm":"CANDIDATO 14008","nmu":"CANDIDATO 14008","s":"M","dt":"05/02/1929","dvt":"Válido"},{"sqcand":160002464023,"n":14012,"nm":"CANDIDATO 14012","nmu":"CANDIDATO 14012","s":"M","dt":"26/03/1929","dvt":"Válido"},{"sqcand":160002464021,"n":14010,"nm":"CANDIDATO 14010","nmu":"CANDIDATO 14010","s":"M","dt":"16/09/1929","dvt":"Válido"},{"sqcand":160002464024,"n":14013,"nm":"CANDIDATO 14013","nmu":"CANDIDATO 14013","s":"M","dt":"26/06/1926","dvt":"Válido"},{"sqcand":160002464026,"n":14015,"nm":"CANDIDATO 14015","nmu":"CANDIDATO 14015","s":"M","dt":"28/11/1981","dvt":"Válido"}]}]}]}}