{"ele":8707,"carper":13,"t":1,"f":"S","esae":"N","mnae":" ","dg":"13/10/2020","hg":"20:06:15","dv":"S","nadf":"pr74632-c0013-e008707-006-f","abr":[{"dt":"13/10/2020","ht":"16:55:01","tf":"N","and":"P","s":26,"st":26,"pst":" 100,00","snt":0,"psnt":"   0,00","si":26,"psi":" 100,00","sni":0,"psni":"   0,00","sa":26,"psa":" 100,00","sna":0,"psna":"   0,00","e":6567,"ea":6567,"pea":" 100,00","ena":0,"pena":"   0,00","esi":6567,"pesi":" 100,00","esni":0,"pesni":"   0,00","c":5593,"pc":"  85,17","a":974,"pa":"  14,83","tv":5593,"vscv":0,"vb":123,"pvb":"   2,20","tvn":48,"ptvn":"   0,86","vn":48,"pvn":" 100,00","vnt":0,"pvnt":"   0,00","vp":0,"pvp":"   0,00","vv":5422,"pvv":" 100,00","vl":336,"pvl":"   6,20","van":0,"pvan":"   0,00","vansj":0,"pvansj":"   0,00","vnom":5086,"pvnom":"  93,80","cand":[{"seq":10,"n":16004,"e":"N","vap":205,"pvap":"   3,67","st":""},{"seq":27,"n":16007,"e":"N","vap":37,"pvap":"   0,66","st":""},{"seq":30,"n":16009,"e":"N","vap":32,"pvap":"   0,57","st":""},{"seq":22,"n":16015,"e":"N","vap":84,"pvap":"   1,50","st":""},{"seq":15,"n":16012,"e":"N","vap":141,"pvap":"   2,52","st":""},{"seq":17,"n":16014,"e":"N","vap":106,"pvap":"   1,90","st":""},{"seq":4,"n":16011,"e":"N","vap":317,"pvap":"   5,67","st":""},{"seq":23,"n":16001,"e":"N","vap":72,"pvap":"   1,29","st":""},{"seq":7,"n":16008,"e":"N","vap":256,"pvap":"   4,58","st":""},{"seq":6,"n":16005,"e":"N","vap":288,"pvap":"   5,15","st":""},{"seq":3,"n":16002,"e":"N","vap":420,"pvap":"   7,51","st":""},{"seq":13,"n":16013,"e":"N","vap":149,"pvap":"   2,66","st":""},{"seq":19,"n":16010,"e":"N","vap":100,"pvap":"   1,79","st":""},{"seq":29,"n":16003,"e":"N","vap":35,"pvap":"   0,63","st":""},{"seq":5,"n":16006,"e":"N","vap":317,"pvap":"   5,67","st":""},{"seq":2,"n":14007,"e":"N","vap":432,"pvap":"   7,72","st":""},{"seq":1,"n":14013,"e":"N","vap":434,"pvap":"   7,76","st":""},{"seq":26,"n":14002,"e":"N","vap":56,"pvap":"   1,00","st":""},{"seq":9,"n":14014,"e":"N","vap":231,"pvap":"   4,13","st":""},{"seq":8,"n":14008,"e":"N","vap":253,"pvap":"   4,52","st":""},{"seq":24,"n":14004,"e":"N","vap":69,"pvap":"   1,23","st":""},{"seq":25,"n":14012,"e":"N","vap":61,"pvap":"   1,09","st":""},{"seq":14,"n":14011,"e":"N","vap":142,"pvap":"   2,54","st":""},{"seq":11,"n":14015,"e":"N","vap":204,"pvap":"   3,65","st":""},{"seq":28,"n":14010,"e":"N","vap":35,"pvap":"   0,63","st":""},{"seq":18,"n":14009,"e":"N","vap":100,"pvap":"   1,79","st":""},{"seq":12,"n":14006,"e":"N","vap":190,"pvap":"   3,40","st":""},{"seq":16,"n":14005,"e":"N","vap":138,"pvap":"   2,47","st":""},{"seq":20,"n":14001,"e":"N","vap":97,"pvap":"   1,73","st":""},{"seq":21,"n":14003,"e":"N","vap":85,"pvap":"   1,52","st":""}],"tpabr":"MU","cdabr":"74632","colig":[{"n":160000331025,"tvtn":2559,"tvtl":115,"tvan":2559,"tval":115,"vag":7},{"n":160000331023,"tvtn":2527,"tvtl":221,"tvan":2527,"tval":221,"vag":8}],"part":[{"n":16,"tvtn":2559,"tvtl":115,"tvan":2559,"tval":115},{"n":14,"tvtn":2527,"tvtl":221,"tvan":2527,"tval":221}]},{"dt":"13/10/2020","ht":"16:55:01","tf":"N","and":"P","s":26,"st":26,"pst":" 100,00","snt":0,"psnt":"0","si":26,"psi":" 100,00","sni":0,"psni":"   0,00","sa":26,"psa":" 100,00","sna":0,"psna":"   0,00","e":6567,"ea":6567,"pea":" 100,00","ena":0,"pena":"   0,00","esi":6567,"pesi":" 100,00","esni":0,"pesni":"   0,00","c":5593,"pc":"  85,17","a":974,"pa":"  14,83","tv":5593,"vscv":0,"vb":123,"pvb":"   2,20","tvn":48,"ptvn":"   0,86","vn":48,"pvn":" 100,00","vp":0,"pvp":"   0,00","vv":5422,"pvv":" 100,00","vl":336,"pvl":"   6,20","van":0,"pvan":"   0,00","vansj":0,"pvansj":"   0,00","vnom":5086,"pvnom":"  93,80","cand":[{"seq":10,"n":16004,"e":"N","vap":205,"pvap":"   3,67","st":""},{"seq":27,"n":16007,"e":"N","vap":37,"pvap":"   0,66","st":""},{"seq":30,"n":16009,"e":"N","vap":32,"pvap":"   0,57","st":""},{"seq":22,"n":16015,"e":"N","vap":84,"pvap":"   1,50","st":""},{"seq":15,"n":16012,"e":"N","vap":141,"pvap":"   2,52","st":""},{"seq":17,"n":16014,"e":"N","vap":106,"pvap":"   1,90","st":""},{"seq":4,"n":16011,"e":"N","vap":317,"pvap":"   5,67","st":""},{"seq":23,"n":16001,"e":"N","vap":72,"pvap":"   1,29","st":""},{"seq":7,"n":16008,"e":"N","vap":256,"pvap":"   4,58","st":""},{"seq":6,"n":16005,"e":"N","vap":288,"pvap":"   5,15","st":""},{"seq":3,"n":16002,"e":"N","vap":420,"pvap":"   7,51","st":""},{"seq":13,"n":16013,"e":"N","vap":149,"pvap":"   2,66","st":""},{"seq":19,"n":16010,"e":"N","vap":100,"pvap":"   1,79","st":""},{"seq":29,"n":16003,"e":"N","vap":35,"pvap":"   0,63","st":""},{"seq":5,"n":16006,"e":"N","vap":317,"pvap":"   5,67","st":""},{"seq":2,"n":14007,"e":"N","vap":432,"pvap":"   7,72","st":""},{"seq":1,"n":14013,"e":"N","vap":434,"pvap":"   7,76","st":""},{"seq":26,"n":14002,"e":"N","vap":56,"pvap":"   1,00","st":""},{"seq":9,"n":14014,"e":"N","vap":231,"pvap":"   4,13","st":""},{"seq":8,"n":14008,"e":"N","vap":253,"pvap":"   4,52","st":""},{"seq":24,"n":14004,"e":"N","vap":69,"pvap":"   1,23","st":""},{"seq":25,"n":14012,"e":"N","vap":61,"pvap":"   1,09","st":""},{"seq":14,"n":14011,"e":"N","vap":142,"pvap":"   2,54","st":""},{"seq":11,"n":14015,"e":"N","vap":204,"pvap":"   3,65","st":""},{"seq":28,"n":14010,"e":"N","vap":35,"pvap":"   0,63","st":""},{"seq":18,"n":14009,"e":"N","vap":100,"pvap":"   1,79","st":""},{"seq":12,"n":14006,"e":"N","vap":190,"pvap":"   3,40","st":""},{"seq":16,"n":14005,"e":"N","vap":138,"pvap":"   2,47","st":""},{"seq":20,"n":14001,"e":"N","vap":97,"pvap":"   1,73","st":""},{"seq":21,"n":14003,"e":"N","vap":85,"pvap":"   1,52","st":""}],"tpabr":"ZONA","cdabr":"110"}]}