{"ele":8707,"cdabr":"74322","nmabr":"FAZENDA RIO GRANDE","t":1,"f":"S","s":"N","dg":"13/10/2020","hg":"20:03:34","v":"005","br":{"nm":"Brasil","uf":[{"sg":"PR","nm":"PARANÁ","mun":[{"cd":"74322","nm":"FAZENDA RIO GRANDE","c":"N","s":218,"e":70022,"tzon":1,"zon":[{"cd":"0144","s":218,"e":70022}]}]}]},"carg":{"cd":13,"nmn":"Vereador","nmm":"Vereador","nmf":"Vereadora","nv":15,"col":[{"n":160000337581,"nm":"COLIGACAO 160000337581","tp":"P","com":"P16","par":[{"n":16,"sg":" P16 ","nm":"PARTIDO 16","cand":[{"sqcand":160002518870,"n":16003,"nm":"CANDIDATO 16003","nmu":"CANDIDATO 16003","s":"F","dt":"03/11/1929","dvt":"Válido"},{"sqcand":160002518876,"n":16009,"nm":"CANDIDATO 16009","nmu":"CANDIDATO 16009","s":"M","dt":"25/03/1994","dvt":"Válido"},{"sqcand":160002518879,"n":16012,"nm":"CANDIDATO 16012","nmu":"CANDIDATO 16012","s":"M","dt":"02/03/1929","dvt":"Válido"},{"sqcand":160002518874,"n":16007,"nm":"CANDIDATO 16007","nmu":"CANDIDATO 16007","s":"M","dt":"29/03/1925","dvt":"Válido"},{"sqcand":160002518881,"n":16014,"nm":"CANDIDATO 16014","nmu":"CANDIDATO 16014","s":"M","dt":"27/01/1929","dvt":"Válido"},{"sqcand":160002518868,"n":16001,"nm":"CANDIDATO 16001","nmu":"CANDIDATO 16001","s":"F","dt":"19/02/1970","dvt":"Válido"},{"sqcand":160002518873,"n":16006,"nm":"CANDIDATO 16006","nmu":"CANDIDATO 16006","s":"M","dt":"22/03/1990","dvt":"Válido"},{"sqcand":160002518880,"n":16013,"nm":"CANDIDATO 16013","nmu":"CANDIDATO 16013","s":"M","dt":"07/09/1973","dvt":"Válido"},{"sqcand":160002518882,"n":16015,"nm":"CANDIDATO 16015","nmu":"CANDIDATO 16015","s":"M","dt":"13/08/1927","dvt":"Válido"},{"sqcand":160002518871,"n":16004,"nm":"CANDIDATO 16004","nmu":"CANDIDATO 16004","s":"F","dt":"02/04/1956","dvt":"Válido"},{"sqcand":160002518875,"n":16008,"nm":"CANDIDATO 16008","nmu":"CANDIDATO 16008","s":"M","dt":"20/08/1928","dvt":"Válido"},{"sqcand":160002518878,"n":16011,"nm":"CANDIDATO 16011","nmu":"CANDIDATO 16011","s":"M","dt":"26/03/1984","dvt":"Válido"},{"sqcand":160002518872,"n":16005,"nm":"CANDIDATO 16005","nmu":"CANDIDATO 16005","s":"M","dt":"03/05/1929","dvt":"Válido"},{"sqcand":160002518877,"n":16010,"nm":"CANDIDATO 16010","nmu":"CANDIDATO 16010","s":"M","dt":"06/08/1929","dvt":"Válido"},{"sqcand":160002518869,"n":16002,"nm":"CANDIDATO 16002","nmu":"CANDIDATO 16002","s":"F","dt":"01/12/1929","dvt":"Válido"}]}]},{"n":160000337573,"nm":"COLIGACAO 160000337573","tp":"P","com":"P14","par":[{"n":14,"sg":" P14 ","nm":"PARTIDO 14","cand":[{"sqcand":160002518800,"n":14001,"nm":"CANDIDATO 14001","nmu":"CANDIDATO 14001","s":"F","dt":"05/12/1929","dvt":"Válido"},{"sqcand":160002518803,"n":14004,"nm":"CANDIDATO 14004","nmu":"CANDIDATO 14004","s":"F","dt":"13/01/1927","dvt":"Válido"},{"sqcand":160002518805,"n":14006,"nm":"CANDIDATO 14006","nmu":"CANDIDATO 14006","s":"M","dt":"09/10/1962","dvt":"Válido"},{"sqcand":160002518809,"n":14010,"nm":"CANDIDATO 14010","nmu":"CANDIDATO 14010","s":"M","dt":"15/08/1965","dvt":"Válido"},{"sqcand":160002518810,"n":14011,"nm":"CANDIDATO 14011","nmu":"CANDIDATO 14011","s":"M","dt":"01/08/1959","dvt":"Válido"},{"sqcand":160002518812,"n":14013,"nm":"CANDIDATO 14013","nmu":"CANDIDATO 14013","s":"M","dt":"28/01/1958","dvt":"Válido"},{"sqcand":160002518802,"n":14003,"nm":"CANDIDATO 14003","nmu":"CANDIDATO 14003","s":"F","dt":"20/09/1929","dvt":"Válido"},{"sqcand":160002518814,"n":14015,"nm":"CANDIDATO 14015","nmu":"CANDIDATO 14015","s":"M","dt":"13/08/1987","dvt":"Válido"},{"sqcand":160002518807,"n":14008,"nm":"CANDIDATO 14008","nmu":"CANDIDATO 14008","s":"M","dt":"15/03/1923","dvt":"Válido"},{"sqcand":160002518813,"n":14014,"nm":"CANDIDATO 14014","nmu":"CANDIDATO 14014","s":"M","dt":"24/01/1967","dvt":"Válido"},{"sqcand":160002518811,"n":14012,"nm":"CANDIDATO 14012","nmu":"CANDIDATO 14012","s":"M","dt":"11/08/1923","dvt":"Válido"},{"sqcand":160002518808,"n":14009,"nm":"CANDIDATO 14009","nmu":"CANDIDATO 14009","s":"M","dt":"21/02/1928","dvt":"Válido"},{"sqcand":160002518801,"n":14002,"nm":"CANDIDATO 14002","nmu":"CANDIDATO 14002","s":"F","dt":"08/11/1929","dvt":"Válido"},{"sqcand":160002518804,"n":14005,"nm":"CANDIDATO 14005","nmu":"CANDIDATO 14005","s":"M","dt":"01/07/1976","dvt":"Válido"},{"sqcand":160002518806,"n":14007,"nm":"CANDIDATO 14007","nmu":"CANDIDATO 14007","s":"M","dt":"23/12/1929","dvt":"Válido"}]}]}]}}