{"ele":8707,"cdabr":"74241","nmabr":"CRUZEIRO DO IGUAÇU","t":1,"f":"S","s":"N","dg":"13/10/2020","hg":"20:03:35","v":"005","br":{"nm":"Brasil","uf":[{"sg":"PR","nm":"PARANÁ","mun":[{"cd":"74241","nm":"CRUZEIRO DO IGUAÇU","c":"N","s":13,"e":3563,"tzon":1,"zon":[{"cd":"0115","s":13,"e":3563}]}]}]},"carg":{"cd":11,"nmn":"Prefeito","nmm":"Prefeito","nmf":"Prefeita","nv":1,"col":[{"n":160000328523,"nm":"COLIGACAO 160000328523","tp":"P","com":"P16","par":[{"n":16,"sg":" P16 ","nm":"PARTIDO 16","cand":[{"sqcand":160002486156,"n":16,"nm":"CANDIDATO 16","nmu":"CANDIDATO 16","s":"M","dt":"14/02/1928","dvt":"Válido","vs":[{"sqcand":160002486157,"nm":"CANDIDATO 16 1","nmu":"CANDIDATO 16 1","tp":"V","sgp":"P16"}]}]}]},{"n":160000328515,"nm":"COLIGACAO 160000328515","tp":"P","com":"P14","par":[{"n":14,"sg":" P14 ","nm":"PARTIDO 14","cand":[{"sqcand":160002486088,"n":14,"nm":"CANDIDATO 14","nmu":"CANDIDATO 14","s":"M","dt":"23/06/1929","dvt":"Válido","vs":[{"sqcand":160002486089,"nm":"CANDIDATO 14 1","nmu":"CANDIDATO 14 1","tp":"V","sgp":"P14"}]}]}]}]}}