{"ele":8707,"cdabr":"74861","nmabr":"SÃO PEDRO DO IGUAÇU","t":1,"f":"S","s":"N","dg":"13/10/2020","hg":"20:03:42","v":"005","br":{"nm":"Brasil","uf":[{"sg":"PR","nm":"PARANÁ","mun":[{"cd":"74861","nm":"SÃO PEDRO DO IGUAÇU","c":"N","s":21,"e":5016,"tzon":1,"zon":[{"cd":"0148","s":21,"e":5016}]}]}]},"carg":{"cd":13,"nmn":"Vereador","nmm":"Vereador","nmf":"Vereadora","nv":15,"col":[{"n":160000337716,"nm":"COLIGACAO 160000337716","tp":"P","com":"P16","par":[{"n":16,"sg":" P16 ","nm":"PARTIDO 16","cand":[{"sqcand":160002519259,"n":16007,"nm":"CANDIDATO 16007","nmu":"CANDIDATO 16007","s":"M","dt":"31/05/1976","dvt":"Válido"},{"sqcand":160002519260,"n":16008,"nm":"CANDIDATO 16008","nmu":"CANDIDATO 16008","s":"M","dt":"01/01/1929","dvt":"Válido"},{"sqcand":160002519262,"n":16010,"nm":"CANDIDATO 16010","nmu":"CANDIDATO 16010","s":"M","dt":"12/07/1929","dvt":"Válido"},{"sqcand":160002519253,"n":16001,"nm":"CANDIDATO 16001","nmu":"CANDIDATO 16001","s":"F","dt":"11/12/1921","dvt":"Válido"},{"sqcand":160002519261,"n":16009,"nm":"CANDIDATO 16009","nmu":"CANDIDATO 16009","s":"M","dt":"09/06/1981","dvt":"Válido"},{"sqcand":160002519256,"n":16004,"nm":"CANDIDATO 16004","nmu":"CANDIDATO 16004","s":"F","dt":"20/06/1923","dvt":"Válido"},{"sqcand":160002519263,"n":16011,"nm":"CANDIDATO 16011","nmu":"CANDIDATO 16011","s":"M","dt":"18/08/1929","dvt":"Válido"},{"sqcand":160002519255,"n":16003,"nm":"CANDIDATO 16003","nmu":"CANDIDATO 16003","s":"F","dt":"25/12/1927","dvt":"Válido"},{"sqcand":160002519257,"n":16005,"nm":"CANDIDATO 16005","nmu":"CANDIDATO 16005","s":"M","dt":"10/06/1929","dvt":"Válido"},{"sqcand":160002519266,"n":16014,"nm":"CANDIDATO 16014","nmu":"CANDIDATO 16014","s":"M","dt":"01/12/1929","dvt":"Válido"},{"sqcand":160002519258,"n":16006,"nm":"CANDIDATO 16006","nmu":"CANDIDATO 16006","s":"M","dt":"20/03/1921","dvt":"Válido"},{"sqcand":160002519265,"n":16013,"nm":"CANDIDATO 16013","nmu":"CANDIDATO 16013","s":"M","dt":"06/11/1929","dvt":"Válido"},{"sqcand":160002519267,"n":16015,"nm":"CANDIDATO 16015","nmu":"CANDIDATO 16015","s":"M","dt":"10/02/1929","dvt":"Válido"},{"sqcand":160002519254,"n":16002,"nm":"CANDIDATO 16002","nmu":"CANDIDATO 16002","s":"F","dt":"08/07/1926","dvt":"Válido"},{"sqcand":160002519264,"n":16012,"nm":"CANDIDATO 16012","nmu":"CANDIDATO 16012","s":"M","dt":"12/04/1929","dvt":"Válido"}]}]},{"n":160000337668,"nm":"COLIGACAO 160000337668","tp":"P","com":"P14","par":[{"n":14,"sg":" P14 ","nm":"PARTIDO 14","cand":[{"sqcand":160002519185,"n":14001,"nm":"CANDIDATO 14001","nmu":"CANDIDATO 14001","s":"F","dt":"06/05/1928","dvt":"Válido"},{"sqcand":160002519188,"n":14004,"nm":"CANDIDATO 14004","nmu":"CANDIDATO 14004","s":"F","dt":"14/11/1928","dvt":"Válido"},{"sqcand":160002519190,"n":14006,"nm":"CANDIDATO 14006","nmu":"CANDIDATO 14006","s":"M","dt":"05/10/1921","dvt":"Válido"},{"sqcand":160002519191,"n":14007,"nm":"CANDIDATO 14007","nmu":"CANDIDATO 14007","s":"M","dt":"29/10/1929","dvt":"Válido"},{"sqcand":160002519199,"n":14015,"nm":"CANDIDATO 14015","nmu":"CANDIDATO 14015","s":"M","dt":"04/10/1927","dvt":"Válido"},{"sqcand":160002519187,"n":14003,"nm":"CANDIDATO 14003","nmu":"CANDIDATO 14003","s":"F","dt":"07/09/1929","dvt":"Válido"},{"sqcand":160002519192,"n":14008,"nm":"CANDIDATO 14008","nmu":"CANDIDATO 14008","s":"M","dt":"06/12/1994","dvt":"Válido"},{"sqcand":160002519196,"n":14012,"nm":"CANDIDATO 14012","nmu":"CANDIDATO 14012","s":"M","dt":"01/04/1929","dvt":"Válido"},{"sqcand":160002519193,"n":14009,"nm":"CANDIDATO 14009","nmu":"CANDIDATO 14009","s":"M","dt":"08/07/1929","dvt":"Válido"},{"sqcand":160002519194,"n":14010,"nm":"CANDIDATO 14010","nmu":"CANDIDATO 14010","s":"M","dt":"15/06/1929","dvt":"Válido"},{"sqcand":160002519197,"n":14013,"nm":"CANDIDATO 14013","nmu":"CANDIDATO 14013","s":"M","dt":"29/10/1929","dvt":"Válido"},{"sqcand":160002519198,"n":14014,"nm":"CANDIDATO 14014","nmu":"CANDIDATO 14014","s":"M","dt":"29/07/1929","dvt":"Válido"},{"sqcand":160002519186,"n":14002,"nm":"CANDIDATO 14002","nmu":"CANDIDATO 14002","s":"F","dt":"17/12/1924","dvt":"Válido"},{"sqcand":160002519189,"n":14005,"nm":"CANDIDATO 14005","nmu":"CANDIDATO 14005","s":"M","dt":"17/08/1925","dvt":"Válido"},{"sqcand":160002519195,"n":14011,"nm":"CANDIDATO 14011","nmu":"CANDIDATO 14011","s":"M","dt":"08/12/1928","dvt":"Válido"}]}]}]}}