{"ele":8707,"cdabr":"74985","nmabr":"LARANJAL","t":1,"f":"S","s":"N","dg":"13/10/2020","hg":"20:03:43","v":"005","br":{"nm":"Brasil","uf":[{"sg":"PR","nm":"PARANÁ","mun":[{"cd":"74985","nm":"LARANJAL","c":"N","s":19,"e":4293,"tzon":1,"zon":[{"cd":"0134","s":19,"e":4293}]}]}]},"carg":{"cd":13,"nmn":"Vereador","nmm":"Vereador","nmf":"Vereadora","nv":15,"col":[{"n":160000329872,"nm":"COLIGACAO 160000329872","tp":"P","com":"P16","par":[{"n":16,"sg":" P16 ","nm":"PARTIDO 16","cand":[{"sqcand":160002492624,"n":16008,"nm":"CANDIDATO 16008","nmu":"CANDIDATO 16008","s":"M","dt":"31/01/1970","dvt":"Válido"},{"sqcand":160002492630,"n":16014,"nm":"CANDIDATO 16014","nmu":"CANDIDATO 16014","s":"M","dt":"08/09/1920","dvt":"Válido"},{"sqcand":160002492627,"n":16011,"nm":"CANDIDATO 16011","nmu":"CANDIDATO 16011","s":"M","dt":"03/06/1929","dvt":"Válido"},{"sqcand":160002492629,"n":16013,"nm":"CANDIDATO 16013","nmu":"CANDIDATO 16013","s":"M","dt":"29/08/1928","dvt":"Válido"},{"sqcand":160002492618,"n":16002,"nm":"CANDIDATO 16002","nmu":"CANDIDATO 16002","s":"F","dt":"28/07/1928","dvt":"Válido"},{"sqcand":160002492626,"n":16010,"nm":"CANDIDATO 16010","nmu":"CANDIDATO 16010","s":"M","dt":"17/02/1929","dvt":"Válido"},{"sqcand":160002492625,"n":16009,"nm":"CANDIDATO 16009","nmu":"CANDIDATO 16009","s":"M","dt":"11/11/1929","dvt":"Válido"},{"sqcand":160002492622,"n":16006,"nm":"CANDIDATO 16006","nmu":"CANDIDATO 16006","s":"M","dt":"11/07/1928","dvt":"Válido"},{"sqcand":160002492623,"n":16007,"nm":"CANDIDATO 16007","nmu":"CANDIDATO 16007","s":"M","dt":"12/12/1929","dvt":"Válido"},{"sqcand":160002492617,"n":16001,"nm":"CANDIDATO 16001","nmu":"CANDIDATO 16001","s":"F","dt":"14/07/1920","dvt":"Válido"},{"sqcand":160002492620,"n":16004,"nm":"CANDIDATO 16004","nmu":"CANDIDATO 16004","s":"F","dt":"14/12/1925","dvt":"Válido"},{"sqcand":160002492628,"n":16012,"nm":"CANDIDATO 16012","nmu":"CANDIDATO 16012","s":"M","dt":"05/04/1968","dvt":"Válido"},{"sqcand":160002492619,"n":16003,"nm":"CANDIDATO 16003","nmu":"CANDIDATO 16003","s":"F","dt":"28/10/1923","dvt":"Válido"},{"sqcand":160002492621,"n":16005,"nm":"CANDIDATO 16005","nmu":"CANDIDATO 16005","s":"M","dt":"29/09/1928","dvt":"Válido"},{"sqcand":160002492631,"n":16015,"nm":"CANDIDATO 16015","nmu":"CANDIDATO 16015","s":"M","dt":"20/02/1928","dvt":"Válido"}]}]},{"n":160000329869,"nm":"COLIGACAO 160000329869","tp":"P","com":"P14","par":[{"n":14,"sg":" P14 ","nm":"PARTIDO 14","cand":[{"sqcand":160002492579,"n":14008,"nm":"CANDIDATO 14008","nmu":"CANDIDATO 14008","s":"M","dt":"01/11/1929","dvt":"Válido"},{"sqcand":160002492584,"n":14013,"nm":"CANDIDATO 14013","nmu":"CANDIDATO 14013","s":"M","dt":"08/05/1928","dvt":"Válido"},{"sqcand":160002492578,"n":14007,"nm":"CANDIDATO 14007","nmu":"CANDIDATO 14007","s":"M","dt":"22/04/1929","dvt":"Válido"},{"sqcand":160002492572,"n":14001,"nm":"CANDIDATO 14001","nmu":"CANDIDATO 14001","s":"F","dt":"04/10/1924","dvt":"Válido"},{"sqcand":160002492586,"n":14015,"nm":"CANDIDATO 14015","nmu":"CANDIDATO 14015","s":"M","dt":"17/06/1929","dvt":"Válido"},{"sqcand":160002492585,"n":14014,"nm":"CANDIDATO 14014","nmu":"CANDIDATO 14014","s":"M","dt":"02/05/1977","dvt":"Válido"},{"sqcand":160002492580,"n":14009,"nm":"CANDIDATO 14009","nmu":"CANDIDATO 14009","s":"M","dt":"02/11/1929","dvt":"Válido"},{"sqcand":160002492582,"n":14011,"nm":"CANDIDATO 14011","nmu":"CANDIDATO 14011","s":"M","dt":"28/02/1925","dvt":"Válido"},{"sqcand":160002492583,"n":14012,"nm":"CANDIDATO 14012","nmu":"CANDIDATO 14012","s":"M","dt":"27/01/1929","dvt":"Válido"},{"sqcand":160002492577,"n":14006,"nm":"CANDIDATO 14006","nmu":"CANDIDATO 14006","s":"M","dt":"14/03/1968","dvt":"Válido"},{"sqcand":160002492576,"n":14005,"nm":"CANDIDATO 14005","nmu":"CANDIDATO 14005","s":"M","dt":"18/01/1925","dvt":"Válido"},{"sqcand":160002492575,"n":14004,"nm":"CANDIDATO 14004","nmu":"CANDIDATO 14004","s":"F","dt":"03/10/1929","dvt":"Válido"},{"sqcand":160002492581,"n":14010,"nm":"CANDIDATO 14010","nmu":"CANDIDATO 14010","s":"M","dt":"15/04/1929","dvt":"Válido"},{"sqcand":160002492573,"n":14002,"nm":"CANDIDATO 14002","nmu":"CANDIDATO 14002","s":"F","dt":"10/01/1922","dvt":"Válido"},{"sqcand":160002492574,"n":14003,"nm":"CANDIDATO 14003","nmu":"CANDIDATO 14003","s":"F","dt":"19/06/1929","dvt":"Válido"}]}]}]}}