{"ele":8707,"carper":13,"t":1,"f":"S","esae":"N","mnae":" ","dg":"13/10/2020","hg":"20:06:17","dv":"S","nadf":"pr74454-c0013-e008707-006-f","abr":[{"dt":"13/10/2020","ht":"16:55:01","tf":"N","and":"P","s":97,"st":2,"pst":"   2,06","snt":95,"psnt":"  97,94","si":2,"psi":"   2,06","sni":0,"psni":"   0,00","sa":2,"psa":" 100,00","sna":0,"psna":"   0,00","e":360,"ea":360,"pea":" 100,00","ena":0,"pena":"   0,00","esi":360,"pesi":"   2,06","esni":0,"pesni":"   0,00","c":23,"pc":"   6,39","a":337,"pa":"  93,61","tv":23,"vscv":0,"vb":0,"pvb":"   0,00","tvn":0,"ptvn":"   0,00","vn":0,"pvn":"   0,00","vnt":0,"pvnt":"   0,00","vp":0,"pvp":"   0,00","vv":23,"pvv":" 100,00","vl":1,"pvl":"   4,35","van":0,"pvan":"   0,00","vansj":0,"pvansj":"   0,00","vnom":22,"pvnom":"  95,65","cand":[{"seq":8,"n":16004,"e":"N","vap":1,"pvap":"   4,35","st":""},{"seq":2,"n":16001,"e":"N","vap":3,"pvap":"  13,04","st":""},{"seq":7,"n":16005,"e":"N","vap":1,"pvap":"   4,35","st":""},{"seq":6,"n":16002,"e":"N","vap":1,"pvap":"   4,35","st":""},{"seq":3,"n":16003,"e":"N","vap":1,"pvap":"   4,35","st":""},{"seq":5,"n":14002,"e":"N","vap":1,"pvap":"   4,35","st":""},{"seq":4,"n":14003,"e":"N","vap":1,"pvap":"   4,35","st":""},{"seq":1,"n":14001,"e":"N","vap":13,"pvap":"  56,52","st":""}],"tpabr":"MU","cdabr":"74454","colig":[{"n":160000322693,"tvtn":7,"tvtl":1,"tvan":7,"tval":1,"vag":5},{"n":160000322689,"tvtn":15,"tvtl":0,"tvan":15,"tval":0,"vag":3}],"part":[{"n":16,"tvtn":7,"tvtl":1,"tvan":7,"tval":1},{"n":14,"tvtn":15,"tvtl":0,"tvan":15,"tval":0}]},{"dt":"13/10/2020","ht":"16:55:01","tf":"N","and":"P","s":97,"st":2,"pst":"   2,06","snt":95,"psnt":"95","si":2,"psi":"   2,06","sni":0,"psni":"   0,00","sa":2,"psa":" 100,00","sna":0,"psna":"   0,00","e":360,"ea":360,"pea":" 100,00","ena":0,"pena":"   0,00","esi":360,"pesi":"   2,06","esni":0,"pesni":"   0,00","c":23,"pc":"   6,39","a":337,"pa":"  93,61","tv":23,"vscv":0,"vb":0,"pvb":"   0,00","tvn":0,"ptvn":"   0,00","vn":0,"pvn":"   0,00","vp":0,"pvp":"   0,00","vv":23,"pvv":" 100,00","vl":1,"pvl":"   4,35","van":0,"pvan":"   0,00","vansj":0,"pvansj":"   0,00","vnom":22,"pvnom":"  95,65","cand":[{"seq":5,"n":14002,"e":"N","vap":1,"pvap":"   4,35","st":""},{"seq":4,"n":14003,"e":"N","vap":1,"pvap":"   4,35","st":""},{"seq":1,"n":14001,"e":"N","vap":13,"pvap":"  56,52","st":""},{"seq":8,"n":16004,"e":"N","vap":1,"pvap":"   4,35","st":""},{"seq":2,"n":16001,"e":"N","vap":3,"pvap":"  13,04","st":""},{"seq":7,"n":16005,"e":"N","vap":1,"pvap":"   4,35","st":""},{"seq":6,"n":16002,"e":"N","vap":1,"pvap":"   4,35","st":""},{"seq":3,"n":16003,"e":"N","vap":1,"pvap":"   4,35","st":""}],"tpabr":"ZONA","cdabr":"58"}]}