{"ele":8707,"cdabr":"74888","nmabr":"TUNAS DO PARANÁ","t":1,"f":"S","s":"N","dg":"13/10/2020","hg":"20:03:35","v":"005","br":{"nm":"Brasil","uf":[{"sg":"PR","nm":"PARANÁ","mun":[{"cd":"74888","nm":"TUNAS DO PARANÁ","c":"N","s":17,"e":4944,"tzon":1,"zon":[{"cd":"0048","s":17,"e":4944}]}]}]},"carg":{"cd":11,"nmn":"Prefeito","nmm":"Prefeito","nmf":"Prefeita","nv":1,"col":[{"n":160000330118,"nm":"COLIGACAO 160000330118","tp":"P","com":"P12","par":[{"n":12,"sg":" P12 ","nm":"PARTIDO 12","cand":[{"sqcand":160002493663,"n":12,"nm":"CANDIDATO 12","nmu":"CANDIDATO 12","s":"M","dt":"01/10/1929","dvt":"Válido","vs":[{"sqcand":160002493664,"nm":"CANDIDATO 12 1","nmu":"CANDIDATO 12 1","tp":"V","sgp":"P12"}]}]}]},{"n":160000330120,"nm":"COLIGACAO 160000330120","tp":"P","com":"P16","par":[{"n":16,"sg":" P16 ","nm":"PARTIDO 16","cand":[{"sqcand":160002493680,"n":16,"nm":"CANDIDATO 16","nmu":"CANDIDATO 16","s":"M","dt":"14/07/1929","dvt":"Válido","vs":[{"sqcand":160002493681,"nm":"CANDIDATO 16 1","nmu":"CANDIDATO 16 1","tp":"V","sgp":"P16"}]}]}]}]}}