{"ele":8707,"cdabr":"74969","nmabr":"VIRMOND","t":1,"f":"S","s":"N","dg":"13/10/2020","hg":"20:03:44","v":"005","br":{"nm":"Brasil","uf":[{"sg":"PR","nm":"PARANÁ","mun":[{"cd":"74969","nm":"VIRMOND","c":"N","s":13,"e":3313,"tzon":1,"zon":[{"cd":"0203","s":13,"e":3313}]}]}]},"carg":{"cd":13,"nmn":"Vereador","nmm":"Vereador","nmf":"Vereadora","nv":15,"col":[{"n":160000336150,"nm":"COLIGACAO 160000336150","tp":"P","com":"P16","par":[{"n":16,"sg":" P16 ","nm":"PARTIDO 16","cand":[{"sqcand":160002513433,"n":16008,"nm":"CANDIDATO 16008","nmu":"CANDIDATO 16008","s":"M","dt":"29/08/1960","dvt":"Válido"},{"sqcand":160002513432,"n":16007,"nm":"CANDIDATO 16007","nmu":"CANDIDATO 16007","s":"M","dt":"03/08/1929","dvt":"Válido"},{"sqcand":160002513439,"n":16014,"nm":"CANDIDATO 16014","nmu":"CANDIDATO 16014","s":"M","dt":"26/03/1929","dvt":"Válido"},{"sqcand":160002513428,"n":16003,"nm":"CANDIDATO 16003","nmu":"CANDIDATO 16003","s":"F","dt":"22/06/1927","dvt":"Válido"},{"sqcand":160002513434,"n":16009,"nm":"CANDIDATO 16009","nmu":"CANDIDATO 16009","s":"M","dt":"29/07/1929","dvt":"Válido"},{"sqcand":160002513437,"n":16012,"nm":"CANDIDATO 16012","nmu":"CANDIDATO 16012","s":"M","dt":"17/03/1929","dvt":"Válido"},{"sqcand":160002513427,"n":16002,"nm":"CANDIDATO 16002","nmu":"CANDIDATO 16002","s":"F","dt":"04/12/1970","dvt":"Válido"},{"sqcand":160002513426,"n":16001,"nm":"CANDIDATO 16001","nmu":"CANDIDATO 16001","s":"F","dt":"24/12/1929","dvt":"Válido"},{"sqcand":160002513438,"n":16013,"nm":"CANDIDATO 16013","nmu":"CANDIDATO 16013","s":"M","dt":"20/12/1929","dvt":"Válido"},{"sqcand":160002513440,"n":16015,"nm":"CANDIDATO 16015","nmu":"CANDIDATO 16015","s":"M","dt":"24/07/1929","dvt":"Válido"},{"sqcand":160002513430,"n":16005,"nm":"CANDIDATO 16005","nmu":"CANDIDATO 16005","s":"M","dt":"30/09/1929","dvt":"Válido"},{"sqcand":160002513429,"n":16004,"nm":"CANDIDATO 16004","nmu":"CANDIDATO 16004","s":"F","dt":"24/03/1929","dvt":"Válido"},{"sqcand":160002513431,"n":16006,"nm":"CANDIDATO 16006","nmu":"CANDIDATO 16006","s":"M","dt":"19/09/1962","dvt":"Válido"},{"sqcand":160002513435,"n":16010,"nm":"CANDIDATO 16010","nmu":"CANDIDATO 16010","s":"M","dt":"16/05/1964","dvt":"Válido"},{"sqcand":160002513436,"n":16011,"nm":"CANDIDATO 16011","nmu":"CANDIDATO 16011","s":"M","dt":"30/05/1965","dvt":"Válido"}]}]},{"n":160000336146,"nm":"COLIGACAO 160000336146","tp":"P","com":"P14","par":[{"n":14,"sg":" P14 ","nm":"PARTIDO 14","cand":[{"sqcand":160002513374,"n":14009,"nm":"CANDIDATO 14009","nmu":"CANDIDATO 14009","s":"M","dt":"20/06/1925","dvt":"Válido"},{"sqcand":160002513377,"n":14012,"nm":"CANDIDATO 14012","nmu":"CANDIDATO 14012","s":"M","dt":"04/07/1929","dvt":"Válido"},{"sqcand":160002513367,"n":14002,"nm":"CANDIDATO 14002","nmu":"CANDIDATO 14002","s":"F","dt":"03/12/1929","dvt":"Válido"},{"sqcand":160002513366,"n":14001,"nm":"CANDIDATO 14001","nmu":"CANDIDATO 14001","s":"F","dt":"18/07/1929","dvt":"Válido"},{"sqcand":160002513375,"n":14010,"nm":"CANDIDATO 14010","nmu":"CANDIDATO 14010","s":"M","dt":"25/07/1929","dvt":"Válido"},{"sqcand":160002513368,"n":14003,"nm":"CANDIDATO 14003","nmu":"CANDIDATO 14003","s":"F","dt":"29/03/1929","dvt":"Válido"},{"sqcand":160002513371,"n":14006,"nm":"CANDIDATO 14006","nmu":"CANDIDATO 14006","s":"M","dt":"08/10/1929","dvt":"Válido"},{"sqcand":160002513376,"n":14011,"nm":"CANDIDATO 14011","nmu":"CANDIDATO 14011","s":"M","dt":"28/04/1987","dvt":"Válido"},{"sqcand":160002513380,"n":14015,"nm":"CANDIDATO 14015","nmu":"CANDIDATO 14015","s":"M","dt":"25/04/1985","dvt":"Válido"},{"sqcand":160002513369,"n":14004,"nm":"CANDIDATO 14004","nmu":"CANDIDATO 14004","s":"F","dt":"10/09/1927","dvt":"Válido"},{"sqcand":160002513370,"n":14005,"nm":"CANDIDATO 14005","nmu":"CANDIDATO 14005","s":"M","dt":"02/08/1990","dvt":"Válido"},{"sqcand":160002513378,"n":14013,"nm":"CANDIDATO 14013","nmu":"CANDIDATO 14013","s":"M","dt":"20/01/1926","dvt":"Válido"},{"sqcand":160002513379,"n":14014,"nm":"CANDIDATO 14014","nmu":"CANDIDATO 14014","s":"M","dt":"10/09/1926","dvt":"Válido"},{"sqcand":160002513373,"n":14008,"nm":"CANDIDATO 14008","nmu":"CANDIDATO 14008","s":"M","dt":"14/08/1929","dvt":"Válido"},{"sqcand":160002513372,"n":14007,"nm":"CANDIDATO 14007","nmu":"CANDIDATO 14007","s":"M","dt":"22/04/1921","dvt":"Válido"}]}]}]}}