{"ele":8707,"carper":11,"t":1,"f":"S","esae":"N","mnae":" ","dg":"13/10/2020","hg":"20:06:04","dv":"S","nadf":"pr74454-c0011-e008707-006-f","abr":[{"dt":"13/10/2020","ht":"16:55:01","tf":"N","and":"P","s":97,"st":2,"pst":"   2,06","snt":95,"psnt":"  97,94","si":2,"psi":"   2,06","sni":0,"psni":"   0,00","sa":2,"psa":" 100,00","sna":0,"psna":"   0,00","e":360,"ea":360,"pea":" 100,00","ena":0,"pena":"   0,00","esi":360,"pesi":"   2,06","esni":0,"pesni":"   0,00","c":23,"pc":"   6,39","a":337,"pa":"  93,61","tv":23,"vscv":0,"vb":0,"pvb":"   0,00","tvn":0,"ptvn":"   0,00","vn":0,"pvn":"   0,00","vnt":0,"pvnt":"   0,00","vp":0,"pvp":"   0,00","vv":23,"pvv":" 100,00","van":0,"pvan":"   0,00","vansj":0,"pvansj":"   0,00","vnom":23,"pvnom":" 100,00","cand":[{"seq":2,"n":16,"e":"N","vap":6,"pvap":"  26,09","st":""},{"seq":1,"n":14,"e":"N","vap":17,"pvap":"  73,91","st":""}],"tpabr":"MU","cdabr":"74454","colig":[{"n":160000322691,"tvtn":6,"tvtl":0,"tvan":6,"tval":0},{"n":160000322687,"tvtn":17,"tvtl":0,"tvan":17,"tval":0}],"part":[{"n":16,"tvtn":6,"tvtl":0,"tvan":6,"tval":0},{"n":14,"tvtn":17,"tvtl":0,"tvan":17,"tval":0}]},{"dt":"13/10/2020","ht":"16:55:01","tf":"N","and":"P","s":97,"st":2,"pst":"   2,06","snt":95,"psnt":"95","si":2,"psi":"   2,06","sni":0,"psni":"   0,00","sa":2,"psa":" 100,00","sna":0,"psna":"   0,00","e":360,"ea":360,"pea":" 100,00","ena":0,"pena":"   0,00","esi":360,"pesi":"   2,06","esni":0,"pesni":"   0,00","c":23,"pc":"   6,39","a":337,"pa":"  93,61","tv":23,"vscv":0,"vb":0,"pvb":"   0,00","tvn":0,"ptvn":"   0,00","vn":0,"pvn":"   0,00","vp":0,"pvp":"   0,00","vv":23,"pvv":" 100,00","van":0,"pvan":"   0,00","vansj":0,"pvansj":"   0,00","vnom":23,"pvnom":" 100,00","cand":[{"seq":2,"n":16,"e":"N","vap":6,"pvap":"  26,09","st":""},{"seq":1,"n":14,"e":"N","vap":17,"pvap":"  73,91","st":""}],"tpabr":"ZONA","cdabr":"58"}]}