{"ele":8707,"cdabr":"74411","nmabr":"ATALAIA","t":1,"f":"S","s":"N","dg":"13/10/2020","hg":"20:03:37","v":"005","br":{"nm":"Brasil","uf":[{"sg":"PR","nm":"PARANÁ","mun":[{"cd":"74411","nm":"ATALAIA","c":"N","s":11,"e":3536,"tzon":1,"zon":[{"cd":"0071","s":11,"e":3536}]}]}]},"carg":{"cd":13,"nmn":"Vereador","nmm":"Vereador","nmf":"Vereadora","nv":15,"col":[{"n":160000323284,"nm":"COLIGACAO 160000323284","tp":"P","com":"P16","par":[{"n":16,"sg":" P16 ","nm":"PARTIDO 16","cand":[{"sqcand":160002470371,"n":16010,"nm":"CANDIDATO 16010","nmu":"CANDIDATO 16010","s":"M","dt":"14/08/1929","dvt":"Válido"},{"sqcand":160002470373,"n":16012,"nm":"CANDIDATO 16012","nmu":"CANDIDATO 16012","s":"M","dt":"29/08/1925","dvt":"Válido"},{"sqcand":160002470363,"n":16002,"nm":"CANDIDATO 16002","nmu":"CANDIDATO 16002","s":"F","dt":"20/02/1929","dvt":"Válido"},{"sqcand":160002470370,"n":16009,"nm":"CANDIDATO 16009","nmu":"CANDIDATO 16009","s":"M","dt":"06/10/1929","dvt":"Válido"},{"sqcand":160002470369,"n":16008,"nm":"CANDIDATO 16008","nmu":"CANDIDATO 16008","s":"M","dt":"11/02/1980","dvt":"Válido"},{"sqcand":160002470367,"n":16006,"nm":"CANDIDATO 16006","nmu":"CANDIDATO 16006","s":"M","dt":"03/06/1929","dvt":"Válido"},{"sqcand":160002470368,"n":16007,"nm":"CANDIDATO 16007","nmu":"CANDIDATO 16007","s":"M","dt":"20/03/1929","dvt":"Válido"},{"sqcand":160002470362,"n":16001,"nm":"CANDIDATO 16001","nmu":"CANDIDATO 16001","s":"F","dt":"11/11/1926","dvt":"Válido"},{"sqcand":160002470375,"n":16014,"nm":"CANDIDATO 16014","nmu":"CANDIDATO 16014","s":"M","dt":"25/08/1984","dvt":"Válido"},{"sqcand":160002470365,"n":16004,"nm":"CANDIDATO 16004","nmu":"CANDIDATO 16004","s":"F","dt":"14/01/1929","dvt":"Válido"},{"sqcand":160002470372,"n":16011,"nm":"CANDIDATO 16011","nmu":"CANDIDATO 16011","s":"M","dt":"01/12/1929","dvt":"Válido"},{"sqcand":160002470374,"n":16013,"nm":"CANDIDATO 16013","nmu":"CANDIDATO 16013","s":"M","dt":"28/08/1929","dvt":"Válido"},{"sqcand":160002470364,"n":16003,"nm":"CANDIDATO 16003","nmu":"CANDIDATO 16003","s":"F","dt":"22/02/1929","dvt":"Válido"},{"sqcand":160002470366,"n":16005,"nm":"CANDIDATO 16005","nmu":"CANDIDATO 16005","s":"M","dt":"18/02/1929","dvt":"Válido"},{"sqcand":160002470376,"n":16015,"nm":"CANDIDATO 16015","nmu":"CANDIDATO 16015","s":"M","dt":"16/09/1928","dvt":"Válido"}]}]},{"n":160000323274,"nm":"COLIGACAO 160000323274","tp":"P","com":"P14","par":[{"n":14,"sg":" P14 ","nm":"PARTIDO 14","cand":[{"sqcand":160002470277,"n":14001,"nm":"CANDIDATO 14001","nmu":"CANDIDATO 14001","s":"F","dt":"29/11/1929","dvt":"Válido"},{"sqcand":160002470282,"n":14006,"nm":"CANDIDATO 14006","nmu":"CANDIDATO 14006","s":"M","dt":"26/06/1926","dvt":"Válido"},{"sqcand":160002470278,"n":14002,"nm":"CANDIDATO 14002","nmu":"CANDIDATO 14002","s":"F","dt":"05/03/1929","dvt":"Válido"},{"sqcand":160002470284,"n":14008,"nm":"CANDIDATO 14008","nmu":"CANDIDATO 14008","s":"M","dt":"11/11/1987","dvt":"Válido"},{"sqcand":160002470283,"n":14007,"nm":"CANDIDATO 14007","nmu":"CANDIDATO 14007","s":"M","dt":"17/07/1929","dvt":"Válido"},{"sqcand":160002470286,"n":14010,"nm":"CANDIDATO 14010","nmu":"CANDIDATO 14010","s":"M","dt":"17/12/1980","dvt":"Válido"},{"sqcand":160002470281,"n":14005,"nm":"CANDIDATO 14005","nmu":"CANDIDATO 14005","s":"M","dt":"05/06/1960","dvt":"Válido"},{"sqcand":160002470291,"n":14015,"nm":"CANDIDATO 14015","nmu":"CANDIDATO 14015","s":"M","dt":"10/11/1980","dvt":"Válido"},{"sqcand":160002470287,"n":14011,"nm":"CANDIDATO 14011","nmu":"CANDIDATO 14011","s":"M","dt":"29/04/1929","dvt":"Válido"},{"sqcand":160002470289,"n":14013,"nm":"CANDIDATO 14013","nmu":"CANDIDATO 14013","s":"M","dt":"04/10/1929","dvt":"Válido"},{"sqcand":160002470285,"n":14009,"nm":"CANDIDATO 14009","nmu":"CANDIDATO 14009","s":"M","dt":"10/08/1929","dvt":"Válido"},{"sqcand":160002470290,"n":14014,"nm":"CANDIDATO 14014","nmu":"CANDIDATO 14014","s":"M","dt":"24/12/1922","dvt":"Válido"},{"sqcand":160002470280,"n":14004,"nm":"CANDIDATO 14004","nmu":"CANDIDATO 14004","s":"F","dt":"24/09/1929","dvt":"Válido"},{"sqcand":160002470279,"n":14003,"nm":"CANDIDATO 14003","nmu":"CANDIDATO 14003","s":"F","dt":"28/10/1929","dvt":"Válido"},{"sqcand":160002470288,"n":14012,"nm":"CANDIDATO 14012","nmu":"CANDIDATO 14012","s":"M","dt":"22/11/1923","dvt":"Válido"}]}]}]}}