{"ele":8707,"cdabr":"74373","nmabr":"ASSAÍ","t":1,"f":"S","s":"N","dg":"13/10/2020","hg":"20:03:38","v":"005","br":{"nm":"Brasil","uf":[{"sg":"PR","nm":"PARANÁ","mun":[{"cd":"74373","nm":"ASSAÍ","c":"N","s":50,"e":12134,"tzon":2,"zon":[{"cd":"0035","s":50,"e":12134}]}]}]},"carg":{"cd":13,"nmn":"Vereador","nmm":"Vereador","nmf":"Vereadora","nv":15,"col":[{"n":160000322981,"nm":"COLIGACAO 160000322981","tp":"P","com":"P16","par":[{"n":16,"sg":" P16 ","nm":"PARTIDO 16","cand":[{"sqcand":160002468526,"n":16004,"nm":"CANDIDATO 16004","nmu":"CANDIDATO 16004","s":"F","dt":"21/12/1929","dvt":"Válido"},{"sqcand":160002468536,"n":16014,"nm":"CANDIDATO 16014","nmu":"CANDIDATO 16014","s":"M","dt":"01/09/1921","dvt":"Válido"},{"sqcand":160002468527,"n":16005,"nm":"CANDIDATO 16005","nmu":"CANDIDATO 16005","s":"M","dt":"08/05/1925","dvt":"Válido"},{"sqcand":160002468523,"n":16001,"nm":"CANDIDATO 16001","nmu":"CANDIDATO 16001","s":"F","dt":"10/06/1928","dvt":"Válido"},{"sqcand":160002468535,"n":16013,"nm":"CANDIDATO 16013","nmu":"CANDIDATO 16013","s":"M","dt":"12/03/1929","dvt":"Válido"},{"sqcand":160002468525,"n":16003,"nm":"CANDIDATO 16003","nmu":"CANDIDATO 16003","s":"F","dt":"23/07/1929","dvt":"Válido"},{"sqcand":160002468528,"n":16006,"nm":"CANDIDATO 16006","nmu":"CANDIDATO 16006","s":"M","dt":"10/08/1920","dvt":"Válido"},{"sqcand":160002468537,"n":16015,"nm":"CANDIDATO 16015","nmu":"CANDIDATO 16015","s":"M","dt":"15/02/1929","dvt":"Válido"},{"sqcand":160002468524,"n":16002,"nm":"CANDIDATO 16002","nmu":"CANDIDATO 16002","s":"F","dt":"28/10/1928","dvt":"Válido"},{"sqcand":160002468533,"n":16011,"nm":"CANDIDATO 16011","nmu":"CANDIDATO 16011","s":"M","dt":"18/06/1928","dvt":"Válido"},{"sqcand":160002468530,"n":16008,"nm":"CANDIDATO 16008","nmu":"CANDIDATO 16008","s":"M","dt":"23/06/1924","dvt":"Válido"},{"sqcand":160002468532,"n":16010,"nm":"CANDIDATO 16010","nmu":"CANDIDATO 16010","s":"M","dt":"04/09/1978","dvt":"Válido"},{"sqcand":160002468534,"n":16012,"nm":"CANDIDATO 16012","nmu":"CANDIDATO 16012","s":"M","dt":"27/10/1928","dvt":"Válido"},{"sqcand":160002468529,"n":16007,"nm":"CANDIDATO 16007","nmu":"CANDIDATO 16007","s":"M","dt":"30/01/1926","dvt":"Válido"},{"sqcand":160002468531,"n":16009,"nm":"CANDIDATO 16009","nmu":"CANDIDATO 16009","s":"M","dt":"30/04/1962","dvt":"Válido"}]}]},{"n":160000322978,"nm":"COLIGACAO 160000322978","tp":"P","com":"P14","par":[{"n":14,"sg":" P14 ","nm":"PARTIDO 14","cand":[{"sqcand":160002468480,"n":14003,"nm":"CANDIDATO 14003","nmu":"CANDIDATO 14003","s":"F","dt":"12/04/1929","dvt":"Válido"},{"sqcand":160002468481,"n":14004,"nm":"CANDIDATO 14004","nmu":"CANDIDATO 14004","s":"F","dt":"22/07/1928","dvt":"Válido"},{"sqcand":160002468486,"n":14009,"nm":"CANDIDATO 14009","nmu":"CANDIDATO 14009","s":"M","dt":"27/02/1977","dvt":"Válido"},{"sqcand":160002468490,"n":14013,"nm":"CANDIDATO 14013","nmu":"CANDIDATO 14013","s":"M","dt":"28/08/1929","dvt":"Válido"},{"sqcand":160002468478,"n":14001,"nm":"CANDIDATO 14001","nmu":"CANDIDATO 14001","s":"F","dt":"11/01/1929","dvt":"Válido"},{"sqcand":160002468482,"n":14005,"nm":"CANDIDATO 14005","nmu":"CANDIDATO 14005","s":"M","dt":"02/01/1929","dvt":"Válido"},{"sqcand":160002468487,"n":14010,"nm":"CANDIDATO 14010","nmu":"CANDIDATO 14010","s":"M","dt":"18/08/1929","dvt":"Válido"},{"sqcand":160002468491,"n":14014,"nm":"CANDIDATO 14014","nmu":"CANDIDATO 14014","s":"M","dt":"23/10/1974","dvt":"Válido"},{"sqcand":160002468484,"n":14007,"nm":"CANDIDATO 14007","nmu":"CANDIDATO 14007","s":"M","dt":"17/06/1929","dvt":"Válido"},{"sqcand":160002468479,"n":14002,"nm":"CANDIDATO 14002","nmu":"CANDIDATO 14002","s":"F","dt":"29/06/1929","dvt":"Válido"},{"sqcand":160002468489,"n":14012,"nm":"CANDIDATO 14012","nmu":"CANDIDATO 14012","s":"M","dt":"27/03/1929","dvt":"Válido"},{"sqcand":160002468483,"n":14006,"nm":"CANDIDATO 14006","nmu":"CANDIDATO 14006","s":"M","dt":"10/09/1925","dvt":"Válido"},{"sqcand":160002468485,"n":14008,"nm":"CANDIDATO 14008","nmu":"CANDIDATO 14008","s":"M","dt":"04/10/1927","dvt":"Válido"},{"sqcand":160002468492,"n":14015,"nm":"CANDIDATO 14015","nmu":"CANDIDATO 14015","s":"M","dt":"20/03/1929","dvt":"Válido"},{"sqcand":160002468488,"n":14011,"nm":"CANDIDATO 14011","nmu":"CANDIDATO 14011","s":"M","dt":"03/08/1929","dvt":"Válido"}]}]}]}}