{"ele":8707,"cdabr":"74667","nmabr":"PITANGUEIRAS","t":1,"f":"S","s":"N","dg":"13/10/2020","hg":"20:03:36","v":"005","br":{"nm":"Brasil","uf":[{"sg":"PR","nm":"PARANÁ","mun":[{"cd":"74667","nm":"PITANGUEIRAS","c":"N","s":7,"e":2557,"tzon":1,"zon":[{"cd":"0067","s":7,"e":2557}]}]}]},"carg":{"cd":11,"nmn":"Prefeito","nmm":"Prefeito","nmf":"Prefeita","nv":1,"col":[{"n":160000329452,"nm":"COLIGACAO 160000329452","tp":"P","com":"P46","par":[{"n":46,"sg":" P46 ","nm":"PARTIDO 46","cand":[{"sqcand":160002490412,"n":46,"nm":"CANDIDATO 46","nmu":"CANDIDATO 46","s":"M","dt":"27/10/1928","dvt":"Válido","vs":[{"sqcand":160002490413,"nm":"CANDIDATO 46 1","nmu":"CANDIDATO 46 1","tp":"V","sgp":"P46"}]}]}]},{"n":160000329450,"nm":"COLIGACAO 160000329450","tp":"P","com":"P23","par":[{"n":23,"sg":" P23 ","nm":"PARTIDO 23","cand":[{"sqcand":160002490395,"n":23,"nm":"CANDIDATO 23","nmu":"CANDIDATO 23","s":"M","dt":"14/08/1988","dvt":"Válido","vs":[{"sqcand":160002490396,"nm":"CANDIDATO 23 1","nmu":"CANDIDATO 23 1","tp":"V","sgp":"P23"}]}]}]}]}}