{"ele":8707,"cdabr":"74977","nmabr":"CATANDUVAS","t":1,"f":"S","s":"N","dg":"13/10/2020","hg":"20:03:37","v":"005","br":{"nm":"Brasil","uf":[{"sg":"PR","nm":"PARANÁ","mun":[{"cd":"74977","nm":"CATANDUVAS","c":"N","s":24,"e":7220,"tzon":1,"zon":[{"cd":"0166","s":24,"e":7220}]}]}]},"carg":{"cd":13,"nmn":"Vereador","nmm":"Vereador","nmf":"Vereadora","nv":15,"col":[{"n":160000330739,"nm":"COLIGACAO 160000330739","tp":"P","com":"P26","par":[{"n":26,"sg":" P26 ","nm":"PARTIDO 26","cand":[{"sqcand":160002496881,"n":26007,"nm":"CANDIDATO 26007","nmu":"CANDIDATO 26007","s":"M","dt":"02/05/1929","dvt":"Válido"},{"sqcand":160002496885,"n":26011,"nm":"CANDIDATO 26011","nmu":"CANDIDATO 26011","s":"M","dt":"18/10/1978","dvt":"Válido"},{"sqcand":160002496875,"n":26001,"nm":"CANDIDATO 26001","nmu":"CANDIDATO 26001","s":"F","dt":"20/06/1920","dvt":"Válido"},{"sqcand":160002496879,"n":26005,"nm":"CANDIDATO 26005","nmu":"CANDIDATO 26005","s":"M","dt":"11/10/1929","dvt":"Válido"},{"sqcand":160002496876,"n":26002,"nm":"CANDIDATO 26002","nmu":"CANDIDATO 26002","s":"F","dt":"08/08/1929","dvt":"Válido"},{"sqcand":160002496882,"n":26008,"nm":"CANDIDATO 26008","nmu":"CANDIDATO 26008","s":"M","dt":"04/10/1923","dvt":"Válido"},{"sqcand":160002496884,"n":26010,"nm":"CANDIDATO 26010","nmu":"CANDIDATO 26010","s":"M","dt":"24/06/1920","dvt":"Válido"},{"sqcand":160002496887,"n":26013,"nm":"CANDIDATO 26013","nmu":"CANDIDATO 26013","s":"M","dt":"19/01/1929","dvt":"Válido"},{"sqcand":160002496883,"n":26009,"nm":"CANDIDATO 26009","nmu":"CANDIDATO 26009","s":"M","dt":"25/05/1929","dvt":"Válido"},{"sqcand":160002496889,"n":26015,"nm":"CANDIDATO 26015","nmu":"CANDIDATO 26015","s":"M","dt":"30/08/1929","dvt":"Válido"},{"sqcand":160002496878,"n":26004,"nm":"CANDIDATO 26004","nmu":"CANDIDATO 26004","s":"F","dt":"22/12/1969","dvt":"Válido"},{"sqcand":160002496888,"n":26014,"nm":"CANDIDATO 26014","nmu":"CANDIDATO 26014","s":"M","dt":"05/11/1929","dvt":"Válido"},{"sqcand":160002496880,"n":26006,"nm":"CANDIDATO 26006","nmu":"CANDIDATO 26006","s":"M","dt":"25/05/1929","dvt":"Válido"},{"sqcand":160002496877,"n":26003,"nm":"CANDIDATO 26003","nmu":"CANDIDATO 26003","s":"F","dt":"12/06/1921","dvt":"Válido"},{"sqcand":160002496886,"n":26012,"nm":"CANDIDATO 26012","nmu":"CANDIDATO 26012","s":"M","dt":"21/02/1924","dvt":"Válido"}]}]},{"n":160000330733,"nm":"COLIGACAO 160000330733","tp":"P","com":"P16","par":[{"n":16,"sg":" P16 ","nm":"PARTIDO 16","cand":[{"sqcand":160002496833,"n":16010,"nm":"CANDIDATO 16010","nmu":"CANDIDATO 16010","s":"M","dt":"28/02/1924","dvt":"Válido"},{"sqcand":160002496827,"n":16004,"nm":"CANDIDATO 16004","nmu":"CANDIDATO 16004","s":"F","dt":"05/04/1929","dvt":"Válido"},{"sqcand":160002496834,"n":16011,"nm":"CANDIDATO 16011","nmu":"CANDIDATO 16011","s":"M","dt":"29/08/1929","dvt":"Válido"},{"sqcand":160002496829,"n":16006,"nm":"CANDIDATO 16006","nmu":"CANDIDATO 16006","s":"M","dt":"10/08/1920","dvt":"Válido"},{"sqcand":160002496835,"n":16012,"nm":"CANDIDATO 16012","nmu":"CANDIDATO 16012","s":"M","dt":"02/02/1929","dvt":"Válido"},{"sqcand":160002496824,"n":16001,"nm":"CANDIDATO 16001","nmu":"CANDIDATO 16001","s":"F","dt":"22/06/1927","dvt":"Válido"},{"sqcand":160002496826,"n":16003,"nm":"CANDIDATO 16003","nmu":"CANDIDATO 16003","s":"F","dt":"14/11/1929","dvt":"Válido"},{"sqcand":160002496830,"n":16007,"nm":"CANDIDATO 16007","nmu":"CANDIDATO 16007","s":"M","dt":"04/03/1929","dvt":"Válido"},{"sqcand":160002496831,"n":16008,"nm":"CANDIDATO 16008","nmu":"CANDIDATO 16008","s":"M","dt":"03/03/1982","dvt":"Válido"},{"sqcand":160002496832,"n":16009,"nm":"CANDIDATO 16009","nmu":"CANDIDATO 16009","s":"M","dt":"02/03/1929","dvt":"Válido"},{"sqcand":160002496836,"n":16013,"nm":"CANDIDATO 16013","nmu":"CANDIDATO 16013","s":"M","dt":"20/11/1928","dvt":"Válido"},{"sqcand":160002496838,"n":16015,"nm":"CANDIDATO 16015","nmu":"CANDIDATO 16015","s":"M","dt":"31/05/1929","dvt":"Válido"},{"sqcand":160002496825,"n":16002,"nm":"CANDIDATO 16002","nmu":"CANDIDATO 16002","s":"F","dt":"02/08/1926","dvt":"Válido"},{"sqcand":160002496828,"n":16005,"nm":"CANDIDATO 16005","nmu":"CANDIDATO 16005","s":"M","dt":"05/05/1929","dvt":"Válido"},{"sqcand":160002496837,"n":16014,"nm":"CANDIDATO 16014","nmu":"CANDIDATO 16014","s":"M","dt":"04/01/1923","dvt":"Válido"}]}]}]}}