{"ele":8707,"cdabr":"74080","nmabr":"SANTA TEREZA DO OESTE","t":1,"f":"S","s":"N","dg":"13/10/2020","hg":"20:03:34","v":"005","br":{"nm":"Brasil","uf":[{"sg":"PR","nm":"PARANÁ","mun":[{"cd":"74080","nm":"SANTA TEREZA DO OESTE","c":"N","s":27,"e":8677,"tzon":1,"zon":[{"cd":"0143","s":27,"e":8677}]}]}]},"carg":{"cd":11,"nmn":"Prefeito","nmm":"Prefeito","nmf":"Prefeita","nv":1,"col":[{"n":160000338335,"nm":"COLIGACAO 160000338335","tp":"P","com":"P16","par":[{"n":16,"sg":" P16 ","nm":"PARTIDO 16","cand":[{"sqcand":160002521263,"n":16,"nm":"CANDIDATO 16","nmu":"CANDIDATO 16","s":"M","dt":"27/04/1926","dvt":"Válido","vs":[{"sqcand":160002521264,"nm":"CANDIDATO 16 1","nmu":"CANDIDATO 16 1","tp":"V","sgp":"P16"}]}]}]},{"n":160000338331,"nm":"COLIGACAO 160000338331","tp":"P","com":"P14","par":[{"n":14,"sg":" P14 ","nm":"PARTIDO 14","cand":[{"sqcand":160002521229,"n":14,"nm":"CANDIDATO 14","nmu":"CANDIDATO 14","s":"M","dt":"06/05/1929","dvt":"Válido","vs":[{"sqcand":160002521230,"nm":"CANDIDATO 14 1","nmu":"CANDIDATO 14 1","tp":"V","sgp":"P14"}]}]}]}]}}