{"ele":8707,"cdabr":"74462","nmabr":"IVATÉ","t":1,"f":"S","s":"N","dg":"13/10/2020","hg":"20:03:37","v":"005","br":{"nm":"Brasil","uf":[{"sg":"PR","nm":"PARANÁ","mun":[{"cd":"74462","nm":"IVATÉ","c":"N","s":20,"e":5637,"tzon":1,"zon":[{"cd":"0172","s":20,"e":5637}]}]}]},"carg":{"cd":13,"nmn":"Vereador","nmm":"Vereador","nmf":"Vereadora","nv":15,"col":[{"n":160000335832,"nm":"COLIGACAO 160000335832","tp":"P","com":"P16","par":[{"n":16,"sg":" P16 ","nm":"PARTIDO 16","cand":[{"sqcand":160002512309,"n":16004,"nm":"CANDIDATO 16004","nmu":"CANDIDATO 16004","s":"F","dt":"20/12/1927","dvt":"Válido"},{"sqcand":160002512307,"n":16002,"nm":"CANDIDATO 16002","nmu":"CANDIDATO 16002","s":"F","dt":"23/07/1929","dvt":"Válido"},{"sqcand":160002512311,"n":16006,"nm":"CANDIDATO 16006","nmu":"CANDIDATO 16006","s":"M","dt":"28/01/1928","dvt":"Válido"},{"sqcand":160002512319,"n":16014,"nm":"CANDIDATO 16014","nmu":"CANDIDATO 16014","s":"M","dt":"27/06/1929","dvt":"Válido"},{"sqcand":160002512314,"n":16009,"nm":"CANDIDATO 16009","nmu":"CANDIDATO 16009","s":"M","dt":"14/02/1929","dvt":"Válido"},{"sqcand":160002512315,"n":16010,"nm":"CANDIDATO 16010","nmu":"CANDIDATO 16010","s":"M","dt":"15/06/1929","dvt":"Válido"},{"sqcand":160002512317,"n":16012,"nm":"CANDIDATO 16012","nmu":"CANDIDATO 16012","s":"M","dt":"12/01/1929","dvt":"Válido"},{"sqcand":160002512318,"n":16013,"nm":"CANDIDATO 16013","nmu":"CANDIDATO 16013","s":"M","dt":"15/07/1929","dvt":"Válido"},{"sqcand":160002512312,"n":16007,"nm":"CANDIDATO 16007","nmu":"CANDIDATO 16007","s":"M","dt":"21/09/1929","dvt":"Válido"},{"sqcand":160002512308,"n":16003,"nm":"CANDIDATO 16003","nmu":"CANDIDATO 16003","s":"F","dt":"26/06/1969","dvt":"Válido"},{"sqcand":160002512310,"n":16005,"nm":"CANDIDATO 16005","nmu":"CANDIDATO 16005","s":"M","dt":"20/11/1928","dvt":"Válido"},{"sqcand":160002512306,"n":16001,"nm":"CANDIDATO 16001","nmu":"CANDIDATO 16001","s":"F","dt":"07/10/1929","dvt":"Válido"},{"sqcand":160002512313,"n":16008,"nm":"CANDIDATO 16008","nmu":"CANDIDATO 16008","s":"M","dt":"15/09/1922","dvt":"Válido"},{"sqcand":160002512316,"n":16011,"nm":"CANDIDATO 16011","nmu":"CANDIDATO 16011","s":"M","dt":"08/02/1929","dvt":"Válido"},{"sqcand":160002512320,"n":16015,"nm":"CANDIDATO 16015","nmu":"CANDIDATO 16015","s":"M","dt":"30/06/1949","dvt":"Válido"}]}]},{"n":160000335808,"nm":"COLIGACAO 160000335808","tp":"P","com":"P14","par":[{"n":14,"sg":" P14 ","nm":"PARTIDO 14","cand":[{"sqcand":160002512253,"n":14002,"nm":"CANDIDATO 14002","nmu":"CANDIDATO 14002","s":"F","dt":"16/09/1925","dvt":"Válido"},{"sqcand":160002512256,"n":14005,"nm":"CANDIDATO 14005","nmu":"CANDIDATO 14005","s":"M","dt":"29/01/1929","dvt":"Válido"},{"sqcand":160002512280,"n":14009,"nm":"CANDIDATO 14009","nmu":"CANDIDATO 14009","s":"M","dt":"04/03/1929","dvt":"Válido"},{"sqcand":160002512282,"n":14011,"nm":"CANDIDATO 14011","nmu":"CANDIDATO 14011","s":"M","dt":"23/03/1973","dvt":"Válido"},{"sqcand":160002512284,"n":14013,"nm":"CANDIDATO 14013","nmu":"CANDIDATO 14013","s":"M","dt":"11/04/1923","dvt":"Válido"},{"sqcand":160002512281,"n":14010,"nm":"CANDIDATO 14010","nmu":"CANDIDATO 14010","s":"M","dt":"10/09/1925","dvt":"Válido"},{"sqcand":160002512255,"n":14004,"nm":"CANDIDATO 14004","nmu":"CANDIDATO 14004","s":"F","dt":"08/04/1928","dvt":"Válido"},{"sqcand":160002512252,"n":14001,"nm":"CANDIDATO 14001","nmu":"CANDIDATO 14001","s":"F","dt":"28/09/1922","dvt":"Válido"},{"sqcand":160002512254,"n":14003,"nm":"CANDIDATO 14003","nmu":"CANDIDATO 14003","s":"F","dt":"26/10/1929","dvt":"Válido"},{"sqcand":160002512283,"n":14012,"nm":"CANDIDATO 14012","nmu":"CANDIDATO 14012","s":"M","dt":"05/02/1929","dvt":"Válido"},{"sqcand":160002512285,"n":14014,"nm":"CANDIDATO 14014","nmu":"CANDIDATO 14014","s":"M","dt":"29/05/1929","dvt":"Válido"},{"sqcand":160002512257,"n":14006,"nm":"CANDIDATO 14006","nmu":"CANDIDATO 14006","s":"M","dt":"07/01/1958","dvt":"Válido"},{"sqcand":160002512278,"n":14007,"nm":"CANDIDATO 14007","nmu":"CANDIDATO 14007","s":"M","dt":"07/12/1929","dvt":"Válido"},{"sqcand":160002512279,"n":14008,"nm":"CANDIDATO 14008","nmu":"CANDIDATO 14008","s":"M","dt":"12/03/1929","dvt":"Válido"},{"sqcand":160002512286,"n":14015,"nm":"CANDIDATO 14015","nmu":"CANDIDATO 14015","s":"M","dt":"31/08/1928","dvt":"Válido"}]}]}]}}