{"ele":8707,"carper":13,"t":1,"f":"S","esae":"N","mnae":" ","dg":"13/10/2020","hg":"20:06:12","dv":"S","nadf":"pr74934-c0013-e008707-006-f","abr":[{"dt":"13/10/2020","ht":"19:02:02","tf":"N","and":"P","s":659,"st":309,"pst":"  46,89","snt":350,"psnt":"  53,11","si":309,"psi":"  46,89","sni":0,"psni":"   0,00","sa":309,"psa":" 100,00","sna":0,"psna":"   0,00","e":102185,"ea":102185,"pea":" 100,00","ena":0,"pena":"   0,00","esi":102185,"pesi":"  46,89","esni":0,"pesni":"   0,00","c":86078,"pc":"  84,24","a":16107,"pa":"  15,76","tv":86078,"vscv":0,"vb":3134,"pvb":"   3,64","tvn":2275,"ptvn":"   2,64","vn":2275,"pvn":" 100,00","vnt":0,"pvnt":"   0,00","vp":0,"pvp":"   0,00","vv":80669,"pvv":" 100,00","vl":5241,"pvl":"   6,50","van":0,"pvan":"   0,00","vansj":0,"pvansj":"   0,00","vnom":75428,"pvnom":"  93,50","cand":[{"seq":10,"n":16004,"e":"N","vap":2770,"pvap":"   3,22","st":""},{"seq":14,"n":16012,"e":"N","vap":2533,"pvap":"   2,94","st":""},{"seq":17,"n":16015,"e":"N","vap":2486,"pvap":"   2,89","st":""},{"seq":8,"n":16009,"e":"N","vap":2835,"pvap":"   3,29","st":""},{"seq":7,"n":16007,"e":"N","vap":2898,"pvap":"   3,37","st":""},{"seq":20,"n":16014,"e":"N","vap":2324,"pvap":"   2,70","st":""},{"seq":6,"n":16011,"e":"N","vap":2912,"pvap":"   3,38","st":""},{"seq":5,"n":16008,"e":"N","vap":2932,"pvap":"   3,41","st":""},{"seq":13,"n":16001,"e":"N","vap":2541,"pvap":"   2,95","st":""},{"seq":11,"n":16013,"e":"N","vap":2730,"pvap":"   3,17","st":""},{"seq":25,"n":16002,"e":"N","vap":1822,"pvap":"   2,12","st":""},{"seq":16,"n":16005,"e":"N","vap":2514,"pvap":"   2,92","st":""},{"seq":27,"n":16010,"e":"N","vap":1792,"pvap":"   2,08","st":""},{"seq":18,"n":16006,"e":"N","vap":2441,"pvap":"   2,84","st":""},{"seq":24,"n":16003,"e":"N","vap":1862,"pvap":"   2,16","st":""},{"seq":3,"n":14013,"e":"N","vap":3711,"pvap":"   4,31","st":""},{"seq":26,"n":14002,"e":"N","vap":1804,"pvap":"   2,10","st":""},{"seq":12,"n":14014,"e":"N","vap":2643,"pvap":"   3,07","st":""},{"seq":22,"n":14007,"e":"N","vap":2229,"pvap":"   2,59","st":""},{"seq":19,"n":14004,"e":"N","vap":2362,"pvap":"   2,74","st":""},{"seq":9,"n":14012,"e":"N","vap":2824,"pvap":"   3,28","st":""},{"seq":29,"n":14008,"e":"N","vap":1584,"pvap":"   1,84","st":""},{"seq":15,"n":14011,"e":"N","vap":2525,"pvap":"   2,93","st":""},{"seq":21,"n":14015,"e":"N","vap":2317,"pvap":"   2,69","st":""},{"seq":2,"n":14010,"e":"N","vap":3713,"pvap":"   4,31","st":""},{"seq":23,"n":14006,"e":"N","vap":2026,"pvap":"   2,35","st":""},{"seq":30,"n":14009,"e":"N","vap":1484,"pvap":"   1,72","st":""},{"seq":28,"n":14001,"e":"N","vap":1772,"pvap":"   2,06","st":""},{"seq":4,"n":14005,"e":"N","vap":2994,"pvap":"   3,48","st":""},{"seq":1,"n":14003,"e":"N","vap":4048,"pvap":"   4,70","st":""}],"tpabr":"MU","cdabr":"74934","colig":[{"n":160000323088,"tvtn":37392,"tvtl":2458,"tvan":37392,"tval":2458,"vag":7},{"n":160000323086,"tvtn":38036,"tvtl":2783,"tvan":38036,"tval":2783,"vag":8}],"part":[{"n":16,"tvtn":37392,"tvtl":2458,"tvan":37392,"tval":2458},{"n":14,"tvtn":38036,"tvtl":2783,"tvan":38036,"tval":2783}]},{"dt":"13/10/2020","ht":"19:02:02","tf":"N","and":"N","s":350,"st":0,"pst":"   0,00","snt":350,"psnt":"350","si":0,"psi":"   0,00","sni":0,"psni":"   0,00","sa":0,"psa":"   0,00","sna":0,"psna":"   0,00","e":0,"ea":0,"pea":"   0,00","ena":0,"pena":"   0,00","esi":0,"pesi":"   0,00","esni":0,"pesni":"   0,00","c":0,"pc":"   0,00","a":0,"pa":"   0,00","tv":0,"vscv":0,"vb":0,"pvb":"00,00","tvn":0,"ptvn":"00,00","vn":0,"pvn":"00,00","vp":0,"pvp":"00,00","vv":0,"pvv":"00,00","vl":0,"pvl":"00,00","van":0,"pvan":"00,00","vansj":0,"pvansj":"00,00","vnom":0,"pvnom":"0","cand":[],"tpabr":"ZONA","cdabr":"68"},{"dt":"13/10/2020","ht":"19:02:02","tf":"N","and":"P","s":309,"st":309,"pst":" 100,00","snt":0,"psnt":"0","si":309,"psi":" 100,00","sni":0,"psni":"   0,00","sa":309,"psa":" 100,00","sna":0,"psna":"   0,00","e":102185,"ea":102185,"pea":" 100,00","ena":0,"pena":"   0,00","esi":102185,"pesi":" 100,00","esni":0,"pesni":"   0,00","c":86078,"pc":"  84,24","a":16107,"pa":"  15,76","tv":86078,"vscv":0,"vb":3134,"pvb":"   3,64","tvn":2275,"ptvn":"   2,64","vn":2275,"pvn":" 100,00","vp":0,"pvp":"   0,00","vv":80669,"pvv":" 100,00","vl":5241,"pvl":"   6,50","van":0,"pvan":"   0,00","vansj":0,"pvansj":"   0,00","vnom":75428,"pvnom":"  93,50","cand":[{"seq":10,"n":16004,"e":"N","vap":2770,"pvap":"   3,22","st":""},{"seq":14,"n":16012,"e":"N","vap":2533,"pvap":"   2,94","st":""},{"seq":17,"n":16015,"e":"N","vap":2486,"pvap":"   2,89","st":""},{"seq":8,"n":16009,"e":"N","vap":2835,"pvap":"   3,29","st":""},{"seq":7,"n":16007,"e":"N","vap":2898,"pvap":"   3,37","st":""},{"seq":20,"n":16014,"e":"N","vap":2324,"pvap":"   2,70","st":""},{"seq":6,"n":16011,"e":"N","vap":2912,"pvap":"   3,38","st":""},{"seq":5,"n":16008,"e":"N","vap":2932,"pvap":"   3,41","st":""},{"seq":13,"n":16001,"e":"N","vap":2541,"pvap":"   2,95","st":""},{"seq":11,"n":16013,"e":"N","vap":2730,"pvap":"   3,17","st":""},{"seq":25,"n":16002,"e":"N","vap":1822,"pvap":"   2,12","st":""},{"seq":16,"n":16005,"e":"N","vap":2514,"pvap":"   2,92","st":""},{"seq":27,"n":16010,"e":"N","vap":1792,"pvap":"   2,08","st":""},{"seq":18,"n":16006,"e":"N","vap":2441,"pvap":"   2,84","st":""},{"seq":24,"n":16003,"e":"N","vap":1862,"pvap":"   2,16","st":""},{"seq":3,"n":14013,"e":"N","vap":3711,"pvap":"   4,31","st":""},{"seq":26,"n":14002,"e":"N","vap":1804,"pvap":"   2,10","st":""},{"seq":12,"n":14014,"e":"N","vap":2643,"pvap":"   3,07","st":""},{"seq":22,"n":14007,"e":"N","vap":2229,"pvap":"   2,59","st":""},{"seq":19,"n":14004,"e":"N","vap":2362,"pvap":"   2,74","st":""},{"seq":9,"n":14012,"e":"N","vap":2824,"pvap":"   3,28","st":""},{"seq":29,"n":14008,"e":"N","vap":1584,"pvap":"   1,84","st":""},{"seq":15,"n":14011,"e":"N","vap":2525,"pvap":"   2,93","st":""},{"seq":21,"n":14015,"e":"N","vap":2317,"pvap":"   2,69","st":""},{"seq":2,"n":14010,"e":"N","vap":3713,"pvap":"   4,31","st":""},{"seq":23,"n":14006,"e":"N","vap":2026,"pvap":"   2,35","st":""},{"seq":30,"n":14009,"e":"N","vap":1484,"pvap":"   1,72","st":""},{"seq":28,"n":14001,"e":"N","vap":1772,"pvap":"   2,06","st":""},{"seq":4,"n":14005,"e":"N","vap":2994,"pvap":"   3,48","st":""},{"seq":1,"n":14003,"e":"N","vap":4048,"pvap":"   4,70","st":""}],"tpabr":"ZONA","cdabr":"143"}]}