{"ele":8707,"cdabr":"74578","nmabr":"BOA ESPERANÇA","t":1,"f":"S","s":"N","dg":"13/10/2020","hg":"20:03:35","v":"005","br":{"nm":"Brasil","uf":[{"sg":"PR","nm":"PARANÁ","mun":[{"cd":"74578","nm":"BOA ESPERANÇA","c":"N","s":13,"e":3651,"tzon":1,"zon":[{"cd":"0170","s":13,"e":3651}]}]}]},"carg":{"cd":13,"nmn":"Vereador","nmm":"Vereador","nmf":"Vereadora","nv":15,"col":[{"n":160000330966,"nm":"COLIGACAO 160000330966","tp":"P","com":"P12","par":[{"n":12,"sg":" P12 ","nm":"PARTIDO 12","cand":[{"sqcand":160002498187,"n":12015,"nm":"CANDIDATO 12015","nmu":"CANDIDATO 12015","s":"M","dt":"15/04/1929","dvt":"Válido"},{"sqcand":160002498182,"n":12010,"nm":"CANDIDATO 12010","nmu":"CANDIDATO 12010","s":"M","dt":"18/03/1928","dvt":"Válido"},{"sqcand":160002498186,"n":12014,"nm":"CANDIDATO 12014","nmu":"CANDIDATO 12014","s":"M","dt":"25/05/1929","dvt":"Válido"},{"sqcand":160002498183,"n":12011,"nm":"CANDIDATO 12011","nmu":"CANDIDATO 12011","s":"M","dt":"04/10/1989","dvt":"Válido"},{"sqcand":160002498179,"n":12007,"nm":"CANDIDATO 12007","nmu":"CANDIDATO 12007","s":"M","dt":"01/10/1924","dvt":"Válido"},{"sqcand":160002498181,"n":12009,"nm":"CANDIDATO 12009","nmu":"CANDIDATO 12009","s":"M","dt":"22/10/1929","dvt":"Válido"},{"sqcand":160002498177,"n":12005,"nm":"CANDIDATO 12005","nmu":"CANDIDATO 12005","s":"M","dt":"06/06/1929","dvt":"Válido"},{"sqcand":160002498178,"n":12006,"nm":"CANDIDATO 12006","nmu":"CANDIDATO 12006","s":"M","dt":"08/11/1922","dvt":"Válido"},{"sqcand":160002498180,"n":12008,"nm":"CANDIDATO 12008","nmu":"CANDIDATO 12008","s":"M","dt":"15/01/1929","dvt":"Válido"},{"sqcand":160002498184,"n":12012,"nm":"CANDIDATO 12012","nmu":"CANDIDATO 12012","s":"M","dt":"12/05/1925","dvt":"Válido"},{"sqcand":160002498185,"n":12013,"nm":"CANDIDATO 12013","nmu":"CANDIDATO 12013","s":"M","dt":"10/07/1921","dvt":"Válido"},{"sqcand":160002498176,"n":12004,"nm":"CANDIDATO 12004","nmu":"CANDIDATO 12004","s":"F","dt":"29/08/1926","dvt":"Válido"},{"sqcand":160002498173,"n":12001,"nm":"CANDIDATO 12001","nmu":"CANDIDATO 12001","s":"F","dt":"23/03/1928","dvt":"Válido"},{"sqcand":160002498174,"n":12002,"nm":"CANDIDATO 12002","nmu":"CANDIDATO 12002","s":"F","dt":"21/12/1928","dvt":"Válido"},{"sqcand":160002498175,"n":12003,"nm":"CANDIDATO 12003","nmu":"CANDIDATO 12003","s":"F","dt":"17/08/1929","dvt":"Válido"}]}]},{"n":160000330962,"nm":"COLIGACAO 160000330962","tp":"P","com":"P16","par":[{"n":16,"sg":" P16 ","nm":"PARTIDO 16","cand":[{"sqcand":160002498146,"n":16008,"nm":"CANDIDATO 16008","nmu":"CANDIDATO 16008","s":"M","dt":"13/01/1928","dvt":"Válido"},{"sqcand":160002498150,"n":16012,"nm":"CANDIDATO 16012","nmu":"CANDIDATO 16012","s":"M","dt":"17/02/1929","dvt":"Válido"},{"sqcand":160002498152,"n":16014,"nm":"CANDIDATO 16014","nmu":"CANDIDATO 16014","s":"M","dt":"12/04/1989","dvt":"Válido"},{"sqcand":160002498153,"n":16015,"nm":"CANDIDATO 16015","nmu":"CANDIDATO 16015","s":"M","dt":"06/03/1929","dvt":"Válido"},{"sqcand":160002498140,"n":16002,"nm":"CANDIDATO 16002","nmu":"CANDIDATO 16002","s":"F","dt":"10/09/1927","dvt":"Válido"},{"sqcand":160002498147,"n":16009,"nm":"CANDIDATO 16009","nmu":"CANDIDATO 16009","s":"M","dt":"08/01/1927","dvt":"Válido"},{"sqcand":160002498144,"n":16006,"nm":"CANDIDATO 16006","nmu":"CANDIDATO 16006","s":"M","dt":"16/04/1929","dvt":"Válido"},{"sqcand":160002498149,"n":16011,"nm":"CANDIDATO 16011","nmu":"CANDIDATO 16011","s":"M","dt":"30/06/1926","dvt":"Válido"},{"sqcand":160002498139,"n":16001,"nm":"CANDIDATO 16001","nmu":"CANDIDATO 16001","s":"F","dt":"02/07/1925","dvt":"Válido"},{"sqcand":160002498148,"n":16010,"nm":"CANDIDATO 16010","nmu":"CANDIDATO 16010","s":"M","dt":"06/03/1923","dvt":"Válido"},{"sqcand":160002498151,"n":16013,"nm":"CANDIDATO 16013","nmu":"CANDIDATO 16013","s":"M","dt":"20/07/1924","dvt":"Válido"},{"sqcand":160002498142,"n":16004,"nm":"CANDIDATO 16004","nmu":"CANDIDATO 16004","s":"F","dt":"29/01/1925","dvt":"Válido"},{"sqcand":160002498143,"n":16005,"nm":"CANDIDATO 16005","nmu":"CANDIDATO 16005","s":"M","dt":"02/01/1929","dvt":"Válido"},{"sqcand":160002498145,"n":16007,"nm":"CANDIDATO 16007","nmu":"CANDIDATO 16007","s":"M","dt":"30/04/1926","dvt":"Válido"},{"sqcand":160002498141,"n":16003,"nm":"CANDIDATO 16003","nmu":"CANDIDATO 16003","s":"F","dt":"14/05/1929","dvt":"Válido"}]}]}]}}