{"ele":8707,"cdabr":"74977","nmabr":"CATANDUVAS","t":1,"f":"S","s":"N","dg":"13/10/2020","hg":"20:03:35","v":"005","br":{"nm":"Brasil","uf":[{"sg":"PR","nm":"PARANÁ","mun":[{"cd":"74977","nm":"CATANDUVAS","c":"N","s":24,"e":7220,"tzon":1,"zon":[{"cd":"0166","s":24,"e":7220}]}]}]},"carg":{"cd":11,"nmn":"Prefeito","nmm":"Prefeito","nmf":"Prefeita","nv":1,"col":[{"n":160000330736,"nm":"COLIGACAO 160000330736","tp":"P","com":"P26","par":[{"n":26,"sg":" P26 ","nm":"PARTIDO 26","cand":[{"sqcand":160002496856,"n":26,"nm":"CANDIDATO 26","nmu":"CANDIDATO 26","s":"M","dt":"01/08/1959","dvt":"Válido","vs":[{"sqcand":160002496857,"nm":"CANDIDATO 26 1","nmu":"CANDIDATO 26 1","tp":"V","sgp":"P26"}]}]}]},{"n":160000330730,"nm":"COLIGACAO 160000330730","tp":"P","com":"P16","par":[{"n":16,"sg":" P16 ","nm":"PARTIDO 16","cand":[{"sqcand":160002496805,"n":16,"nm":"CANDIDATO 16","nmu":"CANDIDATO 16","s":"M","dt":"17/06/1929","dvt":"Válido","vs":[{"sqcand":160002496806,"nm":"CANDIDATO 16 1","nmu":"CANDIDATO 16 1","tp":"V","sgp":"P16"}]}]}]}]}}