{"ele":8707,"cdabr":"74624","nmabr":"PATO BRAGADO","t":1,"f":"S","s":"N","dg":"13/10/2020","hg":"20:03:34","v":"005","br":{"nm":"Brasil","uf":[{"sg":"PR","nm":"PARANÁ","mun":[{"cd":"74624","nm":"PATO BRAGADO","c":"N","s":13,"e":4238,"tzon":1,"zon":[{"cd":"0121","s":13,"e":4238}]}]}]},"carg":{"cd":13,"nmn":"Vereador","nmm":"Vereador","nmf":"Vereadora","nv":15,"col":[{"n":160000322926,"nm":"COLIGACAO 160000322926","tp":"P","com":"P16","par":[{"n":16,"sg":" P16 ","nm":"PARTIDO 16","cand":[{"sqcand":160002468163,"n":16002,"nm":"CANDIDATO 16002","nmu":"CANDIDATO 16002","s":"F","dt":"04/05/1929","dvt":"Válido"},{"sqcand":160002468169,"n":16008,"nm":"CANDIDATO 16008","nmu":"CANDIDATO 16008","s":"M","dt":"18/08/1929","dvt":"Válido"},{"sqcand":160002468166,"n":16005,"nm":"CANDIDATO 16005","nmu":"CANDIDATO 16005","s":"M","dt":"29/06/1929","dvt":"Válido"},{"sqcand":160002468167,"n":16006,"nm":"CANDIDATO 16006","nmu":"CANDIDATO 16006","s":"M","dt":"18/12/1929","dvt":"Válido"},{"sqcand":160002468175,"n":16014,"nm":"CANDIDATO 16014","nmu":"CANDIDATO 16014","s":"M","dt":"18/08/1929","dvt":"Válido"},{"sqcand":160002468173,"n":16012,"nm":"CANDIDATO 16012","nmu":"CANDIDATO 16012","s":"M","dt":"08/11/1922","dvt":"Válido"},{"sqcand":160002468170,"n":16009,"nm":"CANDIDATO 16009","nmu":"CANDIDATO 16009","s":"M","dt":"28/12/1929","dvt":"Válido"},{"sqcand":160002468171,"n":16010,"nm":"CANDIDATO 16010","nmu":"CANDIDATO 16010","s":"M","dt":"24/10/1927","dvt":"Válido"},{"sqcand":160002468164,"n":16003,"nm":"CANDIDATO 16003","nmu":"CANDIDATO 16003","s":"F","dt":"12/06/1921","dvt":"Válido"},{"sqcand":160002468162,"n":16001,"nm":"CANDIDATO 16001","nmu":"CANDIDATO 16001","s":"F","dt":"24/10/1929","dvt":"Válido"},{"sqcand":160002468168,"n":16007,"nm":"CANDIDATO 16007","nmu":"CANDIDATO 16007","s":"M","dt":"21/12/1997","dvt":"Válido"},{"sqcand":160002468172,"n":16011,"nm":"CANDIDATO 16011","nmu":"CANDIDATO 16011","s":"M","dt":"03/12/1978","dvt":"Válido"},{"sqcand":160002468165,"n":16004,"nm":"CANDIDATO 16004","nmu":"CANDIDATO 16004","s":"F","dt":"22/03/1929","dvt":"Válido"},{"sqcand":160002468174,"n":16013,"nm":"CANDIDATO 16013","nmu":"CANDIDATO 16013","s":"M","dt":"07/12/1929","dvt":"Válido"},{"sqcand":160002468176,"n":16015,"nm":"CANDIDATO 16015","nmu":"CANDIDATO 16015","s":"M","dt":"18/09/1929","dvt":"Válido"}]}]},{"n":160000322924,"nm":"COLIGACAO 160000322924","tp":"P","com":"P14","par":[{"n":14,"sg":" P14 ","nm":"PARTIDO 14","cand":[{"sqcand":160002468145,"n":14001,"nm":"CANDIDATO 14001","nmu":"CANDIDATO 14001","s":"F","dt":"12/06/1954","dvt":"Válido"},{"sqcand":160002468148,"n":14004,"nm":"CANDIDATO 14004","nmu":"CANDIDATO 14004","s":"F","dt":"01/12/1924","dvt":"Válido"},{"sqcand":160002468150,"n":14006,"nm":"CANDIDATO 14006","nmu":"CANDIDATO 14006","s":"M","dt":"10/02/1929","dvt":"Válido"},{"sqcand":160002468158,"n":14014,"nm":"CANDIDATO 14014","nmu":"CANDIDATO 14014","s":"M","dt":"07/06/1965","dvt":"Válido"},{"sqcand":160002468152,"n":14008,"nm":"CANDIDATO 14008","nmu":"CANDIDATO 14008","s":"M","dt":"10/12/1929","dvt":"Válido"},{"sqcand":160002468147,"n":14003,"nm":"CANDIDATO 14003","nmu":"CANDIDATO 14003","s":"F","dt":"30/12/1929","dvt":"Válido"},{"sqcand":160002468149,"n":14005,"nm":"CANDIDATO 14005","nmu":"CANDIDATO 14005","s":"M","dt":"17/06/1929","dvt":"Válido"},{"sqcand":160002468153,"n":14009,"nm":"CANDIDATO 14009","nmu":"CANDIDATO 14009","s":"M","dt":"04/10/1965","dvt":"Válido"},{"sqcand":160002468154,"n":14010,"nm":"CANDIDATO 14010","nmu":"CANDIDATO 14010","s":"M","dt":"13/06/1921","dvt":"Válido"},{"sqcand":160002468155,"n":14011,"nm":"CANDIDATO 14011","nmu":"CANDIDATO 14011","s":"M","dt":"21/04/1972","dvt":"Válido"},{"sqcand":160002468146,"n":14002,"nm":"CANDIDATO 14002","nmu":"CANDIDATO 14002","s":"F","dt":"08/12/1921","dvt":"Válido"},{"sqcand":160002468151,"n":14007,"nm":"CANDIDATO 14007","nmu":"CANDIDATO 14007","s":"M","dt":"12/03/1929","dvt":"Válido"},{"sqcand":160002468156,"n":14012,"nm":"CANDIDATO 14012","nmu":"CANDIDATO 14012","s":"M","dt":"24/03/1929","dvt":"Válido"},{"sqcand":160002468157,"n":14013,"nm":"CANDIDATO 14013","nmu":"CANDIDATO 14013","s":"M","dt":"10/11/1927","dvt":"Válido"},{"sqcand":160002468159,"n":14015,"nm":"CANDIDATO 14015","nmu":"CANDIDATO 14015","s":"M","dt":"25/08/1922","dvt":"Válido"}]}]}]}}