{"ele":8707,"cdabr":"74942","nmabr":"DOUTOR ULYSSES","t":1,"f":"S","s":"N","dg":"13/10/2020","hg":"20:03:35","v":"005","br":{"nm":"Brasil","uf":[{"sg":"PR","nm":"PARANÁ","mun":[{"cd":"74942","nm":"DOUTOR ULYSSES","c":"N","s":21,"e":4425,"tzon":1,"zon":[{"cd":"0007","s":21,"e":4425}]}]}]},"carg":{"cd":11,"nmn":"Prefeito","nmm":"Prefeito","nmf":"Prefeita","nv":1,"col":[{"n":160000336367,"nm":"COLIGACAO 160000336367","tp":"P","com":"P16","par":[{"n":16,"sg":" P16 ","nm":"PARTIDO 16","cand":[{"sqcand":160002514223,"n":16,"nm":"CANDIDATO 16","nmu":"CANDIDATO 16","s":"M","dt":"26/07/1929","dvt":"Válido","vs":[{"sqcand":160002514224,"nm":"CANDIDATO 16 1","nmu":"CANDIDATO 16 1","tp":"V","sgp":"P16"}]}]}]}]}}