{"ele":8707,"cdabr":"74381","nmabr":"IGUATU","t":1,"f":"S","s":"N","dg":"13/10/2020","hg":"20:03:35","v":"005","br":{"nm":"Brasil","uf":[{"sg":"PR","nm":"PARANÁ","mun":[{"cd":"74381","nm":"IGUATU","c":"N","s":8,"e":2028,"tzon":1,"zon":[{"cd":"0126","s":8,"e":2028}]}]}]},"carg":{"cd":11,"nmn":"Prefeito","nmm":"Prefeito","nmf":"Prefeita","nv":1,"col":[{"n":160000328617,"nm":"COLIGACAO 160000328617","tp":"P","com":"P16","par":[{"n":16,"sg":" P16 ","nm":"PARTIDO 16","cand":[{"sqcand":160002486647,"n":16,"nm":"CANDIDATO 16","nmu":"CANDIDATO 16","s":"M","dt":"20/03/1929","dvt":"Válido","vs":[{"sqcand":160002486649,"nm":"CANDIDATO 16 1","nmu":"CANDIDATO 16 1","tp":"V","sgp":"P16"}]}]}]},{"n":160000328578,"nm":"COLIGACAO 160000328578","tp":"P","com":"P14","par":[{"n":14,"sg":" P14 ","nm":"PARTIDO 14","cand":[{"sqcand":160002486452,"n":14,"nm":"CANDIDATO 14","nmu":"CANDIDATO 14","s":"M","dt":"07/09/1973","dvt":"Válido","vs":[{"sqcand":160002486453,"nm":"CANDIDATO 14 1","nmu":"CANDIDATO 14 1","tp":"V","sgp":"P14"}]}]}]}]}}