{"ele":8707,"cdabr":"74071","nmabr":"ALMIRANTE TAMANDARÉ","t":1,"f":"S","s":"N","dg":"13/10/2020","hg":"20:03:38","v":"005","br":{"nm":"Brasil","uf":[{"sg":"PR","nm":"PARANÁ","mun":[{"cd":"74071","nm":"ALMIRANTE TAMANDARÉ","c":"N","s":196,"e":68011,"tzon":1,"zon":[{"cd":"0171","s":196,"e":68011}]}]}]},"carg":{"cd":13,"nmn":"Vereador","nmm":"Vereador","nmf":"Vereadora","nv":15,"col":[{"n":160000335795,"nm":"COLIGACAO 160000335795","tp":"P","com":"P12","par":[{"n":12,"sg":" P12 ","nm":"PARTIDO 12","cand":[{"sqcand":160002512146,"n":12003,"nm":"CANDIDATO 12003","nmu":"CANDIDATO 12003","s":"F","dt":"03/07/1975","dvt":"Válido"},{"sqcand":160002512150,"n":12007,"nm":"CANDIDATO 12007","nmu":"CANDIDATO 12007","s":"M","dt":"20/10/1970","dvt":"Válido"},{"sqcand":160002512152,"n":12009,"nm":"CANDIDATO 12009","nmu":"CANDIDATO 12009","s":"M","dt":"15/03/1969","dvt":"Válido"},{"sqcand":160002512154,"n":12011,"nm":"CANDIDATO 12011","nmu":"CANDIDATO 12011","s":"M","dt":"19/03/1926","dvt":"Válido"},{"sqcand":160002512157,"n":12014,"nm":"CANDIDATO 12014","nmu":"CANDIDATO 12014","s":"M","dt":"18/10/1978","dvt":"Válido"},{"sqcand":160002512148,"n":12005,"nm":"CANDIDATO 12005","nmu":"CANDIDATO 12005","s":"M","dt":"23/11/1927","dvt":"Válido"},{"sqcand":160002512153,"n":12010,"nm":"CANDIDATO 12010","nmu":"CANDIDATO 12010","s":"M","dt":"02/05/1977","dvt":"Válido"},{"sqcand":160002512144,"n":12001,"nm":"CANDIDATO 12001","nmu":"CANDIDATO 12001","s":"F","dt":"18/04/1927","dvt":"Válido"},{"sqcand":160002512145,"n":12002,"nm":"CANDIDATO 12002","nmu":"CANDIDATO 12002","s":"F","dt":"09/02/1949","dvt":"Válido"},{"sqcand":160002512147,"n":12004,"nm":"CANDIDATO 12004","nmu":"CANDIDATO 12004","s":"F","dt":"08/05/1929","dvt":"Válido"},{"sqcand":160002512149,"n":12006,"nm":"CANDIDATO 12006","nmu":"CANDIDATO 12006","s":"M","dt":"18/01/1974","dvt":"Válido"},{"sqcand":160002512155,"n":12012,"nm":"CANDIDATO 12012","nmu":"CANDIDATO 12012","s":"M","dt":"06/08/1921","dvt":"Válido"},{"sqcand":160002512151,"n":12008,"nm":"CANDIDATO 12008","nmu":"CANDIDATO 12008","s":"M","dt":"29/05/1929","dvt":"Válido"},{"sqcand":160002512156,"n":12013,"nm":"CANDIDATO 12013","nmu":"CANDIDATO 12013","s":"M","dt":"06/11/1929","dvt":"Válido"},{"sqcand":160002512158,"n":12015,"nm":"CANDIDATO 12015","nmu":"CANDIDATO 12015","s":"M","dt":"19/09/1924","dvt":"Válido"}]}]},{"n":160000335797,"nm":"COLIGACAO 160000335797","tp":"P","com":"P16","par":[{"n":16,"sg":" P16 ","nm":"PARTIDO 16","cand":[{"sqcand":160002512165,"n":16005,"nm":"CANDIDATO 16005","nmu":"CANDIDATO 16005","s":"M","dt":"16/06/1929","dvt":"Válido"},{"sqcand":160002512166,"n":16006,"nm":"CANDIDATO 16006","nmu":"CANDIDATO 16006","s":"M","dt":"25/07/1929","dvt":"Válido"},{"sqcand":160002512163,"n":16003,"nm":"CANDIDATO 16003","nmu":"CANDIDATO 16003","s":"F","dt":"28/08/1928","dvt":"Válido"},{"sqcand":160002512161,"n":16001,"nm":"CANDIDATO 16001","nmu":"CANDIDATO 16001","s":"F","dt":"26/03/1925","dvt":"Válido"},{"sqcand":160002512173,"n":16013,"nm":"CANDIDATO 16013","nmu":"CANDIDATO 16013","s":"M","dt":"23/03/1929","dvt":"Válido"},{"sqcand":160002512170,"n":16010,"nm":"CANDIDATO 16010","nmu":"CANDIDATO 16010","s":"M","dt":"18/07/1965","dvt":"Válido"},{"sqcand":160002512171,"n":16011,"nm":"CANDIDATO 16011","nmu":"CANDIDATO 16011","s":"M","dt":"02/05/1927","dvt":"Válido"},{"sqcand":160002512162,"n":16002,"nm":"CANDIDATO 16002","nmu":"CANDIDATO 16002","s":"F","dt":"05/11/1929","dvt":"Válido"},{"sqcand":160002512164,"n":16004,"nm":"CANDIDATO 16004","nmu":"CANDIDATO 16004","s":"F","dt":"27/10/1929","dvt":"Válido"},{"sqcand":160002512172,"n":16012,"nm":"CANDIDATO 16012","nmu":"CANDIDATO 16012","s":"M","dt":"26/12/1926","dvt":"Válido"},{"sqcand":160002512175,"n":16015,"nm":"CANDIDATO 16015","nmu":"CANDIDATO 16015","s":"M","dt":"17/08/1929","dvt":"Válido"},{"sqcand":160002512167,"n":16007,"nm":"CANDIDATO 16007","nmu":"CANDIDATO 16007","s":"M","dt":"18/08/1929","dvt":"Válido"},{"sqcand":160002512168,"n":16008,"nm":"CANDIDATO 16008","nmu":"CANDIDATO 16008","s":"M","dt":"04/09/1951","dvt":"Válido"},{"sqcand":160002512174,"n":16014,"nm":"CANDIDATO 16014","nmu":"CANDIDATO 16014","s":"M","dt":"30/12/1999","dvt":"Válido"},{"sqcand":160002512169,"n":16009,"nm":"CANDIDATO 16009","nmu":"CANDIDATO 16009","s":"M","dt":"23/11/1972","dvt":"Válido"}]}]}]}}