{"ele":8707,"cdabr":"74195","nmabr":"ANDIRÁ","t":1,"f":"S","s":"N","dg":"13/10/2020","hg":"20:03:35","v":"005","br":{"nm":"Brasil","uf":[{"sg":"PR","nm":"PARANÁ","mun":[{"cd":"74195","nm":"ANDIRÁ","c":"N","s":55,"e":16354,"tzon":1,"zon":[{"cd":"0057","s":55,"e":16354}]}]}]},"carg":{"cd":11,"nmn":"Prefeito","nmm":"Prefeito","nmf":"Prefeita","nv":1,"col":[{"n":160000322663,"nm":"COLIGACAO 160000322663","tp":"P","com":"P16","par":[{"n":16,"sg":" P16 ","nm":"PARTIDO 16","cand":[{"sqcand":160002466492,"n":16,"nm":"CANDIDATO 16","nmu":"CANDIDATO 16","s":"M","dt":"10/08/1929","dvt":"Válido","vs":[{"sqcand":160002466493,"nm":"CANDIDATO 16 1","nmu":"CANDIDATO 16 1","tp":"V","sgp":"P16"}]}]}]},{"n":160000322657,"nm":"COLIGACAO 160000322657","tp":"P","com":"P14","par":[{"n":14,"sg":" P14 ","nm":"PARTIDO 14","cand":[{"sqcand":160002466441,"n":14,"nm":"CANDIDATO 14","nmu":"CANDIDATO 14","s":"M","dt":"13/08/1929","dvt":"Válido","vs":[{"sqcand":160002466442,"nm":"CANDIDATO 14 1","nmu":"CANDIDATO 14 1","tp":"V","sgp":"P14"}]}]}]}]}}