{"ele":8707,"cdabr":"74594","nmabr":"BOCAIÚVA DO SUL","t":1,"f":"S","s":"N","dg":"13/10/2020","hg":"20:03:34","v":"005","br":{"nm":"Brasil","uf":[{"sg":"PR","nm":"PARANÁ","mun":[{"cd":"74594","nm":"BOCAIÚVA DO SUL","c":"N","s":30,"e":9116,"tzon":1,"zon":[{"cd":"0048","s":30,"e":9116}]}]}]},"carg":{"cd":11,"nmn":"Prefeito","nmm":"Prefeito","nmf":"Prefeita","nv":1,"col":[{"n":160000329115,"nm":"COLIGACAO 160000329115","tp":"P","com":"P16","par":[{"n":16,"sg":" P16 ","nm":"PARTIDO 16","cand":[{"sqcand":160002488987,"n":16,"nm":"CANDIDATO 16","nmu":"CANDIDATO 16","s":"M","dt":"19/12/1929","dvt":"Válido","vs":[{"sqcand":160002488988,"nm":"CANDIDATO 16 1","nmu":"CANDIDATO 16 1","tp":"V","sgp":"P16"}]}]}]},{"n":160000329112,"nm":"COLIGACAO 160000329112","tp":"P","com":"P14","par":[{"n":14,"sg":" P14 ","nm":"PARTIDO 14","cand":[{"sqcand":160002488981,"n":14,"nm":"CANDIDATO 14","nmu":"CANDIDATO 14","s":"M","dt":"15/08/1923","dvt":"Válido","vs":[{"sqcand":160002488982,"nm":"CANDIDATO 14 1","nmu":"CANDIDATO 14 1","tp":"V","sgp":"P14"}]}]}]}]}}