{"ele":8707,"cdabr":"74489","nmabr":"LIDIANÓPOLIS","t":1,"f":"S","s":"N","dg":"13/10/2020","hg":"20:03:40","v":"005","br":{"nm":"Brasil","uf":[{"sg":"PR","nm":"PARANÁ","mun":[{"cd":"74489","nm":"LIDIANÓPOLIS","c":"N","s":15,"e":3522,"tzon":1,"zon":[{"cd":"0093","s":15,"e":3522}]}]}]},"carg":{"cd":13,"nmn":"Vereador","nmm":"Vereador","nmf":"Vereadora","nv":15,"col":[{"n":160000322648,"nm":"COLIGACAO 160000322648","tp":"P","com":"P16","par":[{"n":16,"sg":" P16 ","nm":"PARTIDO 16","cand":[{"sqcand":160002469734,"n":16001,"nm":"CANDIDATO 16001","nmu":"CANDIDATO 16001","s":"F","dt":"10/03/1923","dvt":"Válido"},{"sqcand":160002469737,"n":16004,"nm":"CANDIDATO 16004","nmu":"CANDIDATO 16004","s":"F","dt":"05/04/1923","dvt":"Válido"},{"sqcand":160002469780,"n":16007,"nm":"CANDIDATO 16007","nmu":"CANDIDATO 16007","s":"M","dt":"30/10/1973","dvt":"Válido"},{"sqcand":160002469783,"n":16010,"nm":"CANDIDATO 16010","nmu":"CANDIDATO 16010","s":"M","dt":"09/07/1988","dvt":"Válido"},{"sqcand":160002469779,"n":16006,"nm":"CANDIDATO 16006","nmu":"CANDIDATO 16006","s":"M","dt":"27/01/1929","dvt":"Válido"},{"sqcand":160002469784,"n":16011,"nm":"CANDIDATO 16011","nmu":"CANDIDATO 16011","s":"M","dt":"29/03/1988","dvt":"Válido"},{"sqcand":160002469781,"n":16008,"nm":"CANDIDATO 16008","nmu":"CANDIDATO 16008","s":"M","dt":"22/05/1990","dvt":"Válido"},{"sqcand":160002469736,"n":16003,"nm":"CANDIDATO 16003","nmu":"CANDIDATO 16003","s":"F","dt":"16/09/1929","dvt":"Válido"},{"sqcand":160002469778,"n":16005,"nm":"CANDIDATO 16005","nmu":"CANDIDATO 16005","s":"M","dt":"04/08/1929","dvt":"Válido"},{"sqcand":160002469786,"n":16013,"nm":"CANDIDATO 16013","nmu":"CANDIDATO 16013","s":"M","dt":"10/09/1925","dvt":"Válido"},{"sqcand":160002469788,"n":16015,"nm":"CANDIDATO 16015","nmu":"CANDIDATO 16015","s":"M","dt":"06/08/1929","dvt":"Válido"},{"sqcand":160002469735,"n":16002,"nm":"CANDIDATO 16002","nmu":"CANDIDATO 16002","s":"F","dt":"02/01/1929","dvt":"Válido"},{"sqcand":160002469782,"n":16009,"nm":"CANDIDATO 16009","nmu":"CANDIDATO 16009","s":"M","dt":"05/11/1929","dvt":"Válido"},{"sqcand":160002469785,"n":16012,"nm":"CANDIDATO 16012","nmu":"CANDIDATO 16012","s":"M","dt":"02/05/1925","dvt":"Válido"},{"sqcand":160002469787,"n":16014,"nm":"CANDIDATO 16014","nmu":"CANDIDATO 16014","s":"M","dt":"10/08/1923","dvt":"Válido"}]}]},{"n":160000322644,"nm":"COLIGACAO 160000322644","tp":"P","com":"P14","par":[{"n":14,"sg":" P14 ","nm":"PARTIDO 14","cand":[{"sqcand":160002469656,"n":14003,"nm":"CANDIDATO 14003","nmu":"CANDIDATO 14003","s":"F","dt":"01/01/1929","dvt":"Válido"},{"sqcand":160002469663,"n":14010,"nm":"CANDIDATO 14010","nmu":"CANDIDATO 14010","s":"M","dt":"29/08/1929","dvt":"Válido"},{"sqcand":160002469666,"n":14013,"nm":"CANDIDATO 14013","nmu":"CANDIDATO 14013","s":"M","dt":"07/03/1929","dvt":"Válido"},{"sqcand":160002469657,"n":14004,"nm":"CANDIDATO 14004","nmu":"CANDIDATO 14004","s":"F","dt":"04/05/1922","dvt":"Válido"},{"sqcand":160002469658,"n":14005,"nm":"CANDIDATO 14005","nmu":"CANDIDATO 14005","s":"M","dt":"25/01/1929","dvt":"Válido"},{"sqcand":160002469665,"n":14012,"nm":"CANDIDATO 14012","nmu":"CANDIDATO 14012","s":"M","dt":"02/01/1929","dvt":"Válido"},{"sqcand":160002469654,"n":14001,"nm":"CANDIDATO 14001","nmu":"CANDIDATO 14001","s":"F","dt":"06/05/1928","dvt":"Válido"},{"sqcand":160002469667,"n":14014,"nm":"CANDIDATO 14014","nmu":"CANDIDATO 14014","s":"M","dt":"23/06/1984","dvt":"Válido"},{"sqcand":160002469668,"n":14015,"nm":"CANDIDATO 14015","nmu":"CANDIDATO 14015","s":"M","dt":"24/08/1929","dvt":"Válido"},{"sqcand":160002469655,"n":14002,"nm":"CANDIDATO 14002","nmu":"CANDIDATO 14002","s":"F","dt":"06/08/1986","dvt":"Válido"},{"sqcand":160002469660,"n":14007,"nm":"CANDIDATO 14007","nmu":"CANDIDATO 14007","s":"M","dt":"04/09/1973","dvt":"Válido"},{"sqcand":160002469664,"n":14011,"nm":"CANDIDATO 14011","nmu":"CANDIDATO 14011","s":"M","dt":"03/08/1979","dvt":"Válido"},{"sqcand":160002469659,"n":14006,"nm":"CANDIDATO 14006","nmu":"CANDIDATO 14006","s":"M","dt":"16/09/1929","dvt":"Válido"},{"sqcand":160002469661,"n":14008,"nm":"CANDIDATO 14008","nmu":"CANDIDATO 14008","s":"M","dt":"28/09/1929","dvt":"Válido"},{"sqcand":160002469662,"n":14009,"nm":"CANDIDATO 14009","nmu":"CANDIDATO 14009","s":"M","dt":"23/10/1929","dvt":"Válido"}]}]}]}}