{"ele":8707,"cdabr":"74160","nmabr":"BOM SUCESSO DO SUL","t":1,"f":"S","s":"N","dg":"13/10/2020","hg":"20:03:36","v":"005","br":{"nm":"Brasil","uf":[{"sg":"PR","nm":"PARANÁ","mun":[{"cd":"74160","nm":"BOM SUCESSO DO SUL","c":"N","s":11,"e":2921,"tzon":1,"zon":[{"cd":"0073","s":11,"e":2921}]}]}]},"carg":{"cd":11,"nmn":"Prefeito","nmm":"Prefeito","nmf":"Prefeita","nv":1,"col":[{"n":160000323388,"nm":"COLIGACAO 160000323388","tp":"P","com":"P16","par":[{"n":16,"sg":" P16 ","nm":"PARTIDO 16","cand":[{"sqcand":160002471054,"n":16,"nm":"CANDIDATO 16","nmu":"CANDIDATO 16","s":"M","dt":"10/02/1929","dvt":"Válido","vs":[{"sqcand":160002471055,"nm":"CANDIDATO 16 1","nmu":"CANDIDATO 16 1","tp":"V","sgp":"P16"}]}]}]},{"n":160000323380,"nm":"COLIGACAO 160000323380","tp":"P","com":"P14","par":[{"n":14,"sg":" P14 ","nm":"PARTIDO 14","cand":[{"sqcand":160002470986,"n":14,"nm":"CANDIDATO 14","nmu":"CANDIDATO 14","s":"M","dt":"28/04/1929","dvt":"Válido","vs":[{"sqcand":160002470987,"nm":"CANDIDATO 14 1","nmu":"CANDIDATO 14 1","tp":"V","sgp":"P14"}]}]}]}]}}