{"ele":8707,"cdabr":"74780","nmabr":"CAMPO BONITO","t":1,"f":"S","s":"N","dg":"13/10/2020","hg":"20:03:35","v":"005","br":{"nm":"Brasil","uf":[{"sg":"PR","nm":"PARANÁ","mun":[{"cd":"74780","nm":"CAMPO BONITO","c":"N","s":13,"e":3498,"tzon":1,"zon":[{"cd":"0112","s":13,"e":3498}]}]}]},"carg":{"cd":13,"nmn":"Vereador","nmm":"Vereador","nmf":"Vereadora","nv":15,"col":[{"n":160000323134,"nm":"COLIGACAO 160000323134","tp":"P","com":"P16","par":[{"n":16,"sg":" P16 ","nm":"PARTIDO 16","cand":[{"sqcand":160002469410,"n":16004,"nm":"CANDIDATO 16004","nmu":"CANDIDATO 16004","s":"F","dt":"08/09/1922","dvt":"Válido"},{"sqcand":160002469408,"n":16002,"nm":"CANDIDATO 16002","nmu":"CANDIDATO 16002","s":"F","dt":"29/03/1984","dvt":"Válido"},{"sqcand":160002469415,"n":16009,"nm":"CANDIDATO 16009","nmu":"CANDIDATO 16009","s":"M","dt":"18/11/1929","dvt":"Válido"},{"sqcand":160002469418,"n":16012,"nm":"CANDIDATO 16012","nmu":"CANDIDATO 16012","s":"M","dt":"19/09/1929","dvt":"Válido"},{"sqcand":160002469411,"n":16005,"nm":"CANDIDATO 16005","nmu":"CANDIDATO 16005","s":"M","dt":"08/10/1929","dvt":"Válido"},{"sqcand":160002469417,"n":16011,"nm":"CANDIDATO 16011","nmu":"CANDIDATO 16011","s":"M","dt":"04/01/1923","dvt":"Válido"},{"sqcand":160002469419,"n":16013,"nm":"CANDIDATO 16013","nmu":"CANDIDATO 16013","s":"M","dt":"12/11/1968","dvt":"Válido"},{"sqcand":160002469407,"n":16001,"nm":"CANDIDATO 16001","nmu":"CANDIDATO 16001","s":"F","dt":"11/08/1929","dvt":"Válido"},{"sqcand":160002469416,"n":16010,"nm":"CANDIDATO 16010","nmu":"CANDIDATO 16010","s":"M","dt":"10/01/1929","dvt":"Válido"},{"sqcand":160002469420,"n":16014,"nm":"CANDIDATO 16014","nmu":"CANDIDATO 16014","s":"M","dt":"10/08/1924","dvt":"Válido"},{"sqcand":160002469412,"n":16006,"nm":"CANDIDATO 16006","nmu":"CANDIDATO 16006","s":"M","dt":"10/06/1925","dvt":"Válido"},{"sqcand":160002469409,"n":16003,"nm":"CANDIDATO 16003","nmu":"CANDIDATO 16003","s":"F","dt":"07/08/1929","dvt":"Válido"},{"sqcand":160002469413,"n":16007,"nm":"CANDIDATO 16007","nmu":"CANDIDATO 16007","s":"M","dt":"18/10/1928","dvt":"Válido"},{"sqcand":160002469414,"n":16008,"nm":"CANDIDATO 16008","nmu":"CANDIDATO 16008","s":"M","dt":"25/03/1994","dvt":"Válido"},{"sqcand":160002469421,"n":16015,"nm":"CANDIDATO 16015","nmu":"CANDIDATO 16015","s":"M","dt":"21/09/1929","dvt":"Válido"}]}]},{"n":160000323132,"nm":"COLIGACAO 160000323132","tp":"P","com":"P14","par":[{"n":14,"sg":" P14 ","nm":"PARTIDO 14","cand":[{"sqcand":160002469391,"n":14002,"nm":"CANDIDATO 14002","nmu":"CANDIDATO 14002","s":"F","dt":"04/03/1929","dvt":"Válido"},{"sqcand":160002469392,"n":14003,"nm":"CANDIDATO 14003","nmu":"CANDIDATO 14003","s":"F","dt":"17/06/1968","dvt":"Válido"},{"sqcand":160002469398,"n":14009,"nm":"CANDIDATO 14009","nmu":"CANDIDATO 14009","s":"M","dt":"05/07/1929","dvt":"Válido"},{"sqcand":160002469400,"n":14011,"nm":"CANDIDATO 14011","nmu":"CANDIDATO 14011","s":"M","dt":"17/04/1929","dvt":"Válido"},{"sqcand":160002469401,"n":14012,"nm":"CANDIDATO 14012","nmu":"CANDIDATO 14012","s":"M","dt":"18/10/1923","dvt":"Válido"},{"sqcand":160002469394,"n":14005,"nm":"CANDIDATO 14005","nmu":"CANDIDATO 14005","s":"M","dt":"30/03/1965","dvt":"Válido"},{"sqcand":160002469390,"n":14001,"nm":"CANDIDATO 14001","nmu":"CANDIDATO 14001","s":"F","dt":"07/08/1929","dvt":"Válido"},{"sqcand":160002469396,"n":14007,"nm":"CANDIDATO 14007","nmu":"CANDIDATO 14007","s":"M","dt":"18/05/1928","dvt":"Válido"},{"sqcand":160002469397,"n":14008,"nm":"CANDIDATO 14008","nmu":"CANDIDATO 14008","s":"M","dt":"12/07/1980","dvt":"Válido"},{"sqcand":160002469399,"n":14010,"nm":"CANDIDATO 14010","nmu":"CANDIDATO 14010","s":"M","dt":"12/03/1970","dvt":"Válido"},{"sqcand":160002469403,"n":14014,"nm":"CANDIDATO 14014","nmu":"CANDIDATO 14014","s":"M","dt":"03/11/1929","dvt":"Válido"},{"sqcand":160002469402,"n":14013,"nm":"CANDIDATO 14013","nmu":"CANDIDATO 14013","s":"M","dt":"30/08/1992","dvt":"Válido"},{"sqcand":160002469393,"n":14004,"nm":"CANDIDATO 14004","nmu":"CANDIDATO 14004","s":"F","dt":"08/12/1925","dvt":"Válido"},{"sqcand":160002469395,"n":14006,"nm":"CANDIDATO 14006","nmu":"CANDIDATO 14006","s":"M","dt":"26/02/1929","dvt":"Válido"},{"sqcand":160002469404,"n":14015,"nm":"CANDIDATO 14015","nmu":"CANDIDATO 14015","s":"M","dt":"15/08/1976","dvt":"Válido"}]}]}]}}