{"ele":8707,"cdabr":"74853","nmabr":"CÂNDIDO DE ABREU","t":1,"f":"S","s":"N","dg":"13/10/2020","hg":"20:03:34","v":"005","br":{"nm":"Brasil","uf":[{"sg":"PR","nm":"PARANÁ","mun":[{"cd":"74853","nm":"CÂNDIDO DE ABREU","c":"N","s":53,"e":11209,"tzon":1,"zon":[{"cd":"0106","s":53,"e":11209}]}]}]},"carg":{"cd":11,"nmn":"Prefeito","nmm":"Prefeito","nmf":"Prefeita","nv":1,"col":[{"n":160000329516,"nm":"COLIGACAO 160000329516","tp":"P","com":"P16","par":[{"n":16,"sg":" P16 ","nm":"PARTIDO 16","cand":[{"sqcand":160002490778,"n":16,"nm":"CANDIDATO 16","nmu":"CANDIDATO 16","s":"M","dt":"12/10/1970","dvt":"Válido","vs":[{"sqcand":160002490779,"nm":"CANDIDATO 16 1","nmu":"CANDIDATO 16 1","tp":"V","sgp":"P16"}]}]}]},{"n":160000329514,"nm":"COLIGACAO 160000329514","tp":"P","com":"P14","par":[{"n":14,"sg":" P14 ","nm":"PARTIDO 14","cand":[{"sqcand":160002490761,"n":14,"nm":"CANDIDATO 14","nmu":"CANDIDATO 14","s":"M","dt":"24/07/1985","dvt":"Válido","vs":[{"sqcand":160002490762,"nm":"CANDIDATO 14 1","nmu":"CANDIDATO 14 1","tp":"V","sgp":"P14"}]}]}]}]}}