{"ele":8707,"cdabr":"74152","nmabr":"AMAPORÃ","t":1,"f":"S","s":"N","dg":"13/10/2020","hg":"20:03:33","v":"005","br":{"nm":"Brasil","uf":[{"sg":"PR","nm":"PARANÁ","mun":[{"cd":"74152","nm":"AMAPORÃ","c":"N","s":13,"e":3807,"tzon":1,"zon":[{"cd":"0072","s":13,"e":3807}]}]}]},"carg":{"cd":11,"nmn":"Prefeito","nmm":"Prefeito","nmf":"Prefeita","nv":1,"col":[{"n":160000323323,"nm":"COLIGACAO 160000323323","tp":"P","com":"P16","par":[{"n":16,"sg":" P16 ","nm":"PARTIDO 16","cand":[{"sqcand":160002470613,"n":16,"nm":"CANDIDATO 16","nmu":"CANDIDATO 16","s":"M","dt":"19/03/1924","dvt":"Válido","vs":[{"sqcand":160002470614,"nm":"CANDIDATO 16 1","nmu":"CANDIDATO 16 1","tp":"V","sgp":"P16"}]}]}]},{"n":160000323311,"nm":"COLIGACAO 160000323311","tp":"P","com":"P14","par":[{"n":14,"sg":" P14 ","nm":"PARTIDO 14","cand":[{"sqcand":160002470485,"n":14,"nm":"CANDIDATO 14","nmu":"CANDIDATO 14","s":"M","dt":"02/03/1983","dvt":"Válido","vs":[{"sqcand":160002470486,"nm":"CANDIDATO 14 1","nmu":"CANDIDATO 14 1","tp":"V","sgp":"P14"}]}]}]}]}}