{"ele":8707,"cdabr":"74276","nmabr":"ARAPONGAS","t":1,"f":"S","s":"N","dg":"13/10/2020","hg":"20:03:36","v":"005","br":{"nm":"Brasil","uf":[{"sg":"PR","nm":"PARANÁ","mun":[{"cd":"74276","nm":"ARAPONGAS","c":"N","s":266,"e":77048,"tzon":1,"zon":[{"cd":"0061","s":266,"e":77048}]}]}]},"carg":{"cd":11,"nmn":"Prefeito","nmm":"Prefeito","nmf":"Prefeita","nv":1,"col":[{"n":160000322791,"nm":"COLIGACAO 160000322791","tp":"P","com":"P16","par":[{"n":16,"sg":" P16 ","nm":"PARTIDO 16","cand":[{"sqcand":160002467363,"n":16,"nm":"CANDIDATO 16","nmu":"CANDIDATO 16","s":"M","dt":"01/04/1929","dvt":"Válido","vs":[{"sqcand":160002467364,"nm":"CANDIDATO 16 1","nmu":"CANDIDATO 16 1","tp":"V","sgp":"P16"}]}]}]},{"n":160000322787,"nm":"COLIGACAO 160000322787","tp":"P","com":"P14","par":[{"n":14,"sg":" P14 ","nm":"PARTIDO 14","cand":[{"sqcand":160002467329,"n":14,"nm":"CANDIDATO 14","nmu":"CANDIDATO 14","s":"M","dt":"14/05/1965","dvt":"Válido","vs":[{"sqcand":160002467330,"nm":"CANDIDATO 14 1","nmu":"CANDIDATO 14 1","tp":"V","sgp":"P14"}]}]}]}]}}