{"ele":8707,"cdabr":"74063","nmabr":"OURO VERDE DO OESTE","t":1,"f":"S","s":"N","dg":"13/10/2020","hg":"20:03:34","v":"005","br":{"nm":"Brasil","uf":[{"sg":"PR","nm":"PARANÁ","mun":[{"cd":"74063","nm":"OURO VERDE DO OESTE","c":"N","s":14,"e":4553,"tzon":1,"zon":[{"cd":"0148","s":14,"e":4553}]}]}]},"carg":{"cd":11,"nmn":"Prefeito","nmm":"Prefeito","nmf":"Prefeita","nv":1,"col":[{"n":160000337711,"nm":"COLIGACAO 160000337711","tp":"P","com":"P16","par":[{"n":16,"sg":" P16 ","nm":"PARTIDO 16","cand":[{"sqcand":160002519230,"n":16,"nm":"CANDIDATO 16","nmu":"CANDIDATO 16","s":"M","dt":"23/07/1929","dvt":"Válido","vs":[{"sqcand":160002519231,"nm":"CANDIDATO 16 1","nmu":"CANDIDATO 16 1","tp":"V","sgp":"P16"}]}]}]},{"n":160000337663,"nm":"COLIGACAO 160000337663","tp":"P","com":"P14","par":[{"n":14,"sg":" P14 ","nm":"PARTIDO 14","cand":[{"sqcand":160002519102,"n":14,"nm":"CANDIDATO 14","nmu":"CANDIDATO 14","s":"M","dt":"18/12/1929","dvt":"Válido","vs":[{"sqcand":160002519103,"nm":"CANDIDATO 14 1","nmu":"CANDIDATO 14 1","tp":"V","sgp":"P14"}]}]}]}]}}