{"ele":8707,"cdabr":"74721","nmabr":"RANCHO ALEGRE D&apos;OESTE","t":1,"f":"S","s":"N","dg":"13/10/2020","hg":"20:03:36","v":"005","br":{"nm":"Brasil","uf":[{"sg":"PR","nm":"PARANÁ","mun":[{"cd":"74721","nm":"RANCHO ALEGRE D&apos;OESTE","c":"N","s":10,"e":2515,"tzon":1,"zon":[{"cd":"0092","s":10,"e":2515}]}]}]},"carg":{"cd":13,"nmn":"Vereador","nmm":"Vereador","nmf":"Vereadora","nv":15,"col":[{"n":160000330227,"nm":"COLIGACAO 160000330227","tp":"P","com":"P16","par":[{"n":16,"sg":" P16 ","nm":"PARTIDO 16","cand":[{"sqcand":160002494150,"n":16006,"nm":"CANDIDATO 16006","nmu":"CANDIDATO 16006","s":"M","dt":"12/11/1963","dvt":"Válido"},{"sqcand":160002494146,"n":16002,"nm":"CANDIDATO 16002","nmu":"CANDIDATO 16002","s":"F","dt":"18/02/1929","dvt":"Válido"},{"sqcand":160002494145,"n":16001,"nm":"CANDIDATO 16001","nmu":"CANDIDATO 16001","s":"F","dt":"06/06/1929","dvt":"Válido"},{"sqcand":160002494149,"n":16005,"nm":"CANDIDATO 16005","nmu":"CANDIDATO 16005","s":"M","dt":"02/02/1928","dvt":"Válido"},{"sqcand":160002494159,"n":16015,"nm":"CANDIDATO 16015","nmu":"CANDIDATO 16015","s":"M","dt":"17/02/1929","dvt":"Válido"},{"sqcand":160002494154,"n":16010,"nm":"CANDIDATO 16010","nmu":"CANDIDATO 16010","s":"M","dt":"06/03/1929","dvt":"Válido"},{"sqcand":160002494155,"n":16011,"nm":"CANDIDATO 16011","nmu":"CANDIDATO 16011","s":"M","dt":"19/07/1928","dvt":"Válido"},{"sqcand":160002494148,"n":16004,"nm":"CANDIDATO 16004","nmu":"CANDIDATO 16004","s":"F","dt":"08/07/1961","dvt":"Válido"},{"sqcand":160002494156,"n":16012,"nm":"CANDIDATO 16012","nmu":"CANDIDATO 16012","s":"M","dt":"02/11/1929","dvt":"Válido"},{"sqcand":160002494153,"n":16009,"nm":"CANDIDATO 16009","nmu":"CANDIDATO 16009","s":"M","dt":"23/04/1965","dvt":"Válido"},{"sqcand":160002494158,"n":16014,"nm":"CANDIDATO 16014","nmu":"CANDIDATO 16014","s":"M","dt":"04/10/1923","dvt":"Válido"},{"sqcand":160002494151,"n":16007,"nm":"CANDIDATO 16007","nmu":"CANDIDATO 16007","s":"M","dt":"18/08/1929","dvt":"Válido"},{"sqcand":160002494152,"n":16008,"nm":"CANDIDATO 16008","nmu":"CANDIDATO 16008","s":"M","dt":"23/06/1984","dvt":"Válido"},{"sqcand":160002494157,"n":16013,"nm":"CANDIDATO 16013","nmu":"CANDIDATO 16013","s":"M","dt":"20/05/1929","dvt":"Válido"},{"sqcand":160002494147,"n":16003,"nm":"CANDIDATO 16003","nmu":"CANDIDATO 16003","s":"F","dt":"29/07/1927","dvt":"Válido"}]}]},{"n":160000330223,"nm":"COLIGACAO 160000330223","tp":"P","com":"P14","par":[{"n":14,"sg":" P14 ","nm":"PARTIDO 14","cand":[{"sqcand":160002494098,"n":14014,"nm":"CANDIDATO 14014","nmu":"CANDIDATO 14014","s":"M","dt":"09/10/1929","dvt":"Válido"},{"sqcand":160002494087,"n":14003,"nm":"CANDIDATO 14003","nmu":"CANDIDATO 14003","s":"F","dt":"17/08/1929","dvt":"Válido"},{"sqcand":160002494090,"n":14006,"nm":"CANDIDATO 14006","nmu":"CANDIDATO 14006","s":"M","dt":"14/01/1929","dvt":"Válido"},{"sqcand":160002494096,"n":14012,"nm":"CANDIDATO 14012","nmu":"CANDIDATO 14012","s":"M","dt":"04/09/1929","dvt":"Válido"},{"sqcand":160002494091,"n":14007,"nm":"CANDIDATO 14007","nmu":"CANDIDATO 14007","s":"M","dt":"01/08/1927","dvt":"Válido"},{"sqcand":160002494088,"n":14004,"nm":"CANDIDATO 14004","nmu":"CANDIDATO 14004","s":"F","dt":"06/05/1929","dvt":"Válido"},{"sqcand":160002494093,"n":14009,"nm":"CANDIDATO 14009","nmu":"CANDIDATO 14009","s":"M","dt":"11/02/1927","dvt":"Válido"},{"sqcand":160002494095,"n":14011,"nm":"CANDIDATO 14011","nmu":"CANDIDATO 14011","s":"M","dt":"30/01/1929","dvt":"Válido"},{"sqcand":160002494094,"n":14010,"nm":"CANDIDATO 14010","nmu":"CANDIDATO 14010","s":"M","dt":"06/01/1929","dvt":"Válido"},{"sqcand":160002494097,"n":14013,"nm":"CANDIDATO 14013","nmu":"CANDIDATO 14013","s":"M","dt":"04/12/1967","dvt":"Válido"},{"sqcand":160002494089,"n":14005,"nm":"CANDIDATO 14005","nmu":"CANDIDATO 14005","s":"M","dt":"29/05/1929","dvt":"Válido"},{"sqcand":160002494086,"n":14002,"nm":"CANDIDATO 14002","nmu":"CANDIDATO 14002","s":"F","dt":"20/09/1920","dvt":"Válido"},{"sqcand":160002494099,"n":14015,"nm":"CANDIDATO 14015","nmu":"CANDIDATO 14015","s":"M","dt":"29/04/1969","dvt":"Válido"},{"sqcand":160002494085,"n":14001,"nm":"CANDIDATO 14001","nmu":"CANDIDATO 14001","s":"F","dt":"30/11/1929","dvt":"Válido"},{"sqcand":160002494092,"n":14008,"nm":"CANDIDATO 14008","nmu":"CANDIDATO 14008","s":"M","dt":"15/02/1981","dvt":"Válido"}]}]}]}}