{"ele":8707,"carper":11,"t":1,"f":"S","esae":"N","mnae":" ","dg":"13/10/2020","hg":"20:06:02","dv":"S","nadf":"pr74306-c0011-e008707-006-f","abr":[{"dt":"13/10/2020","ht":"16:55:00","tf":"N","and":"P","s":11,"st":11,"pst":" 100,00","snt":0,"psnt":"   0,00","si":11,"psi":" 100,00","sni":0,"psni":"   0,00","sa":11,"psa":" 100,00","sna":0,"psna":"   0,00","e":2691,"ea":2691,"pea":" 100,00","ena":0,"pena":"   0,00","esi":2691,"pesi":" 100,00","esni":0,"pesni":"   0,00","c":2292,"pc":"  85,17","a":399,"pa":"  14,83","tv":2292,"vscv":0,"vb":1037,"pvb":"  45,24","tvn":580,"ptvn":"  25,31","vn":580,"pvn":" 100,00","vnt":0,"pvnt":"   0,00","vp":0,"pvp":"   0,00","vv":675,"pvv":" 100,00","van":0,"pvan":"   0,00","vansj":0,"pvansj":"   0,00","vnom":675,"pvnom":" 100,00","cand":[{"seq":2,"n":16,"e":"N","vap":294,"pvap":"  12,83","st":""},{"seq":1,"n":14,"e":"N","vap":381,"pvap":"  16,62","st":""}],"tpabr":"MU","cdabr":"74306","colig":[{"n":160000336389,"tvtn":294,"tvtl":0,"tvan":294,"tval":0},{"n":160000336386,"tvtn":381,"tvtl":0,"tvan":381,"tval":0}],"part":[{"n":16,"tvtn":294,"tvtl":0,"tvan":294,"tval":0},{"n":14,"tvtn":381,"tvtl":0,"tvan":381,"tval":0}]},{"dt":"13/10/2020","ht":"16:55:00","tf":"N","and":"P","s":11,"st":11,"pst":" 100,00","snt":0,"psnt":"0","si":11,"psi":" 100,00","sni":0,"psni":"   0,00","sa":11,"psa":" 100,00","sna":0,"psna":"   0,00","e":2691,"ea":2691,"pea":" 100,00","ena":0,"pena":"   0,00","esi":2691,"pesi":" 100,00","esni":0,"pesni":"   0,00","c":2292,"pc":"  85,17","a":399,"pa":"  14,83","tv":2292,"vscv":0,"vb":1037,"pvb":"  45,24","tvn":580,"ptvn":"  25,31","vn":580,"pvn":" 100,00","vp":0,"pvp":"   0,00","vv":675,"pvv":" 100,00","van":0,"pvan":"   0,00","vansj":0,"pvansj":"   0,00","vnom":675,"pvnom":" 100,00","cand":[{"seq":2,"n":16,"e":"N","vap":294,"pvap":"  12,83","st":""},{"seq":1,"n":14,"e":"N","vap":381,"pvap":"  16,62","st":""}],"tpabr":"ZONA","cdabr":"183"}]}