{"ele":8707,"cdabr":"74020","nmabr":"IBEMA","t":1,"f":"S","s":"N","dg":"13/10/2020","hg":"20:03:33","v":"005","br":{"nm":"Brasil","uf":[{"sg":"PR","nm":"PARANÁ","mun":[{"cd":"74020","nm":"IBEMA","c":"N","s":16,"e":5059,"tzon":1,"zon":[{"cd":"0166","s":16,"e":5059}]}]}]},"carg":{"cd":11,"nmn":"Prefeito","nmm":"Prefeito","nmf":"Prefeita","nv":1,"col":[{"n":160000330735,"nm":"COLIGACAO 160000330735","tp":"P","com":"P26","par":[{"n":26,"sg":" P26 ","nm":"PARTIDO 26","cand":[{"sqcand":160002496854,"n":26,"nm":"CANDIDATO 26","nmu":"CANDIDATO 26","s":"M","dt":"08/02/1929","dvt":"Válido","vs":[{"sqcand":160002496855,"nm":"CANDIDATO 26 1","nmu":"CANDIDATO 26 1","tp":"V","sgp":"P26"}]}]}]},{"n":160000330729,"nm":"COLIGACAO 160000330729","tp":"P","com":"P16","par":[{"n":16,"sg":" P16 ","nm":"PARTIDO 16","cand":[{"sqcand":160002496803,"n":16,"nm":"CANDIDATO 16","nmu":"CANDIDATO 16","s":"M","dt":"14/09/1922","dvt":"Válido","vs":[{"sqcand":160002496804,"nm":"CANDIDATO 16 1","nmu":"CANDIDATO 16 1","tp":"V","sgp":"P16"}]}]}]}]}}