{"ele":8707,"carper":11,"t":1,"f":"S","esae":"N","mnae":" ","dg":"13/10/2020","hg":"20:06:03","dv":"S","nadf":"pr74802-c0011-e008707-006-f","abr":[{"dt":"13/10/2020","ht":"18:40:03","tf":"N","and":"P","s":38,"st":38,"pst":" 100,00","snt":0,"psnt":"   0,00","si":38,"psi":" 100,00","sni":0,"psni":"   0,00","sa":38,"psa":" 100,00","sna":0,"psna":"   0,00","e":8625,"ea":8625,"pea":" 100,00","ena":0,"pena":"   0,00","esi":8625,"pesi":" 100,00","esni":0,"pesni":"   0,00","c":7348,"pc":"  85,19","a":1277,"pa":"  14,81","tv":7348,"vscv":0,"vb":2145,"pvb":"  29,19","tvn":1423,"ptvn":"  19,37","vn":1423,"pvn":" 100,00","vnt":0,"pvnt":"   0,00","vp":0,"pvp":"   0,00","vv":3780,"pvv":" 100,00","van":0,"pvan":"   0,00","vansj":0,"pvansj":"   0,00","vnom":3780,"pvnom":" 100,00","cand":[{"seq":2,"n":16,"e":"N","vap":1662,"pvap":"  22,62","st":""},{"seq":1,"n":14,"e":"N","vap":2118,"pvap":"  28,82","st":""}],"tpabr":"MU","cdabr":"74802","colig":[{"n":160000323332,"tvtn":1662,"tvtl":0,"tvan":1662,"tval":0},{"n":160000323328,"tvtn":2118,"tvtl":0,"tvan":2118,"tval":0}],"part":[{"n":16,"tvtn":1662,"tvtl":0,"tvan":1662,"tval":0},{"n":14,"tvtn":2118,"tvtl":0,"tvan":2118,"tval":0}]},{"dt":"13/10/2020","ht":"18:40:03","tf":"N","and":"P","s":38,"st":38,"pst":" 100,00","snt":0,"psnt":"0","si":38,"psi":" 100,00","sni":0,"psni":"   0,00","sa":38,"psa":" 100,00","sna":0,"psna":"   0,00","e":8625,"ea":8625,"pea":" 100,00","ena":0,"pena":"   0,00","esi":8625,"pesi":" 100,00","esni":0,"pesni":"   0,00","c":7348,"pc":"  85,19","a":1277,"pa":"  14,81","tv":7348,"vscv":0,"vb":2145,"pvb":"  29,19","tvn":1423,"ptvn":"  19,37","vn":1423,"pvn":" 100,00","vp":0,"pvp":"   0,00","vv":3780,"pvv":" 100,00","van":0,"pvan":"   0,00","vansj":0,"pvansj":"   0,00","vnom":3780,"pvnom":" 100,00","cand":[{"seq":2,"n":16,"e":"N","vap":1662,"pvap":"  22,62","st":""},{"seq":1,"n":14,"e":"N","vap":2118,"pvap":"  28,82","st":""}],"tpabr":"ZONA","cdabr":"38"}]}