{"ele":8707,"cdabr":"74586","nmabr":"NOVA LARANJEIRAS","t":1,"f":"S","s":"N","dg":"13/10/2020","hg":"20:03:39","v":"005","br":{"nm":"Brasil","uf":[{"sg":"PR","nm":"PARANÁ","mun":[{"cd":"74586","nm":"NOVA LARANJEIRAS","c":"N","s":25,"e":7503,"tzon":1,"zon":[{"cd":"0045","s":25,"e":7503}]}]}]},"carg":{"cd":13,"nmn":"Vereador","nmm":"Vereador","nmf":"Vereadora","nv":15,"col":[{"n":160000329014,"nm":"COLIGACAO 160000329014","tp":"P","com":"P14","par":[{"n":14,"sg":" P14 ","nm":"PARTIDO 14","cand":[{"sqcand":160002488446,"n":14011,"nm":"CANDIDATO 14011","nmu":"CANDIDATO 14011","s":"M","dt":"15/05/1925","dvt":"Válido"},{"sqcand":160002488448,"n":14013,"nm":"CANDIDATO 14013","nmu":"CANDIDATO 14013","s":"M","dt":"28/06/1992","dvt":"Válido"},{"sqcand":160002488440,"n":14005,"nm":"CANDIDATO 14005","nmu":"CANDIDATO 14005","s":"M","dt":"10/06/1972","dvt":"Válido"},{"sqcand":160002488447,"n":14012,"nm":"CANDIDATO 14012","nmu":"CANDIDATO 14012","s":"M","dt":"10/10/1964","dvt":"Válido"},{"sqcand":160002488436,"n":14001,"nm":"CANDIDATO 14001","nmu":"CANDIDATO 14001","s":"F","dt":"06/06/1929","dvt":"Válido"},{"sqcand":160002488438,"n":14003,"nm":"CANDIDATO 14003","nmu":"CANDIDATO 14003","s":"F","dt":"21/05/1928","dvt":"Válido"},{"sqcand":160002488442,"n":14007,"nm":"CANDIDATO 14007","nmu":"CANDIDATO 14007","s":"M","dt":"03/01/1929","dvt":"Válido"},{"sqcand":160002488445,"n":14010,"nm":"CANDIDATO 14010","nmu":"CANDIDATO 14010","s":"M","dt":"01/05/1929","dvt":"Válido"},{"sqcand":160002488450,"n":14015,"nm":"CANDIDATO 14015","nmu":"CANDIDATO 14015","s":"M","dt":"11/10/1929","dvt":"Válido"},{"sqcand":160002488443,"n":14008,"nm":"CANDIDATO 14008","nmu":"CANDIDATO 14008","s":"M","dt":"27/05/1923","dvt":"Válido"},{"sqcand":160002488449,"n":14014,"nm":"CANDIDATO 14014","nmu":"CANDIDATO 14014","s":"M","dt":"25/12/1968","dvt":"Válido"},{"sqcand":160002488439,"n":14004,"nm":"CANDIDATO 14004","nmu":"CANDIDATO 14004","s":"F","dt":"13/02/1929","dvt":"Válido"},{"sqcand":160002488444,"n":14009,"nm":"CANDIDATO 14009","nmu":"CANDIDATO 14009","s":"M","dt":"05/10/1929","dvt":"Válido"},{"sqcand":160002488437,"n":14002,"nm":"CANDIDATO 14002","nmu":"CANDIDATO 14002","s":"F","dt":"06/05/1928","dvt":"Válido"},{"sqcand":160002488441,"n":14006,"nm":"CANDIDATO 14006","nmu":"CANDIDATO 14006","s":"M","dt":"01/02/1929","dvt":"Válido"}]}]},{"n":160000329018,"nm":"COLIGACAO 160000329018","tp":"P","com":"P16","par":[{"n":16,"sg":" P16 ","nm":"PARTIDO 16","cand":[{"sqcand":160002488500,"n":16005,"nm":"CANDIDATO 16005","nmu":"CANDIDATO 16005","s":"M","dt":"28/04/1927","dvt":"Válido"},{"sqcand":160002488498,"n":16003,"nm":"CANDIDATO 16003","nmu":"CANDIDATO 16003","s":"F","dt":"19/07/1928","dvt":"Válido"},{"sqcand":160002488508,"n":16013,"nm":"CANDIDATO 16013","nmu":"CANDIDATO 16013","s":"M","dt":"02/08/1928","dvt":"Válido"},{"sqcand":160002488510,"n":16015,"nm":"CANDIDATO 16015","nmu":"CANDIDATO 16015","s":"M","dt":"29/06/1926","dvt":"Válido"},{"sqcand":160002488503,"n":16008,"nm":"CANDIDATO 16008","nmu":"CANDIDATO 16008","s":"M","dt":"04/08/1929","dvt":"Válido"},{"sqcand":160002488509,"n":16014,"nm":"CANDIDATO 16014","nmu":"CANDIDATO 16014","s":"M","dt":"24/01/1929","dvt":"Válido"},{"sqcand":160002488499,"n":16004,"nm":"CANDIDATO 16004","nmu":"CANDIDATO 16004","s":"F","dt":"28/10/1928","dvt":"Válido"},{"sqcand":160002488496,"n":16001,"nm":"CANDIDATO 16001","nmu":"CANDIDATO 16001","s":"F","dt":"20/06/1929","dvt":"Válido"},{"sqcand":160002488497,"n":16002,"nm":"CANDIDATO 16002","nmu":"CANDIDATO 16002","s":"F","dt":"15/02/1929","dvt":"Válido"},{"sqcand":160002488501,"n":16006,"nm":"CANDIDATO 16006","nmu":"CANDIDATO 16006","s":"M","dt":"25/07/1929","dvt":"Válido"},{"sqcand":160002488502,"n":16007,"nm":"CANDIDATO 16007","nmu":"CANDIDATO 16007","s":"M","dt":"20/11/1928","dvt":"Válido"},{"sqcand":160002488504,"n":16009,"nm":"CANDIDATO 16009","nmu":"CANDIDATO 16009","s":"M","dt":"23/06/1984","dvt":"Válido"},{"sqcand":160002488506,"n":16011,"nm":"CANDIDATO 16011","nmu":"CANDIDATO 16011","s":"M","dt":"08/08/1929","dvt":"Válido"},{"sqcand":160002488505,"n":16010,"nm":"CANDIDATO 16010","nmu":"CANDIDATO 16010","s":"M","dt":"15/03/1929","dvt":"Válido"},{"sqcand":160002488507,"n":16012,"nm":"CANDIDATO 16012","nmu":"CANDIDATO 16012","s":"M","dt":"13/08/1987","dvt":"Válido"}]}]}]}}