{"ele":8707,"cdabr":"74292","nmabr":"ARAPOTI","t":1,"f":"S","s":"N","dg":"13/10/2020","hg":"20:03:34","v":"005","br":{"nm":"Brasil","uf":[{"sg":"PR","nm":"PARANÁ","mun":[{"cd":"74292","nm":"ARAPOTI","c":"N","s":64,"e":18377,"tzon":1,"zon":[{"cd":"0164","s":64,"e":18377}]}]}]},"carg":{"cd":11,"nmn":"Prefeito","nmm":"Prefeito","nmf":"Prefeita","nv":1,"col":[{"n":160000330626,"nm":"COLIGACAO 160000330626","tp":"P","com":"P26","par":[{"n":26,"sg":" P26 ","nm":"PARTIDO 26","cand":[{"sqcand":160002496373,"n":26,"nm":"CANDIDATO 26","nmu":"CANDIDATO 26","s":"M","dt":"29/05/1929","dvt":"Válido","vs":[{"sqcand":160002496374,"nm":"CANDIDATO 26 1","nmu":"CANDIDATO 26 1","tp":"V","sgp":"P26"}]}]}]},{"n":160000330628,"nm":"COLIGACAO 160000330628","tp":"P","com":"P23","par":[{"n":23,"sg":" P23 ","nm":"PARTIDO 23","cand":[{"sqcand":160002496410,"n":23,"nm":"CANDIDATO 23","nmu":"CANDIDATO 23","s":"M","dt":"13/03/1962","dvt":"Válido","vs":[{"sqcand":160002496411,"nm":"CANDIDATO 23 1","nmu":"CANDIDATO 23 1","tp":"V","sgp":"P23"}]}]}]}]}}