{"ele":8707,"carper":13,"t":1,"f":"S","esae":"N","mnae":" ","dg":"13/10/2020","hg":"20:06:18","dv":"S","nadf":"pr74870-c0013-e008707-006-f","abr":[{"dt":"11/10/2020","ht":"16:05:13","tf":"N","and":"P","s":54,"st":54,"pst":" 100,00","snt":0,"psnt":"   0,00","si":54,"psi":" 100,00","sni":0,"psni":"   0,00","sa":54,"psa":" 100,00","sna":0,"psna":"   0,00","e":15361,"ea":15361,"pea":" 100,00","ena":0,"pena":"   0,00","esi":15361,"pesi":" 100,00","esni":0,"pesni":"   0,00","c":13083,"pc":"  85,17","a":2278,"pa":"  14,83","tv":13083,"vscv":0,"vb":372,"pvb":"   2,84","tvn":607,"ptvn":"   4,64","vn":607,"pvn":" 100,00","vnt":0,"pvnt":"   0,00","vp":0,"pvp":"   0,00","vv":12104,"pvv":" 100,00","vl":616,"pvl":"   5,09","van":0,"pvan":"   0,00","vansj":0,"pvansj":"   0,00","vnom":11488,"pvnom":"  94,91","cand":[{"seq":9,"n":16004,"e":"N","vap":520,"pvap":"   3,97","st":""},{"seq":2,"n":16007,"e":"N","vap":687,"pvap":"   5,25","st":""},{"seq":5,"n":16012,"e":"N","vap":559,"pvap":"   4,27","st":""},{"seq":27,"n":16015,"e":"N","vap":188,"pvap":"   1,44","st":""},{"seq":17,"n":16009,"e":"N","vap":334,"pvap":"   2,55","st":""},{"seq":26,"n":16014,"e":"N","vap":191,"pvap":"   1,46","st":""},{"seq":11,"n":16011,"e":"N","vap":476,"pvap":"   3,64","st":""},{"seq":10,"n":16001,"e":"N","vap":507,"pvap":"   3,88","st":""},{"seq":6,"n":16008,"e":"N","vap":547,"pvap":"   4,18","st":""},{"seq":30,"n":16002,"e":"N","vap":82,"pvap":"   0,63","st":""},{"seq":25,"n":16013,"e":"N","vap":233,"pvap":"   1,78","st":""},{"seq":28,"n":16005,"e":"N","vap":156,"pvap":"   1,19","st":""},{"seq":29,"n":16010,"e":"N","vap":87,"pvap":"   0,66","st":""},{"seq":8,"n":16006,"e":"N","vap":536,"pvap":"   4,10","st":""},{"seq":20,"n":16003,"e":"N","vap":283,"pvap":"   2,16","st":""},{"seq":3,"n":14014,"e":"N","vap":586,"pvap":"   4,48","st":""},{"seq":21,"n":14007,"e":"N","vap":280,"pvap":"   2,14","st":""},{"seq":22,"n":14002,"e":"N","vap":279,"pvap":"   2,13","st":""},{"seq":16,"n":14013,"e":"N","vap":344,"pvap":"   2,63","st":""},{"seq":4,"n":14004,"e":"N","vap":586,"pvap":"   4,48","st":""},{"seq":18,"n":14008,"e":"N","vap":319,"pvap":"   2,44","st":""},{"seq":13,"n":14012,"e":"N","vap":377,"pvap":"   2,88","st":""},{"seq":19,"n":14011,"e":"N","vap":295,"pvap":"   2,25","st":""},{"seq":23,"n":14010,"e":"N","vap":278,"pvap":"   2,12","st":""},{"seq":24,"n":14015,"e":"N","vap":275,"pvap":"   2,10","st":""},{"seq":1,"n":14006,"e":"N","vap":761,"pvap":"   5,82","st":""},{"seq":7,"n":14009,"e":"N","vap":544,"pvap":"   4,16","st":""},{"seq":14,"n":14005,"e":"N","vap":362,"pvap":"   2,77","st":""},{"seq":15,"n":14003,"e":"N","vap":351,"pvap":"   2,68","st":""},{"seq":12,"n":14001,"e":"N","vap":465,"pvap":"   3,55","st":""}],"tpabr":"MU","cdabr":"74870","colig":[{"n":160000336533,"tvtn":5386,"tvtl":355,"tvan":5386,"tval":355,"vag":0},{"n":160000336531,"tvtn":6102,"tvtl":261,"tvan":6102,"tval":261,"vag":0}],"part":[{"n":16,"tvtn":5386,"tvtl":355,"tvan":5386,"tval":355},{"n":14,"tvtn":6102,"tvtl":261,"tvan":6102,"tval":261}]},{"dt":"11/10/2020","ht":"16:05:13","tf":"N","and":"P","s":54,"st":54,"pst":" 100,00","snt":0,"psnt":"0","si":54,"psi":" 100,00","sni":0,"psni":"   0,00","sa":54,"psa":" 100,00","sna":0,"psna":"   0,00","e":15361,"ea":15361,"pea":" 100,00","ena":0,"pena":"   0,00","esi":15361,"pesi":" 100,00","esni":0,"pesni":"   0,00","c":13083,"pc":"  85,17","a":2278,"pa":"  14,83","tv":13083,"vscv":0,"vb":372,"pvb":"   2,84","tvn":607,"ptvn":"   4,64","vn":607,"pvn":" 100,00","vp":0,"pvp":"   0,00","vv":12104,"pvv":" 100,00","vl":616,"pvl":"   5,09","van":0,"pvan":"   0,00","vansj":0,"pvansj":"   0,00","vnom":11488,"pvnom":"  94,91","cand":[{"seq":9,"n":16004,"e":"N","vap":520,"pvap":"   3,97","st":""},{"seq":2,"n":16007,"e":"N","vap":687,"pvap":"   5,25","st":""},{"seq":5,"n":16012,"e":"N","vap":559,"pvap":"   4,27","st":""},{"seq":27,"n":16015,"e":"N","vap":188,"pvap":"   1,44","st":""},{"seq":17,"n":16009,"e":"N","vap":334,"pvap":"   2,55","st":""},{"seq":26,"n":16014,"e":"N","vap":191,"pvap":"   1,46","st":""},{"seq":11,"n":16011,"e":"N","vap":476,"pvap":"   3,64","st":""},{"seq":10,"n":16001,"e":"N","vap":507,"pvap":"   3,88","st":""},{"seq":6,"n":16008,"e":"N","vap":547,"pvap":"   4,18","st":""},{"seq":30,"n":16002,"e":"N","vap":82,"pvap":"   0,63","st":""},{"seq":25,"n":16013,"e":"N","vap":233,"pvap":"   1,78","st":""},{"seq":28,"n":16005,"e":"N","vap":156,"pvap":"   1,19","st":""},{"seq":29,"n":16010,"e":"N","vap":87,"pvap":"   0,66","st":""},{"seq":8,"n":16006,"e":"N","vap":536,"pvap":"   4,10","st":""},{"seq":20,"n":16003,"e":"N","vap":283,"pvap":"   2,16","st":""},{"seq":3,"n":14014,"e":"N","vap":586,"pvap":"   4,48","st":""},{"seq":21,"n":14007,"e":"N","vap":280,"pvap":"   2,14","st":""},{"seq":22,"n":14002,"e":"N","vap":279,"pvap":"   2,13","st":""},{"seq":16,"n":14013,"e":"N","vap":344,"pvap":"   2,63","st":""},{"seq":4,"n":14004,"e":"N","vap":586,"pvap":"   4,48","st":""},{"seq":18,"n":14008,"e":"N","vap":319,"pvap":"   2,44","st":""},{"seq":13,"n":14012,"e":"N","vap":377,"pvap":"   2,88","st":""},{"seq":19,"n":14011,"e":"N","vap":295,"pvap":"   2,25","st":""},{"seq":23,"n":14010,"e":"N","vap":278,"pvap":"   2,12","st":""},{"seq":24,"n":14015,"e":"N","vap":275,"pvap":"   2,10","st":""},{"seq":1,"n":14006,"e":"N","vap":761,"pvap":"   5,82","st":""},{"seq":7,"n":14009,"e":"N","vap":544,"pvap":"   4,16","st":""},{"seq":14,"n":14005,"e":"N","vap":362,"pvap":"   2,77","st":""},{"seq":15,"n":14003,"e":"N","vap":351,"pvap":"   2,68","st":""},{"seq":12,"n":14001,"e":"N","vap":465,"pvap":"   3,55","st":""}],"tpabr":"ZONA","cdabr":"107"}]}