{"ele":8707,"cdabr":"74829","nmabr":"SANTA MÔNICA","t":1,"f":"S","s":"N","dg":"13/10/2020","hg":"20:03:36","v":"005","br":{"nm":"Brasil","uf":[{"sg":"PR","nm":"PARANÁ","mun":[{"cd":"74829","nm":"SANTA MÔNICA","c":"N","s":9,"e":2506,"tzon":1,"zon":[{"cd":"0094","s":9,"e":2506}]}]}]},"carg":{"cd":13,"nmn":"Vereador","nmm":"Vereador","nmf":"Vereadora","nv":15,"col":[{"n":160000323351,"nm":"COLIGACAO 160000323351","tp":"P","com":"P16","par":[{"n":16,"sg":" P16 ","nm":"PARTIDO 16","cand":[{"sqcand":160002470782,"n":16010,"nm":"CANDIDATO 16010","nmu":"CANDIDATO 16010","s":"M","dt":"06/10/1926","dvt":"Válido"},{"sqcand":160002470774,"n":16002,"nm":"CANDIDATO 16002","nmu":"CANDIDATO 16002","s":"F","dt":"10/01/1929","dvt":"Válido"},{"sqcand":160002470781,"n":16009,"nm":"CANDIDATO 16009","nmu":"CANDIDATO 16009","s":"M","dt":"15/11/1929","dvt":"Válido"},{"sqcand":160002470785,"n":16013,"nm":"CANDIDATO 16013","nmu":"CANDIDATO 16013","s":"M","dt":"20/03/1925","dvt":"Válido"},{"sqcand":160002470773,"n":16001,"nm":"CANDIDATO 16001","nmu":"CANDIDATO 16001","s":"F","dt":"14/06/1929","dvt":"Válido"},{"sqcand":160002470778,"n":16006,"nm":"CANDIDATO 16006","nmu":"CANDIDATO 16006","s":"M","dt":"03/11/1962","dvt":"Válido"},{"sqcand":160002470784,"n":16012,"nm":"CANDIDATO 16012","nmu":"CANDIDATO 16012","s":"M","dt":"21/03/1929","dvt":"Válido"},{"sqcand":160002470776,"n":16004,"nm":"CANDIDATO 16004","nmu":"CANDIDATO 16004","s":"F","dt":"24/01/1929","dvt":"Válido"},{"sqcand":160002470780,"n":16008,"nm":"CANDIDATO 16008","nmu":"CANDIDATO 16008","s":"M","dt":"18/04/1927","dvt":"Válido"},{"sqcand":160002470787,"n":16015,"nm":"CANDIDATO 16015","nmu":"CANDIDATO 16015","s":"M","dt":"09/03/1929","dvt":"Válido"},{"sqcand":160002470783,"n":16011,"nm":"CANDIDATO 16011","nmu":"CANDIDATO 16011","s":"M","dt":"25/05/1929","dvt":"Válido"},{"sqcand":160002470786,"n":16014,"nm":"CANDIDATO 16014","nmu":"CANDIDATO 16014","s":"M","dt":"15/05/1925","dvt":"Válido"},{"sqcand":160002470775,"n":16003,"nm":"CANDIDATO 16003","nmu":"CANDIDATO 16003","s":"F","dt":"06/04/1929","dvt":"Válido"},{"sqcand":160002470777,"n":16005,"nm":"CANDIDATO 16005","nmu":"CANDIDATO 16005","s":"M","dt":"07/08/1928","dvt":"Válido"},{"sqcand":160002470779,"n":16007,"nm":"CANDIDATO 16007","nmu":"CANDIDATO 16007","s":"M","dt":"10/07/1923","dvt":"Válido"}]}]},{"n":160000323355,"nm":"COLIGACAO 160000323355","tp":"P","com":"P14","par":[{"n":14,"sg":" P14 ","nm":"PARTIDO 14","cand":[{"sqcand":160002470846,"n":14014,"nm":"CANDIDATO 14014","nmu":"CANDIDATO 14014","s":"M","dt":"13/03/1973","dvt":"Válido"},{"sqcand":160002470833,"n":14001,"nm":"CANDIDATO 14001","nmu":"CANDIDATO 14001","s":"F","dt":"28/06/1929","dvt":"Válido"},{"sqcand":160002470847,"n":14015,"nm":"CANDIDATO 14015","nmu":"CANDIDATO 14015","s":"M","dt":"08/04/1997","dvt":"Válido"},{"sqcand":160002470834,"n":14002,"nm":"CANDIDATO 14002","nmu":"CANDIDATO 14002","s":"F","dt":"08/03/1929","dvt":"Válido"},{"sqcand":160002470844,"n":14012,"nm":"CANDIDATO 14012","nmu":"CANDIDATO 14012","s":"M","dt":"15/11/1929","dvt":"Válido"},{"sqcand":160002470840,"n":14008,"nm":"CANDIDATO 14008","nmu":"CANDIDATO 14008","s":"M","dt":"15/07/1929","dvt":"Válido"},{"sqcand":160002470842,"n":14010,"nm":"CANDIDATO 14010","nmu":"CANDIDATO 14010","s":"M","dt":"20/11/1928","dvt":"Válido"},{"sqcand":160002470843,"n":14011,"nm":"CANDIDATO 14011","nmu":"CANDIDATO 14011","s":"M","dt":"02/02/1929","dvt":"Válido"},{"sqcand":160002470835,"n":14003,"nm":"CANDIDATO 14003","nmu":"CANDIDATO 14003","s":"F","dt":"20/10/1929","dvt":"Válido"},{"sqcand":160002470836,"n":14004,"nm":"CANDIDATO 14004","nmu":"CANDIDATO 14004","s":"F","dt":"17/10/1927","dvt":"Válido"},{"sqcand":160002470837,"n":14005,"nm":"CANDIDATO 14005","nmu":"CANDIDATO 14005","s":"M","dt":"09/10/1962","dvt":"Válido"},{"sqcand":160002470838,"n":14006,"nm":"CANDIDATO 14006","nmu":"CANDIDATO 14006","s":"M","dt":"17/08/1929","dvt":"Válido"},{"sqcand":160002470839,"n":14007,"nm":"CANDIDATO 14007","nmu":"CANDIDATO 14007","s":"M","dt":"25/05/1925","dvt":"Válido"},{"sqcand":160002470845,"n":14013,"nm":"CANDIDATO 14013","nmu":"CANDIDATO 14013","s":"M","dt":"10/04/1975","dvt":"Válido"},{"sqcand":160002470841,"n":14009,"nm":"CANDIDATO 14009","nmu":"CANDIDATO 14009","s":"M","dt":"06/06/1929","dvt":"Válido"}]}]}]}}