{"ele":8707,"cdabr":"74551","nmabr":"BITURUNA","t":1,"f":"S","s":"N","dg":"13/10/2020","hg":"20:03:37","v":"005","br":{"nm":"Brasil","uf":[{"sg":"PR","nm":"PARANÁ","mun":[{"cd":"74551","nm":"BITURUNA","c":"N","s":56,"e":11491,"tzon":1,"zon":[{"cd":"0153","s":56,"e":11491}]}]}]},"carg":{"cd":13,"nmn":"Vereador","nmm":"Vereador","nmf":"Vereadora","nv":15,"col":[{"n":160000330825,"nm":"COLIGACAO 160000330825","tp":"P","com":"P16","par":[{"n":16,"sg":" P16 ","nm":"PARTIDO 16","cand":[{"sqcand":160002497583,"n":16004,"nm":"CANDIDATO 16004","nmu":"CANDIDATO 16004","s":"F","dt":"19/10/1929","dvt":"Válido"},{"sqcand":160002497592,"n":16013,"nm":"CANDIDATO 16013","nmu":"CANDIDATO 16013","s":"M","dt":"23/10/1926","dvt":"Válido"},{"sqcand":160002497593,"n":16014,"nm":"CANDIDATO 16014","nmu":"CANDIDATO 16014","s":"M","dt":"20/11/1929","dvt":"Válido"},{"sqcand":160002497589,"n":16010,"nm":"CANDIDATO 16010","nmu":"CANDIDATO 16010","s":"M","dt":"13/12/1924","dvt":"Válido"},{"sqcand":160002497585,"n":16006,"nm":"CANDIDATO 16006","nmu":"CANDIDATO 16006","s":"M","dt":"04/01/1928","dvt":"Válido"},{"sqcand":160002497586,"n":16007,"nm":"CANDIDATO 16007","nmu":"CANDIDATO 16007","s":"M","dt":"14/07/1969","dvt":"Válido"},{"sqcand":160002497582,"n":16003,"nm":"CANDIDATO 16003","nmu":"CANDIDATO 16003","s":"F","dt":"24/06/1976","dvt":"Válido"},{"sqcand":160002497580,"n":16001,"nm":"CANDIDATO 16001","nmu":"CANDIDATO 16001","s":"F","dt":"10/06/1924","dvt":"Válido"},{"sqcand":160002497584,"n":16005,"nm":"CANDIDATO 16005","nmu":"CANDIDATO 16005","s":"M","dt":"04/02/1971","dvt":"Válido"},{"sqcand":160002497588,"n":16009,"nm":"CANDIDATO 16009","nmu":"CANDIDATO 16009","s":"M","dt":"05/06/1929","dvt":"Válido"},{"sqcand":160002497581,"n":16002,"nm":"CANDIDATO 16002","nmu":"CANDIDATO 16002","s":"F","dt":"17/08/1925","dvt":"Válido"},{"sqcand":160002497594,"n":16015,"nm":"CANDIDATO 16015","nmu":"CANDIDATO 16015","s":"M","dt":"04/10/1929","dvt":"Válido"},{"sqcand":160002497587,"n":16008,"nm":"CANDIDATO 16008","nmu":"CANDIDATO 16008","s":"M","dt":"29/07/1929","dvt":"Válido"},{"sqcand":160002497591,"n":16012,"nm":"CANDIDATO 16012","nmu":"CANDIDATO 16012","s":"M","dt":"28/01/1929","dvt":"Válido"},{"sqcand":160002497590,"n":16011,"nm":"CANDIDATO 16011","nmu":"CANDIDATO 16011","s":"M","dt":"16/10/1963","dvt":"Válido"}]}]},{"n":160000330817,"nm":"COLIGACAO 160000330817","tp":"P","com":"P14","par":[{"n":14,"sg":" P14 ","nm":"PARTIDO 14","cand":[{"sqcand":160002497317,"n":14006,"nm":"CANDIDATO 14006","nmu":"CANDIDATO 14006","s":"M","dt":"12/03/1927","dvt":"Válido"},{"sqcand":160002497526,"n":14015,"nm":"CANDIDATO 14015","nmu":"CANDIDATO 14015","s":"M","dt":"26/01/1925","dvt":"Válido"},{"sqcand":160002497522,"n":14011,"nm":"CANDIDATO 14011","nmu":"CANDIDATO 14011","s":"M","dt":"15/03/1929","dvt":"Válido"},{"sqcand":160002497315,"n":14004,"nm":"CANDIDATO 14004","nmu":"CANDIDATO 14004","s":"F","dt":"29/09/1925","dvt":"Válido"},{"sqcand":160002497316,"n":14005,"nm":"CANDIDATO 14005","nmu":"CANDIDATO 14005","s":"M","dt":"25/07/1929","dvt":"Válido"},{"sqcand":160002497518,"n":14007,"nm":"CANDIDATO 14007","nmu":"CANDIDATO 14007","s":"M","dt":"13/02/1929","dvt":"Válido"},{"sqcand":160002497312,"n":14001,"nm":"CANDIDATO 14001","nmu":"CANDIDATO 14001","s":"F","dt":"10/02/1929","dvt":"Válido"},{"sqcand":160002497313,"n":14002,"nm":"CANDIDATO 14002","nmu":"CANDIDATO 14002","s":"F","dt":"23/06/1976","dvt":"Válido"},{"sqcand":160002497519,"n":14008,"nm":"CANDIDATO 14008","nmu":"CANDIDATO 14008","s":"M","dt":"06/08/1929","dvt":"Válido"},{"sqcand":160002497524,"n":14013,"nm":"CANDIDATO 14013","nmu":"CANDIDATO 14013","s":"M","dt":"05/04/1968","dvt":"Válido"},{"sqcand":160002497521,"n":14010,"nm":"CANDIDATO 14010","nmu":"CANDIDATO 14010","s":"M","dt":"27/04/1980","dvt":"Válido"},{"sqcand":160002497314,"n":14003,"nm":"CANDIDATO 14003","nmu":"CANDIDATO 14003","s":"F","dt":"03/06/1929","dvt":"Válido"},{"sqcand":160002497525,"n":14014,"nm":"CANDIDATO 14014","nmu":"CANDIDATO 14014","s":"M","dt":"12/09/1985","dvt":"Válido"},{"sqcand":160002497520,"n":14009,"nm":"CANDIDATO 14009","nmu":"CANDIDATO 14009","s":"M","dt":"06/06/1921","dvt":"Válido"},{"sqcand":160002497523,"n":14012,"nm":"CANDIDATO 14012","nmu":"CANDIDATO 14012","s":"M","dt":"09/06/1929","dvt":"Válido"}]}]}]}}