{"ele":8707,"cdabr":"74810","nmabr":"CAMPO LARGO","t":1,"f":"S","dg":"13/10/2020","hg":"20:03:41","car":{"cd":11,"nm":"Prefeito","scv":"N","cand":[{"n":14,"nmu":"CANDIDATO 14","c":"#a9a9a9","sgp":"P14","ap":[{"dataHoraApuracao":"13/10/2020 19:23:00","da":"13/10/2020","ha":"19:23:00","vap":46,"tvap":97,"pvap":"47,42"},{"dataHoraApuracao":"13/10/2020 19:28:00","da":"13/10/2020","ha":"19:28:00","vap":1300,"tvap":2496,"pvap":"52,08"},{"dataHoraApuracao":"13/10/2020 19:29:00","da":"13/10/2020","ha":"19:29:00","vap":13092,"tvap":25488,"pvap":"51,36"},{"dataHoraApuracao":"13/10/2020 19:30:00","da":"13/10/2020","ha":"19:30:00","vap":19615,"tvap":37139,"pvap":"52,81"}]},{"n":16,"nmu":"CANDIDATO 16","c":"#a9a9a9","sgp":"P16","ap":[{"dataHoraApuracao":"13/10/2020 19:23:00","da":"13/10/2020","ha":"19:23:00","vap":51,"tvap":97,"pvap":"52,57"},{"dataHoraApuracao":"13/10/2020 19:28:00","da":"13/10/2020","ha":"19:28:00","vap":1196,"tvap":2496,"pvap":"47,91"},{"dataHoraApuracao":"13/10/2020 19:29:00","da":"13/10/2020","ha":"19:29:00","vap":12396,"tvap":25488,"pvap":"48,63"},{"dataHoraApuracao":"13/10/2020 19:30:00","da":"13/10/2020","ha":"19:30:00","vap":17524,"tvap":37139,"pvap":"47,18"}]}]}}