{"ele":8707,"cdabr":"74284","nmabr":"ENTRE RIOS DO OESTE","t":1,"f":"S","s":"N","dg":"13/10/2020","hg":"20:03:39","v":"005","br":{"nm":"Brasil","uf":[{"sg":"PR","nm":"PARANÁ","mun":[{"cd":"74284","nm":"ENTRE RIOS DO OESTE","c":"N","s":13,"e":3370,"tzon":1,"zon":[{"cd":"0129","s":13,"e":3370}]}]}]},"carg":{"cd":13,"nmn":"Vereador","nmm":"Vereador","nmf":"Vereadora","nv":15,"col":[{"n":160000329218,"nm":"COLIGACAO 160000329218","tp":"P","com":"P14","par":[{"n":14,"sg":" P14 ","nm":"PARTIDO 14","cand":[{"sqcand":160002489478,"n":14004,"nm":"CANDIDATO 14004","nmu":"CANDIDATO 14004","s":"F","dt":"11/08/1929","dvt":"Válido"},{"sqcand":160002489488,"n":14014,"nm":"CANDIDATO 14014","nmu":"CANDIDATO 14014","s":"M","dt":"20/04/1929","dvt":"Válido"},{"sqcand":160002489480,"n":14006,"nm":"CANDIDATO 14006","nmu":"CANDIDATO 14006","s":"M","dt":"28/09/1929","dvt":"Válido"},{"sqcand":160002489484,"n":14010,"nm":"CANDIDATO 14010","nmu":"CANDIDATO 14010","s":"M","dt":"15/01/1974","dvt":"Válido"},{"sqcand":160002489485,"n":14011,"nm":"CANDIDATO 14011","nmu":"CANDIDATO 14011","s":"M","dt":"24/08/1993","dvt":"Válido"},{"sqcand":160002489455,"n":14001,"nm":"CANDIDATO 14001","nmu":"CANDIDATO 14001","s":"F","dt":"01/04/1926","dvt":"Válido"},{"sqcand":160002489457,"n":14003,"nm":"CANDIDATO 14003","nmu":"CANDIDATO 14003","s":"F","dt":"15/10/1925","dvt":"Válido"},{"sqcand":160002489483,"n":14009,"nm":"CANDIDATO 14009","nmu":"CANDIDATO 14009","s":"M","dt":"17/05/1965","dvt":"Válido"},{"sqcand":160002489486,"n":14012,"nm":"CANDIDATO 14012","nmu":"CANDIDATO 14012","s":"M","dt":"09/10/1929","dvt":"Válido"},{"sqcand":160002489482,"n":14008,"nm":"CANDIDATO 14008","nmu":"CANDIDATO 14008","s":"M","dt":"26/03/1929","dvt":"Válido"},{"sqcand":160002489479,"n":14005,"nm":"CANDIDATO 14005","nmu":"CANDIDATO 14005","s":"M","dt":"26/02/1929","dvt":"Válido"},{"sqcand":160002489487,"n":14013,"nm":"CANDIDATO 14013","nmu":"CANDIDATO 14013","s":"M","dt":"21/07/1970","dvt":"Válido"},{"sqcand":160002489489,"n":14015,"nm":"CANDIDATO 14015","nmu":"CANDIDATO 14015","s":"M","dt":"22/10/1929","dvt":"Válido"},{"sqcand":160002489481,"n":14007,"nm":"CANDIDATO 14007","nmu":"CANDIDATO 14007","s":"M","dt":"11/11/1928","dvt":"Válido"},{"sqcand":160002489456,"n":14002,"nm":"CANDIDATO 14002","nmu":"CANDIDATO 14002","s":"F","dt":"10/02/1929","dvt":"Válido"}]}]},{"n":160000329224,"nm":"COLIGACAO 160000329224","tp":"P","com":"P16","par":[{"n":16,"sg":" P16 ","nm":"PARTIDO 16","cand":[{"sqcand":160002489531,"n":16006,"nm":"CANDIDATO 16006","nmu":"CANDIDATO 16006","s":"M","dt":"29/03/1969","dvt":"Válido"},{"sqcand":160002489535,"n":16010,"nm":"CANDIDATO 16010","nmu":"CANDIDATO 16010","s":"M","dt":"25/04/1929","dvt":"Válido"},{"sqcand":160002489540,"n":16015,"nm":"CANDIDATO 16015","nmu":"CANDIDATO 16015","s":"M","dt":"25/02/1927","dvt":"Válido"},{"sqcand":160002489526,"n":16001,"nm":"CANDIDATO 16001","nmu":"CANDIDATO 16001","s":"F","dt":"31/08/1926","dvt":"Válido"},{"sqcand":160002489536,"n":16011,"nm":"CANDIDATO 16011","nmu":"CANDIDATO 16011","s":"M","dt":"02/12/1929","dvt":"Válido"},{"sqcand":160002489530,"n":16005,"nm":"CANDIDATO 16005","nmu":"CANDIDATO 16005","s":"M","dt":"13/11/1929","dvt":"Válido"},{"sqcand":160002489527,"n":16002,"nm":"CANDIDATO 16002","nmu":"CANDIDATO 16002","s":"F","dt":"20/05/1927","dvt":"Válido"},{"sqcand":160002489538,"n":16013,"nm":"CANDIDATO 16013","nmu":"CANDIDATO 16013","s":"M","dt":"11/02/1929","dvt":"Válido"},{"sqcand":160002489533,"n":16008,"nm":"CANDIDATO 16008","nmu":"CANDIDATO 16008","s":"M","dt":"03/06/1929","dvt":"Válido"},{"sqcand":160002489539,"n":16014,"nm":"CANDIDATO 16014","nmu":"CANDIDATO 16014","s":"M","dt":"27/06/1929","dvt":"Válido"},{"sqcand":160002489528,"n":16003,"nm":"CANDIDATO 16003","nmu":"CANDIDATO 16003","s":"F","dt":"09/05/1924","dvt":"Válido"},{"sqcand":160002489529,"n":16004,"nm":"CANDIDATO 16004","nmu":"CANDIDATO 16004","s":"F","dt":"25/04/1929","dvt":"Válido"},{"sqcand":160002489532,"n":16007,"nm":"CANDIDATO 16007","nmu":"CANDIDATO 16007","s":"M","dt":"15/10/1965","dvt":"Válido"},{"sqcand":160002489534,"n":16009,"nm":"CANDIDATO 16009","nmu":"CANDIDATO 16009","s":"M","dt":"20/10/1922","dvt":"Válido"},{"sqcand":160002489537,"n":16012,"nm":"CANDIDATO 16012","nmu":"CANDIDATO 16012","s":"M","dt":"12/09/1924","dvt":"Válido"}]}]}]}}