{"ele":8707,"cdabr":"74802","nmabr":"SANTA MARIA DO OESTE","t":1,"f":"S","s":"N","dg":"13/10/2020","hg":"20:03:38","v":"005","br":{"nm":"Brasil","uf":[{"sg":"PR","nm":"PARANÁ","mun":[{"cd":"74802","nm":"SANTA MARIA DO OESTE","c":"N","s":38,"e":8625,"tzon":1,"zon":[{"cd":"0038","s":38,"e":8625}]}]}]},"carg":{"cd":13,"nmn":"Vereador","nmm":"Vereador","nmf":"Vereadora","nv":15,"col":[{"n":160000323340,"nm":"COLIGACAO 160000323340","tp":"P","com":"P16","par":[{"n":16,"sg":" P16 ","nm":"PARTIDO 16","cand":[{"sqcand":160002470716,"n":16005,"nm":"CANDIDATO 16005","nmu":"CANDIDATO 16005","s":"M","dt":"20/01/1922","dvt":"Válido"},{"sqcand":160002470712,"n":16001,"nm":"CANDIDATO 16001","nmu":"CANDIDATO 16001","s":"F","dt":"08/11/1929","dvt":"Válido"},{"sqcand":160002470717,"n":16006,"nm":"CANDIDATO 16006","nmu":"CANDIDATO 16006","s":"M","dt":"28/12/1929","dvt":"Válido"},{"sqcand":160002470718,"n":16007,"nm":"CANDIDATO 16007","nmu":"CANDIDATO 16007","s":"M","dt":"24/08/1924","dvt":"Válido"},{"sqcand":160002470723,"n":16012,"nm":"CANDIDATO 16012","nmu":"CANDIDATO 16012","s":"M","dt":"06/06/1972","dvt":"Válido"},{"sqcand":160002470719,"n":16008,"nm":"CANDIDATO 16008","nmu":"CANDIDATO 16008","s":"M","dt":"12/06/1928","dvt":"Válido"},{"sqcand":160002470726,"n":16015,"nm":"CANDIDATO 16015","nmu":"CANDIDATO 16015","s":"M","dt":"05/05/1929","dvt":"Válido"},{"sqcand":160002470722,"n":16011,"nm":"CANDIDATO 16011","nmu":"CANDIDATO 16011","s":"M","dt":"20/04/1929","dvt":"Válido"},{"sqcand":160002470721,"n":16010,"nm":"CANDIDATO 16010","nmu":"CANDIDATO 16010","s":"M","dt":"16/05/1929","dvt":"Válido"},{"sqcand":160002470714,"n":16003,"nm":"CANDIDATO 16003","nmu":"CANDIDATO 16003","s":"F","dt":"04/09/1929","dvt":"Válido"},{"sqcand":160002470725,"n":16014,"nm":"CANDIDATO 16014","nmu":"CANDIDATO 16014","s":"M","dt":"11/07/1929","dvt":"Válido"},{"sqcand":160002470713,"n":16002,"nm":"CANDIDATO 16002","nmu":"CANDIDATO 16002","s":"F","dt":"28/07/1928","dvt":"Válido"},{"sqcand":160002470720,"n":16009,"nm":"CANDIDATO 16009","nmu":"CANDIDATO 16009","s":"M","dt":"27/09/1922","dvt":"Válido"},{"sqcand":160002470715,"n":16004,"nm":"CANDIDATO 16004","nmu":"CANDIDATO 16004","s":"F","dt":"02/10/1980","dvt":"Válido"},{"sqcand":160002470724,"n":16013,"nm":"CANDIDATO 16013","nmu":"CANDIDATO 16013","s":"M","dt":"20/03/1929","dvt":"Válido"}]}]},{"n":160000323336,"nm":"COLIGACAO 160000323336","tp":"P","com":"P14","par":[{"n":14,"sg":" P14 ","nm":"PARTIDO 14","cand":[{"sqcand":160002470659,"n":14008,"nm":"CANDIDATO 14008","nmu":"CANDIDATO 14008","s":"M","dt":"21/08/1922","dvt":"Válido"},{"sqcand":160002470664,"n":14013,"nm":"CANDIDATO 14013","nmu":"CANDIDATO 14013","s":"M","dt":"29/05/1929","dvt":"Válido"},{"sqcand":160002470658,"n":14007,"nm":"CANDIDATO 14007","nmu":"CANDIDATO 14007","s":"M","dt":"26/05/1929","dvt":"Válido"},{"sqcand":160002470665,"n":14014,"nm":"CANDIDATO 14014","nmu":"CANDIDATO 14014","s":"M","dt":"07/07/1929","dvt":"Válido"},{"sqcand":160002470655,"n":14004,"nm":"CANDIDATO 14004","nmu":"CANDIDATO 14004","s":"F","dt":"28/05/1928","dvt":"Válido"},{"sqcand":160002470660,"n":14009,"nm":"CANDIDATO 14009","nmu":"CANDIDATO 14009","s":"M","dt":"09/08/1924","dvt":"Válido"},{"sqcand":160002470653,"n":14002,"nm":"CANDIDATO 14002","nmu":"CANDIDATO 14002","s":"F","dt":"10/12/1925","dvt":"Válido"},{"sqcand":160002470656,"n":14005,"nm":"CANDIDATO 14005","nmu":"CANDIDATO 14005","s":"M","dt":"25/04/1987","dvt":"Válido"},{"sqcand":160002470661,"n":14010,"nm":"CANDIDATO 14010","nmu":"CANDIDATO 14010","s":"M","dt":"12/10/1929","dvt":"Válido"},{"sqcand":160002470654,"n":14003,"nm":"CANDIDATO 14003","nmu":"CANDIDATO 14003","s":"F","dt":"15/07/1926","dvt":"Válido"},{"sqcand":160002470657,"n":14006,"nm":"CANDIDATO 14006","nmu":"CANDIDATO 14006","s":"M","dt":"07/06/1964","dvt":"Válido"},{"sqcand":160002470663,"n":14012,"nm":"CANDIDATO 14012","nmu":"CANDIDATO 14012","s":"M","dt":"11/06/1929","dvt":"Válido"},{"sqcand":160002470666,"n":14015,"nm":"CANDIDATO 14015","nmu":"CANDIDATO 14015","s":"M","dt":"28/10/1929","dvt":"Válido"},{"sqcand":160002470662,"n":14011,"nm":"CANDIDATO 14011","nmu":"CANDIDATO 14011","s":"M","dt":"04/02/1968","dvt":"Válido"},{"sqcand":160002470652,"n":14001,"nm":"CANDIDATO 14001","nmu":"CANDIDATO 14001","s":"F","dt":"31/05/1980","dvt":"Válido"}]}]}]}}