{"ele":8707,"cdabr":"74306","nmabr":"FAROL","t":1,"f":"S","s":"N","dg":"13/10/2020","hg":"20:03:37","v":"005","br":{"nm":"Brasil","uf":[{"sg":"PR","nm":"PARANÁ","mun":[{"cd":"74306","nm":"FAROL","c":"N","s":11,"e":2691,"tzon":1,"zon":[{"cd":"0183","s":11,"e":2691}]}]}]},"carg":{"cd":13,"nmn":"Vereador","nmm":"Vereador","nmf":"Vereadora","nv":15,"col":[{"n":160000336395,"nm":"COLIGACAO 160000336395","tp":"P","com":"P16","par":[{"n":16,"sg":" P16 ","nm":"PARTIDO 16","cand":[{"sqcand":160002514377,"n":16002,"nm":"CANDIDATO 16002","nmu":"CANDIDATO 16002","s":"F","dt":"09/09/1928","dvt":"Válido"},{"sqcand":160002514384,"n":16009,"nm":"CANDIDATO 16009","nmu":"CANDIDATO 16009","s":"M","dt":"26/08/1929","dvt":"Válido"},{"sqcand":160002514387,"n":16012,"nm":"CANDIDATO 16012","nmu":"CANDIDATO 16012","s":"M","dt":"10/10/1926","dvt":"Válido"},{"sqcand":160002514383,"n":16008,"nm":"CANDIDATO 16008","nmu":"CANDIDATO 16008","s":"M","dt":"22/03/1973","dvt":"Válido"},{"sqcand":160002514385,"n":16010,"nm":"CANDIDATO 16010","nmu":"CANDIDATO 16010","s":"M","dt":"01/11/1929","dvt":"Válido"},{"sqcand":160002514389,"n":16014,"nm":"CANDIDATO 16014","nmu":"CANDIDATO 16014","s":"M","dt":"19/03/1929","dvt":"Válido"},{"sqcand":160002514376,"n":16001,"nm":"CANDIDATO 16001","nmu":"CANDIDATO 16001","s":"F","dt":"06/02/1929","dvt":"Válido"},{"sqcand":160002514388,"n":16013,"nm":"CANDIDATO 16013","nmu":"CANDIDATO 16013","s":"M","dt":"10/04/1982","dvt":"Válido"},{"sqcand":160002514380,"n":16005,"nm":"CANDIDATO 16005","nmu":"CANDIDATO 16005","s":"M","dt":"18/02/1964","dvt":"Válido"},{"sqcand":160002514382,"n":16007,"nm":"CANDIDATO 16007","nmu":"CANDIDATO 16007","s":"M","dt":"01/11/1922","dvt":"Válido"},{"sqcand":160002514390,"n":16015,"nm":"CANDIDATO 16015","nmu":"CANDIDATO 16015","s":"M","dt":"30/05/1924","dvt":"Válido"},{"sqcand":160002514381,"n":16006,"nm":"CANDIDATO 16006","nmu":"CANDIDATO 16006","s":"M","dt":"06/05/1929","dvt":"Válido"},{"sqcand":160002514378,"n":16003,"nm":"CANDIDATO 16003","nmu":"CANDIDATO 16003","s":"F","dt":"12/05/1929","dvt":"Válido"},{"sqcand":160002514379,"n":16004,"nm":"CANDIDATO 16004","nmu":"CANDIDATO 16004","s":"F","dt":"27/04/1929","dvt":"Válido"},{"sqcand":160002514386,"n":16011,"nm":"CANDIDATO 16011","nmu":"CANDIDATO 16011","s":"M","dt":"20/08/1929","dvt":"Válido"}]}]},{"n":160000336392,"nm":"COLIGACAO 160000336392","tp":"P","com":"P14","par":[{"n":14,"sg":" P14 ","nm":"PARTIDO 14","cand":[{"sqcand":160002514335,"n":14005,"nm":"CANDIDATO 14005","nmu":"CANDIDATO 14005","s":"M","dt":"10/03/1929","dvt":"Válido"},{"sqcand":160002514341,"n":14011,"nm":"CANDIDATO 14011","nmu":"CANDIDATO 14011","s":"M","dt":"30/07/1997","dvt":"Válido"},{"sqcand":160002514344,"n":14014,"nm":"CANDIDATO 14014","nmu":"CANDIDATO 14014","s":"M","dt":"28/09/1928","dvt":"Válido"},{"sqcand":160002514336,"n":14006,"nm":"CANDIDATO 14006","nmu":"CANDIDATO 14006","s":"M","dt":"31/12/1929","dvt":"Válido"},{"sqcand":160002514338,"n":14008,"nm":"CANDIDATO 14008","nmu":"CANDIDATO 14008","s":"M","dt":"10/04/1921","dvt":"Válido"},{"sqcand":160002514331,"n":14001,"nm":"CANDIDATO 14001","nmu":"CANDIDATO 14001","s":"F","dt":"22/06/1928","dvt":"Válido"},{"sqcand":160002514332,"n":14002,"nm":"CANDIDATO 14002","nmu":"CANDIDATO 14002","s":"F","dt":"28/12/1926","dvt":"Válido"},{"sqcand":160002514333,"n":14003,"nm":"CANDIDATO 14003","nmu":"CANDIDATO 14003","s":"F","dt":"03/06/1928","dvt":"Válido"},{"sqcand":160002514339,"n":14009,"nm":"CANDIDATO 14009","nmu":"CANDIDATO 14009","s":"M","dt":"13/03/1977","dvt":"Válido"},{"sqcand":160002514340,"n":14010,"nm":"CANDIDATO 14010","nmu":"CANDIDATO 14010","s":"M","dt":"29/09/1924","dvt":"Válido"},{"sqcand":160002514342,"n":14012,"nm":"CANDIDATO 14012","nmu":"CANDIDATO 14012","s":"M","dt":"30/05/1928","dvt":"Válido"},{"sqcand":160002514343,"n":14013,"nm":"CANDIDATO 14013","nmu":"CANDIDATO 14013","s":"M","dt":"28/08/1929","dvt":"Válido"},{"sqcand":160002514345,"n":14015,"nm":"CANDIDATO 14015","nmu":"CANDIDATO 14015","s":"M","dt":"22/05/1990","dvt":"Válido"},{"sqcand":160002514334,"n":14004,"nm":"CANDIDATO 14004","nmu":"CANDIDATO 14004","s":"F","dt":"28/04/1928","dvt":"Válido"},{"sqcand":160002514337,"n":14007,"nm":"CANDIDATO 14007","nmu":"CANDIDATO 14007","s":"M","dt":"18/02/1929","dvt":"Válido"}]}]}]}}