{"ele":8707,"cdabr":"74349","nmabr":"FLOR DA SERRA DO SUL","t":1,"f":"S","s":"N","dg":"13/10/2020","hg":"20:03:42","v":"005","br":{"nm":"Brasil","uf":[{"sg":"PR","nm":"PARANÁ","mun":[{"cd":"74349","nm":"FLOR DA SERRA DO SUL","c":"N","s":16,"e":4210,"tzon":2,"zon":[{"cd":"0140","s":16,"e":4210}]}]}]},"carg":{"cd":13,"nmn":"Vereador","nmm":"Vereador","nmf":"Vereadora","nv":15,"col":[{"n":160000330411,"nm":"COLIGACAO 160000330411","tp":"P","com":"P16","par":[{"n":16,"sg":" P16 ","nm":"PARTIDO 16","cand":[{"sqcand":160002495201,"n":16006,"nm":"CANDIDATO 16006","nmu":"CANDIDATO 16006","s":"M","dt":"10/08/1967","dvt":"Válido"},{"sqcand":160002495202,"n":16007,"nm":"CANDIDATO 16007","nmu":"CANDIDATO 16007","s":"M","dt":"22/09/1921","dvt":"Válido"},{"sqcand":160002495176,"n":16001,"nm":"CANDIDATO 16001","nmu":"CANDIDATO 16001","s":"F","dt":"14/07/1920","dvt":"Válido"},{"sqcand":160002495204,"n":16009,"nm":"CANDIDATO 16009","nmu":"CANDIDATO 16009","s":"M","dt":"22/11/1923","dvt":"Válido"},{"sqcand":160002495210,"n":16015,"nm":"CANDIDATO 16015","nmu":"CANDIDATO 16015","s":"M","dt":"14/11/1929","dvt":"Válido"},{"sqcand":160002495177,"n":16002,"nm":"CANDIDATO 16002","nmu":"CANDIDATO 16002","s":"F","dt":"07/10/1922","dvt":"Válido"},{"sqcand":160002495208,"n":16013,"nm":"CANDIDATO 16013","nmu":"CANDIDATO 16013","s":"M","dt":"27/10/1928","dvt":"Válido"},{"sqcand":160002495209,"n":16014,"nm":"CANDIDATO 16014","nmu":"CANDIDATO 16014","s":"M","dt":"23/05/1929","dvt":"Válido"},{"sqcand":160002495200,"n":16005,"nm":"CANDIDATO 16005","nmu":"CANDIDATO 16005","s":"M","dt":"29/01/1929","dvt":"Válido"},{"sqcand":160002495198,"n":16003,"nm":"CANDIDATO 16003","nmu":"CANDIDATO 16003","s":"F","dt":"12/12/1927","dvt":"Válido"},{"sqcand":160002495207,"n":16012,"nm":"CANDIDATO 16012","nmu":"CANDIDATO 16012","s":"M","dt":"15/08/1926","dvt":"Válido"},{"sqcand":160002495199,"n":16004,"nm":"CANDIDATO 16004","nmu":"CANDIDATO 16004","s":"F","dt":"30/04/1929","dvt":"Válido"},{"sqcand":160002495205,"n":16010,"nm":"CANDIDATO 16010","nmu":"CANDIDATO 16010","s":"M","dt":"15/04/1929","dvt":"Válido"},{"sqcand":160002495206,"n":16011,"nm":"CANDIDATO 16011","nmu":"CANDIDATO 16011","s":"M","dt":"18/07/1928","dvt":"Válido"},{"sqcand":160002495203,"n":16008,"nm":"CANDIDATO 16008","nmu":"CANDIDATO 16008","s":"M","dt":"20/08/1974","dvt":"Válido"}]}]},{"n":160000330414,"nm":"COLIGACAO 160000330414","tp":"P","com":"P14","par":[{"n":14,"sg":" P14 ","nm":"PARTIDO 14","cand":[{"sqcand":160002495247,"n":14007,"nm":"CANDIDATO 14007","nmu":"CANDIDATO 14007","s":"M","dt":"06/07/1927","dvt":"Válido"},{"sqcand":160002495243,"n":14003,"nm":"CANDIDATO 14003","nmu":"CANDIDATO 14003","s":"F","dt":"10/11/1976","dvt":"Válido"},{"sqcand":160002495245,"n":14005,"nm":"CANDIDATO 14005","nmu":"CANDIDATO 14005","s":"M","dt":"08/03/1981","dvt":"Válido"},{"sqcand":160002495251,"n":14011,"nm":"CANDIDATO 14011","nmu":"CANDIDATO 14011","s":"M","dt":"09/10/1929","dvt":"Válido"},{"sqcand":160002495241,"n":14001,"nm":"CANDIDATO 14001","nmu":"CANDIDATO 14001","s":"F","dt":"22/05/1922","dvt":"Válido"},{"sqcand":160002495250,"n":14010,"nm":"CANDIDATO 14010","nmu":"CANDIDATO 14010","s":"M","dt":"11/05/1966","dvt":"Válido"},{"sqcand":160002495252,"n":14012,"nm":"CANDIDATO 14012","nmu":"CANDIDATO 14012","s":"M","dt":"03/10/1990","dvt":"Válido"},{"sqcand":160002495253,"n":14013,"nm":"CANDIDATO 14013","nmu":"CANDIDATO 14013","s":"M","dt":"18/12/1929","dvt":"Válido"},{"sqcand":160002495254,"n":14014,"nm":"CANDIDATO 14014","nmu":"CANDIDATO 14014","s":"M","dt":"10/11/1928","dvt":"Válido"},{"sqcand":160002495244,"n":14004,"nm":"CANDIDATO 14004","nmu":"CANDIDATO 14004","s":"F","dt":"27/09/1922","dvt":"Válido"},{"sqcand":160002495242,"n":14002,"nm":"CANDIDATO 14002","nmu":"CANDIDATO 14002","s":"F","dt":"11/09/1924","dvt":"Válido"},{"sqcand":160002495255,"n":14015,"nm":"CANDIDATO 14015","nmu":"CANDIDATO 14015","s":"M","dt":"30/08/1929","dvt":"Válido"},{"sqcand":160002495246,"n":14006,"nm":"CANDIDATO 14006","nmu":"CANDIDATO 14006","s":"M","dt":"05/07/1926","dvt":"Válido"},{"sqcand":160002495249,"n":14009,"nm":"CANDIDATO 14009","nmu":"CANDIDATO 14009","s":"M","dt":"04/08/1929","dvt":"Válido"},{"sqcand":160002495248,"n":14008,"nm":"CANDIDATO 14008","nmu":"CANDIDATO 14008","s":"M","dt":"06/07/1929","dvt":"Válido"}]}]}]}}