{"ele":8707,"cdabr":"74764","nmabr":"SANTA LÚCIA","t":1,"f":"S","s":"N","dg":"13/10/2020","hg":"20:03:39","v":"005","br":{"nm":"Brasil","uf":[{"sg":"PR","nm":"PARANÁ","mun":[{"cd":"74764","nm":"SANTA LÚCIA","c":"N","s":14,"e":3299,"tzon":1,"zon":[{"cd":"0165","s":14,"e":3299}]}]}]},"carg":{"cd":13,"nmn":"Vereador","nmm":"Vereador","nmf":"Vereadora","nv":15,"col":[{"n":160000330657,"nm":"COLIGACAO 160000330657","tp":"P","com":"P16","par":[{"n":16,"sg":" P16 ","nm":"PARTIDO 16","cand":[{"sqcand":160002496472,"n":16006,"nm":"CANDIDATO 16006","nmu":"CANDIDATO 16006","s":"M","dt":"29/05/1929","dvt":"Válido"},{"sqcand":160002496499,"n":16013,"nm":"CANDIDATO 16013","nmu":"CANDIDATO 16013","s":"M","dt":"19/11/1929","dvt":"Válido"},{"sqcand":160002496471,"n":16005,"nm":"CANDIDATO 16005","nmu":"CANDIDATO 16005","s":"M","dt":"06/05/1981","dvt":"Válido"},{"sqcand":160002496473,"n":16007,"nm":"CANDIDATO 16007","nmu":"CANDIDATO 16007","s":"M","dt":"13/08/1924","dvt":"Válido"},{"sqcand":160002496475,"n":16009,"nm":"CANDIDATO 16009","nmu":"CANDIDATO 16009","s":"M","dt":"19/09/1922","dvt":"Válido"},{"sqcand":160002496477,"n":16011,"nm":"CANDIDATO 16011","nmu":"CANDIDATO 16011","s":"M","dt":"12/10/1928","dvt":"Válido"},{"sqcand":160002496498,"n":16012,"nm":"CANDIDATO 16012","nmu":"CANDIDATO 16012","s":"M","dt":"16/04/1922","dvt":"Válido"},{"sqcand":160002496467,"n":16001,"nm":"CANDIDATO 16001","nmu":"CANDIDATO 16001","s":"F","dt":"10/08/1929","dvt":"Válido"},{"sqcand":160002496469,"n":16003,"nm":"CANDIDATO 16003","nmu":"CANDIDATO 16003","s":"F","dt":"30/01/1982","dvt":"Válido"},{"sqcand":160002496470,"n":16004,"nm":"CANDIDATO 16004","nmu":"CANDIDATO 16004","s":"F","dt":"07/01/1926","dvt":"Válido"},{"sqcand":160002496500,"n":16014,"nm":"CANDIDATO 16014","nmu":"CANDIDATO 16014","s":"M","dt":"25/01/1957","dvt":"Válido"},{"sqcand":160002496501,"n":16015,"nm":"CANDIDATO 16015","nmu":"CANDIDATO 16015","s":"M","dt":"10/02/1928","dvt":"Válido"},{"sqcand":160002496468,"n":16002,"nm":"CANDIDATO 16002","nmu":"CANDIDATO 16002","s":"F","dt":"09/09/1977","dvt":"Válido"},{"sqcand":160002496476,"n":16010,"nm":"CANDIDATO 16010","nmu":"CANDIDATO 16010","s":"M","dt":"05/05/1982","dvt":"Válido"},{"sqcand":160002496474,"n":16008,"nm":"CANDIDATO 16008","nmu":"CANDIDATO 16008","s":"M","dt":"20/08/1929","dvt":"Válido"}]}]},{"n":160000330663,"nm":"COLIGACAO 160000330663","tp":"P","com":"P13","par":[{"n":13,"sg":" P13 ","nm":"PARTIDO 13","cand":[{"sqcand":160002496547,"n":13010,"nm":"CANDIDATO 13010","nmu":"CANDIDATO 13010","s":"M","dt":"02/12/1967","dvt":"Válido"},{"sqcand":160002496549,"n":13012,"nm":"CANDIDATO 13012","nmu":"CANDIDATO 13012","s":"M","dt":"27/11/1929","dvt":"Válido"},{"sqcand":160002496550,"n":13013,"nm":"CANDIDATO 13013","nmu":"CANDIDATO 13013","s":"M","dt":"11/05/1929","dvt":"Válido"},{"sqcand":160002496551,"n":13014,"nm":"CANDIDATO 13014","nmu":"CANDIDATO 13014","s":"M","dt":"08/02/1929","dvt":"Válido"},{"sqcand":160002496544,"n":13007,"nm":"CANDIDATO 13007","nmu":"CANDIDATO 13007","s":"M","dt":"13/02/1928","dvt":"Válido"},{"sqcand":160002496543,"n":13006,"nm":"CANDIDATO 13006","nmu":"CANDIDATO 13006","s":"M","dt":"15/05/1929","dvt":"Válido"},{"sqcand":160002496545,"n":13008,"nm":"CANDIDATO 13008","nmu":"CANDIDATO 13008","s":"M","dt":"20/08/1929","dvt":"Válido"},{"sqcand":160002496539,"n":13002,"nm":"CANDIDATO 13002","nmu":"CANDIDATO 13002","s":"F","dt":"06/10/1929","dvt":"Válido"},{"sqcand":160002496546,"n":13009,"nm":"CANDIDATO 13009","nmu":"CANDIDATO 13009","s":"M","dt":"18/02/1927","dvt":"Válido"},{"sqcand":160002496552,"n":13015,"nm":"CANDIDATO 13015","nmu":"CANDIDATO 13015","s":"M","dt":"14/08/1988","dvt":"Válido"},{"sqcand":160002496540,"n":13003,"nm":"CANDIDATO 13003","nmu":"CANDIDATO 13003","s":"F","dt":"29/06/1929","dvt":"Válido"},{"sqcand":160002496541,"n":13004,"nm":"CANDIDATO 13004","nmu":"CANDIDATO 13004","s":"F","dt":"06/04/1973","dvt":"Válido"},{"sqcand":160002496538,"n":13001,"nm":"CANDIDATO 13001","nmu":"CANDIDATO 13001","s":"F","dt":"14/04/1927","dvt":"Válido"},{"sqcand":160002496542,"n":13005,"nm":"CANDIDATO 13005","nmu":"CANDIDATO 13005","s":"M","dt":"01/12/1929","dvt":"Válido"},{"sqcand":160002496548,"n":13011,"nm":"CANDIDATO 13011","nmu":"CANDIDATO 13011","s":"M","dt":"21/08/1929","dvt":"Válido"}]}]}]}}