{"ele":8707,"cdabr":"74411","nmabr":"ATALAIA","t":1,"f":"S","s":"N","dg":"13/10/2020","hg":"20:03:35","v":"005","br":{"nm":"Brasil","uf":[{"sg":"PR","nm":"PARANÁ","mun":[{"cd":"74411","nm":"ATALAIA","c":"N","s":11,"e":3536,"tzon":1,"zon":[{"cd":"0071","s":11,"e":3536}]}]}]},"carg":{"cd":11,"nmn":"Prefeito","nmm":"Prefeito","nmf":"Prefeita","nv":1,"col":[{"n":160000323279,"nm":"COLIGACAO 160000323279","tp":"P","com":"P16","par":[{"n":16,"sg":" P16 ","nm":"PARTIDO 16","cand":[{"sqcand":160002470352,"n":16,"nm":"CANDIDATO 16","nmu":"CANDIDATO 16","s":"M","dt":"22/06/1929","dvt":"Válido","vs":[{"sqcand":160002470353,"nm":"CANDIDATO 16 1","nmu":"CANDIDATO 16 1","tp":"V","sgp":"P16"}]}]}]},{"n":160000323269,"nm":"COLIGACAO 160000323269","tp":"P","com":"P14","par":[{"n":14,"sg":" P14 ","nm":"PARTIDO 14","cand":[{"sqcand":160002470267,"n":14,"nm":"CANDIDATO 14","nmu":"CANDIDATO 14","s":"M","dt":"06/06/1986","dvt":"Válido","vs":[{"sqcand":160002470268,"nm":"CANDIDATO 14 1","nmu":"CANDIDATO 14 1","tp":"V","sgp":"P14"}]}]}]}]}}