{"ele":8707,"carper":13,"t":1,"f":"S","esae":"N","mnae":" ","dg":"13/10/2020","hg":"20:06:16","dv":"S","nadf":"pr74292-c0013-e008707-006-f","abr":[{"dt":"13/10/2020","ht":"16:50:00","tf":"N","and":"P","s":64,"st":64,"pst":" 100,00","snt":0,"psnt":"   0,00","si":64,"psi":" 100,00","sni":0,"psni":"   0,00","sa":64,"psa":" 100,00","sna":0,"psna":"   0,00","e":18377,"ea":18377,"pea":" 100,00","ena":0,"pena":"   0,00","esi":18377,"pesi":" 100,00","esni":0,"pesni":"   0,00","c":15654,"pc":"  85,18","a":2723,"pa":"  14,82","tv":15654,"vscv":0,"vb":604,"pvb":"   3,85","tvn":397,"ptvn":"   2,54","vn":397,"pvn":" 100,00","vnt":0,"pvnt":"   0,00","vp":0,"pvp":"   0,00","vv":14653,"pvv":" 100,00","vl":1306,"pvl":"   8,91","van":0,"pvan":"   0,00","vansj":0,"pvansj":"   0,00","vnom":13347,"pvnom":"  91,09","cand":[{"seq":11,"n":26012,"e":"N","vap":466,"pvap":"   2,98","st":""},{"seq":12,"n":26006,"e":"N","vap":399,"pvap":"   2,55","st":""},{"seq":30,"n":26001,"e":"N","vap":157,"pvap":"   1,00","st":""},{"seq":21,"n":26002,"e":"N","vap":319,"pvap":"   2,04","st":""},{"seq":4,"n":26013,"e":"N","vap":733,"pvap":"   4,68","st":""},{"seq":19,"n":26009,"e":"N","vap":330,"pvap":"   2,11","st":""},{"seq":10,"n":26007,"e":"N","vap":469,"pvap":"   3,00","st":""},{"seq":8,"n":26010,"e":"N","vap":561,"pvap":"   3,58","st":""},{"seq":13,"n":26011,"e":"N","vap":383,"pvap":"   2,45","st":""},{"seq":18,"n":26004,"e":"N","vap":342,"pvap":"   2,18","st":""},{"seq":25,"n":26005,"e":"N","vap":259,"pvap":"   1,65","st":""},{"seq":29,"n":26003,"e":"N","vap":198,"pvap":"   1,26","st":""},{"seq":28,"n":26008,"e":"N","vap":203,"pvap":"   1,30","st":""},{"seq":20,"n":26014,"e":"N","vap":329,"pvap":"   2,10","st":""},{"seq":5,"n":26015,"e":"N","vap":678,"pvap":"   4,33","st":""},{"seq":22,"n":23005,"e":"N","vap":310,"pvap":"   1,98","st":""},{"seq":17,"n":23010,"e":"N","vap":350,"pvap":"   2,24","st":""},{"seq":26,"n":23006,"e":"N","vap":245,"pvap":"   1,57","st":""},{"seq":16,"n":23008,"e":"N","vap":369,"pvap":"   2,36","st":""},{"seq":3,"n":23011,"e":"N","vap":826,"pvap":"   5,28","st":""},{"seq":7,"n":23001,"e":"N","vap":582,"pvap":"   3,72","st":""},{"seq":24,"n":23012,"e":"N","vap":298,"pvap":"   1,90","st":""},{"seq":14,"n":23007,"e":"N","vap":382,"pvap":"   2,44","st":""},{"seq":9,"n":23009,"e":"N","vap":474,"pvap":"   3,03","st":""},{"seq":2,"n":23002,"e":"N","vap":1035,"pvap":"   6,61","st":""},{"seq":6,"n":23015,"e":"N","vap":669,"pvap":"   4,27","st":""},{"seq":27,"n":23013,"e":"N","vap":235,"pvap":"   1,50","st":""},{"seq":23,"n":23003,"e":"N","vap":309,"pvap":"   1,97","st":""},{"seq":15,"n":23014,"e":"N","vap":376,"pvap":"   2,40","st":""},{"seq":1,"n":23004,"e":"N","vap":1061,"pvap":"   6,78","st":""}],"tpabr":"MU","cdabr":"74292","colig":[{"n":160000330627,"tvtn":5826,"tvtl":547,"tvan":5826,"tval":547,"vag":6},{"n":160000330629,"tvtn":7521,"tvtl":759,"tvan":7521,"tval":759,"vag":9}],"part":[{"n":26,"tvtn":5826,"tvtl":547,"tvan":5826,"tval":547},{"n":23,"tvtn":7521,"tvtl":759,"tvan":7521,"tval":759}]},{"dt":"13/10/2020","ht":"16:50:00","tf":"N","and":"P","s":64,"st":64,"pst":" 100,00","snt":0,"psnt":"0","si":64,"psi":" 100,00","sni":0,"psni":"   0,00","sa":64,"psa":" 100,00","sna":0,"psna":"   0,00","e":18377,"ea":18377,"pea":" 100,00","ena":0,"pena":"   0,00","esi":18377,"pesi":" 100,00","esni":0,"pesni":"   0,00","c":15654,"pc":"  85,18","a":2723,"pa":"  14,82","tv":15654,"vscv":0,"vb":604,"pvb":"   3,85","tvn":397,"ptvn":"   2,54","vn":397,"pvn":" 100,00","vp":0,"pvp":"   0,00","vv":14653,"pvv":" 100,00","vl":1306,"pvl":"   8,91","van":0,"pvan":"   0,00","vansj":0,"pvansj":"   0,00","vnom":13347,"pvnom":"  91,09","cand":[{"seq":22,"n":23005,"e":"N","vap":310,"pvap":"   1,98","st":""},{"seq":17,"n":23010,"e":"N","vap":350,"pvap":"   2,24","st":""},{"seq":26,"n":23006,"e":"N","vap":245,"pvap":"   1,57","st":""},{"seq":16,"n":23008,"e":"N","vap":369,"pvap":"   2,36","st":""},{"seq":3,"n":23011,"e":"N","vap":826,"pvap":"   5,28","st":""},{"seq":7,"n":23001,"e":"N","vap":582,"pvap":"   3,72","st":""},{"seq":24,"n":23012,"e":"N","vap":298,"pvap":"   1,90","st":""},{"seq":14,"n":23007,"e":"N","vap":382,"pvap":"   2,44","st":""},{"seq":9,"n":23009,"e":"N","vap":474,"pvap":"   3,03","st":""},{"seq":2,"n":23002,"e":"N","vap":1035,"pvap":"   6,61","st":""},{"seq":6,"n":23015,"e":"N","vap":669,"pvap":"   4,27","st":""},{"seq":27,"n":23013,"e":"N","vap":235,"pvap":"   1,50","st":""},{"seq":23,"n":23003,"e":"N","vap":309,"pvap":"   1,97","st":""},{"seq":15,"n":23014,"e":"N","vap":376,"pvap":"   2,40","st":""},{"seq":1,"n":23004,"e":"N","vap":1061,"pvap":"   6,78","st":""},{"seq":11,"n":26012,"e":"N","vap":466,"pvap":"   2,98","st":""},{"seq":12,"n":26006,"e":"N","vap":399,"pvap":"   2,55","st":""},{"seq":30,"n":26001,"e":"N","vap":157,"pvap":"   1,00","st":""},{"seq":21,"n":26002,"e":"N","vap":319,"pvap":"   2,04","st":""},{"seq":4,"n":26013,"e":"N","vap":733,"pvap":"   4,68","st":""},{"seq":19,"n":26009,"e":"N","vap":330,"pvap":"   2,11","st":""},{"seq":10,"n":26007,"e":"N","vap":469,"pvap":"   3,00","st":""},{"seq":8,"n":26010,"e":"N","vap":561,"pvap":"   3,58","st":""},{"seq":13,"n":26011,"e":"N","vap":383,"pvap":"   2,45","st":""},{"seq":18,"n":26004,"e":"N","vap":342,"pvap":"   2,18","st":""},{"seq":25,"n":26005,"e":"N","vap":259,"pvap":"   1,65","st":""},{"seq":29,"n":26003,"e":"N","vap":198,"pvap":"   1,26","st":""},{"seq":28,"n":26008,"e":"N","vap":203,"pvap":"   1,30","st":""},{"seq":20,"n":26014,"e":"N","vap":329,"pvap":"   2,10","st":""},{"seq":5,"n":26015,"e":"N","vap":678,"pvap":"   4,33","st":""}],"tpabr":"ZONA","cdabr":"164"}]}