{"ele":8707,"cdabr":"74705","nmabr":"RAMILÂNDIA","t":1,"f":"S","s":"N","dg":"13/10/2020","hg":"20:03:39","v":"005","br":{"nm":"Brasil","uf":[{"sg":"PR","nm":"PARANÁ","mun":[{"cd":"74705","nm":"RAMILÂNDIA","c":"N","s":10,"e":3473,"tzon":1,"zon":[{"cd":"0118","s":10,"e":3473}]}]}]},"carg":{"cd":13,"nmn":"Vereador","nmm":"Vereador","nmf":"Vereadora","nv":15,"col":[{"n":160000328817,"nm":"COLIGACAO 160000328817","tp":"P","com":"P14","par":[{"n":14,"sg":" P14 ","nm":"PARTIDO 14","cand":[{"sqcand":160002487533,"n":14007,"nm":"CANDIDATO 14007","nmu":"CANDIDATO 14007","s":"M","dt":"26/08/1962","dvt":"Válido"},{"sqcand":160002487560,"n":14014,"nm":"CANDIDATO 14014","nmu":"CANDIDATO 14014","s":"M","dt":"20/03/1923","dvt":"Válido"},{"sqcand":160002487528,"n":14002,"nm":"CANDIDATO 14002","nmu":"CANDIDATO 14002","s":"F","dt":"10/09/1960","dvt":"Válido"},{"sqcand":160002487530,"n":14004,"nm":"CANDIDATO 14004","nmu":"CANDIDATO 14004","s":"F","dt":"02/12/1921","dvt":"Válido"},{"sqcand":160002487532,"n":14006,"nm":"CANDIDATO 14006","nmu":"CANDIDATO 14006","s":"M","dt":"15/08/1929","dvt":"Válido"},{"sqcand":160002487536,"n":14010,"nm":"CANDIDATO 14010","nmu":"CANDIDATO 14010","s":"M","dt":"25/05/1929","dvt":"Válido"},{"sqcand":160002487537,"n":14011,"nm":"CANDIDATO 14011","nmu":"CANDIDATO 14011","s":"M","dt":"23/08/1926","dvt":"Válido"},{"sqcand":160002487531,"n":14005,"nm":"CANDIDATO 14005","nmu":"CANDIDATO 14005","s":"M","dt":"09/06/1981","dvt":"Válido"},{"sqcand":160002487534,"n":14008,"nm":"CANDIDATO 14008","nmu":"CANDIDATO 14008","s":"M","dt":"29/12/1972","dvt":"Válido"},{"sqcand":160002487558,"n":14012,"nm":"CANDIDATO 14012","nmu":"CANDIDATO 14012","s":"M","dt":"13/02/1929","dvt":"Válido"},{"sqcand":160002487559,"n":14013,"nm":"CANDIDATO 14013","nmu":"CANDIDATO 14013","s":"M","dt":"09/08/1924","dvt":"Válido"},{"sqcand":160002487527,"n":14001,"nm":"CANDIDATO 14001","nmu":"CANDIDATO 14001","s":"F","dt":"18/07/1946","dvt":"Válido"},{"sqcand":160002487529,"n":14003,"nm":"CANDIDATO 14003","nmu":"CANDIDATO 14003","s":"F","dt":"12/10/1925","dvt":"Válido"},{"sqcand":160002487535,"n":14009,"nm":"CANDIDATO 14009","nmu":"CANDIDATO 14009","s":"M","dt":"20/12/1929","dvt":"Válido"},{"sqcand":160002487561,"n":14015,"nm":"CANDIDATO 14015","nmu":"CANDIDATO 14015","s":"M","dt":"08/02/1929","dvt":"Válido"}]}]},{"n":160000328825,"nm":"COLIGACAO 160000328825","tp":"P","com":"P16","par":[{"n":16,"sg":" P16 ","nm":"PARTIDO 16","cand":[{"sqcand":160002487615,"n":16001,"nm":"CANDIDATO 16001","nmu":"CANDIDATO 16001","s":"F","dt":"20/03/1972","dvt":"Válido"},{"sqcand":160002487619,"n":16005,"nm":"CANDIDATO 16005","nmu":"CANDIDATO 16005","s":"M","dt":"13/04/1926","dvt":"Válido"},{"sqcand":160002487629,"n":16015,"nm":"CANDIDATO 16015","nmu":"CANDIDATO 16015","s":"M","dt":"15/01/1928","dvt":"Válido"},{"sqcand":160002487625,"n":16011,"nm":"CANDIDATO 16011","nmu":"CANDIDATO 16011","s":"M","dt":"30/06/1967","dvt":"Válido"},{"sqcand":160002487628,"n":16014,"nm":"CANDIDATO 16014","nmu":"CANDIDATO 16014","s":"M","dt":"25/08/1929","dvt":"Válido"},{"sqcand":160002487618,"n":16004,"nm":"CANDIDATO 16004","nmu":"CANDIDATO 16004","s":"F","dt":"25/12/1929","dvt":"Válido"},{"sqcand":160002487621,"n":16007,"nm":"CANDIDATO 16007","nmu":"CANDIDATO 16007","s":"M","dt":"06/11/1929","dvt":"Válido"},{"sqcand":160002487622,"n":16008,"nm":"CANDIDATO 16008","nmu":"CANDIDATO 16008","s":"M","dt":"26/11/1929","dvt":"Válido"},{"sqcand":160002487616,"n":16002,"nm":"CANDIDATO 16002","nmu":"CANDIDATO 16002","s":"F","dt":"19/10/1929","dvt":"Válido"},{"sqcand":160002487626,"n":16012,"nm":"CANDIDATO 16012","nmu":"CANDIDATO 16012","s":"M","dt":"25/01/1926","dvt":"Válido"},{"sqcand":160002487623,"n":16009,"nm":"CANDIDATO 16009","nmu":"CANDIDATO 16009","s":"M","dt":"27/08/1977","dvt":"Válido"},{"sqcand":160002487617,"n":16003,"nm":"CANDIDATO 16003","nmu":"CANDIDATO 16003","s":"F","dt":"14/07/1920","dvt":"Válido"},{"sqcand":160002487624,"n":16010,"nm":"CANDIDATO 16010","nmu":"CANDIDATO 16010","s":"M","dt":"16/11/1995","dvt":"Válido"},{"sqcand":160002487627,"n":16013,"nm":"CANDIDATO 16013","nmu":"CANDIDATO 16013","s":"M","dt":"29/05/1929","dvt":"Válido"},{"sqcand":160002487620,"n":16006,"nm":"CANDIDATO 16006","nmu":"CANDIDATO 16006","s":"M","dt":"22/04/1928","dvt":"Válido"}]}]}]}}