{"ele":8707,"carper":11,"t":1,"f":"S","esae":"N","mnae":" ","dg":"13/10/2020","hg":"20:06:02","dv":"S","nadf":"pr74799-c0011-e008707-006-f","abr":[{"dt":"13/10/2020","ht":"16:55:01","tf":"N","and":"P","s":18,"st":18,"pst":" 100,00","snt":0,"psnt":"   0,00","si":18,"psi":" 100,00","sni":0,"psni":"   0,00","sa":18,"psa":" 100,00","sna":0,"psna":"   0,00","e":5675,"ea":5675,"pea":" 100,00","ena":0,"pena":"   0,00","esi":5675,"pesi":" 100,00","esni":0,"pesni":"   0,00","c":4832,"pc":"  85,15","a":843,"pa":"  14,85","tv":4832,"vscv":0,"vb":814,"pvb":"  16,85","tvn":1442,"ptvn":"  29,84","vn":1442,"pvn":" 100,00","vnt":0,"pvnt":"   0,00","vp":0,"pvp":"   0,00","vv":2576,"pvv":" 100,00","van":0,"pvan":"   0,00","vansj":0,"pvansj":"   0,00","vnom":2576,"pvnom":" 100,00","cand":[{"seq":2,"n":16,"e":"N","vap":1198,"pvap":"  24,79","st":""},{"seq":1,"n":14,"e":"N","vap":1378,"pvap":"  28,52","st":""}],"tpabr":"MU","cdabr":"74799","colig":[{"n":160000322391,"tvtn":1198,"tvtl":0,"tvan":1198,"tval":0},{"n":160000322388,"tvtn":1378,"tvtl":0,"tvan":1378,"tval":0}],"part":[{"n":16,"tvtn":1198,"tvtl":0,"tvan":1198,"tval":0},{"n":14,"tvtn":1378,"tvtl":0,"tvan":1378,"tval":0}]},{"dt":"13/10/2020","ht":"16:55:01","tf":"N","and":"P","s":18,"st":18,"pst":" 100,00","snt":0,"psnt":"0","si":18,"psi":" 100,00","sni":0,"psni":"   0,00","sa":18,"psa":" 100,00","sna":0,"psna":"   0,00","e":5675,"ea":5675,"pea":" 100,00","ena":0,"pena":"   0,00","esi":5675,"pesi":" 100,00","esni":0,"pesni":"   0,00","c":4832,"pc":"  85,15","a":843,"pa":"  14,85","tv":4832,"vscv":0,"vb":814,"pvb":"  16,85","tvn":1442,"ptvn":"  29,84","vn":1442,"pvn":" 100,00","vp":0,"pvp":"   0,00","vv":2576,"pvv":" 100,00","van":0,"pvan":"   0,00","vansj":0,"pvansj":"   0,00","vnom":2576,"pvnom":" 100,00","cand":[{"seq":2,"n":16,"e":"N","vap":1198,"pvap":"  24,79","st":""},{"seq":1,"n":14,"e":"N","vap":1378,"pvap":"  28,52","st":""}],"tpabr":"ZONA","cdabr":"11"}]}