{"ele":8707,"cdabr":"74454","nmabr":"BANDEIRANTES","t":1,"f":"S","s":"N","dg":"13/10/2020","hg":"20:03:43","v":"005","br":{"nm":"Brasil","uf":[{"sg":"PR","nm":"PARANÁ","mun":[{"cd":"74454","nm":"BANDEIRANTES","c":"N","s":97,"e":24462,"tzon":1,"zon":[{"cd":"0058","s":97,"e":24462}]}]}]},"carg":{"cd":13,"nmn":"Vereador","nmm":"Vereador","nmf":"Vereadora","nv":15,"col":[{"n":160000322693,"nm":"COLIGACAO 160000322693","tp":"P","com":"P16","par":[{"n":16,"sg":" P16 ","nm":"PARTIDO 16","cand":[{"sqcand":160002466655,"n":16002,"nm":"CANDIDATO 16002","nmu":"CANDIDATO 16002","s":"F","dt":"13/08/1967","dvt":"Válido"},{"sqcand":160002466660,"n":16007,"nm":"CANDIDATO 16007","nmu":"CANDIDATO 16007","s":"M","dt":"05/10/1929","dvt":"Válido"},{"sqcand":160002466667,"n":16014,"nm":"CANDIDATO 16014","nmu":"CANDIDATO 16014","s":"M","dt":"18/07/1967","dvt":"Válido"},{"sqcand":160002466654,"n":16001,"nm":"CANDIDATO 16001","nmu":"CANDIDATO 16001","s":"F","dt":"11/07/1928","dvt":"Válido"},{"sqcand":160002466656,"n":16003,"nm":"CANDIDATO 16003","nmu":"CANDIDATO 16003","s":"F","dt":"03/09/1923","dvt":"Válido"},{"sqcand":160002466658,"n":16005,"nm":"CANDIDATO 16005","nmu":"CANDIDATO 16005","s":"M","dt":"11/09/1970","dvt":"Válido"},{"sqcand":160002466665,"n":16012,"nm":"CANDIDATO 16012","nmu":"CANDIDATO 16012","s":"M","dt":"24/12/1929","dvt":"Válido"},{"sqcand":160002466662,"n":16009,"nm":"CANDIDATO 16009","nmu":"CANDIDATO 16009","s":"M","dt":"11/03/1956","dvt":"Válido"},{"sqcand":160002466666,"n":16013,"nm":"CANDIDATO 16013","nmu":"CANDIDATO 16013","s":"M","dt":"29/03/1925","dvt":"Válido"},{"sqcand":160002466657,"n":16004,"nm":"CANDIDATO 16004","nmu":"CANDIDATO 16004","s":"F","dt":"05/03/1971","dvt":"Válido"},{"sqcand":160002466659,"n":16006,"nm":"CANDIDATO 16006","nmu":"CANDIDATO 16006","s":"M","dt":"03/02/1929","dvt":"Válido"},{"sqcand":160002466661,"n":16008,"nm":"CANDIDATO 16008","nmu":"CANDIDATO 16008","s":"M","dt":"04/03/1929","dvt":"Válido"},{"sqcand":160002466663,"n":16010,"nm":"CANDIDATO 16010","nmu":"CANDIDATO 16010","s":"M","dt":"13/04/1929","dvt":"Válido"},{"sqcand":160002466664,"n":16011,"nm":"CANDIDATO 16011","nmu":"CANDIDATO 16011","s":"M","dt":"28/07/1929","dvt":"Válido"},{"sqcand":160002466668,"n":16015,"nm":"CANDIDATO 16015","nmu":"CANDIDATO 16015","s":"M","dt":"28/08/1922","dvt":"Válido"}]}]},{"n":160000322689,"nm":"COLIGACAO 160000322689","tp":"P","com":"P14","par":[{"n":14,"sg":" P14 ","nm":"PARTIDO 14","cand":[{"sqcand":160002466631,"n":14012,"nm":"CANDIDATO 14012","nmu":"CANDIDATO 14012","s":"M","dt":"29/06/1929","dvt":"Válido"},{"sqcand":160002466633,"n":14014,"nm":"CANDIDATO 14014","nmu":"CANDIDATO 14014","s":"M","dt":"15/06/1929","dvt":"Válido"},{"sqcand":160002466622,"n":14003,"nm":"CANDIDATO 14003","nmu":"CANDIDATO 14003","s":"F","dt":"07/02/1929","dvt":"Válido"},{"sqcand":160002466623,"n":14004,"nm":"CANDIDATO 14004","nmu":"CANDIDATO 14004","s":"F","dt":"14/11/1928","dvt":"Válido"},{"sqcand":160002466621,"n":14002,"nm":"CANDIDATO 14002","nmu":"CANDIDATO 14002","s":"F","dt":"13/03/1929","dvt":"Válido"},{"sqcand":160002466625,"n":14006,"nm":"CANDIDATO 14006","nmu":"CANDIDATO 14006","s":"M","dt":"26/01/1925","dvt":"Válido"},{"sqcand":160002466624,"n":14005,"nm":"CANDIDATO 14005","nmu":"CANDIDATO 14005","s":"M","dt":"27/05/1928","dvt":"Válido"},{"sqcand":160002466628,"n":14009,"nm":"CANDIDATO 14009","nmu":"CANDIDATO 14009","s":"M","dt":"11/07/1928","dvt":"Válido"},{"sqcand":160002466634,"n":14015,"nm":"CANDIDATO 14015","nmu":"CANDIDATO 14015","s":"M","dt":"11/11/1987","dvt":"Válido"},{"sqcand":160002466620,"n":14001,"nm":"CANDIDATO 14001","nmu":"CANDIDATO 14001","s":"F","dt":"11/03/1929","dvt":"Válido"},{"sqcand":160002466629,"n":14010,"nm":"CANDIDATO 14010","nmu":"CANDIDATO 14010","s":"M","dt":"15/06/1929","dvt":"Válido"},{"sqcand":160002466630,"n":14011,"nm":"CANDIDATO 14011","nmu":"CANDIDATO 14011","s":"M","dt":"12/09/1929","dvt":"Válido"},{"sqcand":160002466626,"n":14007,"nm":"CANDIDATO 14007","nmu":"CANDIDATO 14007","s":"M","dt":"02/03/1929","dvt":"Válido"},{"sqcand":160002466627,"n":14008,"nm":"CANDIDATO 14008","nmu":"CANDIDATO 14008","s":"M","dt":"21/05/1929","dvt":"Válido"},{"sqcand":160002466632,"n":14013,"nm":"CANDIDATO 14013","nmu":"CANDIDATO 14013","s":"M","dt":"04/07/1929","dvt":"Válido"}]}]}]}}