{"ele":8707,"cdabr":"74870","nmabr":"CAPANEMA","t":1,"f":"S","s":"N","dg":"13/10/2020","hg":"20:03:35","v":"005","br":{"nm":"Brasil","uf":[{"sg":"PR","nm":"PARANÁ","mun":[{"cd":"74870","nm":"CAPANEMA","c":"N","s":54,"e":15361,"tzon":1,"zon":[{"cd":"0107","s":54,"e":15361}]}]}]},"carg":{"cd":13,"nmn":"Vereador","nmm":"Vereador","nmf":"Vereadora","nv":15,"col":[{"n":160000336533,"nm":"COLIGACAO 160000336533","tp":"P","com":"P16","par":[{"n":16,"sg":" P16 ","nm":"PARTIDO 16","cand":[{"sqcand":160002515029,"n":16008,"nm":"CANDIDATO 16008","nmu":"CANDIDATO 16008","s":"M","dt":"06/01/1929","dvt":"Válido"},{"sqcand":160002515032,"n":16011,"nm":"CANDIDATO 16011","nmu":"CANDIDATO 16011","s":"M","dt":"28/04/1929","dvt":"Válido"},{"sqcand":160002515033,"n":16012,"nm":"CANDIDATO 16012","nmu":"CANDIDATO 16012","s":"M","dt":"04/11/1965","dvt":"Válido"},{"sqcand":160002515035,"n":16014,"nm":"CANDIDATO 16014","nmu":"CANDIDATO 16014","s":"M","dt":"22/08/1967","dvt":"Válido"},{"sqcand":160002515030,"n":16009,"nm":"CANDIDATO 16009","nmu":"CANDIDATO 16009","s":"M","dt":"29/09/1924","dvt":"Válido"},{"sqcand":160002515022,"n":16001,"nm":"CANDIDATO 16001","nmu":"CANDIDATO 16001","s":"F","dt":"02/01/1929","dvt":"Válido"},{"sqcand":160002515025,"n":16004,"nm":"CANDIDATO 16004","nmu":"CANDIDATO 16004","s":"F","dt":"05/02/1927","dvt":"Válido"},{"sqcand":160002515026,"n":16005,"nm":"CANDIDATO 16005","nmu":"CANDIDATO 16005","s":"M","dt":"21/03/1972","dvt":"Válido"},{"sqcand":160002515036,"n":16015,"nm":"CANDIDATO 16015","nmu":"CANDIDATO 16015","s":"M","dt":"04/03/1929","dvt":"Válido"},{"sqcand":160002515023,"n":16002,"nm":"CANDIDATO 16002","nmu":"CANDIDATO 16002","s":"F","dt":"24/07/1929","dvt":"Válido"},{"sqcand":160002515027,"n":16006,"nm":"CANDIDATO 16006","nmu":"CANDIDATO 16006","s":"M","dt":"28/01/1929","dvt":"Válido"},{"sqcand":160002515031,"n":16010,"nm":"CANDIDATO 16010","nmu":"CANDIDATO 16010","s":"M","dt":"12/04/1929","dvt":"Válido"},{"sqcand":160002515034,"n":16013,"nm":"CANDIDATO 16013","nmu":"CANDIDATO 16013","s":"M","dt":"08/10/1928","dvt":"Válido"},{"sqcand":160002515024,"n":16003,"nm":"CANDIDATO 16003","nmu":"CANDIDATO 16003","s":"F","dt":"03/04/1929","dvt":"Válido"},{"sqcand":160002515028,"n":16007,"nm":"CANDIDATO 16007","nmu":"CANDIDATO 16007","s":"M","dt":"07/09/1950","dvt":"Válido"}]}]},{"n":160000336531,"nm":"COLIGACAO 160000336531","tp":"P","com":"P14","par":[{"n":14,"sg":" P14 ","nm":"PARTIDO 14","cand":[{"sqcand":160002515014,"n":14010,"nm":"CANDIDATO 14010","nmu":"CANDIDATO 14010","s":"M","dt":"03/12/1929","dvt":"Válido"},{"sqcand":160002515006,"n":14002,"nm":"CANDIDATO 14002","nmu":"CANDIDATO 14002","s":"F","dt":"04/03/1929","dvt":"Válido"},{"sqcand":160002515016,"n":14012,"nm":"CANDIDATO 14012","nmu":"CANDIDATO 14012","s":"M","dt":"01/11/1972","dvt":"Válido"},{"sqcand":160002515019,"n":14015,"nm":"CANDIDATO 14015","nmu":"CANDIDATO 14015","s":"M","dt":"06/01/1929","dvt":"Válido"},{"sqcand":160002515009,"n":14005,"nm":"CANDIDATO 14005","nmu":"CANDIDATO 14005","s":"M","dt":"09/05/1976","dvt":"Válido"},{"sqcand":160002515015,"n":14011,"nm":"CANDIDATO 14011","nmu":"CANDIDATO 14011","s":"M","dt":"01/08/1929","dvt":"Válido"},{"sqcand":160002515008,"n":14004,"nm":"CANDIDATO 14004","nmu":"CANDIDATO 14004","s":"F","dt":"20/02/1929","dvt":"Válido"},{"sqcand":160002515012,"n":14008,"nm":"CANDIDATO 14008","nmu":"CANDIDATO 14008","s":"M","dt":"19/08/2001","dvt":"Válido"},{"sqcand":160002515010,"n":14006,"nm":"CANDIDATO 14006","nmu":"CANDIDATO 14006","s":"M","dt":"24/01/1929","dvt":"Válido"},{"sqcand":160002515013,"n":14009,"nm":"CANDIDATO 14009","nmu":"CANDIDATO 14009","s":"M","dt":"11/09/1929","dvt":"Válido"},{"sqcand":160002515017,"n":14013,"nm":"CANDIDATO 14013","nmu":"CANDIDATO 14013","s":"M","dt":"25/04/1957","dvt":"Válido"},{"sqcand":160002515005,"n":14001,"nm":"CANDIDATO 14001","nmu":"CANDIDATO 14001","s":"F","dt":"20/06/1927","dvt":"Válido"},{"sqcand":160002515018,"n":14014,"nm":"CANDIDATO 14014","nmu":"CANDIDATO 14014","s":"M","dt":"20/07/1928","dvt":"Válido"},{"sqcand":160002515011,"n":14007,"nm":"CANDIDATO 14007","nmu":"CANDIDATO 14007","s":"M","dt":"04/10/1929","dvt":"Válido"},{"sqcand":160002515007,"n":14003,"nm":"CANDIDATO 14003","nmu":"CANDIDATO 14003","s":"F","dt":"10/05/1929","dvt":"Válido"}]}]}]}}