{"ele":8707,"carper":11,"t":1,"f":"S","esae":"N","mnae":" ","dg":"13/10/2020","hg":"20:06:03","dv":"S","nadf":"pr74438-c0011-e008707-006-f","abr":[{"dt":"13/10/2020","ht":"16:55:00","tf":"N","and":"P","s":40,"st":37,"pst":"  92,50","snt":3,"psnt":"   7,50","si":37,"psi":"  92,50","sni":0,"psni":"   0,00","sa":37,"psa":" 100,00","sna":0,"psna":"   0,00","e":10401,"ea":10401,"pea":" 100,00","ena":0,"pena":"   0,00","esi":10401,"pesi":"  92,50","esni":0,"pesni":"   0,00","c":8859,"pc":"  85,17","a":1542,"pa":"  14,83","tv":8859,"vscv":0,"vb":2329,"pvb":"  26,29","tvn":2783,"ptvn":"  31,41","vn":2783,"pvn":" 100,00","vnt":0,"pvnt":"   0,00","vp":0,"pvp":"   0,00","vv":3747,"pvv":" 100,00","van":0,"pvan":"   0,00","vansj":0,"pvansj":"   0,00","vnom":3747,"pvnom":" 100,00","cand":[{"seq":1,"n":16,"e":"N","vap":2191,"pvap":"  24,73","st":""},{"seq":2,"n":23,"e":"N","vap":1556,"pvap":"  17,56","st":""}],"tpabr":"MU","cdabr":"74438","colig":[{"n":160000336319,"tvtn":2191,"tvtl":0,"tvan":2191,"tval":0},{"n":160000336317,"tvtn":1556,"tvtl":0,"tvan":1556,"tval":0}],"part":[{"n":16,"tvtn":2191,"tvtl":0,"tvan":2191,"tval":0},{"n":23,"tvtn":1556,"tvtl":0,"tvan":1556,"tval":0}]},{"dt":"13/10/2020","ht":"16:55:00","tf":"N","and":"P","s":40,"st":37,"pst":"  92,50","snt":3,"psnt":"3","si":37,"psi":"  92,50","sni":0,"psni":"   0,00","sa":37,"psa":" 100,00","sna":0,"psna":"   0,00","e":10401,"ea":10401,"pea":" 100,00","ena":0,"pena":"   0,00","esi":10401,"pesi":"  92,50","esni":0,"pesni":"   0,00","c":8859,"pc":"  85,17","a":1542,"pa":"  14,83","tv":8859,"vscv":0,"vb":2329,"pvb":"  26,29","tvn":2783,"ptvn":"  31,41","vn":2783,"pvn":" 100,00","vp":0,"pvp":"   0,00","vv":3747,"pvv":" 100,00","van":0,"pvan":"   0,00","vansj":0,"pvansj":"   0,00","vnom":3747,"pvnom":" 100,00","cand":[{"seq":2,"n":23,"e":"N","vap":1556,"pvap":"  17,56","st":""},{"seq":1,"n":16,"e":"N","vap":2191,"pvap":"  24,73","st":""}],"tpabr":"ZONA","cdabr":"182"}]}