{"ele":8707,"cdabr":"74535","nmabr":"BELA VISTA DO PARAÍSO","t":1,"f":"S","s":"N","dg":"13/10/2020","hg":"20:03:42","v":"005","br":{"nm":"Brasil","uf":[{"sg":"PR","nm":"PARANÁ","mun":[{"cd":"74535","nm":"BELA VISTA DO PARAÍSO","c":"N","s":42,"e":12112,"tzon":1,"zon":[{"cd":"0077","s":42,"e":12112}]}]}]},"carg":{"cd":13,"nmn":"Vereador","nmm":"Vereador","nmf":"Vereadora","nv":15,"col":[{"n":160000322262,"nm":"COLIGACAO 160000322262","tp":"P","com":"P16","par":[{"n":16,"sg":" P16 ","nm":"PARTIDO 16","cand":[{"sqcand":160002464316,"n":16004,"nm":"CANDIDATO 16004","nmu":"CANDIDATO 16004","s":"F","dt":"09/02/1929","dvt":"Válido"},{"sqcand":160002464323,"n":16011,"nm":"CANDIDATO 16011","nmu":"CANDIDATO 16011","s":"M","dt":"06/08/1957","dvt":"Válido"},{"sqcand":160002464325,"n":16013,"nm":"CANDIDATO 16013","nmu":"CANDIDATO 16013","s":"M","dt":"27/05/1929","dvt":"Válido"},{"sqcand":160002464314,"n":16002,"nm":"CANDIDATO 16002","nmu":"CANDIDATO 16002","s":"F","dt":"04/03/1928","dvt":"Válido"},{"sqcand":160002464313,"n":16001,"nm":"CANDIDATO 16001","nmu":"CANDIDATO 16001","s":"F","dt":"31/10/1926","dvt":"Válido"},{"sqcand":160002464317,"n":16005,"nm":"CANDIDATO 16005","nmu":"CANDIDATO 16005","s":"M","dt":"05/11/1982","dvt":"Válido"},{"sqcand":160002464326,"n":16014,"nm":"CANDIDATO 16014","nmu":"CANDIDATO 16014","s":"M","dt":"21/11/1929","dvt":"Válido"},{"sqcand":160002464322,"n":16010,"nm":"CANDIDATO 16010","nmu":"CANDIDATO 16010","s":"M","dt":"08/04/1927","dvt":"Válido"},{"sqcand":160002464327,"n":16015,"nm":"CANDIDATO 16015","nmu":"CANDIDATO 16015","s":"M","dt":"08/06/1923","dvt":"Válido"},{"sqcand":160002464315,"n":16003,"nm":"CANDIDATO 16003","nmu":"CANDIDATO 16003","s":"F","dt":"04/09/1929","dvt":"Válido"},{"sqcand":160002464318,"n":16006,"nm":"CANDIDATO 16006","nmu":"CANDIDATO 16006","s":"M","dt":"24/06/1926","dvt":"Válido"},{"sqcand":160002464319,"n":16007,"nm":"CANDIDATO 16007","nmu":"CANDIDATO 16007","s":"M","dt":"22/05/1990","dvt":"Válido"},{"sqcand":160002464324,"n":16012,"nm":"CANDIDATO 16012","nmu":"CANDIDATO 16012","s":"M","dt":"14/01/1929","dvt":"Válido"},{"sqcand":160002464320,"n":16008,"nm":"CANDIDATO 16008","nmu":"CANDIDATO 16008","s":"M","dt":"20/05/1929","dvt":"Válido"},{"sqcand":160002464321,"n":16009,"nm":"CANDIDATO 16009","nmu":"CANDIDATO 16009","s":"M","dt":"30/10/1929","dvt":"Válido"}]}]},{"n":160000322258,"nm":"COLIGACAO 160000322258","tp":"P","com":"P14","par":[{"n":14,"sg":" P14 ","nm":"PARTIDO 14","cand":[{"sqcand":160002464280,"n":14002,"nm":"CANDIDATO 14002","nmu":"CANDIDATO 14002","s":"F","dt":"20/03/1929","dvt":"Válido"},{"sqcand":160002464282,"n":14004,"nm":"CANDIDATO 14004","nmu":"CANDIDATO 14004","s":"F","dt":"02/03/1974","dvt":"Válido"},{"sqcand":160002464288,"n":14010,"nm":"CANDIDATO 14010","nmu":"CANDIDATO 14010","s":"M","dt":"10/08/1920","dvt":"Válido"},{"sqcand":160002464293,"n":14015,"nm":"CANDIDATO 14015","nmu":"CANDIDATO 14015","s":"M","dt":"13/02/1929","dvt":"Válido"},{"sqcand":160002464279,"n":14001,"nm":"CANDIDATO 14001","nmu":"CANDIDATO 14001","s":"F","dt":"04/12/1925","dvt":"Válido"},{"sqcand":160002464285,"n":14007,"nm":"CANDIDATO 14007","nmu":"CANDIDATO 14007","s":"M","dt":"24/10/1929","dvt":"Válido"},{"sqcand":160002464290,"n":14012,"nm":"CANDIDATO 14012","nmu":"CANDIDATO 14012","s":"M","dt":"10/02/1929","dvt":"Válido"},{"sqcand":160002464287,"n":14009,"nm":"CANDIDATO 14009","nmu":"CANDIDATO 14009","s":"M","dt":"01/01/1929","dvt":"Válido"},{"sqcand":160002464284,"n":14006,"nm":"CANDIDATO 14006","nmu":"CANDIDATO 14006","s":"M","dt":"10/04/1982","dvt":"Válido"},{"sqcand":160002464289,"n":14011,"nm":"CANDIDATO 14011","nmu":"CANDIDATO 14011","s":"M","dt":"28/10/1929","dvt":"Válido"},{"sqcand":160002464291,"n":14013,"nm":"CANDIDATO 14013","nmu":"CANDIDATO 14013","s":"M","dt":"02/05/1927","dvt":"Válido"},{"sqcand":160002464292,"n":14014,"nm":"CANDIDATO 14014","nmu":"CANDIDATO 14014","s":"M","dt":"10/07/1967","dvt":"Válido"},{"sqcand":160002464283,"n":14005,"nm":"CANDIDATO 14005","nmu":"CANDIDATO 14005","s":"M","dt":"10/11/1928","dvt":"Válido"},{"sqcand":160002464286,"n":14008,"nm":"CANDIDATO 14008","nmu":"CANDIDATO 14008","s":"M","dt":"24/10/1929","dvt":"Válido"},{"sqcand":160002464281,"n":14003,"nm":"CANDIDATO 14003","nmu":"CANDIDATO 14003","s":"F","dt":"09/01/1929","dvt":"Válido"}]}]}]}}