{"ele":8707,"cdabr":"74993","nmabr":"CENTENÁRIO DO SUL","t":1,"f":"S","s":"N","dg":"13/10/2020","hg":"20:03:39","v":"005","br":{"nm":"Brasil","uf":[{"sg":"PR","nm":"PARANÁ","mun":[{"cd":"74993","nm":"CENTENÁRIO DO SUL","c":"N","s":34,"e":8477,"tzon":1,"zon":[{"cd":"0159","s":34,"e":8477}]}]}]},"carg":{"cd":13,"nmn":"Vereador","nmm":"Vereador","nmf":"Vereadora","nv":15,"col":[{"n":160000331225,"nm":"COLIGACAO 160000331225","tp":"P","com":"P16","par":[{"n":16,"sg":" P16 ","nm":"PARTIDO 16","cand":[{"sqcand":160002499402,"n":16007,"nm":"CANDIDATO 16007","nmu":"CANDIDATO 16007","s":"M","dt":"23/07/1926","dvt":"Válido"},{"sqcand":160002499400,"n":16005,"nm":"CANDIDATO 16005","nmu":"CANDIDATO 16005","s":"M","dt":"18/01/1974","dvt":"Válido"},{"sqcand":160002499409,"n":16014,"nm":"CANDIDATO 16014","nmu":"CANDIDATO 16014","s":"M","dt":"21/02/1922","dvt":"Válido"},{"sqcand":160002499396,"n":16001,"nm":"CANDIDATO 16001","nmu":"CANDIDATO 16001","s":"F","dt":"29/04/1925","dvt":"Válido"},{"sqcand":160002499397,"n":16002,"nm":"CANDIDATO 16002","nmu":"CANDIDATO 16002","s":"F","dt":"03/11/1929","dvt":"Válido"},{"sqcand":160002499399,"n":16004,"nm":"CANDIDATO 16004","nmu":"CANDIDATO 16004","s":"F","dt":"03/01/1929","dvt":"Válido"},{"sqcand":160002499404,"n":16009,"nm":"CANDIDATO 16009","nmu":"CANDIDATO 16009","s":"M","dt":"23/06/1929","dvt":"Válido"},{"sqcand":160002499408,"n":16013,"nm":"CANDIDATO 16013","nmu":"CANDIDATO 16013","s":"M","dt":"11/07/1955","dvt":"Válido"},{"sqcand":160002499407,"n":16012,"nm":"CANDIDATO 16012","nmu":"CANDIDATO 16012","s":"M","dt":"02/11/1922","dvt":"Válido"},{"sqcand":160002499403,"n":16008,"nm":"CANDIDATO 16008","nmu":"CANDIDATO 16008","s":"M","dt":"10/08/1922","dvt":"Válido"},{"sqcand":160002499405,"n":16010,"nm":"CANDIDATO 16010","nmu":"CANDIDATO 16010","s":"M","dt":"13/08/1929","dvt":"Válido"},{"sqcand":160002499406,"n":16011,"nm":"CANDIDATO 16011","nmu":"CANDIDATO 16011","s":"M","dt":"24/10/1929","dvt":"Válido"},{"sqcand":160002499398,"n":16003,"nm":"CANDIDATO 16003","nmu":"CANDIDATO 16003","s":"F","dt":"25/04/1929","dvt":"Válido"},{"sqcand":160002499410,"n":16015,"nm":"CANDIDATO 16015","nmu":"CANDIDATO 16015","s":"M","dt":"16/03/1975","dvt":"Válido"},{"sqcand":160002499401,"n":16006,"nm":"CANDIDATO 16006","nmu":"CANDIDATO 16006","s":"M","dt":"29/03/1929","dvt":"Válido"}]}]},{"n":160000331217,"nm":"COLIGACAO 160000331217","tp":"P","com":"P14","par":[{"n":14,"sg":" P14 ","nm":"PARTIDO 14","cand":[{"sqcand":160002499336,"n":14009,"nm":"CANDIDATO 14009","nmu":"CANDIDATO 14009","s":"M","dt":"20/08/1924","dvt":"Válido"},{"sqcand":160002499333,"n":14006,"nm":"CANDIDATO 14006","nmu":"CANDIDATO 14006","s":"M","dt":"01/05/1923","dvt":"Válido"},{"sqcand":160002499335,"n":14008,"nm":"CANDIDATO 14008","nmu":"CANDIDATO 14008","s":"M","dt":"25/08/1929","dvt":"Válido"},{"sqcand":160002499337,"n":14010,"nm":"CANDIDATO 14010","nmu":"CANDIDATO 14010","s":"M","dt":"01/08/1973","dvt":"Válido"},{"sqcand":160002499328,"n":14001,"nm":"CANDIDATO 14001","nmu":"CANDIDATO 14001","s":"F","dt":"08/12/1925","dvt":"Válido"},{"sqcand":160002499330,"n":14003,"nm":"CANDIDATO 14003","nmu":"CANDIDATO 14003","s":"F","dt":"09/02/1928","dvt":"Válido"},{"sqcand":160002499331,"n":14004,"nm":"CANDIDATO 14004","nmu":"CANDIDATO 14004","s":"F","dt":"02/12/1925","dvt":"Válido"},{"sqcand":160002499341,"n":14014,"nm":"CANDIDATO 14014","nmu":"CANDIDATO 14014","s":"M","dt":"10/09/1925","dvt":"Válido"},{"sqcand":160002499339,"n":14012,"nm":"CANDIDATO 14012","nmu":"CANDIDATO 14012","s":"M","dt":"26/11/1928","dvt":"Válido"},{"sqcand":160002499332,"n":14005,"nm":"CANDIDATO 14005","nmu":"CANDIDATO 14005","s":"M","dt":"29/06/1929","dvt":"Válido"},{"sqcand":160002499334,"n":14007,"nm":"CANDIDATO 14007","nmu":"CANDIDATO 14007","s":"M","dt":"10/11/1929","dvt":"Válido"},{"sqcand":160002499329,"n":14002,"nm":"CANDIDATO 14002","nmu":"CANDIDATO 14002","s":"F","dt":"27/11/1929","dvt":"Válido"},{"sqcand":160002499338,"n":14011,"nm":"CANDIDATO 14011","nmu":"CANDIDATO 14011","s":"M","dt":"27/08/1929","dvt":"Válido"},{"sqcand":160002499340,"n":14013,"nm":"CANDIDATO 14013","nmu":"CANDIDATO 14013","s":"M","dt":"05/12/1970","dvt":"Válido"},{"sqcand":160002499342,"n":14015,"nm":"CANDIDATO 14015","nmu":"CANDIDATO 14015","s":"M","dt":"23/06/1929","dvt":"Válido"}]}]}]}}