{"ele":8707,"cdabr":"74381","nmabr":"IGUATU","t":1,"f":"S","s":"N","dg":"13/10/2020","hg":"20:03:37","v":"005","br":{"nm":"Brasil","uf":[{"sg":"PR","nm":"PARANÁ","mun":[{"cd":"74381","nm":"IGUATU","c":"N","s":8,"e":2028,"tzon":1,"zon":[{"cd":"0126","s":8,"e":2028}]}]}]},"carg":{"cd":13,"nmn":"Vereador","nmm":"Vereador","nmf":"Vereadora","nv":15,"col":[{"n":160000328587,"nm":"COLIGACAO 160000328587","tp":"P","com":"P14","par":[{"n":14,"sg":" P14 ","nm":"PARTIDO 14","cand":[{"sqcand":160002486519,"n":14004,"nm":"CANDIDATO 14004","nmu":"CANDIDATO 14004","s":"F","dt":"11/08/1927","dvt":"Válido"},{"sqcand":160002486522,"n":14007,"nm":"CANDIDATO 14007","nmu":"CANDIDATO 14007","s":"M","dt":"24/06/1929","dvt":"Válido"},{"sqcand":160002486523,"n":14008,"nm":"CANDIDATO 14008","nmu":"CANDIDATO 14008","s":"M","dt":"27/05/1927","dvt":"Válido"},{"sqcand":160002486528,"n":14012,"nm":"CANDIDATO 14012","nmu":"CANDIDATO 14012","s":"M","dt":"12/10/1957","dvt":"Válido"},{"sqcand":160002486534,"n":14015,"nm":"CANDIDATO 14015","nmu":"CANDIDATO 14015","s":"M","dt":"13/11/1924","dvt":"Válido"},{"sqcand":160002486532,"n":14014,"nm":"CANDIDATO 14014","nmu":"CANDIDATO 14014","s":"M","dt":"08/02/1929","dvt":"Válido"},{"sqcand":160002486520,"n":14005,"nm":"CANDIDATO 14005","nmu":"CANDIDATO 14005","s":"M","dt":"25/01/1927","dvt":"Válido"},{"sqcand":160002486525,"n":14010,"nm":"CANDIDATO 14010","nmu":"CANDIDATO 14010","s":"M","dt":"27/05/1929","dvt":"Válido"},{"sqcand":160002486517,"n":14002,"nm":"CANDIDATO 14002","nmu":"CANDIDATO 14002","s":"F","dt":"27/08/1929","dvt":"Válido"},{"sqcand":160002486518,"n":14003,"nm":"CANDIDATO 14003","nmu":"CANDIDATO 14003","s":"F","dt":"13/10/1922","dvt":"Válido"},{"sqcand":160002486526,"n":14011,"nm":"CANDIDATO 14011","nmu":"CANDIDATO 14011","s":"M","dt":"31/08/1929","dvt":"Válido"},{"sqcand":160002486530,"n":14013,"nm":"CANDIDATO 14013","nmu":"CANDIDATO 14013","s":"M","dt":"20/08/1926","dvt":"Válido"},{"sqcand":160002486521,"n":14006,"nm":"CANDIDATO 14006","nmu":"CANDIDATO 14006","s":"M","dt":"11/05/1928","dvt":"Válido"},{"sqcand":160002486516,"n":14001,"nm":"CANDIDATO 14001","nmu":"CANDIDATO 14001","s":"F","dt":"21/05/1929","dvt":"Válido"},{"sqcand":160002486524,"n":14009,"nm":"CANDIDATO 14009","nmu":"CANDIDATO 14009","s":"M","dt":"18/07/1920","dvt":"Válido"}]}]},{"n":160000328625,"nm":"COLIGACAO 160000328625","tp":"P","com":"P16","par":[{"n":16,"sg":" P16 ","nm":"PARTIDO 16","cand":[{"sqcand":160002486685,"n":16004,"nm":"CANDIDATO 16004","nmu":"CANDIDATO 16004","s":"F","dt":"15/09/1927","dvt":"Válido"},{"sqcand":160002486687,"n":16006,"nm":"CANDIDATO 16006","nmu":"CANDIDATO 16006","s":"M","dt":"10/08/1922","dvt":"Válido"},{"sqcand":160002486689,"n":16008,"nm":"CANDIDATO 16008","nmu":"CANDIDATO 16008","s":"M","dt":"12/03/1929","dvt":"Válido"},{"sqcand":160002486694,"n":16013,"nm":"CANDIDATO 16013","nmu":"CANDIDATO 16013","s":"M","dt":"11/01/1983","dvt":"Válido"},{"sqcand":160002486686,"n":16005,"nm":"CANDIDATO 16005","nmu":"CANDIDATO 16005","s":"M","dt":"04/07/1929","dvt":"Válido"},{"sqcand":160002486692,"n":16011,"nm":"CANDIDATO 16011","nmu":"CANDIDATO 16011","s":"M","dt":"25/05/1925","dvt":"Válido"},{"sqcand":160002486693,"n":16012,"nm":"CANDIDATO 16012","nmu":"CANDIDATO 16012","s":"M","dt":"09/10/1928","dvt":"Válido"},{"sqcand":160002486695,"n":16014,"nm":"CANDIDATO 16014","nmu":"CANDIDATO 16014","s":"M","dt":"05/02/1929","dvt":"Válido"},{"sqcand":160002486682,"n":16001,"nm":"CANDIDATO 16001","nmu":"CANDIDATO 16001","s":"F","dt":"05/08/1921","dvt":"Válido"},{"sqcand":160002486683,"n":16002,"nm":"CANDIDATO 16002","nmu":"CANDIDATO 16002","s":"F","dt":"28/03/1928","dvt":"Válido"},{"sqcand":160002486690,"n":16009,"nm":"CANDIDATO 16009","nmu":"CANDIDATO 16009","s":"M","dt":"06/03/1967","dvt":"Válido"},{"sqcand":160002486684,"n":16003,"nm":"CANDIDATO 16003","nmu":"CANDIDATO 16003","s":"F","dt":"25/04/1976","dvt":"Válido"},{"sqcand":160002486691,"n":16010,"nm":"CANDIDATO 16010","nmu":"CANDIDATO 16010","s":"M","dt":"15/01/1957","dvt":"Válido"},{"sqcand":160002486696,"n":16015,"nm":"CANDIDATO 16015","nmu":"CANDIDATO 16015","s":"M","dt":"25/01/1928","dvt":"Válido"},{"sqcand":160002486688,"n":16007,"nm":"CANDIDATO 16007","nmu":"CANDIDATO 16007","s":"M","dt":"17/10/1929","dvt":"Válido"}]}]}]}}