{"ele":8707,"cdabr":"74438","nmabr":"BALSA NOVA","t":1,"f":"S","s":"N","dg":"13/10/2020","hg":"20:03:36","v":"005","br":{"nm":"Brasil","uf":[{"sg":"PR","nm":"PARANÁ","mun":[{"cd":"74438","nm":"BALSA NOVA","c":"N","s":40,"e":11178,"tzon":1,"zon":[{"cd":"0182","s":40,"e":11178}]}]}]},"carg":{"cd":11,"nmn":"Prefeito","nmm":"Prefeito","nmf":"Prefeita","nv":1,"col":[{"n":160000336319,"nm":"COLIGACAO 160000336319","tp":"P","com":"P16","par":[{"n":16,"sg":" P16 ","nm":"PARTIDO 16","cand":[{"sqcand":160002513941,"n":16,"nm":"CANDIDATO 16","nmu":"CANDIDATO 16","s":"M","dt":"25/09/1971","dvt":"Válido","vs":[{"sqcand":160002513942,"nm":"CANDIDATO 16 1","nmu":"CANDIDATO 16 1","tp":"V","sgp":"P16"}]}]}]},{"n":160000336317,"nm":"COLIGACAO 160000336317","tp":"P","com":"P23","par":[{"n":23,"sg":" P23 ","nm":"PARTIDO 23","cand":[{"sqcand":160002513937,"n":23,"nm":"CANDIDATO 23","nmu":"CANDIDATO 23","s":"M","dt":"15/06/1929","dvt":"Válido","vs":[{"sqcand":160002513938,"nm":"CANDIDATO 23 1","nmu":"CANDIDATO 23 1","tp":"V","sgp":"P23"}]}]}]}]}}