{"ele":8707,"cdabr":"74233","nmabr":"ANTONIO OLINTO","t":1,"f":"S","s":"N","dg":"13/10/2020","hg":"20:03:36","v":"005","br":{"nm":"Brasil","uf":[{"sg":"PR","nm":"PARANÁ","mun":[{"cd":"74233","nm":"ANTONIO OLINTO","c":"N","s":24,"e":6271,"tzon":1,"zon":[{"cd":"0012","s":24,"e":6271}]}]}]},"carg":{"cd":11,"nmn":"Prefeito","nmm":"Prefeito","nmf":"Prefeita","nv":1,"col":[{"n":160000330261,"nm":"COLIGACAO 160000330261","tp":"P","com":"P13","par":[{"n":13,"sg":" P13 ","nm":"PARTIDO 13","cand":[{"sqcand":160002494461,"n":13,"nm":"CANDIDATO 13","nmu":"CANDIDATO 13","s":"M","dt":"30/01/1927","dvt":"Válido","vs":[{"sqcand":160002494462,"nm":"CANDIDATO 13 1","nmu":"CANDIDATO 13 1","tp":"V","sgp":"P13"}]}]}]},{"n":160000330259,"nm":"COLIGACAO 160000330259","tp":"P","com":"P16","par":[{"n":16,"sg":" P16 ","nm":"PARTIDO 16","cand":[{"sqcand":160002494457,"n":16,"nm":"CANDIDATO 16","nmu":"CANDIDATO 16","s":"M","dt":"22/02/1924","dvt":"Válido","vs":[{"sqcand":160002494458,"nm":"CANDIDATO 16 1","nmu":"CANDIDATO 16 1","tp":"V","sgp":"P16"}]}]}]}]}}