{"ele":8707,"carper":11,"t":1,"f":"S","esae":"N","mnae":" ","dg":"13/10/2020","hg":"20:06:07","dv":"S","nadf":"pr74241-c0011-e008707-006-f","abr":[{"dt":"13/10/2020","ht":"18:40:03","tf":"N","and":"P","s":13,"st":13,"pst":" 100,00","snt":0,"psnt":"   0,00","si":13,"psi":" 100,00","sni":0,"psni":"   0,00","sa":13,"psa":" 100,00","sna":0,"psna":"   0,00","e":3563,"ea":3563,"pea":" 100,00","ena":0,"pena":"   0,00","esi":3563,"pesi":" 100,00","esni":0,"pesni":"   0,00","c":3034,"pc":"  85,15","a":529,"pa":"  14,85","tv":3034,"vscv":0,"vb":513,"pvb":"  16,91","tvn":598,"ptvn":"  19,71","vn":598,"pvn":" 100,00","vnt":0,"pvnt":"   0,00","vp":0,"pvp":"   0,00","vv":1923,"pvv":" 100,00","van":0,"pvan":"   0,00","vansj":0,"pvansj":"   0,00","vnom":1923,"pvnom":" 100,00","cand":[{"seq":1,"n":16,"e":"N","vap":983,"pvap":"  32,40","st":""},{"seq":2,"n":14,"e":"N","vap":940,"pvap":"  30,98","st":""}],"tpabr":"MU","cdabr":"74241","colig":[{"n":160000328523,"tvtn":983,"tvtl":0,"tvan":983,"tval":0},{"n":160000328515,"tvtn":940,"tvtl":0,"tvan":940,"tval":0}],"part":[{"n":16,"tvtn":983,"tvtl":0,"tvan":983,"tval":0},{"n":14,"tvtn":940,"tvtl":0,"tvan":940,"tval":0}]},{"dt":"13/10/2020","ht":"18:40:03","tf":"N","and":"P","s":13,"st":13,"pst":" 100,00","snt":0,"psnt":"0","si":13,"psi":" 100,00","sni":0,"psni":"   0,00","sa":13,"psa":" 100,00","sna":0,"psna":"   0,00","e":3563,"ea":3563,"pea":" 100,00","ena":0,"pena":"   0,00","esi":3563,"pesi":" 100,00","esni":0,"pesni":"   0,00","c":3034,"pc":"  85,15","a":529,"pa":"  14,85","tv":3034,"vscv":0,"vb":513,"pvb":"  16,91","tvn":598,"ptvn":"  19,71","vn":598,"pvn":" 100,00","vp":0,"pvp":"   0,00","vv":1923,"pvv":" 100,00","van":0,"pvan":"   0,00","vansj":0,"pvansj":"   0,00","vnom":1923,"pvnom":" 100,00","cand":[{"seq":2,"n":14,"e":"N","vap":940,"pvap":"  30,98","st":""},{"seq":1,"n":16,"e":"N","vap":983,"pvap":"  32,40","st":""}],"tpabr":"ZONA","cdabr":"115"}]}