{"ele":8707,"carper":13,"t":1,"f":"S","esae":"N","mnae":" ","dg":"13/10/2020","hg":"20:06:15","dv":"S","nadf":"pr74373-c0013-e008707-006-f","abr":[{"dt":"13/10/2020","ht":"17:11:15","tf":"S","and":"F","s":50,"st":50,"pst":" 100,00","snt":0,"psnt":"   0,00","si":50,"psi":" 100,00","sni":0,"psni":"   0,00","sa":50,"psa":" 100,00","sna":0,"psna":"   0,00","e":12134,"ea":12134,"pea":" 100,00","ena":0,"pena":"   0,00","esi":12134,"pesi":" 100,00","esni":0,"pesni":"   0,00","c":10335,"pc":"  85,17","a":1799,"pa":"  14,83","tv":10335,"vscv":0,"vb":375,"pvb":"   3,63","tvn":312,"ptvn":"   3,02","vn":312,"pvn":" 100,00","vnt":0,"pvnt":"   0,00","vp":0,"pvp":"   0,00","vv":9648,"pvv":" 100,00","vl":745,"pvl":"   7,72","van":0,"pvan":"   0,00","vansj":0,"pvansj":"   0,00","vnom":8903,"pvnom":"  92,28","cand":[{"seq":17,"n":16010,"e":"N","vap":249,"pvap":"   2,41","st":"Suplente"},{"seq":27,"n":16007,"e":"N","vap":95,"pvap":"   0,92","st":"Suplente"},{"seq":1,"n":16005,"e":"S","vap":680,"pvap":"   6,58","st":"Eleito"},{"seq":16,"n":16006,"e":"N","vap":259,"pvap":"   2,51","st":"Suplente"},{"seq":9,"n":16013,"e":"S","vap":366,"pvap":"   3,54","st":"Eleito"},{"seq":12,"n":16015,"e":"S","vap":325,"pvap":"   3,14","st":"Eleito"},{"seq":29,"n":16012,"e":"N","vap":64,"pvap":"   0,62","st":"Suplente"},{"seq":3,"n":16003,"e":"S","vap":561,"pvap":"   5,43","st":"Eleito"},{"seq":2,"n":16004,"e":"S","vap":666,"pvap":"   6,44","st":"Eleito"},{"seq":15,"n":16014,"e":"S","vap":264,"pvap":"   2,55","st":"Eleito"},{"seq":10,"n":16011,"e":"S","vap":362,"pvap":"   3,50","st":"Eleito"},{"seq":18,"n":16001,"e":"N","vap":241,"pvap":"   2,33","st":"Suplente"},{"seq":26,"n":16008,"e":"N","vap":114,"pvap":"   1,10","st":"Suplente"},{"seq":19,"n":16009,"e":"N","vap":214,"pvap":"   2,07","st":"Suplente"},{"seq":6,"n":16002,"e":"S","vap":438,"pvap":"   4,24","st":"Eleito"},{"seq":28,"n":14012,"e":"N","vap":92,"pvap":"   0,89","st":"Suplente"},{"seq":22,"n":14011,"e":"N","vap":194,"pvap":"   1,88","st":"Suplente"},{"seq":7,"n":14003,"e":"S","vap":423,"pvap":"   4,09","st":"Eleito"},{"seq":8,"n":14008,"e":"S","vap":407,"pvap":"   3,94","st":"Eleito"},{"seq":13,"n":14005,"e":"S","vap":317,"pvap":"   3,07","st":"Eleito"},{"seq":24,"n":14007,"e":"N","vap":159,"pvap":"   1,54","st":"Suplente"},{"seq":21,"n":14006,"e":"N","vap":204,"pvap":"   1,97","st":"Suplente"},{"seq":25,"n":14014,"e":"N","vap":134,"pvap":"   1,30","st":"Suplente"},{"seq":11,"n":14013,"e":"S","vap":341,"pvap":"   3,30","st":"Eleito"},{"seq":14,"n":14010,"e":"S","vap":274,"pvap":"   2,65","st":"Eleito"},{"seq":20,"n":14009,"e":"N","vap":206,"pvap":"   1,99","st":"Suplente"},{"seq":5,"n":14001,"e":"S","vap":513,"pvap":"   4,96","st":"Eleito"},{"seq":4,"n":14015,"e":"S","vap":516,"pvap":"   4,99","st":"Eleito"},{"seq":23,"n":14002,"e":"N","vap":164,"pvap":"   1,59","st":"Suplente"},{"seq":30,"n":14004,"e":"N","vap":61,"pvap":"   0,59","st":"Suplente"}],"tpabr":"MU","cdabr":"74373","colig":[{"n":160000322981,"tvtn":4898,"tvtl":306,"tvan":4898,"tval":306,"vag":8},{"n":160000322978,"tvtn":4005,"tvtl":439,"tvan":4005,"tval":439,"vag":7}],"part":[{"n":16,"tvtn":4898,"tvtl":306,"tvan":4898,"tval":306},{"n":14,"tvtn":4005,"tvtl":439,"tvan":4005,"tval":439}]},{"dt":"13/10/2020","ht":"17:11:15","tf":"S","and":"F","s":50,"st":50,"pst":" 100,00","snt":0,"psnt":"0","si":50,"psi":" 100,00","sni":0,"psni":"   0,00","sa":50,"psa":" 100,00","sna":0,"psna":"   0,00","e":12134,"ea":12134,"pea":" 100,00","ena":0,"pena":"   0,00","esi":12134,"pesi":" 100,00","esni":0,"pesni":"   0,00","c":10335,"pc":"  85,17","a":1799,"pa":"  14,83","tv":10335,"vscv":0,"vb":375,"pvb":"   3,63","tvn":312,"ptvn":"   3,02","vn":312,"pvn":" 100,00","vp":0,"pvp":"   0,00","vv":9648,"pvv":" 100,00","vl":745,"pvl":"   7,72","van":0,"pvan":"   0,00","vansj":0,"pvansj":"   0,00","vnom":8903,"pvnom":"  92,28","cand":[{"seq":28,"n":14012,"e":"N","vap":92,"pvap":"   0,89","st":"Suplente"},{"seq":22,"n":14011,"e":"N","vap":194,"pvap":"   1,88","st":"Suplente"},{"seq":7,"n":14003,"e":"S","vap":423,"pvap":"   4,09","st":"Eleito"},{"seq":8,"n":14008,"e":"S","vap":407,"pvap":"   3,94","st":"Eleito"},{"seq":13,"n":14005,"e":"S","vap":317,"pvap":"   3,07","st":"Eleito"},{"seq":24,"n":14007,"e":"N","vap":159,"pvap":"   1,54","st":"Suplente"},{"seq":21,"n":14006,"e":"N","vap":204,"pvap":"   1,97","st":"Suplente"},{"seq":25,"n":14014,"e":"N","vap":134,"pvap":"   1,30","st":"Suplente"},{"seq":11,"n":14013,"e":"S","vap":341,"pvap":"   3,30","st":"Eleito"},{"seq":14,"n":14010,"e":"S","vap":274,"pvap":"   2,65","st":"Eleito"},{"seq":20,"n":14009,"e":"N","vap":206,"pvap":"   1,99","st":"Suplente"},{"seq":5,"n":14001,"e":"S","vap":513,"pvap":"   4,96","st":"Eleito"},{"seq":4,"n":14015,"e":"S","vap":516,"pvap":"   4,99","st":"Eleito"},{"seq":23,"n":14002,"e":"N","vap":164,"pvap":"   1,59","st":"Suplente"},{"seq":30,"n":14004,"e":"N","vap":61,"pvap":"   0,59","st":"Suplente"},{"seq":17,"n":16010,"e":"N","vap":249,"pvap":"   2,41","st":"Suplente"},{"seq":27,"n":16007,"e":"N","vap":95,"pvap":"   0,92","st":"Suplente"},{"seq":1,"n":16005,"e":"S","vap":680,"pvap":"   6,58","st":"Eleito"},{"seq":16,"n":16006,"e":"N","vap":259,"pvap":"   2,51","st":"Suplente"},{"seq":9,"n":16013,"e":"S","vap":366,"pvap":"   3,54","st":"Eleito"},{"seq":12,"n":16015,"e":"S","vap":325,"pvap":"   3,14","st":"Eleito"},{"seq":29,"n":16012,"e":"N","vap":64,"pvap":"   0,62","st":"Suplente"},{"seq":3,"n":16003,"e":"S","vap":561,"pvap":"   5,43","st":"Eleito"},{"seq":2,"n":16004,"e":"S","vap":666,"pvap":"   6,44","st":"Eleito"},{"seq":15,"n":16014,"e":"S","vap":264,"pvap":"   2,55","st":"Eleito"},{"seq":10,"n":16011,"e":"S","vap":362,"pvap":"   3,50","st":"Eleito"},{"seq":18,"n":16001,"e":"N","vap":241,"pvap":"   2,33","st":"Suplente"},{"seq":26,"n":16008,"e":"N","vap":114,"pvap":"   1,10","st":"Suplente"},{"seq":19,"n":16009,"e":"N","vap":214,"pvap":"   2,07","st":"Suplente"},{"seq":6,"n":16002,"e":"S","vap":438,"pvap":"   4,24","st":"Eleito"}],"tpabr":"ZONA","cdabr":"35"}]}