{"ele":8707,"carper":11,"t":1,"f":"S","esae":"N","mnae":" ","dg":"13/10/2020","hg":"20:06:09","dv":"S","nadf":"pr74381-c0011-e008707-006-f","abr":[{"dt":"13/10/2020","ht":"18:40:00","tf":"N","and":"P","s":8,"st":8,"pst":" 100,00","snt":0,"psnt":"   0,00","si":8,"psi":" 100,00","sni":0,"psni":"   0,00","sa":8,"psa":" 100,00","sna":0,"psna":"   0,00","e":2028,"ea":2028,"pea":" 100,00","ena":0,"pena":"   0,00","esi":2028,"pesi":" 100,00","esni":0,"pesni":"   0,00","c":1728,"pc":"  85,21","a":300,"pa":"  14,79","tv":1728,"vscv":0,"vb":790,"pvb":"  45,72","tvn":198,"ptvn":"  11,46","vn":198,"pvn":" 100,00","vnt":0,"pvnt":"   0,00","vp":0,"pvp":"   0,00","vv":740,"pvv":" 100,00","van":0,"pvan":"   0,00","vansj":0,"pvansj":"   0,00","vnom":740,"pvnom":" 100,00","cand":[{"seq":2,"n":16,"e":"N","vap":341,"pvap":"  19,73","st":""},{"seq":1,"n":14,"e":"N","vap":399,"pvap":"  23,09","st":""}],"tpabr":"MU","cdabr":"74381","colig":[{"n":160000328617,"tvtn":341,"tvtl":0,"tvan":341,"tval":0},{"n":160000328578,"tvtn":399,"tvtl":0,"tvan":399,"tval":0}],"part":[{"n":16,"tvtn":341,"tvtl":0,"tvan":341,"tval":0},{"n":14,"tvtn":399,"tvtl":0,"tvan":399,"tval":0}]},{"dt":"13/10/2020","ht":"18:40:00","tf":"N","and":"P","s":8,"st":8,"pst":" 100,00","snt":0,"psnt":"0","si":8,"psi":" 100,00","sni":0,"psni":"   0,00","sa":8,"psa":" 100,00","sna":0,"psna":"   0,00","e":2028,"ea":2028,"pea":" 100,00","ena":0,"pena":"   0,00","esi":2028,"pesi":" 100,00","esni":0,"pesni":"   0,00","c":1728,"pc":"  85,21","a":300,"pa":"  14,79","tv":1728,"vscv":0,"vb":790,"pvb":"  45,72","tvn":198,"ptvn":"  11,46","vn":198,"pvn":" 100,00","vp":0,"pvp":"   0,00","vv":740,"pvv":" 100,00","van":0,"pvan":"   0,00","vansj":0,"pvansj":"   0,00","vnom":740,"pvnom":" 100,00","cand":[{"seq":1,"n":14,"e":"N","vap":399,"pvap":"  23,09","st":""},{"seq":2,"n":16,"e":"N","vap":341,"pvap":"  19,73","st":""}],"tpabr":"ZONA","cdabr":"126"}]}