{"ele":8707,"cdabr":"75116","nmabr":"MANGUEIRINHA","t":1,"f":"S","s":"N","dg":"13/10/2020","hg":"20:03:35","v":"005","br":{"nm":"Brasil","uf":[{"sg":"PR","nm":"PARANÁ","mun":[{"cd":"75116","nm":"MANGUEIRINHA","c":"N","s":51,"e":12639,"tzon":1,"zon":[{"cd":"0168","s":51,"e":12639}]}]}]},"carg":{"cd":11,"nmn":"Prefeito","nmm":"Prefeito","nmf":"Prefeita","nv":1,"col":[{"n":160000330795,"nm":"COLIGACAO 160000330795","tp":"P","com":"P12","par":[{"n":12,"sg":" P12 ","nm":"PARTIDO 12","cand":[{"sqcand":160002497236,"n":12,"nm":"CANDIDATO 12","nmu":"CANDIDATO 12","s":"M","dt":"16/05/1929","dvt":"Válido","vs":[{"sqcand":160002497237,"nm":"CANDIDATO 12 1","nmu":"CANDIDATO 12 1","tp":"V","sgp":"P12"}]}]}]},{"n":160000330791,"nm":"COLIGACAO 160000330791","tp":"P","com":"P23","par":[{"n":23,"sg":" P23 ","nm":"PARTIDO 23","cand":[{"sqcand":160002497182,"n":23,"nm":"CANDIDATO 23","nmu":"CANDIDATO 23","s":"M","dt":"05/01/1926","dvt":"Válido","vs":[{"sqcand":160002497183,"nm":"CANDIDATO 23 1","nmu":"CANDIDATO 23 1","tp":"V","sgp":"P23"}]}]}]}]}}