{"ele":8707,"cdabr":"75000","nmabr":"ITAIPULÂNDIA","t":1,"f":"S","s":"N","dg":"13/10/2020","hg":"20:03:40","v":"005","br":{"nm":"Brasil","uf":[{"sg":"PR","nm":"PARANÁ","mun":[{"cd":"75000","nm":"ITAIPULÂNDIA","c":"N","s":27,"e":8931,"tzon":2,"zon":[{"cd":"0122","s":27,"e":8931}]}]}]},"carg":{"cd":13,"nmn":"Vereador","nmm":"Vereador","nmf":"Vereadora","nv":15,"col":[{"n":160000323242,"nm":"COLIGACAO 160000323242","tp":"P","com":"P16","par":[{"n":16,"sg":" P16 ","nm":"PARTIDO 16","cand":[{"sqcand":160002470142,"n":16013,"nm":"CANDIDATO 16013","nmu":"CANDIDATO 16013","s":"M","dt":"29/11/1929","dvt":"Válido"},{"sqcand":160002470131,"n":16002,"nm":"CANDIDATO 16002","nmu":"CANDIDATO 16002","s":"F","dt":"13/05/1929","dvt":"Válido"},{"sqcand":160002470136,"n":16007,"nm":"CANDIDATO 16007","nmu":"CANDIDATO 16007","s":"M","dt":"13/05/1967","dvt":"Válido"},{"sqcand":160002470134,"n":16005,"nm":"CANDIDATO 16005","nmu":"CANDIDATO 16005","s":"M","dt":"04/02/1968","dvt":"Válido"},{"sqcand":160002470137,"n":16008,"nm":"CANDIDATO 16008","nmu":"CANDIDATO 16008","s":"M","dt":"05/01/1926","dvt":"Válido"},{"sqcand":160002470143,"n":16014,"nm":"CANDIDATO 16014","nmu":"CANDIDATO 16014","s":"M","dt":"01/10/1969","dvt":"Válido"},{"sqcand":160002470141,"n":16012,"nm":"CANDIDATO 16012","nmu":"CANDIDATO 16012","s":"M","dt":"29/03/1988","dvt":"Válido"},{"sqcand":160002470132,"n":16003,"nm":"CANDIDATO 16003","nmu":"CANDIDATO 16003","s":"F","dt":"17/09/1927","dvt":"Válido"},{"sqcand":160002470135,"n":16006,"nm":"CANDIDATO 16006","nmu":"CANDIDATO 16006","s":"M","dt":"29/05/1929","dvt":"Válido"},{"sqcand":160002470138,"n":16009,"nm":"CANDIDATO 16009","nmu":"CANDIDATO 16009","s":"M","dt":"12/08/1929","dvt":"Válido"},{"sqcand":160002470139,"n":16010,"nm":"CANDIDATO 16010","nmu":"CANDIDATO 16010","s":"M","dt":"24/10/1929","dvt":"Válido"},{"sqcand":160002470130,"n":16001,"nm":"CANDIDATO 16001","nmu":"CANDIDATO 16001","s":"F","dt":"18/12/1929","dvt":"Válido"},{"sqcand":160002470144,"n":16015,"nm":"CANDIDATO 16015","nmu":"CANDIDATO 16015","s":"M","dt":"16/03/1928","dvt":"Válido"},{"sqcand":160002470140,"n":16011,"nm":"CANDIDATO 16011","nmu":"CANDIDATO 16011","s":"M","dt":"06/06/1920","dvt":"Válido"},{"sqcand":160002470133,"n":16004,"nm":"CANDIDATO 16004","nmu":"CANDIDATO 16004","s":"F","dt":"08/11/1929","dvt":"Válido"}]}]},{"n":160000323238,"nm":"COLIGACAO 160000323238","tp":"P","com":"P14","par":[{"n":14,"sg":" P14 ","nm":"PARTIDO 14","cand":[{"sqcand":160002470100,"n":14005,"nm":"CANDIDATO 14005","nmu":"CANDIDATO 14005","s":"M","dt":"16/02/1929","dvt":"Válido"},{"sqcand":160002470102,"n":14007,"nm":"CANDIDATO 14007","nmu":"CANDIDATO 14007","s":"M","dt":"24/11/1929","dvt":"Válido"},{"sqcand":160002470107,"n":14012,"nm":"CANDIDATO 14012","nmu":"CANDIDATO 14012","s":"M","dt":"19/01/1929","dvt":"Válido"},{"sqcand":160002470110,"n":14015,"nm":"CANDIDATO 14015","nmu":"CANDIDATO 14015","s":"M","dt":"09/03/1929","dvt":"Válido"},{"sqcand":160002470097,"n":14002,"nm":"CANDIDATO 14002","nmu":"CANDIDATO 14002","s":"F","dt":"28/02/1929","dvt":"Válido"},{"sqcand":160002470098,"n":14003,"nm":"CANDIDATO 14003","nmu":"CANDIDATO 14003","s":"F","dt":"16/03/1927","dvt":"Válido"},{"sqcand":160002470104,"n":14009,"nm":"CANDIDATO 14009","nmu":"CANDIDATO 14009","s":"M","dt":"04/10/1965","dvt":"Válido"},{"sqcand":160002470099,"n":14004,"nm":"CANDIDATO 14004","nmu":"CANDIDATO 14004","s":"F","dt":"04/05/1925","dvt":"Válido"},{"sqcand":160002470108,"n":14013,"nm":"CANDIDATO 14013","nmu":"CANDIDATO 14013","s":"M","dt":"08/08/1958","dvt":"Válido"},{"sqcand":160002470103,"n":14008,"nm":"CANDIDATO 14008","nmu":"CANDIDATO 14008","s":"M","dt":"14/03/1929","dvt":"Válido"},{"sqcand":160002470105,"n":14010,"nm":"CANDIDATO 14010","nmu":"CANDIDATO 14010","s":"M","dt":"30/06/1924","dvt":"Válido"},{"sqcand":160002470109,"n":14014,"nm":"CANDIDATO 14014","nmu":"CANDIDATO 14014","s":"M","dt":"27/06/1928","dvt":"Válido"},{"sqcand":160002470096,"n":14001,"nm":"CANDIDATO 14001","nmu":"CANDIDATO 14001","s":"F","dt":"23/05/1929","dvt":"Válido"},{"sqcand":160002470106,"n":14011,"nm":"CANDIDATO 14011","nmu":"CANDIDATO 14011","s":"M","dt":"15/03/1969","dvt":"Válido"},{"sqcand":160002470101,"n":14006,"nm":"CANDIDATO 14006","nmu":"CANDIDATO 14006","s":"M","dt":"13/11/1929","dvt":"Válido"}]}]}]}}