{"ele":8707,"cdabr":"75124","nmabr":"BELA VISTA DA CAROBA","t":1,"f":"S","s":"N","dg":"13/10/2020","hg":"20:03:41","v":"005","br":{"nm":"Brasil","uf":[{"sg":"PR","nm":"PARANÁ","mun":[{"cd":"75124","nm":"BELA VISTA DA CAROBA","c":"N","s":13,"e":2793,"tzon":1,"zon":[{"cd":"0083","s":13,"e":2793}]}]}]},"carg":{"cd":13,"nmn":"Vereador","nmm":"Vereador","nmf":"Vereadora","nv":15,"col":[{"n":160000322565,"nm":"COLIGACAO 160000322565","tp":"P","com":"P16","par":[{"n":16,"sg":" P16 ","nm":"PARTIDO 16","cand":[{"sqcand":160002466033,"n":16007,"nm":"CANDIDATO 16007","nmu":"CANDIDATO 16007","s":"M","dt":"26/12/1929","dvt":"Válido"},{"sqcand":160002466034,"n":16008,"nm":"CANDIDATO 16008","nmu":"CANDIDATO 16008","s":"M","dt":"19/02/1929","dvt":"Válido"},{"sqcand":160002466035,"n":16009,"nm":"CANDIDATO 16009","nmu":"CANDIDATO 16009","s":"M","dt":"15/05/1929","dvt":"Válido"},{"sqcand":160002466039,"n":16013,"nm":"CANDIDATO 16013","nmu":"CANDIDATO 16013","s":"M","dt":"25/11/1929","dvt":"Válido"},{"sqcand":160002466029,"n":16003,"nm":"CANDIDATO 16003","nmu":"CANDIDATO 16003","s":"F","dt":"10/06/1924","dvt":"Válido"},{"sqcand":160002466030,"n":16004,"nm":"CANDIDATO 16004","nmu":"CANDIDATO 16004","s":"F","dt":"18/11/1926","dvt":"Válido"},{"sqcand":160002466038,"n":16012,"nm":"CANDIDATO 16012","nmu":"CANDIDATO 16012","s":"M","dt":"16/01/1976","dvt":"Válido"},{"sqcand":160002466032,"n":16006,"nm":"CANDIDATO 16006","nmu":"CANDIDATO 16006","s":"M","dt":"01/01/1929","dvt":"Válido"},{"sqcand":160002466036,"n":16010,"nm":"CANDIDATO 16010","nmu":"CANDIDATO 16010","s":"M","dt":"13/11/1929","dvt":"Válido"},{"sqcand":160002466031,"n":16005,"nm":"CANDIDATO 16005","nmu":"CANDIDATO 16005","s":"M","dt":"27/05/1928","dvt":"Válido"},{"sqcand":160002466028,"n":16002,"nm":"CANDIDATO 16002","nmu":"CANDIDATO 16002","s":"F","dt":"27/03/1928","dvt":"Válido"},{"sqcand":160002466027,"n":16001,"nm":"CANDIDATO 16001","nmu":"CANDIDATO 16001","s":"F","dt":"25/01/1929","dvt":"Válido"},{"sqcand":160002466037,"n":16011,"nm":"CANDIDATO 16011","nmu":"CANDIDATO 16011","s":"M","dt":"10/01/1924","dvt":"Válido"},{"sqcand":160002466040,"n":16014,"nm":"CANDIDATO 16014","nmu":"CANDIDATO 16014","s":"M","dt":"09/10/1929","dvt":"Válido"},{"sqcand":160002466041,"n":16015,"nm":"CANDIDATO 16015","nmu":"CANDIDATO 16015","s":"M","dt":"10/08/1922","dvt":"Válido"}]}]},{"n":160000322557,"nm":"COLIGACAO 160000322557","tp":"P","com":"P14","par":[{"n":14,"sg":" P14 ","nm":"PARTIDO 14","cand":[{"sqcand":160002465962,"n":14004,"nm":"CANDIDATO 14004","nmu":"CANDIDATO 14004","s":"F","dt":"27/03/1927","dvt":"Válido"},{"sqcand":160002465966,"n":14008,"nm":"CANDIDATO 14008","nmu":"CANDIDATO 14008","s":"M","dt":"10/09/1963","dvt":"Válido"},{"sqcand":160002465967,"n":14009,"nm":"CANDIDATO 14009","nmu":"CANDIDATO 14009","s":"M","dt":"26/03/1929","dvt":"Válido"},{"sqcand":160002465971,"n":14013,"nm":"CANDIDATO 14013","nmu":"CANDIDATO 14013","s":"M","dt":"26/04/1985","dvt":"Válido"},{"sqcand":160002465969,"n":14011,"nm":"CANDIDATO 14011","nmu":"CANDIDATO 14011","s":"M","dt":"26/09/1929","dvt":"Válido"},{"sqcand":160002465972,"n":14014,"nm":"CANDIDATO 14014","nmu":"CANDIDATO 14014","s":"M","dt":"05/09/1929","dvt":"Válido"},{"sqcand":160002465965,"n":14007,"nm":"CANDIDATO 14007","nmu":"CANDIDATO 14007","s":"M","dt":"13/01/1928","dvt":"Válido"},{"sqcand":160002465959,"n":14001,"nm":"CANDIDATO 14001","nmu":"CANDIDATO 14001","s":"F","dt":"08/11/1929","dvt":"Válido"},{"sqcand":160002465964,"n":14006,"nm":"CANDIDATO 14006","nmu":"CANDIDATO 14006","s":"M","dt":"10/10/1929","dvt":"Válido"},{"sqcand":160002465968,"n":14010,"nm":"CANDIDATO 14010","nmu":"CANDIDATO 14010","s":"M","dt":"25/12/1928","dvt":"Válido"},{"sqcand":160002465963,"n":14005,"nm":"CANDIDATO 14005","nmu":"CANDIDATO 14005","s":"M","dt":"25/04/1987","dvt":"Válido"},{"sqcand":160002465961,"n":14003,"nm":"CANDIDATO 14003","nmu":"CANDIDATO 14003","s":"F","dt":"24/04/1925","dvt":"Válido"},{"sqcand":160002465973,"n":14015,"nm":"CANDIDATO 14015","nmu":"CANDIDATO 14015","s":"M","dt":"07/02/1929","dvt":"Válido"},{"sqcand":160002465960,"n":14002,"nm":"CANDIDATO 14002","nmu":"CANDIDATO 14002","s":"F","dt":"02/09/1929","dvt":"Válido"},{"sqcand":160002465970,"n":14012,"nm":"CANDIDATO 14012","nmu":"CANDIDATO 14012","s":"M","dt":"18/10/1989","dvt":"Válido"}]}]}]}}