{"ele":8707,"cdabr":"75078","nmabr":"CIDADE GAÚCHA","t":1,"f":"S","s":"N","dg":"13/10/2020","hg":"20:03:35","v":"005","br":{"nm":"Brasil","uf":[{"sg":"PR","nm":"PARANÁ","mun":[{"cd":"75078","nm":"CIDADE GAÚCHA","c":"N","s":32,"e":9280,"tzon":1,"zon":[{"cd":"0127","s":32,"e":9280}]}]}]},"carg":{"cd":13,"nmn":"Vereador","nmm":"Vereador","nmf":"Vereadora","nv":15,"col":[{"n":160000328925,"nm":"COLIGACAO 160000328925","tp":"P","com":"P14","par":[{"n":14,"sg":" P14 ","nm":"PARTIDO 14","cand":[{"sqcand":160002488054,"n":14008,"nm":"CANDIDATO 14008","nmu":"CANDIDATO 14008","s":"M","dt":"11/01/1929","dvt":"Válido"},{"sqcand":160002488056,"n":14010,"nm":"CANDIDATO 14010","nmu":"CANDIDATO 14010","s":"M","dt":"26/04/1927","dvt":"Válido"},{"sqcand":160002488049,"n":14003,"nm":"CANDIDATO 14003","nmu":"CANDIDATO 14003","s":"F","dt":"29/02/1924","dvt":"Válido"},{"sqcand":160002488047,"n":14001,"nm":"CANDIDATO 14001","nmu":"CANDIDATO 14001","s":"F","dt":"09/02/1929","dvt":"Válido"},{"sqcand":160002488048,"n":14002,"nm":"CANDIDATO 14002","nmu":"CANDIDATO 14002","s":"F","dt":"05/05/1977","dvt":"Válido"},{"sqcand":160002488055,"n":14009,"nm":"CANDIDATO 14009","nmu":"CANDIDATO 14009","s":"M","dt":"16/02/1982","dvt":"Válido"},{"sqcand":160002488057,"n":14011,"nm":"CANDIDATO 14011","nmu":"CANDIDATO 14011","s":"M","dt":"10/10/1928","dvt":"Válido"},{"sqcand":160002488058,"n":14012,"nm":"CANDIDATO 14012","nmu":"CANDIDATO 14012","s":"M","dt":"12/06/1929","dvt":"Válido"},{"sqcand":160002488050,"n":14004,"nm":"CANDIDATO 14004","nmu":"CANDIDATO 14004","s":"F","dt":"17/02/1927","dvt":"Válido"},{"sqcand":160002488060,"n":14014,"nm":"CANDIDATO 14014","nmu":"CANDIDATO 14014","s":"M","dt":"17/12/1928","dvt":"Válido"},{"sqcand":160002488061,"n":14015,"nm":"CANDIDATO 14015","nmu":"CANDIDATO 14015","s":"M","dt":"15/06/1929","dvt":"Válido"},{"sqcand":160002488051,"n":14005,"nm":"CANDIDATO 14005","nmu":"CANDIDATO 14005","s":"M","dt":"20/07/1926","dvt":"Válido"},{"sqcand":160002488052,"n":14006,"nm":"CANDIDATO 14006","nmu":"CANDIDATO 14006","s":"M","dt":"04/07/1983","dvt":"Válido"},{"sqcand":160002488053,"n":14007,"nm":"CANDIDATO 14007","nmu":"CANDIDATO 14007","s":"M","dt":"11/05/1928","dvt":"Válido"},{"sqcand":160002488059,"n":14013,"nm":"CANDIDATO 14013","nmu":"CANDIDATO 14013","s":"M","dt":"15/08/1965","dvt":"Válido"}]}]},{"n":160000328953,"nm":"COLIGACAO 160000328953","tp":"P","com":"P16","par":[{"n":16,"sg":" P16 ","nm":"PARTIDO 16","cand":[{"sqcand":160002488118,"n":16004,"nm":"CANDIDATO 16004","nmu":"CANDIDATO 16004","s":"F","dt":"27/12/1923","dvt":"Válido"},{"sqcand":160002488115,"n":16001,"nm":"CANDIDATO 16001","nmu":"CANDIDATO 16001","s":"F","dt":"23/07/1929","dvt":"Válido"},{"sqcand":160002488116,"n":16002,"nm":"CANDIDATO 16002","nmu":"CANDIDATO 16002","s":"F","dt":"26/02/1924","dvt":"Válido"},{"sqcand":160002488121,"n":16007,"nm":"CANDIDATO 16007","nmu":"CANDIDATO 16007","s":"M","dt":"20/04/1926","dvt":"Válido"},{"sqcand":160002488123,"n":16009,"nm":"CANDIDATO 16009","nmu":"CANDIDATO 16009","s":"M","dt":"24/09/1922","dvt":"Válido"},{"sqcand":160002488126,"n":16012,"nm":"CANDIDATO 16012","nmu":"CANDIDATO 16012","s":"M","dt":"20/04/1929","dvt":"Válido"},{"sqcand":160002488125,"n":16011,"nm":"CANDIDATO 16011","nmu":"CANDIDATO 16011","s":"M","dt":"08/09/1929","dvt":"Válido"},{"sqcand":160002488127,"n":16013,"nm":"CANDIDATO 16013","nmu":"CANDIDATO 16013","s":"M","dt":"28/04/1929","dvt":"Válido"},{"sqcand":160002488128,"n":16014,"nm":"CANDIDATO 16014","nmu":"CANDIDATO 16014","s":"M","dt":"08/07/1929","dvt":"Válido"},{"sqcand":160002488119,"n":16005,"nm":"CANDIDATO 16005","nmu":"CANDIDATO 16005","s":"M","dt":"19/12/1929","dvt":"Válido"},{"sqcand":160002488129,"n":16015,"nm":"CANDIDATO 16015","nmu":"CANDIDATO 16015","s":"M","dt":"24/04/1929","dvt":"Válido"},{"sqcand":160002488117,"n":16003,"nm":"CANDIDATO 16003","nmu":"CANDIDATO 16003","s":"F","dt":"28/09/1929","dvt":"Válido"},{"sqcand":160002488122,"n":16008,"nm":"CANDIDATO 16008","nmu":"CANDIDATO 16008","s":"M","dt":"04/11/1924","dvt":"Válido"},{"sqcand":160002488120,"n":16006,"nm":"CANDIDATO 16006","nmu":"CANDIDATO 16006","s":"M","dt":"06/08/1967","dvt":"Válido"},{"sqcand":160002488124,"n":16010,"nm":"CANDIDATO 16010","nmu":"CANDIDATO 16010","s":"M","dt":"06/09/1977","dvt":"Válido"}]}]}]}}