{"ele":8707,"cdabr":"75086","nmabr":"ARIRANHA DO IVAÍ","t":1,"f":"S","s":"N","dg":"13/10/2020","hg":"20:03:34","v":"005","br":{"nm":"Brasil","uf":[{"sg":"PR","nm":"PARANÁ","mun":[{"cd":"75086","nm":"ARIRANHA DO IVAÍ","c":"N","s":17,"e":2074,"tzon":1,"zon":[{"cd":"0196","s":17,"e":2074}]}]}]},"carg":{"cd":11,"nmn":"Prefeito","nmm":"Prefeito","nmf":"Prefeita","nv":1,"col":[{"n":160000336515,"nm":"COLIGACAO 160000336515","tp":"P","com":"P16","par":[{"n":16,"sg":" P16 ","nm":"PARTIDO 16","cand":[{"sqcand":160002514937,"n":16,"nm":"CANDIDATO 16","nmu":"CANDIDATO 16","s":"M","dt":"16/09/1929","dvt":"Válido","vs":[{"sqcand":160002514938,"nm":"CANDIDATO 16 1","nmu":"CANDIDATO 16 1","tp":"V","sgp":"P16"}]}]}]},{"n":160000336509,"nm":"COLIGACAO 160000336509","tp":"P","com":"P14","par":[{"n":14,"sg":" P14 ","nm":"PARTIDO 14","cand":[{"sqcand":160002514886,"n":14,"nm":"CANDIDATO 14","nmu":"CANDIDATO 14","s":"M","dt":"01/08/1929","dvt":"Válido","vs":[{"sqcand":160002514887,"nm":"CANDIDATO 14 1","nmu":"CANDIDATO 14 1","tp":"V","sgp":"P14"}]}]}]}]}}