{"ele":8707,"carper":11,"t":1,"f":"S","esae":"N","mnae":" ","dg":"13/10/2020","hg":"20:06:04","dv":"S","nadf":"pr75043-c0011-e008707-006-f","abr":[{"dt":"13/10/2020","ht":"16:55:02","tf":"N","and":"P","s":252,"st":249,"pst":"  98,81","snt":3,"psnt":"   1,19","si":249,"psi":"  98,81","sni":0,"psni":"   0,00","sa":249,"psa":" 100,00","sna":0,"psna":"   0,00","e":84541,"ea":84541,"pea":" 100,00","ena":0,"pena":"   0,00","esi":84541,"pesi":"  98,81","esni":0,"pesni":"   0,00","c":71983,"pc":"  85,15","a":12558,"pa":"  14,85","tv":71983,"vscv":0,"vb":16904,"pvb":"  23,49","tvn":17443,"ptvn":"  24,23","vn":17443,"pvn":" 100,00","vnt":0,"pvnt":"   0,00","vp":0,"pvp":"   0,00","vv":37636,"pvv":" 100,00","van":0,"pvan":"   0,00","vansj":0,"pvansj":"   0,00","vnom":37636,"pvnom":" 100,00","cand":[{"seq":1,"n":16,"e":"N","vap":19750,"pvap":"  27,44","st":""},{"seq":2,"n":14,"e":"N","vap":17886,"pvap":"  24,85","st":""}],"tpabr":"MU","cdabr":"75043","colig":[{"n":160000336448,"tvtn":19750,"tvtl":0,"tvan":19750,"tval":0},{"n":160000336446,"tvtn":17886,"tvtl":0,"tvan":17886,"tval":0}],"part":[{"n":16,"tvtn":19750,"tvtl":0,"tvan":19750,"tval":0},{"n":14,"tvtn":17886,"tvtl":0,"tvan":17886,"tval":0}]},{"dt":"13/10/2020","ht":"16:55:02","tf":"N","and":"P","s":252,"st":249,"pst":"  98,81","snt":3,"psnt":"3","si":249,"psi":"  98,81","sni":0,"psni":"   0,00","sa":249,"psa":" 100,00","sna":0,"psna":"   0,00","e":84541,"ea":84541,"pea":" 100,00","ena":0,"pena":"   0,00","esi":84541,"pesi":"  98,81","esni":0,"pesni":"   0,00","c":71983,"pc":"  85,15","a":12558,"pa":"  14,85","tv":71983,"vscv":0,"vb":16904,"pvb":"  23,49","tvn":17443,"ptvn":"  24,23","vn":17443,"pvn":" 100,00","vp":0,"pvp":"   0,00","vv":37636,"pvv":" 100,00","van":0,"pvan":"   0,00","vansj":0,"pvansj":"   0,00","vnom":37636,"pvnom":" 100,00","cand":[{"seq":1,"n":16,"e":"N","vap":19750,"pvap":"  27,44","st":""},{"seq":2,"n":14,"e":"N","vap":17886,"pvap":"  24,85","st":""}],"tpabr":"ZONA","cdabr":"188"}]}