{"ele":8707,"cdabr":"75043","nmabr":"PINHAIS","t":1,"f":"S","s":"N","dg":"13/10/2020","hg":"20:03:45","v":"005","br":{"nm":"Brasil","uf":[{"sg":"PR","nm":"PARANÁ","mun":[{"cd":"75043","nm":"PINHAIS","c":"N","s":252,"e":85553,"tzon":1,"zon":[{"cd":"0188","s":252,"e":85553}]}]}]},"carg":{"cd":13,"nmn":"Vereador","nmm":"Vereador","nmf":"Vereadora","nv":15,"col":[{"n":160000336449,"nm":"COLIGACAO 160000336449","tp":"P","com":"P16","par":[{"n":16,"sg":" P16 ","nm":"PARTIDO 16","cand":[{"sqcand":160002514612,"n":16001,"nm":"CANDIDATO 16001","nmu":"CANDIDATO 16001","s":"F","dt":"28/01/1929","dvt":"Válido"},{"sqcand":160002514616,"n":16005,"nm":"CANDIDATO 16005","nmu":"CANDIDATO 16005","s":"M","dt":"09/12/1964","dvt":"Válido"},{"sqcand":160002514618,"n":16007,"nm":"CANDIDATO 16007","nmu":"CANDIDATO 16007","s":"M","dt":"11/06/1925","dvt":"Válido"},{"sqcand":160002514625,"n":16014,"nm":"CANDIDATO 16014","nmu":"CANDIDATO 16014","s":"M","dt":"26/11/1929","dvt":"Válido"},{"sqcand":160002514613,"n":16002,"nm":"CANDIDATO 16002","nmu":"CANDIDATO 16002","s":"F","dt":"15/08/1926","dvt":"Válido"},{"sqcand":160002514626,"n":16015,"nm":"CANDIDATO 16015","nmu":"CANDIDATO 16015","s":"M","dt":"12/04/1925","dvt":"Válido"},{"sqcand":160002514614,"n":16003,"nm":"CANDIDATO 16003","nmu":"CANDIDATO 16003","s":"F","dt":"26/05/1954","dvt":"Válido"},{"sqcand":160002514619,"n":16008,"nm":"CANDIDATO 16008","nmu":"CANDIDATO 16008","s":"M","dt":"20/12/1929","dvt":"Válido"},{"sqcand":160002514620,"n":16009,"nm":"CANDIDATO 16009","nmu":"CANDIDATO 16009","s":"M","dt":"19/02/1929","dvt":"Válido"},{"sqcand":160002514624,"n":16013,"nm":"CANDIDATO 16013","nmu":"CANDIDATO 16013","s":"M","dt":"04/03/1929","dvt":"Válido"},{"sqcand":160002514617,"n":16006,"nm":"CANDIDATO 16006","nmu":"CANDIDATO 16006","s":"M","dt":"23/10/1929","dvt":"Válido"},{"sqcand":160002514621,"n":16010,"nm":"CANDIDATO 16010","nmu":"CANDIDATO 16010","s":"M","dt":"10/03/1929","dvt":"Válido"},{"sqcand":160002514623,"n":16012,"nm":"CANDIDATO 16012","nmu":"CANDIDATO 16012","s":"M","dt":"06/01/1923","dvt":"Válido"},{"sqcand":160002514615,"n":16004,"nm":"CANDIDATO 16004","nmu":"CANDIDATO 16004","s":"F","dt":"04/11/1967","dvt":"Válido"},{"sqcand":160002514622,"n":16011,"nm":"CANDIDATO 16011","nmu":"CANDIDATO 16011","s":"M","dt":"06/07/1929","dvt":"Válido"}]}]},{"n":160000336447,"nm":"COLIGACAO 160000336447","tp":"P","com":"P14","par":[{"n":14,"sg":" P14 ","nm":"PARTIDO 14","cand":[{"sqcand":160002514595,"n":14001,"nm":"CANDIDATO 14001","nmu":"CANDIDATO 14001","s":"F","dt":"30/08/1927","dvt":"Válido"},{"sqcand":160002514598,"n":14004,"nm":"CANDIDATO 14004","nmu":"CANDIDATO 14004","s":"F","dt":"23/10/1929","dvt":"Válido"},{"sqcand":160002514602,"n":14008,"nm":"CANDIDATO 14008","nmu":"CANDIDATO 14008","s":"M","dt":"30/01/1929","dvt":"Válido"},{"sqcand":160002514605,"n":14011,"nm":"CANDIDATO 14011","nmu":"CANDIDATO 14011","s":"M","dt":"27/11/1929","dvt":"Válido"},{"sqcand":160002514597,"n":14003,"nm":"CANDIDATO 14003","nmu":"CANDIDATO 14003","s":"F","dt":"29/08/1928","dvt":"Válido"},{"sqcand":160002514599,"n":14005,"nm":"CANDIDATO 14005","nmu":"CANDIDATO 14005","s":"M","dt":"12/05/1929","dvt":"Válido"},{"sqcand":160002514607,"n":14013,"nm":"CANDIDATO 14013","nmu":"CANDIDATO 14013","s":"M","dt":"22/09/1929","dvt":"Válido"},{"sqcand":160002514601,"n":14007,"nm":"CANDIDATO 14007","nmu":"CANDIDATO 14007","s":"M","dt":"19/09/1978","dvt":"Válido"},{"sqcand":160002514600,"n":14006,"nm":"CANDIDATO 14006","nmu":"CANDIDATO 14006","s":"M","dt":"24/01/1929","dvt":"Válido"},{"sqcand":160002514604,"n":14010,"nm":"CANDIDATO 14010","nmu":"CANDIDATO 14010","s":"M","dt":"23/06/1984","dvt":"Válido"},{"sqcand":160002514608,"n":14014,"nm":"CANDIDATO 14014","nmu":"CANDIDATO 14014","s":"M","dt":"11/06/1929","dvt":"Válido"},{"sqcand":160002514609,"n":14015,"nm":"CANDIDATO 14015","nmu":"CANDIDATO 14015","s":"M","dt":"11/12/1920","dvt":"Válido"},{"sqcand":160002514596,"n":14002,"nm":"CANDIDATO 14002","nmu":"CANDIDATO 14002","s":"F","dt":"05/10/1965","dvt":"Válido"},{"sqcand":160002514603,"n":14009,"nm":"CANDIDATO 14009","nmu":"CANDIDATO 14009","s":"M","dt":"20/08/1928","dvt":"Válido"},{"sqcand":160002514606,"n":14012,"nm":"CANDIDATO 14012","nmu":"CANDIDATO 14012","s":"M","dt":"29/08/1929","dvt":"Válido"}]}]}]}}