{"ele":8707,"carper":13,"t":1,"f":"S","esae":"N","mnae":" ","dg":"13/10/2020","hg":"20:06:07","dv":"S","nadf":"pr75205-c0013-e008707-006-f","abr":[{"dt":"13/10/2020","ht":"16:55:02","tf":"N","and":"P","s":59,"st":59,"pst":" 100,00","snt":0,"psnt":"   0,00","si":59,"psi":" 100,00","sni":0,"psni":"   0,00","sa":59,"psa":" 100,00","sna":0,"psna":"   0,00","e":18292,"ea":18292,"pea":" 100,00","ena":0,"pena":"   0,00","esi":18292,"pesi":" 100,00","esni":0,"pesni":"   0,00","c":15574,"pc":"  85,14","a":2718,"pa":"  14,86","tv":15574,"vscv":0,"vb":456,"pvb":"   2,92","tvn":817,"ptvn":"   5,25","vn":817,"pvn":" 100,00","vnt":0,"pvnt":"   0,00","vp":0,"pvp":"   0,00","vv":14301,"pvv":" 100,00","vl":1537,"pvl":"  10,75","van":0,"pvan":"   0,00","vansj":0,"pvansj":"   0,00","vnom":12764,"pvnom":"  89,25","cand":[{"seq":10,"n":23010,"e":"N","vap":486,"pvap":"   3,12","st":""},{"seq":4,"n":23005,"e":"N","vap":738,"pvap":"   4,74","st":""},{"seq":28,"n":23011,"e":"N","vap":194,"pvap":"   1,25","st":""},{"seq":20,"n":23008,"e":"N","vap":307,"pvap":"   1,97","st":""},{"seq":26,"n":23006,"e":"N","vap":215,"pvap":"   1,38","st":""},{"seq":9,"n":23012,"e":"N","vap":530,"pvap":"   3,40","st":""},{"seq":18,"n":23009,"e":"N","vap":345,"pvap":"   2,22","st":""},{"seq":13,"n":23001,"e":"N","vap":452,"pvap":"   2,90","st":""},{"seq":14,"n":23007,"e":"N","vap":433,"pvap":"   2,78","st":""},{"seq":21,"n":23002,"e":"N","vap":301,"pvap":"   1,93","st":""},{"seq":24,"n":23015,"e":"N","vap":236,"pvap":"   1,52","st":""},{"seq":7,"n":23013,"e":"N","vap":581,"pvap":"   3,73","st":""},{"seq":15,"n":23003,"e":"N","vap":424,"pvap":"   2,72","st":""},{"seq":12,"n":23004,"e":"N","vap":469,"pvap":"   3,01","st":""},{"seq":27,"n":23014,"e":"N","vap":201,"pvap":"   1,29","st":""},{"seq":11,"n":16004,"e":"N","vap":483,"pvap":"   3,10","st":""},{"seq":2,"n":16012,"e":"N","vap":797,"pvap":"   5,12","st":""},{"seq":8,"n":16007,"e":"N","vap":537,"pvap":"   3,45","st":""},{"seq":23,"n":16015,"e":"N","vap":286,"pvap":"   1,84","st":""},{"seq":22,"n":16009,"e":"N","vap":299,"pvap":"   1,92","st":""},{"seq":1,"n":16014,"e":"N","vap":845,"pvap":"   5,43","st":""},{"seq":25,"n":16011,"e":"N","vap":217,"pvap":"   1,39","st":""},{"seq":29,"n":16008,"e":"N","vap":119,"pvap":"   0,76","st":""},{"seq":17,"n":16001,"e":"N","vap":376,"pvap":"   2,41","st":""},{"seq":30,"n":16005,"e":"N","vap":112,"pvap":"   0,72","st":""},{"seq":19,"n":16013,"e":"N","vap":325,"pvap":"   2,09","st":""},{"seq":5,"n":16002,"e":"N","vap":687,"pvap":"   4,41","st":""},{"seq":6,"n":16010,"e":"N","vap":641,"pvap":"   4,12","st":""},{"seq":3,"n":16006,"e":"N","vap":750,"pvap":"   4,82","st":""},{"seq":16,"n":16003,"e":"N","vap":378,"pvap":"   2,43","st":""}],"tpabr":"MU","cdabr":"75205","colig":[{"n":160000336324,"tvtn":5912,"tvtl":1228,"tvan":5912,"tval":1228,"vag":7},{"n":160000336322,"tvtn":6852,"tvtl":309,"tvan":6852,"tval":309,"vag":8}],"part":[{"n":23,"tvtn":5912,"tvtl":1228,"tvan":5912,"tval":1228},{"n":16,"tvtn":6852,"tvtl":309,"tvan":6852,"tval":309}]},{"dt":"13/10/2020","ht":"16:55:02","tf":"N","and":"P","s":59,"st":59,"pst":" 100,00","snt":0,"psnt":"0","si":59,"psi":" 100,00","sni":0,"psni":"   0,00","sa":59,"psa":" 100,00","sna":0,"psna":"   0,00","e":18292,"ea":18292,"pea":" 100,00","ena":0,"pena":"   0,00","esi":18292,"pesi":" 100,00","esni":0,"pesni":"   0,00","c":15574,"pc":"  85,14","a":2718,"pa":"  14,86","tv":15574,"vscv":0,"vb":456,"pvb":"   2,92","tvn":817,"ptvn":"   5,25","vn":817,"pvn":" 100,00","vp":0,"pvp":"   0,00","vv":14301,"pvv":" 100,00","vl":1537,"pvl":"  10,75","van":0,"pvan":"   0,00","vansj":0,"pvansj":"   0,00","vnom":12764,"pvnom":"  89,25","cand":[{"seq":10,"n":23010,"e":"N","vap":486,"pvap":"   3,12","st":""},{"seq":4,"n":23005,"e":"N","vap":738,"pvap":"   4,74","st":""},{"seq":28,"n":23011,"e":"N","vap":194,"pvap":"   1,25","st":""},{"seq":20,"n":23008,"e":"N","vap":307,"pvap":"   1,97","st":""},{"seq":26,"n":23006,"e":"N","vap":215,"pvap":"   1,38","st":""},{"seq":9,"n":23012,"e":"N","vap":530,"pvap":"   3,40","st":""},{"seq":18,"n":23009,"e":"N","vap":345,"pvap":"   2,22","st":""},{"seq":13,"n":23001,"e":"N","vap":452,"pvap":"   2,90","st":""},{"seq":14,"n":23007,"e":"N","vap":433,"pvap":"   2,78","st":""},{"seq":21,"n":23002,"e":"N","vap":301,"pvap":"   1,93","st":""},{"seq":24,"n":23015,"e":"N","vap":236,"pvap":"   1,52","st":""},{"seq":7,"n":23013,"e":"N","vap":581,"pvap":"   3,73","st":""},{"seq":15,"n":23003,"e":"N","vap":424,"pvap":"   2,72","st":""},{"seq":12,"n":23004,"e":"N","vap":469,"pvap":"   3,01","st":""},{"seq":27,"n":23014,"e":"N","vap":201,"pvap":"   1,29","st":""},{"seq":11,"n":16004,"e":"N","vap":483,"pvap":"   3,10","st":""},{"seq":2,"n":16012,"e":"N","vap":797,"pvap":"   5,12","st":""},{"seq":8,"n":16007,"e":"N","vap":537,"pvap":"   3,45","st":""},{"seq":23,"n":16015,"e":"N","vap":286,"pvap":"   1,84","st":""},{"seq":22,"n":16009,"e":"N","vap":299,"pvap":"   1,92","st":""},{"seq":1,"n":16014,"e":"N","vap":845,"pvap":"   5,43","st":""},{"seq":25,"n":16011,"e":"N","vap":217,"pvap":"   1,39","st":""},{"seq":29,"n":16008,"e":"N","vap":119,"pvap":"   0,76","st":""},{"seq":17,"n":16001,"e":"N","vap":376,"pvap":"   2,41","st":""},{"seq":30,"n":16005,"e":"N","vap":112,"pvap":"   0,72","st":""},{"seq":19,"n":16013,"e":"N","vap":325,"pvap":"   2,09","st":""},{"seq":5,"n":16002,"e":"N","vap":687,"pvap":"   4,41","st":""},{"seq":6,"n":16010,"e":"N","vap":641,"pvap":"   4,12","st":""},{"seq":3,"n":16006,"e":"N","vap":750,"pvap":"   4,82","st":""},{"seq":16,"n":16003,"e":"N","vap":378,"pvap":"   2,43","st":""}],"tpabr":"ZONA","cdabr":"182"}]}