{
    "cdabr": "75230",
    "f": "S",
    "dg": "13/10/2020",
    "v": "005",
    "t": 1,
    "nmabr": "CORB\u00c9LIA",
    "ele": 8707,
    "carg": {
        "nmm": "Prefeito",
        "nmn": "Prefeito",
        "cd": 11,
        "nmf": "Prefeita",
        "nv": 1,
        "col": [
            {
                "n": 160000328618,
                "par": [
                    {
                        "n": 16,
                        "sg": " P16 ",
                        "cand": [
                            {
                                "vs": [
                                    {
                                        "nmu": "CANDIDATO 16 1",
                                        "sgp": "P16",
                                        "sqcand": 160002486656,
                                        "tp": "V",
                                        "nm": "CANDIDATO 16 1"
                                    }
                                ],
                                "dt": "17/03/1929",
                                "sqcand": 160002486655,
                                "dvt": "V\u00e1lido",
                                "nm": "CANDIDATO 16",
                                "n": 16,
                                "nmu": "CANDIDATO 16",
                                "s": "M"
                            }
                        ],
                        "nm": "PARTIDO 16"
                    }
                ],
                "tp": "P",
                "nm": "COLIGACAO 160000328618",
                "com": "P16"
            },
            {
                "n": 160000328579,
                "par": [
                    {
                        "n": 14,
                        "sg": " P14 ",
                        "cand": [
                            {
                                "vs": [
                                    {
                                        "nmu": "CANDIDATO 14 1",
                                        "sgp": "P14",
                                        "sqcand": 160002486455,
                                        "tp": "V",
                                        "nm": "CANDIDATO 14 1"
                                    }
                                ],
                                "dt": "05/12/1929",
                                "sqcand": 160002486454,
                                "dvt": "V\u00e1lido",
                                "nm": "CANDIDATO 14",
                                "n": 14,
                                "nmu": "CANDIDATO 14",
                                "s": "M"
                            }
                        ],
                        "nm": "PARTIDO 14"
                    }
                ],
                "tp": "P",
                "nm": "COLIGACAO 160000328579",
                "com": "P14"
            }
        ]
    },
    "br": {
        "uf": [
            {
                "mun": [
                    {
                        "e": 13875,
                        "c": "N",
                        "nm": "CORB\u00c9LIA",
                        "cd": "75230",
                        "tzon": 1,
                        "zon": [
                            {
                                "cd": "0126",
                                "e": 13875,
                                "s": 50
                            }
                        ],
                        "s": 50
                    }
                ],
                "sg": "PR",
                "nm": "PARAN\u00c1"
            }
        ],
        "nm": "Brasil"
    },
    "hg": "20:03:34",
    "s": "N"
}