{"ele":8707,"cdabr":"75191","nmabr":"CONSELHEIRO MAIRINCK","t":1,"f":"S","s":"N","dg":"13/10/2020","hg":"20:03:44","v":"005","br":{"nm":"Brasil","uf":[{"sg":"PR","nm":"PARANÁ","mun":[{"cd":"75191","nm":"CONSELHEIRO MAIRINCK","c":"N","s":11,"e":2806,"tzon":1,"zon":[{"cd":"0079","s":11,"e":2806}]}]}]},"carg":{"cd":13,"nmn":"Vereador","nmm":"Vereador","nmf":"Vereadora","nv":15,"col":[{"n":160000322329,"nm":"COLIGACAO 160000322329","tp":"P","com":"P16","par":[{"n":16,"sg":" P16 ","nm":"PARTIDO 16","cand":[{"sqcand":160002464642,"n":16001,"nm":"CANDIDATO 16001","nmu":"CANDIDATO 16001","s":"F","dt":"12/11/1929","dvt":"Válido"},{"sqcand":160002464643,"n":16002,"nm":"CANDIDATO 16002","nmu":"CANDIDATO 16002","s":"F","dt":"31/10/1929","dvt":"Válido"},{"sqcand":160002464646,"n":16005,"nm":"CANDIDATO 16005","nmu":"CANDIDATO 16005","s":"M","dt":"14/10/1926","dvt":"Válido"},{"sqcand":160002464652,"n":16011,"nm":"CANDIDATO 16011","nmu":"CANDIDATO 16011","s":"M","dt":"05/04/1926","dvt":"Válido"},{"sqcand":160002464653,"n":16012,"nm":"CANDIDATO 16012","nmu":"CANDIDATO 16012","s":"M","dt":"17/09/1980","dvt":"Válido"},{"sqcand":160002464644,"n":16003,"nm":"CANDIDATO 16003","nmu":"CANDIDATO 16003","s":"F","dt":"15/01/1929","dvt":"Válido"},{"sqcand":160002464649,"n":16008,"nm":"CANDIDATO 16008","nmu":"CANDIDATO 16008","s":"M","dt":"18/10/1924","dvt":"Válido"},{"sqcand":160002464655,"n":16014,"nm":"CANDIDATO 16014","nmu":"CANDIDATO 16014","s":"M","dt":"01/01/1963","dvt":"Válido"},{"sqcand":160002464656,"n":16015,"nm":"CANDIDATO 16015","nmu":"CANDIDATO 16015","s":"M","dt":"18/07/1925","dvt":"Válido"},{"sqcand":160002464647,"n":16006,"nm":"CANDIDATO 16006","nmu":"CANDIDATO 16006","s":"M","dt":"20/09/1923","dvt":"Válido"},{"sqcand":160002464654,"n":16013,"nm":"CANDIDATO 16013","nmu":"CANDIDATO 16013","s":"M","dt":"20/01/1928","dvt":"Válido"},{"sqcand":160002464645,"n":16004,"nm":"CANDIDATO 16004","nmu":"CANDIDATO 16004","s":"F","dt":"02/12/1928","dvt":"Válido"},{"sqcand":160002464648,"n":16007,"nm":"CANDIDATO 16007","nmu":"CANDIDATO 16007","s":"M","dt":"09/10/1961","dvt":"Válido"},{"sqcand":160002464650,"n":16009,"nm":"CANDIDATO 16009","nmu":"CANDIDATO 16009","s":"M","dt":"24/06/1926","dvt":"Válido"},{"sqcand":160002464651,"n":16010,"nm":"CANDIDATO 16010","nmu":"CANDIDATO 16010","s":"M","dt":"02/03/1972","dvt":"Válido"}]}]},{"n":160000322323,"nm":"COLIGACAO 160000322323","tp":"P","com":"P14","par":[{"n":14,"sg":" P14 ","nm":"PARTIDO 14","cand":[{"sqcand":160002464595,"n":14005,"nm":"CANDIDATO 14005","nmu":"CANDIDATO 14005","s":"M","dt":"03/08/1981","dvt":"Válido"},{"sqcand":160002464594,"n":14004,"nm":"CANDIDATO 14004","nmu":"CANDIDATO 14004","s":"F","dt":"16/07/1927","dvt":"Válido"},{"sqcand":160002464601,"n":14011,"nm":"CANDIDATO 14011","nmu":"CANDIDATO 14011","s":"M","dt":"20/10/1986","dvt":"Válido"},{"sqcand":160002464600,"n":14010,"nm":"CANDIDATO 14010","nmu":"CANDIDATO 14010","s":"M","dt":"25/02/1925","dvt":"Válido"},{"sqcand":160002464603,"n":14013,"nm":"CANDIDATO 14013","nmu":"CANDIDATO 14013","s":"M","dt":"16/05/1929","dvt":"Válido"},{"sqcand":160002464591,"n":14001,"nm":"CANDIDATO 14001","nmu":"CANDIDATO 14001","s":"F","dt":"23/08/1928","dvt":"Válido"},{"sqcand":160002464593,"n":14003,"nm":"CANDIDATO 14003","nmu":"CANDIDATO 14003","s":"F","dt":"25/10/1929","dvt":"Válido"},{"sqcand":160002464592,"n":14002,"nm":"CANDIDATO 14002","nmu":"CANDIDATO 14002","s":"F","dt":"28/03/1963","dvt":"Válido"},{"sqcand":160002464598,"n":14008,"nm":"CANDIDATO 14008","nmu":"CANDIDATO 14008","s":"M","dt":"23/07/1926","dvt":"Válido"},{"sqcand":160002464596,"n":14006,"nm":"CANDIDATO 14006","nmu":"CANDIDATO 14006","s":"M","dt":"20/04/1929","dvt":"Válido"},{"sqcand":160002464597,"n":14007,"nm":"CANDIDATO 14007","nmu":"CANDIDATO 14007","s":"M","dt":"18/10/1929","dvt":"Válido"},{"sqcand":160002464602,"n":14012,"nm":"CANDIDATO 14012","nmu":"CANDIDATO 14012","s":"M","dt":"25/12/1928","dvt":"Válido"},{"sqcand":160002464604,"n":14014,"nm":"CANDIDATO 14014","nmu":"CANDIDATO 14014","s":"M","dt":"10/08/1924","dvt":"Válido"},{"sqcand":160002464599,"n":14009,"nm":"CANDIDATO 14009","nmu":"CANDIDATO 14009","s":"M","dt":"12/11/1963","dvt":"Válido"},{"sqcand":160002464605,"n":14015,"nm":"CANDIDATO 14015","nmu":"CANDIDATO 14015","s":"M","dt":"25/01/1925","dvt":"Válido"}]}]}]}}