{"ele":8707,"cdabr":"75205","nmabr":"CAMPO MAGRO","t":1,"f":"S","s":"N","dg":"13/10/2020","hg":"20:03:42","v":"005","br":{"nm":"Brasil","uf":[{"sg":"PR","nm":"PARANÁ","mun":[{"cd":"75205","nm":"CAMPO MAGRO","c":"N","s":59,"e":18292,"tzon":1,"zon":[{"cd":"0182","s":59,"e":18292}]}]}]},"carg":{"cd":13,"nmn":"Vereador","nmm":"Vereador","nmf":"Vereadora","nv":15,"col":[{"n":160000336324,"nm":"COLIGACAO 160000336324","tp":"P","com":"P23","par":[{"n":23,"sg":" P23 ","nm":"PARTIDO 23","cand":[{"sqcand":160002514003,"n":23014,"nm":"CANDIDATO 23014","nmu":"CANDIDATO 23014","s":"M","dt":"06/12/1994","dvt":"Válido"},{"sqcand":160002513990,"n":23001,"nm":"CANDIDATO 23001","nmu":"CANDIDATO 23001","s":"F","dt":"10/06/1929","dvt":"Válido"},{"sqcand":160002513995,"n":23006,"nm":"CANDIDATO 23006","nmu":"CANDIDATO 23006","s":"M","dt":"10/08/1929","dvt":"Válido"},{"sqcand":160002513998,"n":23009,"nm":"CANDIDATO 23009","nmu":"CANDIDATO 23009","s":"M","dt":"01/06/1928","dvt":"Válido"},{"sqcand":160002513991,"n":23002,"nm":"CANDIDATO 23002","nmu":"CANDIDATO 23002","s":"F","dt":"13/01/1929","dvt":"Válido"},{"sqcand":160002513992,"n":23003,"nm":"CANDIDATO 23003","nmu":"CANDIDATO 23003","s":"F","dt":"10/11/1925","dvt":"Válido"},{"sqcand":160002513993,"n":23004,"nm":"CANDIDATO 23004","nmu":"CANDIDATO 23004","s":"F","dt":"25/08/1926","dvt":"Válido"},{"sqcand":160002514000,"n":23011,"nm":"CANDIDATO 23011","nmu":"CANDIDATO 23011","s":"M","dt":"04/01/1929","dvt":"Válido"},{"sqcand":160002514004,"n":23015,"nm":"CANDIDATO 23015","nmu":"CANDIDATO 23015","s":"M","dt":"04/07/1929","dvt":"Válido"},{"sqcand":160002513994,"n":23005,"nm":"CANDIDATO 23005","nmu":"CANDIDATO 23005","s":"M","dt":"12/10/1928","dvt":"Válido"},{"sqcand":160002513999,"n":23010,"nm":"CANDIDATO 23010","nmu":"CANDIDATO 23010","s":"M","dt":"16/09/1929","dvt":"Válido"},{"sqcand":160002514001,"n":23012,"nm":"CANDIDATO 23012","nmu":"CANDIDATO 23012","s":"M","dt":"05/12/1929","dvt":"Válido"},{"sqcand":160002514002,"n":23013,"nm":"CANDIDATO 23013","nmu":"CANDIDATO 23013","s":"M","dt":"26/07/1960","dvt":"Válido"},{"sqcand":160002513996,"n":23007,"nm":"CANDIDATO 23007","nmu":"CANDIDATO 23007","s":"M","dt":"09/07/1988","dvt":"Válido"},{"sqcand":160002513997,"n":23008,"nm":"CANDIDATO 23008","nmu":"CANDIDATO 23008","s":"M","dt":"30/09/1965","dvt":"Válido"}]}]},{"n":160000336322,"nm":"COLIGACAO 160000336322","tp":"P","com":"P16","par":[{"n":16,"sg":" P16 ","nm":"PARTIDO 16","cand":[{"sqcand":160002513961,"n":16002,"nm":"CANDIDATO 16002","nmu":"CANDIDATO 16002","s":"F","dt":"23/11/1923","dvt":"Válido"},{"sqcand":160002513970,"n":16011,"nm":"CANDIDATO 16011","nmu":"CANDIDATO 16011","s":"M","dt":"15/06/1929","dvt":"Válido"},{"sqcand":160002513972,"n":16013,"nm":"CANDIDATO 16013","nmu":"CANDIDATO 16013","s":"M","dt":"17/09/1929","dvt":"Válido"},{"sqcand":160002513963,"n":16004,"nm":"CANDIDATO 16004","nmu":"CANDIDATO 16004","s":"F","dt":"10/02/1926","dvt":"Válido"},{"sqcand":160002513965,"n":16006,"nm":"CANDIDATO 16006","nmu":"CANDIDATO 16006","s":"M","dt":"02/04/1929","dvt":"Válido"},{"sqcand":160002513967,"n":16008,"nm":"CANDIDATO 16008","nmu":"CANDIDATO 16008","s":"M","dt":"05/02/1929","dvt":"Válido"},{"sqcand":160002513968,"n":16009,"nm":"CANDIDATO 16009","nmu":"CANDIDATO 16009","s":"M","dt":"25/07/1920","dvt":"Válido"},{"sqcand":160002513966,"n":16007,"nm":"CANDIDATO 16007","nmu":"CANDIDATO 16007","s":"M","dt":"19/10/1929","dvt":"Válido"},{"sqcand":160002513964,"n":16005,"nm":"CANDIDATO 16005","nmu":"CANDIDATO 16005","s":"M","dt":"20/11/1928","dvt":"Válido"},{"sqcand":160002513962,"n":16003,"nm":"CANDIDATO 16003","nmu":"CANDIDATO 16003","s":"F","dt":"24/01/1984","dvt":"Válido"},{"sqcand":160002513973,"n":16014,"nm":"CANDIDATO 16014","nmu":"CANDIDATO 16014","s":"M","dt":"11/09/1929","dvt":"Válido"},{"sqcand":160002513974,"n":16015,"nm":"CANDIDATO 16015","nmu":"CANDIDATO 16015","s":"M","dt":"15/07/1925","dvt":"Válido"},{"sqcand":160002513960,"n":16001,"nm":"CANDIDATO 16001","nmu":"CANDIDATO 16001","s":"F","dt":"18/06/1927","dvt":"Válido"},{"sqcand":160002513969,"n":16010,"nm":"CANDIDATO 16010","nmu":"CANDIDATO 16010","s":"M","dt":"25/04/1962","dvt":"Válido"},{"sqcand":160002513971,"n":16012,"nm":"CANDIDATO 16012","nmu":"CANDIDATO 16012","s":"M","dt":"07/10/1928","dvt":"Válido"}]}]}]}}