{"ele":8707,"cdabr":"75035","nmabr":"CHOPINZINHO","t":1,"f":"S","s":"N","dg":"13/10/2020","hg":"20:03:42","v":"005","br":{"nm":"Brasil","uf":[{"sg":"PR","nm":"PARANÁ","mun":[{"cd":"75035","nm":"CHOPINZINHO","c":"N","s":56,"e":15875,"tzon":1,"zon":[{"cd":"0103","s":56,"e":15875}]}]}]},"carg":{"cd":13,"nmn":"Vereador","nmm":"Vereador","nmf":"Vereadora","nv":15,"col":[{"n":160000330694,"nm":"COLIGACAO 160000330694","tp":"P","com":"P16","par":[{"n":16,"sg":" P16 ","nm":"PARTIDO 16","cand":[{"sqcand":160002496644,"n":16013,"nm":"CANDIDATO 16013","nmu":"CANDIDATO 16013","s":"M","dt":"08/08/1929","dvt":"Válido"},{"sqcand":160002496645,"n":16014,"nm":"CANDIDATO 16014","nmu":"CANDIDATO 16014","s":"M","dt":"15/07/1929","dvt":"Válido"},{"sqcand":160002496641,"n":16010,"nm":"CANDIDATO 16010","nmu":"CANDIDATO 16010","s":"M","dt":"01/02/1929","dvt":"Válido"},{"sqcand":160002496633,"n":16002,"nm":"CANDIDATO 16002","nmu":"CANDIDATO 16002","s":"F","dt":"25/10/1929","dvt":"Válido"},{"sqcand":160002496634,"n":16003,"nm":"CANDIDATO 16003","nmu":"CANDIDATO 16003","s":"F","dt":"11/08/1925","dvt":"Válido"},{"sqcand":160002496635,"n":16004,"nm":"CANDIDATO 16004","nmu":"CANDIDATO 16004","s":"F","dt":"10/12/1929","dvt":"Válido"},{"sqcand":160002496642,"n":16011,"nm":"CANDIDATO 16011","nmu":"CANDIDATO 16011","s":"M","dt":"17/05/1978","dvt":"Válido"},{"sqcand":160002496636,"n":16005,"nm":"CANDIDATO 16005","nmu":"CANDIDATO 16005","s":"M","dt":"08/02/1929","dvt":"Válido"},{"sqcand":160002496632,"n":16001,"nm":"CANDIDATO 16001","nmu":"CANDIDATO 16001","s":"F","dt":"10/10/1929","dvt":"Válido"},{"sqcand":160002496643,"n":16012,"nm":"CANDIDATO 16012","nmu":"CANDIDATO 16012","s":"M","dt":"20/07/1988","dvt":"Válido"},{"sqcand":160002496646,"n":16015,"nm":"CANDIDATO 16015","nmu":"CANDIDATO 16015","s":"M","dt":"29/07/1929","dvt":"Válido"},{"sqcand":160002496638,"n":16007,"nm":"CANDIDATO 16007","nmu":"CANDIDATO 16007","s":"M","dt":"31/07/1929","dvt":"Válido"},{"sqcand":160002496639,"n":16008,"nm":"CANDIDATO 16008","nmu":"CANDIDATO 16008","s":"M","dt":"06/08/1964","dvt":"Válido"},{"sqcand":160002496640,"n":16009,"nm":"CANDIDATO 16009","nmu":"CANDIDATO 16009","s":"M","dt":"21/01/1924","dvt":"Válido"},{"sqcand":160002496637,"n":16006,"nm":"CANDIDATO 16006","nmu":"CANDIDATO 16006","s":"M","dt":"14/03/1956","dvt":"Válido"}]}]},{"n":160000330692,"nm":"COLIGACAO 160000330692","tp":"P","com":"P14","par":[{"n":14,"sg":" P14 ","nm":"PARTIDO 14","cand":[{"sqcand":160002496615,"n":14001,"nm":"CANDIDATO 14001","nmu":"CANDIDATO 14001","s":"F","dt":"18/02/1929","dvt":"Válido"},{"sqcand":160002496621,"n":14007,"nm":"CANDIDATO 14007","nmu":"CANDIDATO 14007","s":"M","dt":"04/10/1923","dvt":"Válido"},{"sqcand":160002496624,"n":14010,"nm":"CANDIDATO 14010","nmu":"CANDIDATO 14010","s":"M","dt":"23/09/1929","dvt":"Válido"},{"sqcand":160002496618,"n":14004,"nm":"CANDIDATO 14004","nmu":"CANDIDATO 14004","s":"F","dt":"14/11/1929","dvt":"Válido"},{"sqcand":160002496619,"n":14005,"nm":"CANDIDATO 14005","nmu":"CANDIDATO 14005","s":"M","dt":"25/01/1926","dvt":"Válido"},{"sqcand":160002496620,"n":14006,"nm":"CANDIDATO 14006","nmu":"CANDIDATO 14006","s":"M","dt":"11/12/1929","dvt":"Válido"},{"sqcand":160002496617,"n":14003,"nm":"CANDIDATO 14003","nmu":"CANDIDATO 14003","s":"F","dt":"07/11/1929","dvt":"Válido"},{"sqcand":160002496623,"n":14009,"nm":"CANDIDATO 14009","nmu":"CANDIDATO 14009","s":"M","dt":"26/11/1928","dvt":"Válido"},{"sqcand":160002496625,"n":14011,"nm":"CANDIDATO 14011","nmu":"CANDIDATO 14011","s":"M","dt":"12/07/1929","dvt":"Válido"},{"sqcand":160002496627,"n":14013,"nm":"CANDIDATO 14013","nmu":"CANDIDATO 14013","s":"M","dt":"31/03/1929","dvt":"Válido"},{"sqcand":160002496628,"n":14014,"nm":"CANDIDATO 14014","nmu":"CANDIDATO 14014","s":"M","dt":"20/05/1929","dvt":"Válido"},{"sqcand":160002496616,"n":14002,"nm":"CANDIDATO 14002","nmu":"CANDIDATO 14002","s":"F","dt":"15/09/1922","dvt":"Válido"},{"sqcand":160002496622,"n":14008,"nm":"CANDIDATO 14008","nmu":"CANDIDATO 14008","s":"M","dt":"04/05/1928","dvt":"Válido"},{"sqcand":160002496626,"n":14012,"nm":"CANDIDATO 14012","nmu":"CANDIDATO 14012","s":"M","dt":"14/05/1929","dvt":"Válido"},{"sqcand":160002496629,"n":14015,"nm":"CANDIDATO 14015","nmu":"CANDIDATO 14015","s":"M","dt":"29/12/1929","dvt":"Válido"}]}]}]}}