{"ele":8707,"cdabr":"75140","nmabr":"BOA VENTURA DE SÃO ROQUE","t":1,"f":"S","s":"N","dg":"13/10/2020","hg":"20:03:36","v":"005","br":{"nm":"Brasil","uf":[{"sg":"PR","nm":"PARANÁ","mun":[{"cd":"75140","nm":"BOA VENTURA DE SÃO ROQUE","c":"N","s":22,"e":4864,"tzon":1,"zon":[{"cd":"0038","s":22,"e":4864}]}]}]},"carg":{"cd":11,"nmn":"Prefeito","nmm":"Prefeito","nmf":"Prefeita","nv":1,"col":[{"n":160000323333,"nm":"COLIGACAO 160000323333","tp":"P","com":"P16","par":[{"n":16,"sg":" P16 ","nm":"PARTIDO 16","cand":[{"sqcand":160002470633,"n":16,"nm":"CANDIDATO 16","nmu":"CANDIDATO 16","s":"M","dt":"20/04/1929","dvt":"Válido","vs":[{"sqcand":160002470634,"nm":"CANDIDATO 16 1","nmu":"CANDIDATO 16 1","tp":"V","sgp":"P16"}]}]}]},{"n":160000323329,"nm":"COLIGACAO 160000323329","tp":"P","com":"P14","par":[{"n":14,"sg":" P14 ","nm":"PARTIDO 14","cand":[{"sqcand":160002470625,"n":14,"nm":"CANDIDATO 14","nmu":"CANDIDATO 14","s":"M","dt":"17/03/1929","dvt":"Válido","vs":[{"sqcand":160002470626,"nm":"CANDIDATO 14 1","nmu":"CANDIDATO 14 1","tp":"V","sgp":"P14"}]}]}]}]}}