{"ele":8707,"cdabr":"75094","nmabr":"CLEVELÂNDIA","t":1,"f":"S","s":"N","dg":"13/10/2020","hg":"20:03:33","v":"005","br":{"nm":"Brasil","uf":[{"sg":"PR","nm":"PARANÁ","mun":[{"cd":"75094","nm":"CLEVELÂNDIA","c":"N","s":49,"e":12664,"tzon":1,"zon":[{"cd":"0047","s":49,"e":12664}]}]}]},"carg":{"cd":13,"nmn":"Vereador","nmm":"Vereador","nmf":"Vereadora","nv":15,"col":[{"n":160000329075,"nm":"COLIGACAO 160000329075","tp":"P","com":"P14","par":[{"n":14,"sg":" P14 ","nm":"PARTIDO 14","cand":[{"sqcand":160002488790,"n":14002,"nm":"CANDIDATO 14002","nmu":"CANDIDATO 14002","s":"F","dt":"30/01/1928","dvt":"Válido"},{"sqcand":160002488794,"n":14006,"nm":"CANDIDATO 14006","nmu":"CANDIDATO 14006","s":"M","dt":"14/06/1929","dvt":"Válido"},{"sqcand":160002488802,"n":14014,"nm":"CANDIDATO 14014","nmu":"CANDIDATO 14014","s":"M","dt":"24/12/1957","dvt":"Válido"},{"sqcand":160002488801,"n":14013,"nm":"CANDIDATO 14013","nmu":"CANDIDATO 14013","s":"M","dt":"15/05/1929","dvt":"Válido"},{"sqcand":160002488792,"n":14004,"nm":"CANDIDATO 14004","nmu":"CANDIDATO 14004","s":"F","dt":"13/04/1921","dvt":"Válido"},{"sqcand":160002488789,"n":14001,"nm":"CANDIDATO 14001","nmu":"CANDIDATO 14001","s":"F","dt":"15/10/1926","dvt":"Válido"},{"sqcand":160002488798,"n":14010,"nm":"CANDIDATO 14010","nmu":"CANDIDATO 14010","s":"M","dt":"20/11/1925","dvt":"Válido"},{"sqcand":160002488796,"n":14008,"nm":"CANDIDATO 14008","nmu":"CANDIDATO 14008","s":"M","dt":"05/02/1929","dvt":"Válido"},{"sqcand":160002488797,"n":14009,"nm":"CANDIDATO 14009","nmu":"CANDIDATO 14009","s":"M","dt":"30/01/1929","dvt":"Válido"},{"sqcand":160002488803,"n":14015,"nm":"CANDIDATO 14015","nmu":"CANDIDATO 14015","s":"M","dt":"24/12/1929","dvt":"Válido"},{"sqcand":160002488793,"n":14005,"nm":"CANDIDATO 14005","nmu":"CANDIDATO 14005","s":"M","dt":"23/11/1927","dvt":"Válido"},{"sqcand":160002488791,"n":14003,"nm":"CANDIDATO 14003","nmu":"CANDIDATO 14003","s":"F","dt":"15/05/1929","dvt":"Válido"},{"sqcand":160002488799,"n":14011,"nm":"CANDIDATO 14011","nmu":"CANDIDATO 14011","s":"M","dt":"02/05/1925","dvt":"Válido"},{"sqcand":160002488795,"n":14007,"nm":"CANDIDATO 14007","nmu":"CANDIDATO 14007","s":"M","dt":"10/06/1929","dvt":"Válido"},{"sqcand":160002488800,"n":14012,"nm":"CANDIDATO 14012","nmu":"CANDIDATO 14012","s":"M","dt":"13/11/1926","dvt":"Válido"}]}]},{"n":160000329077,"nm":"COLIGACAO 160000329077","tp":"P","com":"P16","par":[{"n":16,"sg":" P16 ","nm":"PARTIDO 16","cand":[{"sqcand":160002488826,"n":16008,"nm":"CANDIDATO 16008","nmu":"CANDIDATO 16008","s":"M","dt":"25/08/1984","dvt":"Válido"},{"sqcand":160002488828,"n":16010,"nm":"CANDIDATO 16010","nmu":"CANDIDATO 16010","s":"M","dt":"10/06/1970","dvt":"Válido"},{"sqcand":160002488821,"n":16003,"nm":"CANDIDATO 16003","nmu":"CANDIDATO 16003","s":"F","dt":"10/04/1929","dvt":"Válido"},{"sqcand":160002488822,"n":16004,"nm":"CANDIDATO 16004","nmu":"CANDIDATO 16004","s":"F","dt":"16/09/1925","dvt":"Válido"},{"sqcand":160002488823,"n":16005,"nm":"CANDIDATO 16005","nmu":"CANDIDATO 16005","s":"M","dt":"29/09/1929","dvt":"Válido"},{"sqcand":160002488825,"n":16007,"nm":"CANDIDATO 16007","nmu":"CANDIDATO 16007","s":"M","dt":"13/06/1920","dvt":"Válido"},{"sqcand":160002488830,"n":16012,"nm":"CANDIDATO 16012","nmu":"CANDIDATO 16012","s":"M","dt":"07/06/1929","dvt":"Válido"},{"sqcand":160002488829,"n":16011,"nm":"CANDIDATO 16011","nmu":"CANDIDATO 16011","s":"M","dt":"02/12/1929","dvt":"Válido"},{"sqcand":160002488820,"n":16002,"nm":"CANDIDATO 16002","nmu":"CANDIDATO 16002","s":"F","dt":"12/10/1929","dvt":"Válido"},{"sqcand":160002488831,"n":16013,"nm":"CANDIDATO 16013","nmu":"CANDIDATO 16013","s":"M","dt":"24/12/1964","dvt":"Válido"},{"sqcand":160002488819,"n":16001,"nm":"CANDIDATO 16001","nmu":"CANDIDATO 16001","s":"F","dt":"05/07/1925","dvt":"Válido"},{"sqcand":160002488824,"n":16006,"nm":"CANDIDATO 16006","nmu":"CANDIDATO 16006","s":"M","dt":"08/05/1929","dvt":"Válido"},{"sqcand":160002488827,"n":16009,"nm":"CANDIDATO 16009","nmu":"CANDIDATO 16009","s":"M","dt":"19/09/1929","dvt":"Válido"},{"sqcand":160002488832,"n":16014,"nm":"CANDIDATO 16014","nmu":"CANDIDATO 16014","s":"M","dt":"24/06/1929","dvt":"Válido"},{"sqcand":160002488833,"n":16015,"nm":"CANDIDATO 16015","nmu":"CANDIDATO 16015","s":"M","dt":"30/03/1961","dvt":"Válido"}]}]}]}}