{"ele":8707,"carper":11,"t":1,"f":"S","esae":"N","mnae":" ","dg":"13/10/2020","hg":"20:06:05","dv":"S","nadf":"pr75086-c0011-e008707-006-f","abr":[{"dt":"13/10/2020","ht":"16:55:01","tf":"N","and":"P","s":17,"st":17,"pst":" 100,00","snt":0,"psnt":"   0,00","si":17,"psi":" 100,00","sni":0,"psni":"   0,00","sa":17,"psa":" 100,00","sna":0,"psna":"   0,00","e":2074,"ea":2074,"pea":" 100,00","ena":0,"pena":"   0,00","esi":2074,"pesi":" 100,00","esni":0,"pesni":"   0,00","c":1772,"pc":"  85,44","a":302,"pa":"  14,56","tv":1772,"vscv":0,"vb":533,"pvb":"  30,08","tvn":338,"ptvn":"  19,07","vn":338,"pvn":" 100,00","vnt":0,"pvnt":"   0,00","vp":0,"pvp":"   0,00","vv":901,"pvv":" 100,00","van":0,"pvan":"   0,00","vansj":0,"pvansj":"   0,00","vnom":901,"pvnom":" 100,00","cand":[{"seq":2,"n":16,"e":"N","vap":349,"pvap":"  19,70","st":""},{"seq":1,"n":14,"e":"N","vap":552,"pvap":"  31,15","st":""}],"tpabr":"MU","cdabr":"75086","colig":[{"n":160000336515,"tvtn":349,"tvtl":0,"tvan":349,"tval":0},{"n":160000336509,"tvtn":552,"tvtl":0,"tvan":552,"tval":0}],"part":[{"n":16,"tvtn":349,"tvtl":0,"tvan":349,"tval":0},{"n":14,"tvtn":552,"tvtl":0,"tvan":552,"tval":0}]},{"dt":"13/10/2020","ht":"16:55:01","tf":"N","and":"P","s":17,"st":17,"pst":" 100,00","snt":0,"psnt":"0","si":17,"psi":" 100,00","sni":0,"psni":"   0,00","sa":17,"psa":" 100,00","sna":0,"psna":"   0,00","e":2074,"ea":2074,"pea":" 100,00","ena":0,"pena":"   0,00","esi":2074,"pesi":" 100,00","esni":0,"pesni":"   0,00","c":1772,"pc":"  85,44","a":302,"pa":"  14,56","tv":1772,"vscv":0,"vb":533,"pvb":"  30,08","tvn":338,"ptvn":"  19,07","vn":338,"pvn":" 100,00","vp":0,"pvp":"   0,00","vv":901,"pvv":" 100,00","van":0,"pvan":"   0,00","vansj":0,"pvansj":"   0,00","vnom":901,"pvnom":" 100,00","cand":[{"seq":2,"n":16,"e":"N","vap":349,"pvap":"  19,70","st":""},{"seq":1,"n":14,"e":"N","vap":552,"pvap":"  31,15","st":""}],"tpabr":"ZONA","cdabr":"196"}]}