{"ele":8707,"cdabr":"75086","nmabr":"ARIRANHA DO IVAÍ","t":1,"f":"S","s":"N","dg":"13/10/2020","hg":"20:03:42","v":"005","br":{"nm":"Brasil","uf":[{"sg":"PR","nm":"PARANÁ","mun":[{"cd":"75086","nm":"ARIRANHA DO IVAÍ","c":"N","s":17,"e":2074,"tzon":1,"zon":[{"cd":"0196","s":17,"e":2074}]}]}]},"carg":{"cd":13,"nmn":"Vereador","nmm":"Vereador","nmf":"Vereadora","nv":15,"col":[{"n":160000336518,"nm":"COLIGACAO 160000336518","tp":"P","com":"P16","par":[{"n":16,"sg":" P16 ","nm":"PARTIDO 16","cand":[{"sqcand":160002514947,"n":16005,"nm":"CANDIDATO 16005","nmu":"CANDIDATO 16005","s":"M","dt":"06/08/1967","dvt":"Válido"},{"sqcand":160002514948,"n":16006,"nm":"CANDIDATO 16006","nmu":"CANDIDATO 16006","s":"M","dt":"23/09/1969","dvt":"Válido"},{"sqcand":160002514951,"n":16009,"nm":"CANDIDATO 16009","nmu":"CANDIDATO 16009","s":"M","dt":"17/02/1982","dvt":"Válido"},{"sqcand":160002514954,"n":16012,"nm":"CANDIDATO 16012","nmu":"CANDIDATO 16012","s":"M","dt":"25/05/1925","dvt":"Válido"},{"sqcand":160002514955,"n":16013,"nm":"CANDIDATO 16013","nmu":"CANDIDATO 16013","s":"M","dt":"08/03/1929","dvt":"Válido"},{"sqcand":160002514956,"n":16014,"nm":"CANDIDATO 16014","nmu":"CANDIDATO 16014","s":"M","dt":"25/03/1968","dvt":"Válido"},{"sqcand":160002514950,"n":16008,"nm":"CANDIDATO 16008","nmu":"CANDIDATO 16008","s":"M","dt":"18/03/1977","dvt":"Válido"},{"sqcand":160002514946,"n":16004,"nm":"CANDIDATO 16004","nmu":"CANDIDATO 16004","s":"F","dt":"22/06/1927","dvt":"Válido"},{"sqcand":160002514949,"n":16007,"nm":"CANDIDATO 16007","nmu":"CANDIDATO 16007","s":"M","dt":"20/03/1926","dvt":"Válido"},{"sqcand":160002514953,"n":16011,"nm":"CANDIDATO 16011","nmu":"CANDIDATO 16011","s":"M","dt":"26/03/1925","dvt":"Válido"},{"sqcand":160002514943,"n":16001,"nm":"CANDIDATO 16001","nmu":"CANDIDATO 16001","s":"F","dt":"01/09/1929","dvt":"Válido"},{"sqcand":160002514957,"n":16015,"nm":"CANDIDATO 16015","nmu":"CANDIDATO 16015","s":"M","dt":"21/07/1929","dvt":"Válido"},{"sqcand":160002514944,"n":16002,"nm":"CANDIDATO 16002","nmu":"CANDIDATO 16002","s":"F","dt":"20/11/1967","dvt":"Válido"},{"sqcand":160002514945,"n":16003,"nm":"CANDIDATO 16003","nmu":"CANDIDATO 16003","s":"F","dt":"11/01/1929","dvt":"Válido"},{"sqcand":160002514952,"n":16010,"nm":"CANDIDATO 16010","nmu":"CANDIDATO 16010","s":"M","dt":"05/06/1994","dvt":"Válido"}]}]},{"n":160000336512,"nm":"COLIGACAO 160000336512","tp":"P","com":"P14","par":[{"n":14,"sg":" P14 ","nm":"PARTIDO 14","cand":[{"sqcand":160002514898,"n":14007,"nm":"CANDIDATO 14007","nmu":"CANDIDATO 14007","s":"M","dt":"10/02/1929","dvt":"Válido"},{"sqcand":160002514902,"n":14011,"nm":"CANDIDATO 14011","nmu":"CANDIDATO 14011","s":"M","dt":"12/11/1920","dvt":"Válido"},{"sqcand":160002514904,"n":14013,"nm":"CANDIDATO 14013","nmu":"CANDIDATO 14013","s":"M","dt":"25/07/1929","dvt":"Válido"},{"sqcand":160002514893,"n":14002,"nm":"CANDIDATO 14002","nmu":"CANDIDATO 14002","s":"F","dt":"25/05/1929","dvt":"Válido"},{"sqcand":160002514897,"n":14006,"nm":"CANDIDATO 14006","nmu":"CANDIDATO 14006","s":"M","dt":"03/09/1996","dvt":"Válido"},{"sqcand":160002514905,"n":14014,"nm":"CANDIDATO 14014","nmu":"CANDIDATO 14014","s":"M","dt":"29/09/1929","dvt":"Válido"},{"sqcand":160002514906,"n":14015,"nm":"CANDIDATO 14015","nmu":"CANDIDATO 14015","s":"M","dt":"26/10/1929","dvt":"Válido"},{"sqcand":160002514894,"n":14003,"nm":"CANDIDATO 14003","nmu":"CANDIDATO 14003","s":"F","dt":"05/01/1973","dvt":"Válido"},{"sqcand":160002514896,"n":14005,"nm":"CANDIDATO 14005","nmu":"CANDIDATO 14005","s":"M","dt":"28/03/1976","dvt":"Válido"},{"sqcand":160002514899,"n":14008,"nm":"CANDIDATO 14008","nmu":"CANDIDATO 14008","s":"M","dt":"21/02/1922","dvt":"Válido"},{"sqcand":160002514901,"n":14010,"nm":"CANDIDATO 14010","nmu":"CANDIDATO 14010","s":"M","dt":"06/12/1950","dvt":"Válido"},{"sqcand":160002514903,"n":14012,"nm":"CANDIDATO 14012","nmu":"CANDIDATO 14012","s":"M","dt":"29/05/1929","dvt":"Válido"},{"sqcand":160002514895,"n":14004,"nm":"CANDIDATO 14004","nmu":"CANDIDATO 14004","s":"F","dt":"16/06/1927","dvt":"Válido"},{"sqcand":160002514900,"n":14009,"nm":"CANDIDATO 14009","nmu":"CANDIDATO 14009","s":"M","dt":"05/06/1929","dvt":"Válido"},{"sqcand":160002514892,"n":14001,"nm":"CANDIDATO 14001","nmu":"CANDIDATO 14001","s":"F","dt":"18/08/1929","dvt":"Válido"}]}]}]}}