{"ele":8707,"cdabr":"75213","nmabr":"CONTENDA","t":1,"f":"S","s":"N","dg":"13/10/2020","hg":"20:03:42","v":"005","br":{"nm":"Brasil","uf":[{"sg":"PR","nm":"PARANÁ","mun":[{"cd":"75213","nm":"CONTENDA","c":"N","s":36,"e":12143,"tzon":1,"zon":[{"cd":"0050","s":36,"e":12143}]}]}]},"carg":{"cd":13,"nmn":"Vereador","nmm":"Vereador","nmf":"Vereadora","nv":15,"col":[{"n":160000329182,"nm":"COLIGACAO 160000329182","tp":"P","com":"P14","par":[{"n":14,"sg":" P14 ","nm":"PARTIDO 14","cand":[{"sqcand":160002489365,"n":14002,"nm":"CANDIDATO 14002","nmu":"CANDIDATO 14002","s":"F","dt":"24/08/1926","dvt":"Válido"},{"sqcand":160002489366,"n":14003,"nm":"CANDIDATO 14003","nmu":"CANDIDATO 14003","s":"F","dt":"22/12/1929","dvt":"Válido"},{"sqcand":160002489370,"n":14007,"nm":"CANDIDATO 14007","nmu":"CANDIDATO 14007","s":"M","dt":"09/03/1929","dvt":"Válido"},{"sqcand":160002489367,"n":14004,"nm":"CANDIDATO 14004","nmu":"CANDIDATO 14004","s":"F","dt":"02/03/1928","dvt":"Válido"},{"sqcand":160002489368,"n":14005,"nm":"CANDIDATO 14005","nmu":"CANDIDATO 14005","s":"M","dt":"31/07/1929","dvt":"Válido"},{"sqcand":160002489364,"n":14001,"nm":"CANDIDATO 14001","nmu":"CANDIDATO 14001","s":"F","dt":"11/11/1928","dvt":"Válido"},{"sqcand":160002489378,"n":14015,"nm":"CANDIDATO 14015","nmu":"CANDIDATO 14015","s":"M","dt":"05/03/1929","dvt":"Válido"},{"sqcand":160002489371,"n":14008,"nm":"CANDIDATO 14008","nmu":"CANDIDATO 14008","s":"M","dt":"08/10/1929","dvt":"Válido"},{"sqcand":160002489372,"n":14009,"nm":"CANDIDATO 14009","nmu":"CANDIDATO 14009","s":"M","dt":"11/06/1926","dvt":"Válido"},{"sqcand":160002489375,"n":14012,"nm":"CANDIDATO 14012","nmu":"CANDIDATO 14012","s":"M","dt":"14/09/1927","dvt":"Válido"},{"sqcand":160002489369,"n":14006,"nm":"CANDIDATO 14006","nmu":"CANDIDATO 14006","s":"M","dt":"21/05/1924","dvt":"Válido"},{"sqcand":160002489377,"n":14014,"nm":"CANDIDATO 14014","nmu":"CANDIDATO 14014","s":"M","dt":"09/03/1929","dvt":"Válido"},{"sqcand":160002489373,"n":14010,"nm":"CANDIDATO 14010","nmu":"CANDIDATO 14010","s":"M","dt":"26/09/1928","dvt":"Válido"},{"sqcand":160002489374,"n":14011,"nm":"CANDIDATO 14011","nmu":"CANDIDATO 14011","s":"M","dt":"18/09/1929","dvt":"Válido"},{"sqcand":160002489376,"n":14013,"nm":"CANDIDATO 14013","nmu":"CANDIDATO 14013","s":"M","dt":"12/07/1929","dvt":"Válido"}]}]},{"n":160000329184,"nm":"COLIGACAO 160000329184","tp":"P","com":"P16","par":[{"n":16,"sg":" P16 ","nm":"PARTIDO 16","cand":[{"sqcand":160002489408,"n":16015,"nm":"CANDIDATO 16015","nmu":"CANDIDATO 16015","s":"M","dt":"23/04/1929","dvt":"Válido"},{"sqcand":160002489405,"n":16012,"nm":"CANDIDATO 16012","nmu":"CANDIDATO 16012","s":"M","dt":"01/12/1929","dvt":"Válido"},{"sqcand":160002489394,"n":16001,"nm":"CANDIDATO 16001","nmu":"CANDIDATO 16001","s":"F","dt":"30/08/1929","dvt":"Válido"},{"sqcand":160002489400,"n":16007,"nm":"CANDIDATO 16007","nmu":"CANDIDATO 16007","s":"M","dt":"04/10/1929","dvt":"Válido"},{"sqcand":160002489402,"n":16009,"nm":"CANDIDATO 16009","nmu":"CANDIDATO 16009","s":"M","dt":"10/12/1924","dvt":"Válido"},{"sqcand":160002489407,"n":16014,"nm":"CANDIDATO 16014","nmu":"CANDIDATO 16014","s":"M","dt":"26/07/1929","dvt":"Válido"},{"sqcand":160002489396,"n":16003,"nm":"CANDIDATO 16003","nmu":"CANDIDATO 16003","s":"F","dt":"18/02/1922","dvt":"Válido"},{"sqcand":160002489399,"n":16006,"nm":"CANDIDATO 16006","nmu":"CANDIDATO 16006","s":"M","dt":"07/10/1929","dvt":"Válido"},{"sqcand":160002489404,"n":16011,"nm":"CANDIDATO 16011","nmu":"CANDIDATO 16011","s":"M","dt":"31/05/1929","dvt":"Válido"},{"sqcand":160002489406,"n":16013,"nm":"CANDIDATO 16013","nmu":"CANDIDATO 16013","s":"M","dt":"05/11/1929","dvt":"Válido"},{"sqcand":160002489397,"n":16004,"nm":"CANDIDATO 16004","nmu":"CANDIDATO 16004","s":"F","dt":"16/09/1924","dvt":"Válido"},{"sqcand":160002489401,"n":16008,"nm":"CANDIDATO 16008","nmu":"CANDIDATO 16008","s":"M","dt":"25/10/1972","dvt":"Válido"},{"sqcand":160002489395,"n":16002,"nm":"CANDIDATO 16002","nmu":"CANDIDATO 16002","s":"F","dt":"23/04/1929","dvt":"Válido"},{"sqcand":160002489398,"n":16005,"nm":"CANDIDATO 16005","nmu":"CANDIDATO 16005","s":"M","dt":"22/12/1929","dvt":"Válido"},{"sqcand":160002489403,"n":16010,"nm":"CANDIDATO 16010","nmu":"CANDIDATO 16010","s":"M","dt":"16/10/1928","dvt":"Válido"}]}]}]}}