{"ele":8707,"cdabr":"75060","nmabr":"SAUDADE DO IGUAÇU","t":1,"f":"S","s":"N","dg":"13/10/2020","hg":"20:03:36","v":"005","br":{"nm":"Brasil","uf":[{"sg":"PR","nm":"PARANÁ","mun":[{"cd":"75060","nm":"SAUDADE DO IGUAÇU","c":"N","s":15,"e":4515,"tzon":1,"zon":[{"cd":"0103","s":15,"e":4515}]}]}]},"carg":{"cd":11,"nmn":"Prefeito","nmm":"Prefeito","nmf":"Prefeita","nv":1,"col":[{"n":160000328363,"nm":"COLIGACAO 160000328363","tp":"P","com":"P16","par":[{"n":16,"sg":" P16 ","nm":"PARTIDO 16","cand":[{"sqcand":160002485514,"n":16,"nm":"CANDIDATO 16","nmu":"CANDIDATO 16","s":"M","dt":"03/07/1927","dvt":"Válido","vs":[{"sqcand":160002485515,"nm":"CANDIDATO 16 1","nmu":"CANDIDATO 16 1","tp":"V","sgp":"P16"}]}]}]},{"n":160000328359,"nm":"COLIGACAO 160000328359","tp":"P","com":"P14","par":[{"n":14,"sg":" P14 ","nm":"PARTIDO 14","cand":[{"sqcand":160002485480,"n":14,"nm":"CANDIDATO 14","nmu":"CANDIDATO 14","s":"M","dt":"08/05/1929","dvt":"Válido","vs":[{"sqcand":160002485481,"nm":"CANDIDATO 14 1","nmu":"CANDIDATO 14 1","tp":"V","sgp":"P14"}]}]}]}]}}