{"ele":8707,"cdabr":"75027","nmabr":"NOVA ESPERANÇA DO SUDOESTE","t":1,"f":"S","s":"N","dg":"13/10/2020","hg":"20:03:35","v":"005","br":{"nm":"Brasil","uf":[{"sg":"PR","nm":"PARANÁ","mun":[{"cd":"75027","nm":"NOVA ESPERANÇA DO SUDOESTE","c":"N","s":17,"e":4441,"tzon":1,"zon":[{"cd":"0162","s":17,"e":4441}]}]}]},"carg":{"cd":11,"nmn":"Prefeito","nmm":"Prefeito","nmf":"Prefeita","nv":1,"col":[{"n":160000330546,"nm":"COLIGACAO 160000330546","tp":"P","com":"P16","par":[{"n":16,"sg":" P16 ","nm":"PARTIDO 16","cand":[{"sqcand":160002495898,"n":16,"nm":"CANDIDATO 16","nmu":"CANDIDATO 16","s":"M","dt":"20/05/1929","dvt":"Válido","vs":[{"sqcand":160002495899,"nm":"CANDIDATO 16 1","nmu":"CANDIDATO 16 1","tp":"V","sgp":"P16"}]}]}]},{"n":160000330540,"nm":"COLIGACAO 160000330540","tp":"P","com":"P14","par":[{"n":14,"sg":" P14 ","nm":"PARTIDO 14","cand":[{"sqcand":160002495807,"n":14,"nm":"CANDIDATO 14","nmu":"CANDIDATO 14","s":"M","dt":"22/10/1926","dvt":"Válido","vs":[{"sqcand":160002495808,"nm":"CANDIDATO 14 1","nmu":"CANDIDATO 14 1","tp":"V","sgp":"P14"}]}]}]}]}}