{"ele":8707,"cdabr":"75051","nmabr":"CIANORTE","t":1,"f":"S","s":"N","dg":"13/10/2020","hg":"20:03:35","v":"005","br":{"nm":"Brasil","uf":[{"sg":"PR","nm":"PARANÁ","mun":[{"cd":"75051","nm":"CIANORTE","c":"N","s":195,"e":54869,"tzon":1,"zon":[{"cd":"0088","s":195,"e":54869}]}]}]},"carg":{"cd":13,"nmn":"Vereador","nmm":"Vereador","nmf":"Vereadora","nv":15,"col":[{"n":160000322415,"nm":"COLIGACAO 160000322415","tp":"P","com":"P16","par":[{"n":16,"sg":" P16 ","nm":"PARTIDO 16","cand":[{"sqcand":160002465202,"n":16007,"nm":"CANDIDATO 16007","nmu":"CANDIDATO 16007","s":"M","dt":"02/05/1927","dvt":"Válido"},{"sqcand":160002465207,"n":16012,"nm":"CANDIDATO 16012","nmu":"CANDIDATO 16012","s":"M","dt":"21/05/1975","dvt":"Válido"},{"sqcand":160002465209,"n":16014,"nm":"CANDIDATO 16014","nmu":"CANDIDATO 16014","s":"M","dt":"10/12/1929","dvt":"Válido"},{"sqcand":160002465203,"n":16008,"nm":"CANDIDATO 16008","nmu":"CANDIDATO 16008","s":"M","dt":"25/12/1927","dvt":"Válido"},{"sqcand":160002465210,"n":16015,"nm":"CANDIDATO 16015","nmu":"CANDIDATO 16015","s":"M","dt":"30/04/1926","dvt":"Válido"},{"sqcand":160002465206,"n":16011,"nm":"CANDIDATO 16011","nmu":"CANDIDATO 16011","s":"M","dt":"18/01/1929","dvt":"Válido"},{"sqcand":160002465197,"n":16002,"nm":"CANDIDATO 16002","nmu":"CANDIDATO 16002","s":"F","dt":"15/11/1980","dvt":"Válido"},{"sqcand":160002465200,"n":16005,"nm":"CANDIDATO 16005","nmu":"CANDIDATO 16005","s":"M","dt":"04/03/1928","dvt":"Válido"},{"sqcand":160002465204,"n":16009,"nm":"CANDIDATO 16009","nmu":"CANDIDATO 16009","s":"M","dt":"08/01/1928","dvt":"Válido"},{"sqcand":160002465205,"n":16010,"nm":"CANDIDATO 16010","nmu":"CANDIDATO 16010","s":"M","dt":"05/06/1929","dvt":"Válido"},{"sqcand":160002465196,"n":16001,"nm":"CANDIDATO 16001","nmu":"CANDIDATO 16001","s":"F","dt":"21/06/1929","dvt":"Válido"},{"sqcand":160002465198,"n":16003,"nm":"CANDIDATO 16003","nmu":"CANDIDATO 16003","s":"F","dt":"20/12/1927","dvt":"Válido"},{"sqcand":160002465208,"n":16013,"nm":"CANDIDATO 16013","nmu":"CANDIDATO 16013","s":"M","dt":"02/09/1925","dvt":"Válido"},{"sqcand":160002465199,"n":16004,"nm":"CANDIDATO 16004","nmu":"CANDIDATO 16004","s":"F","dt":"08/02/1929","dvt":"Válido"},{"sqcand":160002465201,"n":16006,"nm":"CANDIDATO 16006","nmu":"CANDIDATO 16006","s":"M","dt":"16/01/1976","dvt":"Válido"}]}]},{"n":160000322414,"nm":"COLIGACAO 160000322414","tp":"P","com":"P14","par":[{"n":14,"sg":" P14 ","nm":"PARTIDO 14","cand":[{"sqcand":160002465181,"n":14001,"nm":"CANDIDATO 14001","nmu":"CANDIDATO 14001","s":"F","dt":"08/05/1929","dvt":"Válido"},{"sqcand":160002465184,"n":14004,"nm":"CANDIDATO 14004","nmu":"CANDIDATO 14004","s":"F","dt":"12/08/1927","dvt":"Válido"},{"sqcand":160002465192,"n":14012,"nm":"CANDIDATO 14012","nmu":"CANDIDATO 14012","s":"M","dt":"11/12/1989","dvt":"Válido"},{"sqcand":160002465187,"n":14007,"nm":"CANDIDATO 14007","nmu":"CANDIDATO 14007","s":"M","dt":"21/05/1928","dvt":"Válido"},{"sqcand":160002465188,"n":14008,"nm":"CANDIDATO 14008","nmu":"CANDIDATO 14008","s":"M","dt":"29/01/1923","dvt":"Válido"},{"sqcand":160002465195,"n":14015,"nm":"CANDIDATO 14015","nmu":"CANDIDATO 14015","s":"M","dt":"27/11/1928","dvt":"Válido"},{"sqcand":160002465185,"n":14005,"nm":"CANDIDATO 14005","nmu":"CANDIDATO 14005","s":"M","dt":"30/06/1928","dvt":"Válido"},{"sqcand":160002465194,"n":14014,"nm":"CANDIDATO 14014","nmu":"CANDIDATO 14014","s":"M","dt":"20/06/1929","dvt":"Válido"},{"sqcand":160002465191,"n":14011,"nm":"CANDIDATO 14011","nmu":"CANDIDATO 14011","s":"M","dt":"12/03/1927","dvt":"Válido"},{"sqcand":160002465193,"n":14013,"nm":"CANDIDATO 14013","nmu":"CANDIDATO 14013","s":"M","dt":"24/11/1928","dvt":"Válido"},{"sqcand":160002465186,"n":14006,"nm":"CANDIDATO 14006","nmu":"CANDIDATO 14006","s":"M","dt":"02/03/1929","dvt":"Válido"},{"sqcand":160002465182,"n":14002,"nm":"CANDIDATO 14002","nmu":"CANDIDATO 14002","s":"F","dt":"19/10/1929","dvt":"Válido"},{"sqcand":160002465183,"n":14003,"nm":"CANDIDATO 14003","nmu":"CANDIDATO 14003","s":"F","dt":"27/11/1928","dvt":"Válido"},{"sqcand":160002465189,"n":14009,"nm":"CANDIDATO 14009","nmu":"CANDIDATO 14009","s":"M","dt":"30/09/1924","dvt":"Válido"},{"sqcand":160002465190,"n":14010,"nm":"CANDIDATO 14010","nmu":"CANDIDATO 14010","s":"M","dt":"05/03/1929","dvt":"Válido"}]}]}]}}