{"ele":8707,"cdabr":"75019","nmabr":"CERRO AZUL","t":1,"f":"S","s":"N","dg":"13/10/2020","hg":"20:03:37","v":"005","br":{"nm":"Brasil","uf":[{"sg":"PR","nm":"PARANÁ","mun":[{"cd":"75019","nm":"CERRO AZUL","c":"N","s":54,"e":12472,"tzon":1,"zon":[{"cd":"0007","s":54,"e":12472}]}]}]},"carg":{"cd":13,"nmn":"Vereador","nmm":"Vereador","nmf":"Vereadora","nv":15,"col":[{"n":160000336362,"nm":"COLIGACAO 160000336362","tp":"P","com":"P46","par":[{"n":46,"sg":" P46 ","nm":"PARTIDO 46","cand":[{"sqcand":160002514187,"n":46008,"nm":"CANDIDATO 46008","nmu":"CANDIDATO 46008","s":"M","dt":"15/03/1923","dvt":"Válido"},{"sqcand":160002514188,"n":46009,"nm":"CANDIDATO 46009","nmu":"CANDIDATO 46009","s":"M","dt":"29/08/1925","dvt":"Válido"},{"sqcand":160002514183,"n":46004,"nm":"CANDIDATO 46004","nmu":"CANDIDATO 46004","s":"F","dt":"20/04/1929","dvt":"Válido"},{"sqcand":160002514189,"n":46010,"nm":"CANDIDATO 46010","nmu":"CANDIDATO 46010","s":"M","dt":"20/08/1929","dvt":"Válido"},{"sqcand":160002514184,"n":46005,"nm":"CANDIDATO 46005","nmu":"CANDIDATO 46005","s":"M","dt":"27/09/1927","dvt":"Válido"},{"sqcand":160002514186,"n":46007,"nm":"CANDIDATO 46007","nmu":"CANDIDATO 46007","s":"M","dt":"25/08/1926","dvt":"Válido"},{"sqcand":160002514180,"n":46001,"nm":"CANDIDATO 46001","nmu":"CANDIDATO 46001","s":"F","dt":"24/04/1924","dvt":"Válido"},{"sqcand":160002514194,"n":46015,"nm":"CANDIDATO 46015","nmu":"CANDIDATO 46015","s":"M","dt":"20/04/1929","dvt":"Válido"},{"sqcand":160002514185,"n":46006,"nm":"CANDIDATO 46006","nmu":"CANDIDATO 46006","s":"M","dt":"12/05/1929","dvt":"Válido"},{"sqcand":160002514191,"n":46012,"nm":"CANDIDATO 46012","nmu":"CANDIDATO 46012","s":"M","dt":"25/04/1923","dvt":"Válido"},{"sqcand":160002514182,"n":46003,"nm":"CANDIDATO 46003","nmu":"CANDIDATO 46003","s":"F","dt":"25/08/1929","dvt":"Válido"},{"sqcand":160002514190,"n":46011,"nm":"CANDIDATO 46011","nmu":"CANDIDATO 46011","s":"M","dt":"02/01/1929","dvt":"Válido"},{"sqcand":160002514181,"n":46002,"nm":"CANDIDATO 46002","nmu":"CANDIDATO 46002","s":"F","dt":"17/04/1929","dvt":"Válido"},{"sqcand":160002514192,"n":46013,"nm":"CANDIDATO 46013","nmu":"CANDIDATO 46013","s":"M","dt":"08/05/1980","dvt":"Válido"},{"sqcand":160002514193,"n":46014,"nm":"CANDIDATO 46014","nmu":"CANDIDATO 46014","s":"M","dt":"05/02/1929","dvt":"Válido"}]}]},{"n":160000336361,"nm":"COLIGACAO 160000336361","tp":"P","com":"P16","par":[{"n":16,"sg":" P16 ","nm":"PARTIDO 16","cand":[{"sqcand":160002514169,"n":16005,"nm":"CANDIDATO 16005","nmu":"CANDIDATO 16005","s":"M","dt":"05/10/1929","dvt":"Válido"},{"sqcand":160002514175,"n":16011,"nm":"CANDIDATO 16011","nmu":"CANDIDATO 16011","s":"M","dt":"18/05/1928","dvt":"Válido"},{"sqcand":160002514166,"n":16002,"nm":"CANDIDATO 16002","nmu":"CANDIDATO 16002","s":"F","dt":"13/01/1927","dvt":"Válido"},{"sqcand":160002514174,"n":16010,"nm":"CANDIDATO 16010","nmu":"CANDIDATO 16010","s":"M","dt":"01/10/1929","dvt":"Válido"},{"sqcand":160002514178,"n":16014,"nm":"CANDIDATO 16014","nmu":"CANDIDATO 16014","s":"M","dt":"21/06/1929","dvt":"Válido"},{"sqcand":160002514168,"n":16004,"nm":"CANDIDATO 16004","nmu":"CANDIDATO 16004","s":"F","dt":"01/04/1953","dvt":"Válido"},{"sqcand":160002514170,"n":16006,"nm":"CANDIDATO 16006","nmu":"CANDIDATO 16006","s":"M","dt":"22/12/1920","dvt":"Válido"},{"sqcand":160002514165,"n":16001,"nm":"CANDIDATO 16001","nmu":"CANDIDATO 16001","s":"F","dt":"20/02/1925","dvt":"Válido"},{"sqcand":160002514167,"n":16003,"nm":"CANDIDATO 16003","nmu":"CANDIDATO 16003","s":"F","dt":"18/07/1929","dvt":"Válido"},{"sqcand":160002514173,"n":16009,"nm":"CANDIDATO 16009","nmu":"CANDIDATO 16009","s":"M","dt":"03/04/1967","dvt":"Válido"},{"sqcand":160002514177,"n":16013,"nm":"CANDIDATO 16013","nmu":"CANDIDATO 16013","s":"M","dt":"23/01/1927","dvt":"Válido"},{"sqcand":160002514179,"n":16015,"nm":"CANDIDATO 16015","nmu":"CANDIDATO 16015","s":"M","dt":"20/04/1929","dvt":"Válido"},{"sqcand":160002514171,"n":16007,"nm":"CANDIDATO 16007","nmu":"CANDIDATO 16007","s":"M","dt":"02/08/1929","dvt":"Válido"},{"sqcand":160002514172,"n":16008,"nm":"CANDIDATO 16008","nmu":"CANDIDATO 16008","s":"M","dt":"24/06/1920","dvt":"Válido"},{"sqcand":160002514176,"n":16012,"nm":"CANDIDATO 16012","nmu":"CANDIDATO 16012","s":"M","dt":"11/04/1929","dvt":"Válido"}]}]}]}}