{"ele":8707,"carper":13,"t":1,"f":"S","esae":"N","mnae":" ","dg":"13/10/2020","hg":"20:06:06","dv":"S","nadf":"pr75035-c0013-e008707-006-f","abr":[{"dt":"09/10/2020","ht":"16:20:06","tf":"N","and":"P","s":56,"st":3,"pst":"   5,36","snt":53,"psnt":"  94,64","si":3,"psi":"   5,36","sni":0,"psni":"   0,00","sa":3,"psa":" 100,00","sna":0,"psna":"   0,00","e":827,"ea":827,"pea":" 100,00","ena":0,"pena":"   0,00","esi":827,"pesi":"   5,36","esni":0,"pesni":"   0,00","c":15,"pc":"   1,81","a":812,"pa":"  98,19","tv":15,"vscv":0,"vb":0,"pvb":"   0,00","tvn":0,"ptvn":"   0,00","vn":0,"pvn":"   0,00","vnt":0,"pvnt":"   0,00","vp":0,"pvp":"   0,00","vv":15,"pvv":" 100,00","vl":0,"pvl":"   0,00","van":0,"pvan":"   0,00","vansj":0,"pvansj":"   0,00","vnom":15,"pvnom":" 100,00","cand":[{"seq":2,"n":16015,"e":"N","vap":2,"pvap":"  13,33","st":""},{"seq":3,"n":16001,"e":"N","vap":2,"pvap":"  13,33","st":""},{"seq":5,"n":16002,"e":"N","vap":1,"pvap":"   6,67","st":""},{"seq":4,"n":14014,"e":"N","vap":1,"pvap":"   6,67","st":""},{"seq":7,"n":14015,"e":"N","vap":1,"pvap":"   6,67","st":""},{"seq":6,"n":14003,"e":"N","vap":1,"pvap":"   6,67","st":""},{"seq":1,"n":14001,"e":"N","vap":7,"pvap":"  46,67","st":""}],"tpabr":"MU","cdabr":"75035","colig":[{"n":160000330694,"tvtn":5,"tvtl":0,"tvan":5,"tval":0,"vag":0},{"n":160000330692,"tvtn":10,"tvtl":0,"tvan":10,"tval":0,"vag":0}],"part":[{"n":16,"tvtn":5,"tvtl":0,"tvan":5,"tval":0},{"n":14,"tvtn":10,"tvtl":0,"tvan":10,"tval":0}]},{"dt":"09/10/2020","ht":"16:20:06","tf":"N","and":"P","s":56,"st":3,"pst":"   5,36","snt":53,"psnt":"53","si":3,"psi":"   5,36","sni":0,"psni":"   0,00","sa":3,"psa":" 100,00","sna":0,"psna":"   0,00","e":827,"ea":827,"pea":" 100,00","ena":0,"pena":"   0,00","esi":827,"pesi":"   5,36","esni":0,"pesni":"   0,00","c":15,"pc":"   1,81","a":812,"pa":"  98,19","tv":15,"vscv":0,"vb":0,"pvb":"   0,00","tvn":0,"ptvn":"   0,00","vn":0,"pvn":"   0,00","vp":0,"pvp":"   0,00","vv":15,"pvv":" 100,00","vl":0,"pvl":"   0,00","van":0,"pvan":"   0,00","vansj":0,"pvansj":"   0,00","vnom":15,"pvnom":" 100,00","cand":[{"seq":2,"n":16015,"e":"N","vap":2,"pvap":"  13,33","st":""},{"seq":3,"n":16001,"e":"N","vap":2,"pvap":"  13,33","st":""},{"seq":5,"n":16002,"e":"N","vap":1,"pvap":"   6,67","st":""},{"seq":4,"n":14014,"e":"N","vap":1,"pvap":"   6,67","st":""},{"seq":7,"n":14015,"e":"N","vap":1,"pvap":"   6,67","st":""},{"seq":6,"n":14003,"e":"N","vap":1,"pvap":"   6,67","st":""},{"seq":1,"n":14001,"e":"N","vap":7,"pvap":"  46,67","st":""}],"tpabr":"ZONA","cdabr":"103"}]}