{"ele":8707,"carper":11,"t":1,"f":"S","esae":"N","mnae":" ","dg":"13/10/2020","hg":"20:06:05","dv":"S","nadf":"pr75205-c0011-e008707-006-f","abr":[{"dt":"13/10/2020","ht":"16:55:02","tf":"N","and":"P","s":59,"st":59,"pst":" 100,00","snt":0,"psnt":"   0,00","si":59,"psi":" 100,00","sni":0,"psni":"   0,00","sa":59,"psa":" 100,00","sna":0,"psna":"   0,00","e":18292,"ea":18292,"pea":" 100,00","ena":0,"pena":"   0,00","esi":18292,"pesi":" 100,00","esni":0,"pesni":"   0,00","c":15574,"pc":"  85,14","a":2718,"pa":"  14,86","tv":15574,"vscv":0,"vb":3471,"pvb":"  22,29","tvn":3469,"ptvn":"  22,27","vn":3469,"pvn":" 100,00","vnt":0,"pvnt":"   0,00","vp":0,"pvp":"   0,00","vv":8634,"pvv":" 100,00","van":0,"pvan":"   0,00","vansj":0,"pvansj":"   0,00","vnom":8634,"pvnom":" 100,00","cand":[{"seq":2,"n":16,"e":"N","vap":4261,"pvap":"  27,36","st":""},{"seq":1,"n":23,"e":"N","vap":4373,"pvap":"  28,08","st":""}],"tpabr":"MU","cdabr":"75205","colig":[{"n":160000336320,"tvtn":4261,"tvtl":0,"tvan":4261,"tval":0},{"n":160000336318,"tvtn":4373,"tvtl":0,"tvan":4373,"tval":0}],"part":[{"n":16,"tvtn":4261,"tvtl":0,"tvan":4261,"tval":0},{"n":23,"tvtn":4373,"tvtl":0,"tvan":4373,"tval":0}]},{"dt":"13/10/2020","ht":"16:55:02","tf":"N","and":"P","s":59,"st":59,"pst":" 100,00","snt":0,"psnt":"0","si":59,"psi":" 100,00","sni":0,"psni":"   0,00","sa":59,"psa":" 100,00","sna":0,"psna":"   0,00","e":18292,"ea":18292,"pea":" 100,00","ena":0,"pena":"   0,00","esi":18292,"pesi":" 100,00","esni":0,"pesni":"   0,00","c":15574,"pc":"  85,14","a":2718,"pa":"  14,86","tv":15574,"vscv":0,"vb":3471,"pvb":"  22,29","tvn":3469,"ptvn":"  22,27","vn":3469,"pvn":" 100,00","vp":0,"pvp":"   0,00","vv":8634,"pvv":" 100,00","van":0,"pvan":"   0,00","vansj":0,"pvansj":"   0,00","vnom":8634,"pvnom":" 100,00","cand":[{"seq":1,"n":23,"e":"N","vap":4373,"pvap":"  28,08","st":""},{"seq":2,"n":16,"e":"N","vap":4261,"pvap":"  27,36","st":""}],"tpabr":"ZONA","cdabr":"182"}]}