{"ele":8707,"cdabr":"75108","nmabr":"ARAPUÃ","t":1,"f":"S","s":"N","dg":"13/10/2020","hg":"20:03:39","v":"005","br":{"nm":"Brasil","uf":[{"sg":"PR","nm":"PARANÁ","mun":[{"cd":"75108","nm":"ARAPUÃ","c":"N","s":18,"e":3228,"tzon":1,"zon":[{"cd":"0093","s":18,"e":3228}]}]}]},"carg":{"cd":13,"nmn":"Vereador","nmm":"Vereador","nmf":"Vereadora","nv":15,"col":[{"n":160000342810,"nm":"COLIGACAO 160000342810","tp":"P","com":"P12","par":[{"n":12,"sg":" P12 ","nm":"PARTIDO 12","cand":[{"sqcand":160002533272,"n":12014,"nm":"CANDIDATO 12014","nmu":"CANDIDATO 12014","s":"M","dt":"03/10/1992","dvt":"Válido"},{"sqcand":160002533269,"n":12011,"nm":"CANDIDATO 12011","nmu":"CANDIDATO 12011","s":"M","dt":"29/05/1929","dvt":"Válido"},{"sqcand":160002533270,"n":12012,"nm":"CANDIDATO 12012","nmu":"CANDIDATO 12012","s":"M","dt":"28/04/1929","dvt":"Válido"},{"sqcand":160002533262,"n":12004,"nm":"CANDIDATO 12004","nmu":"CANDIDATO 12004","s":"F","dt":"15/07/1926","dvt":"Válido"},{"sqcand":160002533264,"n":12006,"nm":"CANDIDATO 12006","nmu":"CANDIDATO 12006","s":"M","dt":"03/04/1928","dvt":"Válido"},{"sqcand":160002533259,"n":12001,"nm":"CANDIDATO 12001","nmu":"CANDIDATO 12001","s":"F","dt":"22/12/1927","dvt":"Válido"},{"sqcand":160002533267,"n":12009,"nm":"CANDIDATO 12009","nmu":"CANDIDATO 12009","s":"M","dt":"06/02/1929","dvt":"Válido"},{"sqcand":160002533271,"n":12013,"nm":"CANDIDATO 12013","nmu":"CANDIDATO 12013","s":"M","dt":"15/01/1929","dvt":"Válido"},{"sqcand":160002533273,"n":12015,"nm":"CANDIDATO 12015","nmu":"CANDIDATO 12015","s":"M","dt":"05/05/1982","dvt":"Válido"},{"sqcand":160002533260,"n":12002,"nm":"CANDIDATO 12002","nmu":"CANDIDATO 12002","s":"F","dt":"09/02/1928","dvt":"Válido"},{"sqcand":160002533263,"n":12005,"nm":"CANDIDATO 12005","nmu":"CANDIDATO 12005","s":"M","dt":"16/11/1995","dvt":"Válido"},{"sqcand":160002533265,"n":12007,"nm":"CANDIDATO 12007","nmu":"CANDIDATO 12007","s":"M","dt":"05/01/1992","dvt":"Válido"},{"sqcand":160002533268,"n":12010,"nm":"CANDIDATO 12010","nmu":"CANDIDATO 12010","s":"M","dt":"02/04/1926","dvt":"Válido"},{"sqcand":160002533261,"n":12003,"nm":"CANDIDATO 12003","nmu":"CANDIDATO 12003","s":"F","dt":"04/01/1929","dvt":"Válido"},{"sqcand":160002533266,"n":12008,"nm":"CANDIDATO 12008","nmu":"CANDIDATO 12008","s":"M","dt":"03/03/1929","dvt":"Válido"}]}]},{"n":160000342811,"nm":"COLIGACAO 160000342811","tp":"P","com":"P16","par":[{"n":16,"sg":" P16 ","nm":"PARTIDO 16","cand":[{"sqcand":160002533274,"n":16001,"nm":"CANDIDATO 16001","nmu":"CANDIDATO 16001","s":"F","dt":"01/04/1929","dvt":"Válido"},{"sqcand":160002533281,"n":16008,"nm":"CANDIDATO 16008","nmu":"CANDIDATO 16008","s":"M","dt":"27/05/1927","dvt":"Válido"},{"sqcand":160002533282,"n":16009,"nm":"CANDIDATO 16009","nmu":"CANDIDATO 16009","s":"M","dt":"03/10/1923","dvt":"Válido"},{"sqcand":160002533276,"n":16003,"nm":"CANDIDATO 16003","nmu":"CANDIDATO 16003","s":"F","dt":"28/10/1928","dvt":"Válido"},{"sqcand":160002533277,"n":16004,"nm":"CANDIDATO 16004","nmu":"CANDIDATO 16004","s":"F","dt":"07/05/1928","dvt":"Válido"},{"sqcand":160002533284,"n":16011,"nm":"CANDIDATO 16011","nmu":"CANDIDATO 16011","s":"M","dt":"01/10/1929","dvt":"Válido"},{"sqcand":160002533285,"n":16012,"nm":"CANDIDATO 16012","nmu":"CANDIDATO 16012","s":"M","dt":"08/09/1929","dvt":"Válido"},{"sqcand":160002533278,"n":16005,"nm":"CANDIDATO 16005","nmu":"CANDIDATO 16005","s":"M","dt":"27/02/1977","dvt":"Válido"},{"sqcand":160002533279,"n":16006,"nm":"CANDIDATO 16006","nmu":"CANDIDATO 16006","s":"M","dt":"30/03/1961","dvt":"Válido"},{"sqcand":160002533275,"n":16002,"nm":"CANDIDATO 16002","nmu":"CANDIDATO 16002","s":"F","dt":"29/08/1929","dvt":"Válido"},{"sqcand":160002533283,"n":16010,"nm":"CANDIDATO 16010","nmu":"CANDIDATO 16010","s":"M","dt":"02/06/1970","dvt":"Válido"},{"sqcand":160002533287,"n":16014,"nm":"CANDIDATO 16014","nmu":"CANDIDATO 16014","s":"M","dt":"31/07/1929","dvt":"Válido"},{"sqcand":160002533280,"n":16007,"nm":"CANDIDATO 16007","nmu":"CANDIDATO 16007","s":"M","dt":"11/10/1924","dvt":"Válido"},{"sqcand":160002533286,"n":16013,"nm":"CANDIDATO 16013","nmu":"CANDIDATO 16013","s":"M","dt":"11/12/1928","dvt":"Válido"},{"sqcand":160002533288,"n":16015,"nm":"CANDIDATO 16015","nmu":"CANDIDATO 16015","s":"M","dt":"14/03/1968","dvt":"Válido"}]}]}]}}