{"ele":8707,"cdabr":"75167","nmabr":"BOM JESUS DO SUL","t":1,"f":"S","dg":"13/10/2020","hg":"20:03:44","car":{"cd":11,"nm":"Prefeito","scv":"N","cand":[{"n":14,"nmu":"CANDIDATO 14","c":"#a9a9a9","sgp":"P14","ap":[{"dataHoraApuracao":"13/10/2020 18:25:00","da":"13/10/2020","ha":"18:25:00","vap":482,"tvap":841,"pvap":"57,31"},{"dataHoraApuracao":"13/10/2020 18:26:00","da":"13/10/2020","ha":"18:26:00","vap":870,"tvap":1482,"pvap":"58,7"}]},{"n":16,"nmu":"CANDIDATO 16","c":"#a9a9a9","sgp":"P16","ap":[{"dataHoraApuracao":"13/10/2020 18:25:00","da":"13/10/2020","ha":"18:25:00","vap":359,"tvap":841,"pvap":"42,68"},{"dataHoraApuracao":"13/10/2020 18:26:00","da":"13/10/2020","ha":"18:26:00","vap":612,"tvap":1482,"pvap":"41,29"}]}]}}