{"ele":8707,"carper":13,"t":1,"f":"S","esae":"N","mnae":" ","dg":"13/10/2020","hg":"20:06:17","dv":"S","nadf":"pr75086-c0013-e008707-006-f","abr":[{"dt":"13/10/2020","ht":"16:55:01","tf":"N","and":"P","s":17,"st":17,"pst":" 100,00","snt":0,"psnt":"   0,00","si":17,"psi":" 100,00","sni":0,"psni":"   0,00","sa":17,"psa":" 100,00","sna":0,"psna":"   0,00","e":2074,"ea":2074,"pea":" 100,00","ena":0,"pena":"   0,00","esi":2074,"pesi":" 100,00","esni":0,"pesni":"   0,00","c":1772,"pc":"  85,44","a":302,"pa":"  14,56","tv":1772,"vscv":0,"vb":74,"pvb":"   4,18","tvn":38,"ptvn":"   2,14","vn":38,"pvn":" 100,00","vnt":0,"pvnt":"   0,00","vp":0,"pvp":"   0,00","vv":1660,"pvv":" 100,00","vl":159,"pvl":"   9,58","van":0,"pvan":"   0,00","vansj":0,"pvansj":"   0,00","vnom":1501,"pvnom":"  90,42","cand":[{"seq":7,"n":16004,"e":"N","vap":97,"pvap":"   5,47","st":""},{"seq":15,"n":16012,"e":"N","vap":21,"pvap":"   1,19","st":""},{"seq":12,"n":16015,"e":"N","vap":35,"pvap":"   1,98","st":""},{"seq":5,"n":16009,"e":"N","vap":109,"pvap":"   6,15","st":""},{"seq":21,"n":16007,"e":"N","vap":17,"pvap":"   0,96","st":""},{"seq":18,"n":16014,"e":"N","vap":19,"pvap":"   1,07","st":""},{"seq":17,"n":16011,"e":"N","vap":20,"pvap":"   1,13","st":""},{"seq":29,"n":16008,"e":"N","vap":15,"pvap":"   0,85","st":""},{"seq":28,"n":16001,"e":"N","vap":16,"pvap":"   0,90","st":""},{"seq":10,"n":16013,"e":"N","vap":39,"pvap":"   2,20","st":""},{"seq":2,"n":16002,"e":"N","vap":162,"pvap":"   9,14","st":""},{"seq":9,"n":16005,"e":"N","vap":63,"pvap":"   3,56","st":""},{"seq":11,"n":16010,"e":"N","vap":38,"pvap":"   2,14","st":""},{"seq":3,"n":16003,"e":"N","vap":123,"pvap":"   6,94","st":""},{"seq":16,"n":16006,"e":"N","vap":21,"pvap":"   1,19","st":""},{"seq":27,"n":14013,"e":"N","vap":16,"pvap":"   0,90","st":""},{"seq":6,"n":14014,"e":"N","vap":99,"pvap":"   5,59","st":""},{"seq":14,"n":14002,"e":"N","vap":22,"pvap":"   1,24","st":""},{"seq":26,"n":14007,"e":"N","vap":16,"pvap":"   0,90","st":""},{"seq":25,"n":14004,"e":"N","vap":16,"pvap":"   0,90","st":""},{"seq":22,"n":14012,"e":"N","vap":17,"pvap":"   0,96","st":""},{"seq":4,"n":14008,"e":"N","vap":110,"pvap":"   6,21","st":""},{"seq":13,"n":14011,"e":"N","vap":23,"pvap":"   1,30","st":""},{"seq":8,"n":14010,"e":"N","vap":75,"pvap":"   4,23","st":""},{"seq":1,"n":14015,"e":"N","vap":227,"pvap":"  12,81","st":""},{"seq":19,"n":14006,"e":"N","vap":19,"pvap":"   1,07","st":""},{"seq":30,"n":14009,"e":"N","vap":14,"pvap":"   0,79","st":""},{"seq":24,"n":14005,"e":"N","vap":17,"pvap":"   0,96","st":""},{"seq":20,"n":14003,"e":"N","vap":18,"pvap":"   1,02","st":""},{"seq":23,"n":14001,"e":"N","vap":17,"pvap":"   0,96","st":""}],"tpabr":"MU","cdabr":"75086","colig":[{"n":160000336518,"tvtn":795,"tvtl":60,"tvan":795,"tval":60,"vag":8},{"n":160000336512,"tvtn":706,"tvtl":99,"tvan":706,"tval":99,"vag":7}],"part":[{"n":16,"tvtn":795,"tvtl":60,"tvan":795,"tval":60},{"n":14,"tvtn":706,"tvtl":99,"tvan":706,"tval":99}]},{"dt":"13/10/2020","ht":"16:55:01","tf":"N","and":"P","s":17,"st":17,"pst":" 100,00","snt":0,"psnt":"0","si":17,"psi":" 100,00","sni":0,"psni":"   0,00","sa":17,"psa":" 100,00","sna":0,"psna":"   0,00","e":2074,"ea":2074,"pea":" 100,00","ena":0,"pena":"   0,00","esi":2074,"pesi":" 100,00","esni":0,"pesni":"   0,00","c":1772,"pc":"  85,44","a":302,"pa":"  14,56","tv":1772,"vscv":0,"vb":74,"pvb":"   4,18","tvn":38,"ptvn":"   2,14","vn":38,"pvn":" 100,00","vp":0,"pvp":"   0,00","vv":1660,"pvv":" 100,00","vl":159,"pvl":"   9,58","van":0,"pvan":"   0,00","vansj":0,"pvansj":"   0,00","vnom":1501,"pvnom":"  90,42","cand":[{"seq":7,"n":16004,"e":"N","vap":97,"pvap":"   5,47","st":""},{"seq":15,"n":16012,"e":"N","vap":21,"pvap":"   1,19","st":""},{"seq":12,"n":16015,"e":"N","vap":35,"pvap":"   1,98","st":""},{"seq":5,"n":16009,"e":"N","vap":109,"pvap":"   6,15","st":""},{"seq":21,"n":16007,"e":"N","vap":17,"pvap":"   0,96","st":""},{"seq":18,"n":16014,"e":"N","vap":19,"pvap":"   1,07","st":""},{"seq":17,"n":16011,"e":"N","vap":20,"pvap":"   1,13","st":""},{"seq":29,"n":16008,"e":"N","vap":15,"pvap":"   0,85","st":""},{"seq":28,"n":16001,"e":"N","vap":16,"pvap":"   0,90","st":""},{"seq":10,"n":16013,"e":"N","vap":39,"pvap":"   2,20","st":""},{"seq":2,"n":16002,"e":"N","vap":162,"pvap":"   9,14","st":""},{"seq":9,"n":16005,"e":"N","vap":63,"pvap":"   3,56","st":""},{"seq":11,"n":16010,"e":"N","vap":38,"pvap":"   2,14","st":""},{"seq":3,"n":16003,"e":"N","vap":123,"pvap":"   6,94","st":""},{"seq":16,"n":16006,"e":"N","vap":21,"pvap":"   1,19","st":""},{"seq":27,"n":14013,"e":"N","vap":16,"pvap":"   0,90","st":""},{"seq":6,"n":14014,"e":"N","vap":99,"pvap":"   5,59","st":""},{"seq":14,"n":14002,"e":"N","vap":22,"pvap":"   1,24","st":""},{"seq":26,"n":14007,"e":"N","vap":16,"pvap":"   0,90","st":""},{"seq":25,"n":14004,"e":"N","vap":16,"pvap":"   0,90","st":""},{"seq":22,"n":14012,"e":"N","vap":17,"pvap":"   0,96","st":""},{"seq":4,"n":14008,"e":"N","vap":110,"pvap":"   6,21","st":""},{"seq":13,"n":14011,"e":"N","vap":23,"pvap":"   1,30","st":""},{"seq":8,"n":14010,"e":"N","vap":75,"pvap":"   4,23","st":""},{"seq":1,"n":14015,"e":"N","vap":227,"pvap":"  12,81","st":""},{"seq":19,"n":14006,"e":"N","vap":19,"pvap":"   1,07","st":""},{"seq":30,"n":14009,"e":"N","vap":14,"pvap":"   0,79","st":""},{"seq":24,"n":14005,"e":"N","vap":17,"pvap":"   0,96","st":""},{"seq":20,"n":14003,"e":"N","vap":18,"pvap":"   1,02","st":""},{"seq":23,"n":14001,"e":"N","vap":17,"pvap":"   0,96","st":""}],"tpabr":"ZONA","cdabr":"196"}]}