{"ele":8707,"carper":13,"t":1,"f":"S","esae":"N","mnae":" ","dg":"13/10/2020","hg":"20:06:03","dv":"S","nadf":"pr75167-c0013-e008707-006-f","abr":[{"dt":"13/10/2020","ht":"18:58:43","tf":"S","and":"F","s":20,"st":20,"pst":" 100,00","snt":0,"psnt":"   0,00","si":20,"psi":" 100,00","sni":0,"psni":"   0,00","sa":20,"psa":" 100,00","sna":0,"psna":"   0,00","e":3371,"ea":3371,"pea":" 100,00","ena":0,"pena":"   0,00","esi":3371,"pesi":" 100,00","esni":0,"pesni":"   0,00","c":2875,"pc":"  85,29","a":496,"pa":"  14,71","tv":2875,"vscv":0,"vb":35,"pvb":"   1,21","tvn":60,"ptvn":"   2,09","vn":60,"pvn":" 100,00","vnt":0,"pvnt":"   0,00","vp":0,"pvp":"   0,00","vv":2780,"pvv":" 100,00","vl":85,"pvl":"   3,06","van":0,"pvan":"   0,00","vansj":0,"pvansj":"   0,00","vnom":2695,"pvnom":"  96,94","cand":[{"seq":22,"n":16004,"e":"N","vap":26,"pvap":"   0,90","st":"Suplente"},{"seq":29,"n":16013,"e":"N","vap":22,"pvap":"   0,77","st":"Suplente"},{"seq":10,"n":16010,"e":"S","vap":96,"pvap":"   3,34","st":"Eleito"},{"seq":17,"n":16003,"e":"N","vap":34,"pvap":"   1,18","st":"Suplente"},{"seq":1,"n":16005,"e":"S","vap":437,"pvap":"  15,20","st":"Eleito"},{"seq":13,"n":16007,"e":"S","vap":58,"pvap":"   2,02","st":"Eleito"},{"seq":28,"n":16006,"e":"N","vap":23,"pvap":"   0,80","st":"Suplente"},{"seq":2,"n":16015,"e":"S","vap":295,"pvap":"  10,26","st":"Eleito"},{"seq":14,"n":16008,"e":"S","vap":54,"pvap":"   1,88","st":"Eleito"},{"seq":23,"n":16012,"e":"N","vap":26,"pvap":"   0,90","st":"Suplente"},{"seq":5,"n":16014,"e":"S","vap":178,"pvap":"   6,19","st":"Eleito"},{"seq":9,"n":16011,"e":"S","vap":98,"pvap":"   3,41","st":"Eleito"},{"seq":16,"n":16001,"e":"N","vap":38,"pvap":"   1,32","st":"Suplente"},{"seq":11,"n":16002,"e":"S","vap":89,"pvap":"   3,10","st":"Eleito"},{"seq":26,"n":16009,"e":"N","vap":24,"pvap":"   0,83","st":"Suplente"},{"seq":20,"n":14012,"e":"N","vap":28,"pvap":"   0,97","st":"Suplente"},{"seq":15,"n":14011,"e":"S","vap":38,"pvap":"   1,32","st":"Eleito"},{"seq":12,"n":14005,"e":"S","vap":70,"pvap":"   2,43","st":"Eleito"},{"seq":7,"n":14003,"e":"S","vap":145,"pvap":"   5,04","st":"Eleito"},{"seq":27,"n":14007,"e":"N","vap":23,"pvap":"   0,80","st":"Suplente"},{"seq":4,"n":14008,"e":"S","vap":185,"pvap":"   6,43","st":"Eleito"},{"seq":18,"n":14014,"e":"N","vap":31,"pvap":"   1,08","st":"Suplente"},{"seq":8,"n":14013,"e":"S","vap":122,"pvap":"   4,24","st":"Eleito"},{"seq":25,"n":14009,"e":"N","vap":24,"pvap":"   0,83","st":"Suplente"},{"seq":30,"n":14001,"e":"N","vap":21,"pvap":"   0,73","st":"Suplente"},{"seq":24,"n":14015,"e":"N","vap":25,"pvap":"   0,87","st":"Suplente"},{"seq":6,"n":14004,"e":"S","vap":152,"pvap":"   5,29","st":"Eleito"},{"seq":19,"n":14002,"e":"N","vap":29,"pvap":"   1,01","st":"Suplente"},{"seq":3,"n":14006,"e":"S","vap":276,"pvap":"   9,60","st":"Eleito"},{"seq":21,"n":14010,"e":"N","vap":28,"pvap":"   0,97","st":"Suplente"}],"tpabr":"MU","cdabr":"75167","colig":[{"n":160000342502,"tvtn":1498,"tvtl":46,"tvan":1498,"tval":46,"vag":8},{"n":160000342499,"tvtn":1197,"tvtl":39,"tvan":1197,"tval":39,"vag":7}],"part":[{"n":16,"tvtn":1498,"tvtl":46,"tvan":1498,"tval":46},{"n":14,"tvtn":1197,"tvtl":39,"tvan":1197,"tval":39}]},{"dt":"13/10/2020","ht":"18:58:43","tf":"S","and":"F","s":20,"st":20,"pst":" 100,00","snt":0,"psnt":"0","si":20,"psi":" 100,00","sni":0,"psni":"   0,00","sa":20,"psa":" 100,00","sna":0,"psna":"   0,00","e":3371,"ea":3371,"pea":" 100,00","ena":0,"pena":"   0,00","esi":3371,"pesi":" 100,00","esni":0,"pesni":"   0,00","c":2875,"pc":"  85,29","a":496,"pa":"  14,71","tv":2875,"vscv":0,"vb":35,"pvb":"   1,21","tvn":60,"ptvn":"   2,09","vn":60,"pvn":" 100,00","vp":0,"pvp":"   0,00","vv":2780,"pvv":" 100,00","vl":85,"pvl":"   3,06","van":0,"pvan":"   0,00","vansj":0,"pvansj":"   0,00","vnom":2695,"pvnom":"  96,94","cand":[{"seq":22,"n":16004,"e":"N","vap":26,"pvap":"   0,90","st":"Suplente"},{"seq":29,"n":16013,"e":"N","vap":22,"pvap":"   0,77","st":"Suplente"},{"seq":10,"n":16010,"e":"S","vap":96,"pvap":"   3,34","st":"Eleito"},{"seq":17,"n":16003,"e":"N","vap":34,"pvap":"   1,18","st":"Suplente"},{"seq":1,"n":16005,"e":"S","vap":437,"pvap":"  15,20","st":"Eleito"},{"seq":13,"n":16007,"e":"S","vap":58,"pvap":"   2,02","st":"Eleito"},{"seq":28,"n":16006,"e":"N","vap":23,"pvap":"   0,80","st":"Suplente"},{"seq":2,"n":16015,"e":"S","vap":295,"pvap":"  10,26","st":"Eleito"},{"seq":14,"n":16008,"e":"S","vap":54,"pvap":"   1,88","st":"Eleito"},{"seq":23,"n":16012,"e":"N","vap":26,"pvap":"   0,90","st":"Suplente"},{"seq":5,"n":16014,"e":"S","vap":178,"pvap":"   6,19","st":"Eleito"},{"seq":9,"n":16011,"e":"S","vap":98,"pvap":"   3,41","st":"Eleito"},{"seq":16,"n":16001,"e":"N","vap":38,"pvap":"   1,32","st":"Suplente"},{"seq":11,"n":16002,"e":"S","vap":89,"pvap":"   3,10","st":"Eleito"},{"seq":26,"n":16009,"e":"N","vap":24,"pvap":"   0,83","st":"Suplente"},{"seq":20,"n":14012,"e":"N","vap":28,"pvap":"   0,97","st":"Suplente"},{"seq":15,"n":14011,"e":"S","vap":38,"pvap":"   1,32","st":"Eleito"},{"seq":12,"n":14005,"e":"S","vap":70,"pvap":"   2,43","st":"Eleito"},{"seq":7,"n":14003,"e":"S","vap":145,"pvap":"   5,04","st":"Eleito"},{"seq":27,"n":14007,"e":"N","vap":23,"pvap":"   0,80","st":"Suplente"},{"seq":4,"n":14008,"e":"S","vap":185,"pvap":"   6,43","st":"Eleito"},{"seq":18,"n":14014,"e":"N","vap":31,"pvap":"   1,08","st":"Suplente"},{"seq":8,"n":14013,"e":"S","vap":122,"pvap":"   4,24","st":"Eleito"},{"seq":25,"n":14009,"e":"N","vap":24,"pvap":"   0,83","st":"Suplente"},{"seq":30,"n":14001,"e":"N","vap":21,"pvap":"   0,73","st":"Suplente"},{"seq":24,"n":14015,"e":"N","vap":25,"pvap":"   0,87","st":"Suplente"},{"seq":6,"n":14004,"e":"S","vap":152,"pvap":"   5,29","st":"Eleito"},{"seq":19,"n":14002,"e":"N","vap":29,"pvap":"   1,01","st":"Suplente"},{"seq":3,"n":14006,"e":"S","vap":276,"pvap":"   9,60","st":"Eleito"},{"seq":21,"n":14010,"e":"N","vap":28,"pvap":"   0,97","st":"Suplente"}],"tpabr":"ZONA","cdabr":"131"}]}