{"ele":8707,"cdabr":"75221","nmabr":"CARAMBEÍ","t":1,"f":"S","s":"N","dg":"13/10/2020","hg":"20:03:40","v":"005","br":{"nm":"Brasil","uf":[{"sg":"PR","nm":"PARANÁ","mun":[{"cd":"75221","nm":"CARAMBEÍ","c":"N","s":47,"e":15457,"tzon":1,"zon":[{"cd":"0139","s":47,"e":15457}]}]}]},"carg":{"cd":13,"nmn":"Vereador","nmm":"Vereador","nmf":"Vereadora","nv":15,"col":[{"n":160000330374,"nm":"COLIGACAO 160000330374","tp":"P","com":"P16","par":[{"n":16,"sg":" P16 ","nm":"PARTIDO 16","cand":[{"sqcand":160002495063,"n":16007,"nm":"CANDIDATO 16007","nmu":"CANDIDATO 16007","s":"M","dt":"01/11/1929","dvt":"Válido"},{"sqcand":160002495064,"n":16008,"nm":"CANDIDATO 16008","nmu":"CANDIDATO 16008","s":"M","dt":"07/10/1921","dvt":"Válido"},{"sqcand":160002495061,"n":16005,"nm":"CANDIDATO 16005","nmu":"CANDIDATO 16005","s":"M","dt":"13/01/1924","dvt":"Válido"},{"sqcand":160002495070,"n":16014,"nm":"CANDIDATO 16014","nmu":"CANDIDATO 16014","s":"M","dt":"07/02/1929","dvt":"Válido"},{"sqcand":160002495057,"n":16001,"nm":"CANDIDATO 16001","nmu":"CANDIDATO 16001","s":"F","dt":"18/08/1923","dvt":"Válido"},{"sqcand":160002495059,"n":16003,"nm":"CANDIDATO 16003","nmu":"CANDIDATO 16003","s":"F","dt":"28/10/1929","dvt":"Válido"},{"sqcand":160002495058,"n":16002,"nm":"CANDIDATO 16002","nmu":"CANDIDATO 16002","s":"F","dt":"17/04/1928","dvt":"Válido"},{"sqcand":160002495066,"n":16010,"nm":"CANDIDATO 16010","nmu":"CANDIDATO 16010","s":"M","dt":"05/05/1929","dvt":"Válido"},{"sqcand":160002495068,"n":16012,"nm":"CANDIDATO 16012","nmu":"CANDIDATO 16012","s":"M","dt":"24/08/1928","dvt":"Válido"},{"sqcand":160002495065,"n":16009,"nm":"CANDIDATO 16009","nmu":"CANDIDATO 16009","s":"M","dt":"08/01/1978","dvt":"Válido"},{"sqcand":160002495069,"n":16013,"nm":"CANDIDATO 16013","nmu":"CANDIDATO 16013","s":"M","dt":"06/02/1927","dvt":"Válido"},{"sqcand":160002495071,"n":16015,"nm":"CANDIDATO 16015","nmu":"CANDIDATO 16015","s":"M","dt":"13/05/1967","dvt":"Válido"},{"sqcand":160002495060,"n":16004,"nm":"CANDIDATO 16004","nmu":"CANDIDATO 16004","s":"F","dt":"20/01/1928","dvt":"Válido"},{"sqcand":160002495062,"n":16006,"nm":"CANDIDATO 16006","nmu":"CANDIDATO 16006","s":"M","dt":"29/11/1929","dvt":"Válido"},{"sqcand":160002495067,"n":16011,"nm":"CANDIDATO 16011","nmu":"CANDIDATO 16011","s":"M","dt":"11/03/1929","dvt":"Válido"}]}]},{"n":160000330371,"nm":"COLIGACAO 160000330371","tp":"P","com":"P14","par":[{"n":14,"sg":" P14 ","nm":"PARTIDO 14","cand":[{"sqcand":160002495049,"n":14012,"nm":"CANDIDATO 14012","nmu":"CANDIDATO 14012","s":"M","dt":"10/08/1967","dvt":"Válido"},{"sqcand":160002495044,"n":14007,"nm":"CANDIDATO 14007","nmu":"CANDIDATO 14007","s":"M","dt":"19/02/1923","dvt":"Válido"},{"sqcand":160002495041,"n":14004,"nm":"CANDIDATO 14004","nmu":"CANDIDATO 14004","s":"F","dt":"29/10/1926","dvt":"Válido"},{"sqcand":160002495050,"n":14013,"nm":"CANDIDATO 14013","nmu":"CANDIDATO 14013","s":"M","dt":"10/01/1929","dvt":"Válido"},{"sqcand":160002495047,"n":14010,"nm":"CANDIDATO 14010","nmu":"CANDIDATO 14010","s":"M","dt":"22/09/1958","dvt":"Válido"},{"sqcand":160002495052,"n":14015,"nm":"CANDIDATO 14015","nmu":"CANDIDATO 14015","s":"M","dt":"05/11/1929","dvt":"Válido"},{"sqcand":160002495038,"n":14001,"nm":"CANDIDATO 14001","nmu":"CANDIDATO 14001","s":"F","dt":"25/07/1954","dvt":"Válido"},{"sqcand":160002495039,"n":14002,"nm":"CANDIDATO 14002","nmu":"CANDIDATO 14002","s":"F","dt":"27/10/1928","dvt":"Válido"},{"sqcand":160002495046,"n":14009,"nm":"CANDIDATO 14009","nmu":"CANDIDATO 14009","s":"M","dt":"12/05/1967","dvt":"Válido"},{"sqcand":160002495040,"n":14003,"nm":"CANDIDATO 14003","nmu":"CANDIDATO 14003","s":"F","dt":"04/07/1925","dvt":"Válido"},{"sqcand":160002495043,"n":14006,"nm":"CANDIDATO 14006","nmu":"CANDIDATO 14006","s":"M","dt":"29/10/1953","dvt":"Válido"},{"sqcand":160002495042,"n":14005,"nm":"CANDIDATO 14005","nmu":"CANDIDATO 14005","s":"M","dt":"25/05/1929","dvt":"Válido"},{"sqcand":160002495051,"n":14014,"nm":"CANDIDATO 14014","nmu":"CANDIDATO 14014","s":"M","dt":"19/12/1929","dvt":"Válido"},{"sqcand":160002495045,"n":14008,"nm":"CANDIDATO 14008","nmu":"CANDIDATO 14008","s":"M","dt":"12/07/1977","dvt":"Válido"},{"sqcand":160002495048,"n":14011,"nm":"CANDIDATO 14011","nmu":"CANDIDATO 14011","s":"M","dt":"29/10/1926","dvt":"Válido"}]}]}]}}