{"ele":8707,"cdabr":"75191","nmabr":"CONSELHEIRO MAIRINCK","t":1,"f":"S","s":"N","dg":"13/10/2020","hg":"20:03:35","v":"005","br":{"nm":"Brasil","uf":[{"sg":"PR","nm":"PARANÁ","mun":[{"cd":"75191","nm":"CONSELHEIRO MAIRINCK","c":"N","s":11,"e":2806,"tzon":1,"zon":[{"cd":"0079","s":11,"e":2806}]}]}]},"carg":{"cd":11,"nmn":"Prefeito","nmm":"Prefeito","nmf":"Prefeita","nv":1,"col":[{"n":160000322326,"nm":"COLIGACAO 160000322326","tp":"P","com":"P16","par":[{"n":16,"sg":" P16 ","nm":"PARTIDO 16","cand":[{"sqcand":160002464636,"n":16,"nm":"CANDIDATO 16","nmu":"CANDIDATO 16","s":"M","dt":"30/04/1926","dvt":"Válido","vs":[{"sqcand":160002464637,"nm":"CANDIDATO 16 1","nmu":"CANDIDATO 16 1","tp":"V","sgp":"P16"}]}]}]},{"n":160000322320,"nm":"COLIGACAO 160000322320","tp":"P","com":"P14","par":[{"n":14,"sg":" P14 ","nm":"PARTIDO 14","cand":[{"sqcand":160002464585,"n":14,"nm":"CANDIDATO 14","nmu":"CANDIDATO 14","s":"M","dt":"10/02/1929","dvt":"Válido","vs":[{"sqcand":160002464586,"nm":"CANDIDATO 14 1","nmu":"CANDIDATO 14 1","tp":"V","sgp":"P14"}]}]}]}]}}