{ "ele" : "426", "tpabr" : "mu", "cdabr" : "76910", "carper" : "11", "t" : "1", "f" : "o", "dt" : "07\/11\/2020", "ht" : "02:10:05", "dv" : "s", "tf" : "n", "v" : "1", "esae" : "n", "mnae" : "", "s" : "717", "st" : "0", "pst" : "   0,00", "snt" : "717", "psnt" : " 100,00", "si" : "0", "psi" : "   0,00", "sni" : "0", "psni" : "   0,00", "sa" : "0", "psa" : "   0,00", "sna" : "0", "psna" : "   0,00", "e" : "279500", "ea" : "0", "pea" : "   0,00", "ena" : "0", "pena" : "   0,00", "esi" : "0", "pesi" : "   0,00", "esni" : "0", "pesni" : "   0,00", "c" : "0", "pc" : "   0,00", "a" : "0", "pa" : "   0,00", "vscv" : "0", "vnom" : "0", "pvnom" : "00,00", "vvc" : "0", "pvvc" : "00,00", "vb" : "0", "pvb" : "00,00", "tvn" : "0", "ptvn" : "00,00", "vn" : "0", "pvn" : "00,00", "vnt" : "0", "pvnt" : "00,00", "vp" : "0", "pvp" : "00,00", "vv" : "0", "pvv" : "00,00", "van" : "0", "pvan" : "00,00", "vansj" : "0", "pvansj" : "00,00", "tv" : "0", "cand" : [ 
{ "seq" : "6", "sqcand" : "160000822198", "n" : "25", "nm" : "DR BATISTA", "cc" : "DEM - DEM \/ DC \/ PMN", "nv" : "PROFESSORA LILIAN MORAES", "e" : "n", "st" : "", "dvt" : "Válido", "vap" : "0", "pvap" : "00.00" }, 
{ "seq" : "7", "sqcand" : "160000869387", "n" : "51", "nm" : "ELISEU FORTES", "cc" : "PATRIOTA", "nv" : "ELIANE SILVA", "e" : "n", "st" : "", "dvt" : "Válido", "vap" : "0", "pvap" : "00.00" }, 
{ "seq" : "11", "sqcand" : "160000682809", "n" : "70", "nm" : "ROGERIO CALAZANS", "cc" : "AVANTE", "nv" : "LU PEDER", "e" : "n", "st" : "", "dvt" : "Válido", "vap" : "0", "pvap" : "00.00" }, 
{ "seq" : "13", "sqcand" : "160000990261", "n" : "23", "nm" : "VALDIR PIGNATA", "cc" : "CIDADANIA", "nv" : "PROFESSOR JOSÉ VILCHENSKI", "e" : "n", "st" : "", "dvt" : "Válido", "vap" : "0", "pvap" : "00.00" }, 
{ "seq" : "4", "sqcand" : "160001051108", "n" : "13", "nm" : "CARLOS MARIUCCI", "cc" : "PT - PT \/ PDT \/ PC do B", "nv" : "PROF. PELUSO", "e" : "n", "st" : "", "dvt" : "Válido", "vap" : "0", "pvap" : "00.00" }, 
{ "seq" : "2", "sqcand" : "160000976611", "n" : "36", "nm" : "ANNIBAL BIANCHINI", "cc" : "PTC", "nv" : "CRISTIANE TAZINAFO", "e" : "n", "st" : "", "dvt" : "Válido", "vap" : "0", "pvap" : "00.00" }, 
{ "seq" : "3", "sqcand" : "160000796359", "n" : "19", "nm" : "BOVO", "cc" : "PODE - PODE \/ SOLIDARIEDADE", "nv" : "CESAR MORENO", "e" : "n", "st" : "", "dvt" : "Válido", "vap" : "0", "pvap" : "00.00" }, 
{ "seq" : "1", "sqcand" : "160001189540", "n" : "22", "nm" : "AKEMI NISHIMORI", "cc" : "PL - PL \/ PRTB", "nv" : "ZÉ PORTUGUÊS", "e" : "n", "st" : "", "dvt" : "Válido", "vap" : "0", "pvap" : "00.00" }, 
{ "seq" : "8", "sqcand" : "160000867509", "n" : "45", "nm" : "EVANDRO DE FREITAS OLIVEIRA", "cc" : "PSDB", "nv" : "VANESSA LOLLATO", "e" : "n", "st" : "", "dvt" : "Válido", "vap" : "0", "pvap" : "00.00" }, 
{ "seq" : "9", "sqcand" : "160000869859", "n" : "90", "nm" : "HOMERO MARCHESE", "cc" : "PROS - PROS \/ PSC \/ REPUBLICANOS \/ PTB \/ PV", "nv" : "CORONEL FAHUR", "e" : "n", "st" : "", "dvt" : "Válido", "vap" : "0", "pvap" : "00.00" }, 
{ "seq" : "10", "sqcand" : "160000748152", "n" : "50", "nm" : "PROFESSOR EDMILSON", "cc" : "PSOL", "nv" : "OSMAR JAHMAICA", "e" : "n", "st" : "", "dvt" : "Válido", "vap" : "0", "pvap" : "00.00" }, 
{ "seq" : "5", "sqcand" : "160001189341", "n" : "11", "nm" : "CORONEL AUDILENE", "cc" : "PP - PSB \/ PP", "nv" : "MARCO MEGER", "e" : "n", "st" : "", "dvt" : "Válido", "vap" : "0", "pvap" : "00.00" }, 
{ "seq" : "12", "sqcand" : "160000796653", "n" : "55", "nm" : "ULISSES MAIA", "cc" : "PSD - PSD \/ MDB \/ PSL \/ REDE", "nv" : "EDSON SCABORA", "e" : "n", "st" : "", "dvt" : "Válido", "vap" : "0", "pvap" : "00.00" } ] }