{ "ele" : "426", "tpabr" : "mu", "cdabr" : "75833", "carper" : "11", "t" : "1", "f" : "o", "dt" : "07\/11\/2020", "ht" : "02:10:06", "dv" : "s", "tf" : "n", "v" : "1", "esae" : "n", "mnae" : "", "s" : "340", "st" : "0", "pst" : "   0,00", "snt" : "340", "psnt" : " 100,00", "si" : "0", "psi" : "   0,00", "sni" : "0", "psni" : "   0,00", "sa" : "0", "psa" : "   0,00", "sna" : "0", "psna" : "   0,00", "e" : "126989", "ea" : "0", "pea" : "   0,00", "ena" : "0", "pena" : "   0,00", "esi" : "0", "pesi" : "   0,00", "esni" : "0", "pesni" : "   0,00", "c" : "0", "pc" : "   0,00", "a" : "0", "pa" : "   0,00", "vscv" : "0", "vnom" : "0", "pvnom" : "00,00", "vvc" : "0", "pvvc" : "00,00", "vb" : "0", "pvb" : "00,00", "tvn" : "0", "ptvn" : "00,00", "vn" : "0", "pvn" : "00,00", "vnt" : "0", "pvnt" : "00,00", "vp" : "0", "pvp" : "00,00", "vv" : "0", "pvv" : "00,00", "van" : "0", "pvan" : "00,00", "vansj" : "0", "pvansj" : "00,00", "tv" : "0", "cand" : [ 
{ "seq" : "6", "sqcand" : "160000857683", "n" : "51", "nm" : "LUZIA NORILER", "cc" : "PATRIOTA", "nv" : "ROSIANE NOGUEIRA FORNAZZARI", "e" : "n", "st" : "", "dvt" : "Válido", "vap" : "0", "pvap" : "00.00" }, 
{ "seq" : "1", "sqcand" : "160000639727", "n" : "27", "nm" : "ANDRÉ TECCHIO", "cc" : "DC", "nv" : "PROF RENATINHO", "e" : "n", "st" : "", "dvt" : "Válido", "vap" : "0", "pvap" : "00.00" }, 
{ "seq" : "3", "sqcand" : "160000661516", "n" : "13", "nm" : "DR ANTENOR", "cc" : "PT - PT \/ MDB \/ PC do B", "nv" : "JOÃO NIECKARS", "e" : "n", "st" : "", "dvt" : "Válido", "vap" : "0", "pvap" : "00.00" }, 
{ "seq" : "5", "sqcand" : "160000663528", "n" : "10", "nm" : "JANAÍNA NAUMANN", "cc" : "REPUBLICANOS - REPUBLICANOS \/ PSC", "nv" : "LUIZ JURASKI", "e" : "n", "st" : "", "dvt" : "Válido", "vap" : "0", "pvap" : "00.00" }, 
{ "seq" : "7", "sqcand" : "160001142890", "n" : "25", "nm" : "VITOR HUGO BURKO", "cc" : "DEM - SOLIDARIEDADE \/ PDT \/ DEM", "nv" : "THIAGO PFANN", "e" : "n", "st" : "", "dvt" : "Anulado sub judice", "vap" : "0", "pvap" : "00.00" }, 
{ "seq" : "2", "sqcand" : "160000883116", "n" : "23", "nm" : "CELSO GÓES", "cc" : "CIDADANIA - CIDADANIA \/ PSDB \/ PL \/ PP \/ PSD \/ PODE \/ PROS", "nv" : "SAMUEL RIBAS DE ABREU", "e" : "n", "st" : "", "dvt" : "Válido", "vap" : "0", "pvap" : "00.00" }, 
{ "seq" : "4", "sqcand" : "160000639678", "n" : "33", "nm" : "JABUR DO MOTOCROSS", "cc" : "PMN - PMN \/ AVANTE", "nv" : "PAULO VIER", "e" : "n", "st" : "", "dvt" : "Válido", "vap" : "0", "pvap" : "00.00" } ] }