{ "ele" : "426", "tpabr" : "mu", "cdabr" : "74934", "carper" : "13", "t" : "1", "f" : "o", "dt" : "10\/11\/2020", "ht" : "11:13:56", "dv" : "s", "tf" : "n", "v" : "21", "esae" : "n", "mnae" : "", "s" : "569", "st" : "0", "pst" : "   0,00", "snt" : "569", "psnt" : " 100,00", "si" : "0", "psi" : "   0,00", "sni" : "0", "psni" : "   0,00", "sa" : "0", "psa" : "   0,00", "sna" : "0", "psna" : "   0,00", "e" : "223090", "ea" : "0", "pea" : "   0,00", "ena" : "0", "pena" : "   0,00", "esi" : "0", "pesi" : "   0,00", "esni" : "0", "pesni" : "   0,00", "c" : "0", "pc" : "   0,00", "a" : "0", "pa" : "   0,00", "vscv" : "0", "vnom" : "0", "vl" : "0", "pvnom" : "00,00", "pvl" : "00,00", "vvc" : "0", "pvvc" : "00,00", "vb" : "0", "pvb" : "00,00", "tvn" : "0", "ptvn" : "00,00", "vn" : "0", "pvn" : "00,00", "vnt" : "0", "pvnt" : "00,00", "vp" : "0", "pvp" : "00,00", "vv" : "0", "pvv" : "00,00", "van" : "0", "pvan" : "00,00", "vansj" : "0", "pvansj" : "00,00", "tv" : "0", "cand" : [ 
{ "seq" : "89", "sqcand" : "160001136639", "n" : "23701", "nm" : "DEBORA DE MELLO", "cc" : "CIDADANIA", "nv" : " ", "e" : "n", "st" : "", "dvt" : "Válido", "vap" : "0", "pvap" : "00.00" }, 
{ "seq" : "158", "sqcand" : "160000789969", "n" : "17070", "nm" : "GEL SCHMIDT", "cc" : "PSL", "nv" : " ", "e" : "n", "st" : "", "dvt" : "Válido", "vap" : "0", "pvap" : "00.00" }, 
{ "seq" : "109", "sqcand" : "160001074508", "n" : "12017", "nm" : "DR. CLAYTON LIMA", "cc" : "PDT", "nv" : " ", "e" : "n", "st" : "", "dvt" : "Válido", "vap" : "0", "pvap" : "00.00" }, 
{ "seq" : "172", "sqcand" : "160000789977", "n" : "17014", "nm" : "GUSTAVO SIRTOLI", "cc" : "PSL", "nv" : " ", "e" : "n", "st" : "", "dvt" : "Válido", "vap" : "0", "pvap" : "00.00" }, 
{ "seq" : "425", "sqcand" : "160001184488", "n" : "20020", "nm" : "SIMONE LOU", "cc" : "PSC", "nv" : " ", "e" : "n", "st" : "", "dvt" : "Válido", "vap" : "0", "pvap" : "00.00" }, 
{ "seq" : "143", "sqcand" : "160001080453", "n" : "25272", "nm" : "EVA BRASMADEIRA", "cc" : "DEM", "nv" : " ", "e" : "n", "st" : "", "dvt" : "Válido", "vap" : "0", "pvap" : "00.00" }, 
{ "seq" : "136", "sqcand" : "160001077678", "n" : "43065", "nm" : "ELZA CAMARGO", "cc" : "PV", "nv" : " ", "e" : "n", "st" : "", "dvt" : "Válido", "vap" : "0", "pvap" : "00.00" }, 
{ "seq" : "214", "sqcand" : "160001138223", "n" : "11110", "nm" : "JOSE DO COLONIAL", "cc" : "PP", "nv" : " ", "e" : "n", "st" : "", "dvt" : "Válido", "vap" : "0", "pvap" : "00.00" }, 
{ "seq" : "289", "sqcand" : "160000994327", "n" : "90123", "nm" : "MAURI VARASCHIN", "cc" : "PROS", "nv" : " ", "e" : "n", "st" : "", "dvt" : "Válido", "vap" : "0", "pvap" : "00.00" }, 
{ "seq" : "9", "sqcand" : "160000995209", "n" : "19380", "nm" : "ADRIANA SALLES", "cc" : "PODE", "nv" : " ", "e" : "n", "st" : "", "dvt" : "Válido", "vap" : "0", "pvap" : "00.00" }, 
{ "seq" : "138", "sqcand" : "160001184501", "n" : "20060", "nm" : "EMILIO MARTINI", "cc" : "PSC", "nv" : " ", "e" : "n", "st" : "", "dvt" : "Válido", "vap" : "0", "pvap" : "00.00" }, 
{ "seq" : "342", "sqcand" : "160001074504", "n" : "12812", "nm" : "PRAXEDES", "cc" : "PDT", "nv" : " ", "e" : "n", "st" : "", "dvt" : "Válido", "vap" : "0", "pvap" : "00.00" }, 
{ "seq" : "124", "sqcand" : "160001264016", "n" : "70333", "nm" : "EDSON BARBOSA DE QUEIROZ", "cc" : "AVANTE", "nv" : " ", "e" : "n", "st" : "", "dvt" : "Válido", "vap" : "0", "pvap" : "00.00" }, 
{ "seq" : "69", "sqcand" : "160001175104", "n" : "15200", "nm" : "CLAUDIO AMARAL", "cc" : "MDB", "nv" : " ", "e" : "n", "st" : "", "dvt" : "Válido", "vap" : "0", "pvap" : "00.00" }, 
{ "seq" : "168", "sqcand" : "160001135362", "n" : "14222", "nm" : "GLAUBER GOMEZ", "cc" : "PTB", "nv" : " ", "e" : "n", "st" : "", "dvt" : "Válido", "vap" : "0", "pvap" : "00.00" }, 
{ "seq" : "428", "sqcand" : "160001142281", "n" : "28400", "nm" : "SOLEIDE NORATO", "cc" : "PRTB", "nv" : " ", "e" : "n", "st" : "", "dvt" : "Válido", "vap" : "0", "pvap" : "00.00" }, 
{ "seq" : "456", "sqcand" : "160000994315", "n" : "90121", "nm" : "VOLMAR GALLAS", "cc" : "PROS", "nv" : " ", "e" : "n", "st" : "", "dvt" : "Válido", "vap" : "0", "pvap" : "00.00" }, 
{ "seq" : "4", "sqcand" : "160001074503", "n" : "12142", "nm" : "ADEMIR GAÚCHO", "cc" : "PDT", "nv" : " ", "e" : "n", "st" : "", "dvt" : "Válido", "vap" : "0", "pvap" : "00.00" }, 
{ "seq" : "147", "sqcand" : "160000993365", "n" : "40650", "nm" : "FELIPE BEBBER", "cc" : "PSB", "nv" : " ", "e" : "n", "st" : "", "dvt" : "Válido", "vap" : "0", "pvap" : "00.00" }, 
{ "seq" : "262", "sqcand" : "160001077687", "n" : "43700", "nm" : "MANINHO", "cc" : "PV", "nv" : " ", "e" : "n", "st" : "", "dvt" : "Válido", "vap" : "0", "pvap" : "00.00" }, 
{ "seq" : "246", "sqcand" : "160001175081", "n" : "15678", "nm" : "LEONE OLIVEIRA", "cc" : "MDB", "nv" : " ", "e" : "n", "st" : "", "dvt" : "Válido", "vap" : "0", "pvap" : "00.00" }, 
{ "seq" : "372", "sqcand" : "160000876168", "n" : "13130", "nm" : "PROFESSORA LUZIA", "cc" : "PT", "nv" : " ", "e" : "n", "st" : "", "dvt" : "Válido", "vap" : "0", "pvap" : "00.00" }, 
{ "seq" : "203", "sqcand" : "160000876183", "n" : "13456", "nm" : "JOÃO LEITEIRO", "cc" : "PT", "nv" : " ", "e" : "n", "st" : "", "dvt" : "Válido", "vap" : "0", "pvap" : "00.00" }, 
{ "seq" : "382", "sqcand" : "160001184494", "n" : "20789", "nm" : "RAFAELA EDUARDA RAFAGNIN", "cc" : "PSC", "nv" : " ", "e" : "n", "st" : "", "dvt" : "Válido", "vap" : "0", "pvap" : "00.00" }, 
{ "seq" : "306", "sqcand" : "160000993368", "n" : "40416", "nm" : "NEIVA DEITOS", "cc" : "PSB", "nv" : " ", "e" : "n", "st" : "", "dvt" : "Válido", "vap" : "0", "pvap" : "00.00" }, 
{ "seq" : "304", "sqcand" : "160001184173", "n" : "22023", "nm" : "NEIDE F SANTOS", "cc" : "PL", "nv" : " ", "e" : "n", "st" : "", "dvt" : "Válido", "vap" : "0", "pvap" : "00.00" }, 
{ "seq" : "191", "sqcand" : "160000992636", "n" : "36036", "nm" : "JANAÍNA TREVISAN", "cc" : "PTC", "nv" : " ", "e" : "n", "st" : "", "dvt" : "Válido", "vap" : "0", "pvap" : "00.00" }, 
{ "seq" : "187", "sqcand" : "160001142277", "n" : "28038", "nm" : "IZABEL GARCIA", "cc" : "PRTB", "nv" : " ", "e" : "n", "st" : "", "dvt" : "Válido", "vap" : "0", "pvap" : "00.00" }, 
{ "seq" : "209", "sqcand" : "160001080454", "n" : "25320", "nm" : "JOCASTA", "cc" : "DEM", "nv" : " ", "e" : "n", "st" : "", "dvt" : "Válido", "vap" : "0", "pvap" : "00.00" }, 
{ "seq" : "330", "sqcand" : "160000994318", "n" : "90002", "nm" : "PAULO DO CANADA", "cc" : "PROS", "nv" : " ", "e" : "n", "st" : "", "dvt" : "Válido", "vap" : "0", "pvap" : "00.00" }, 
{ "seq" : "93", "sqcand" : "160000684167", "n" : "10777", "nm" : "DENILSON RUPPEL", "cc" : "REPUBLICANOS", "nv" : " ", "e" : "n", "st" : "", "dvt" : "Válido", "vap" : "0", "pvap" : "00.00" }, 
{ "seq" : "275", "sqcand" : "160000995201", "n" : "19456", "nm" : "MARCOS MIRANDA", "cc" : "PODE", "nv" : " ", "e" : "n", "st" : "", "dvt" : "Válido", "vap" : "0", "pvap" : "00.00" }, 
{ "seq" : "145", "sqcand" : "160001079818", "n" : "51515", "nm" : "EZEQUIEL PADILHA", "cc" : "PATRIOTA", "nv" : " ", "e" : "n", "st" : "", "dvt" : "Válido", "vap" : "0", "pvap" : "00.00" }, 
{ "seq" : "190", "sqcand" : "160001267246", "n" : "70242", "nm" : "JAKE BATTISTI", "cc" : "AVANTE", "nv" : " ", "e" : "n", "st" : "", "dvt" : "Válido", "vap" : "0", "pvap" : "00.00" }, 
{ "seq" : "116", "sqcand" : "160001142278", "n" : "28553", "nm" : "DRA ANDREIA BELO ROSSO", "cc" : "PRTB", "nv" : " ", "e" : "n", "st" : "", "dvt" : "Válido", "vap" : "0", "pvap" : "00.00" }, 
{ "seq" : "250", "sqcand" : "160000994120", "n" : "70123", "nm" : "LISI DO SALÃO", "cc" : "AVANTE", "nv" : " ", "e" : "n", "st" : "", "dvt" : "Válido", "vap" : "0", "pvap" : "00.00" }, 
{ "seq" : "420", "sqcand" : "160001184148", "n" : "22088", "nm" : "SILVANA", "cc" : "PL", "nv" : " ", "e" : "n", "st" : "", "dvt" : "Válido", "vap" : "0", "pvap" : "00.00" }, 
{ "seq" : "107", "sqcand" : "160000876192", "n" : "13100", "nm" : "DOUTOR LAÉRCIO", "cc" : "PT", "nv" : " ", "e" : "n", "st" : "", "dvt" : "Válido", "vap" : "0", "pvap" : "00.00" }, 
{ "seq" : "256", "sqcand" : "160001135357", "n" : "14333", "nm" : "LUIZ MANSO VIEIRA", "cc" : "PTB", "nv" : " ", "e" : "n", "st" : "", "dvt" : "Válido", "vap" : "0", "pvap" : "00.00" }, 
{ "seq" : "384", "sqcand" : "160000789976", "n" : "17777", "nm" : "RENATO DA PANIFICADORA", "cc" : "PSL", "nv" : " ", "e" : "n", "st" : "", "dvt" : "Válido", "vap" : "0", "pvap" : "00.00" }, 
{ "seq" : "261", "sqcand" : "160000994119", "n" : "70672", "nm" : "MANEZINHO DO INTERLAGOS", "cc" : "AVANTE", "nv" : " ", "e" : "n", "st" : "", "dvt" : "Válido", "vap" : "0", "pvap" : "00.00" }, 
{ "seq" : "85", "sqcand" : "160001079829", "n" : "51014", "nm" : "DANIEL DE MATOS", "cc" : "PATRIOTA", "nv" : " ", "e" : "n", "st" : "", "dvt" : "Válido", "vap" : "0", "pvap" : "00.00" }, 
{ "seq" : "244", "sqcand" : "160001137048", "n" : "55123", "nm" : "LEDA MERELIM", "cc" : "PSD", "nv" : " ", "e" : "n", "st" : "", "dvt" : "Válido", "vap" : "0", "pvap" : "00.00" }, 
{ "seq" : "346", "sqcand" : "160000994115", "n" : "70007", "nm" : "PROF. CEZAR", "cc" : "AVANTE", "nv" : " ", "e" : "n", "st" : "", "dvt" : "Válido", "vap" : "0", "pvap" : "00.00" }, 
{ "seq" : "308", "sqcand" : "160001137058", "n" : "55600", "nm" : "NELVA SAVARIS", "cc" : "PSD", "nv" : " ", "e" : "n", "st" : "", "dvt" : "Válido", "vap" : "0", "pvap" : "00.00" }, 
{ "seq" : "129", "sqcand" : "160001080460", "n" : "25123", "nm" : "EDY CARLOS", "cc" : "DEM", "nv" : " ", "e" : "n", "st" : "", "dvt" : "Válido", "vap" : "0", "pvap" : "00.00" }, 
{ "seq" : "258", "sqcand" : "160001175092", "n" : "15500", "nm" : "MADSON", "cc" : "MDB", "nv" : " ", "e" : "n", "st" : "", "dvt" : "Válido", "vap" : "0", "pvap" : "00.00" }, 
{ "seq" : "318", "sqcand" : "160000995198", "n" : "19200", "nm" : "OLAVO SANTOS", "cc" : "PODE", "nv" : " ", "e" : "n", "st" : "", "dvt" : "Válido", "vap" : "0", "pvap" : "00.00" }, 
{ "seq" : "141", "sqcand" : "160001184169", "n" : "22013", "nm" : "ERICA CLARO", "cc" : "PL", "nv" : " ", "e" : "n", "st" : "", "dvt" : "Válido", "vap" : "0", "pvap" : "00.00" }, 
{ "seq" : "378", "sqcand" : "160001184154", "n" : "22100", "nm" : "RAFAEL BRUGNEROTTO", "cc" : "PL", "nv" : " ", "e" : "n", "st" : "", "dvt" : "Válido", "vap" : "0", "pvap" : "00.00" }, 
{ "seq" : "332", "sqcand" : "160001142287", "n" : "28280", "nm" : "PAULO MOREIRA", "cc" : "PRTB", "nv" : " ", "e" : "n", "st" : "", "dvt" : "Válido", "vap" : "0", "pvap" : "00.00" }, 
{ "seq" : "245", "sqcand" : "160000876189", "n" : "13033", "nm" : "LENA DO SINDICATO", "cc" : "PT", "nv" : " ", "e" : "n", "st" : "", "dvt" : "Válido", "vap" : "0", "pvap" : "00.00" }, 
{ "seq" : "322", "sqcand" : "160001175083", "n" : "15123", "nm" : "PARRA", "cc" : "MDB", "nv" : " ", "e" : "n", "st" : "", "dvt" : "Válido", "vap" : "0", "pvap" : "00.00" }, 
{ "seq" : "309", "sqcand" : "160001175080", "n" : "15050", "nm" : "NESIO MARTINS", "cc" : "MDB", "nv" : " ", "e" : "n", "st" : "", "dvt" : "Anulado sub judice", "vap" : "0", "pvap" : "00.00" }, 
{ "seq" : "14", "sqcand" : "160001136636", "n" : "23029", "nm" : "ALCINIRA OLIVEIRA", "cc" : "CIDADANIA", "nv" : " ", "e" : "n", "st" : "", "dvt" : "Anulado sub judice", "vap" : "0", "pvap" : "00.00" }, 
{ "seq" : "394", "sqcand" : "160001138211", "n" : "11022", "nm" : "ROGILSON", "cc" : "PP", "nv" : " ", "e" : "n", "st" : "", "dvt" : "Válido", "vap" : "0", "pvap" : "00.00" }, 
{ "seq" : "151", "sqcand" : "160000876184", "n" : "13999", "nm" : "FERNANDO DELGADO", "cc" : "PT", "nv" : " ", "e" : "n", "st" : "", "dvt" : "Válido", "vap" : "0", "pvap" : "00.00" }, 
{ "seq" : "267", "sqcand" : "160001074513", "n" : "12200", "nm" : "MARCELO ADRIANO PAPITO", "cc" : "PDT", "nv" : " ", "e" : "n", "st" : "", "dvt" : "Válido", "vap" : "0", "pvap" : "00.00" }, 
{ "seq" : "161", "sqcand" : "160001191650", "n" : "77222", "nm" : "GERALDINHO PILICA MIGUEL", "cc" : "SOLIDARIEDADE", "nv" : " ", "e" : "n", "st" : "", "dvt" : "Válido", "vap" : "0", "pvap" : "00.00" }, 
{ "seq" : "435", "sqcand" : "160001137045", "n" : "55000", "nm" : "TIAGO ZORNITTA", "cc" : "PSD", "nv" : " ", "e" : "n", "st" : "", "dvt" : "Válido", "vap" : "0", "pvap" : "00.00" }, 
{ "seq" : "196", "sqcand" : "160001135363", "n" : "14999", "nm" : "JEGÃO", "cc" : "PTB", "nv" : " ", "e" : "n", "st" : "", "dvt" : "Válido", "vap" : "0", "pvap" : "00.00" }, 
{ "seq" : "462", "sqcand" : "160000876194", "n" : "13277", "nm" : "ZÉ RIVALDO", "cc" : "PT", "nv" : " ", "e" : "n", "st" : "", "dvt" : "Válido", "vap" : "0", "pvap" : "00.00" }, 
{ "seq" : "249", "sqcand" : "160001077691", "n" : "43600", "nm" : "LINDA SACOMORI", "cc" : "PV", "nv" : " ", "e" : "n", "st" : "", "dvt" : "Válido", "vap" : "0", "pvap" : "00.00" }, 
{ "seq" : "307", "sqcand" : "160000684173", "n" : "10010", "nm" : "NELSON DO VITALIDADE", "cc" : "REPUBLICANOS", "nv" : " ", "e" : "n", "st" : "", "dvt" : "Válido", "vap" : "0", "pvap" : "00.00" }, 
{ "seq" : "285", "sqcand" : "160000994113", "n" : "70707", "nm" : "MARLI DA SAÚDE", "cc" : "AVANTE", "nv" : " ", "e" : "n", "st" : "", "dvt" : "Válido", "vap" : "0", "pvap" : "00.00" }, 
{ "seq" : "114", "sqcand" : "160000994306", "n" : "90180", "nm" : "DR LAURI", "cc" : "PROS", "nv" : " ", "e" : "n", "st" : "", "dvt" : "Válido", "vap" : "0", "pvap" : "00.00" }, 
{ "seq" : "381", "sqcand" : "160001184492", "n" : "20734", "nm" : "RAFAEL TORTATO", "cc" : "PSC", "nv" : " ", "e" : "n", "st" : "", "dvt" : "Válido", "vap" : "0", "pvap" : "00.00" }, 
{ "seq" : "437", "sqcand" : "160000876187", "n" : "13800", "nm" : "TIARLHES PINTO", "cc" : "PT", "nv" : " ", "e" : "n", "st" : "", "dvt" : "Válido", "vap" : "0", "pvap" : "00.00" }, 
{ "seq" : "352", "sqcand" : "160001184493", "n" : "20444", "nm" : "PROFESSOR ADILSON", "cc" : "PSC", "nv" : " ", "e" : "n", "st" : "", "dvt" : "Válido", "vap" : "0", "pvap" : "00.00" }, 
{ "seq" : "58", "sqcand" : "160001080459", "n" : "25220", "nm" : "CELSO TEIXEIRA", "cc" : "DEM", "nv" : " ", "e" : "n", "st" : "", "dvt" : "Válido", "vap" : "0", "pvap" : "00.00" }, 
{ "seq" : "119", "sqcand" : "160001074501", "n" : "12400", "nm" : "DRA. VALÉRIA", "cc" : "PDT", "nv" : " ", "e" : "n", "st" : "", "dvt" : "Válido", "vap" : "0", "pvap" : "00.00" }, 
{ "seq" : "212", "sqcand" : "160001079825", "n" : "51001", "nm" : "JONAS JUNIOR ", "cc" : "PATRIOTA", "nv" : " ", "e" : "n", "st" : "", "dvt" : "Válido", "vap" : "0", "pvap" : "00.00" }, 
{ "seq" : "333", "sqcand" : "160001079823", "n" : "51600", "nm" : "PAULO RIOS", "cc" : "PATRIOTA", "nv" : " ", "e" : "n", "st" : "", "dvt" : "Válido", "vap" : "0", "pvap" : "00.00" }, 
{ "seq" : "128", "sqcand" : "160000684175", "n" : "10123", "nm" : "EDUARDO LAURENTINO", "cc" : "REPUBLICANOS", "nv" : " ", "e" : "n", "st" : "", "dvt" : "Válido", "vap" : "0", "pvap" : "00.00" }, 
{ "seq" : "343", "sqcand" : "160001138218", "n" : "11100", "nm" : "PRETO BONATTO", "cc" : "PP", "nv" : " ", "e" : "n", "st" : "", "dvt" : "Válido", "vap" : "0", "pvap" : "00.00" }, 
{ "seq" : "106", "sqcand" : "160001074502", "n" : "12721", "nm" : "DORIVAL DA NEVA", "cc" : "PDT", "nv" : " ", "e" : "n", "st" : "", "dvt" : "Válido", "vap" : "0", "pvap" : "00.00" }, 
{ "seq" : "416", "sqcand" : "160001142282", "n" : "28888", "nm" : "SGTO SIDNEY POUCOS LEVES", "cc" : "PRTB", "nv" : " ", "e" : "n", "st" : "", "dvt" : "Válido", "vap" : "0", "pvap" : "00.00" }, 
{ "seq" : "298", "sqcand" : "160000994328", "n" : "90555", "nm" : "NADIR LOVERA", "cc" : "PROS", "nv" : " ", "e" : "n", "st" : "", "dvt" : "Válido", "vap" : "0", "pvap" : "00.00" }, 
{ "seq" : "50", "sqcand" : "160000789971", "n" : "17038", "nm" : "CAPITAO MONTEIRO", "cc" : "PSL", "nv" : " ", "e" : "n", "st" : "", "dvt" : "Válido", "vap" : "0", "pvap" : "00.00" }, 
{ "seq" : "84", "sqcand" : "160001080464", "n" : "25125", "nm" : "DANIEL CHIMIA", "cc" : "DEM", "nv" : " ", "e" : "n", "st" : "", "dvt" : "Válido", "vap" : "0", "pvap" : "00.00" }, 
{ "seq" : "235", "sqcand" : "160001080456", "n" : "25780", "nm" : "KATIA MAIA", "cc" : "DEM", "nv" : " ", "e" : "n", "st" : "", "dvt" : "Válido", "vap" : "0", "pvap" : "00.00" }, 
{ "seq" : "231", "sqcand" : "160001175093", "n" : "15600", "nm" : "JURUNA MOTOBOY", "cc" : "MDB", "nv" : " ", "e" : "n", "st" : "", "dvt" : "Válido", "vap" : "0", "pvap" : "00.00" }, 
{ "seq" : "233", "sqcand" : "160000995200", "n" : "19029", "nm" : "KARINA MARTENS", "cc" : "PODE", "nv" : " ", "e" : "n", "st" : "", "dvt" : "Válido", "vap" : "0", "pvap" : "00.00" }, 
{ "seq" : "399", "sqcand" : "160001079826", "n" : "51700", "nm" : "ROSY VELOSO", "cc" : "PATRIOTA", "nv" : " ", "e" : "n", "st" : "", "dvt" : "Válido", "vap" : "0", "pvap" : "00.00" }, 
{ "seq" : "95", "sqcand" : "160001184506", "n" : "20200", "nm" : "DESCIRE DONEDA", "cc" : "PSC", "nv" : " ", "e" : "n", "st" : "", "dvt" : "Válido", "vap" : "0", "pvap" : "00.00" }, 
{ "seq" : "225", "sqcand" : "160001080449", "n" : "25222", "nm" : "JUCA KAVA", "cc" : "DEM", "nv" : " ", "e" : "n", "st" : "", "dvt" : "Válido", "vap" : "0", "pvap" : "00.00" }, 
{ "seq" : "215", "sqcand" : "160000684168", "n" : "10373", "nm" : "JOSÉ FERNANDES", "cc" : "REPUBLICANOS", "nv" : " ", "e" : "n", "st" : "", "dvt" : "Válido", "vap" : "0", "pvap" : "00.00" }, 
{ "seq" : "359", "sqcand" : "160001184491", "n" : "20456", "nm" : "PROFESSOR LUIZ DA AUTO ESCOLA", "cc" : "PSC", "nv" : " ", "e" : "n", "st" : "", "dvt" : "Válido", "vap" : "0", "pvap" : "00.00" }, 
{ "seq" : "422", "sqcand" : "160001191644", "n" : "77800", "nm" : "SILVIO DO TRANSPORTE", "cc" : "SOLIDARIEDADE", "nv" : " ", "e" : "n", "st" : "", "dvt" : "Válido", "vap" : "0", "pvap" : "00.00" }, 
{ "seq" : "28", "sqcand" : "160001191645", "n" : "77999", "nm" : "ANDRÉIA PARTEKA", "cc" : "SOLIDARIEDADE", "nv" : " ", "e" : "n", "st" : "", "dvt" : "Válido", "vap" : "0", "pvap" : "00.00" }, 
{ "seq" : "48", "sqcand" : "160001184149", "n" : "22066", "nm" : "CACILDA", "cc" : "PL", "nv" : " ", "e" : "n", "st" : "", "dvt" : "Válido", "vap" : "0", "pvap" : "00.00" }, 
{ "seq" : "248", "sqcand" : "160000994322", "n" : "90220", "nm" : "LÍDIA", "cc" : "PROS", "nv" : " ", "e" : "n", "st" : "", "dvt" : "Válido", "vap" : "0", "pvap" : "00.00" }, 
{ "seq" : "367", "sqcand" : "160001077673", "n" : "43043", "nm" : "PROFESSOR VALDENIR", "cc" : "PV", "nv" : " ", "e" : "n", "st" : "", "dvt" : "Válido", "vap" : "0", "pvap" : "00.00" }, 
{ "seq" : "234", "sqcand" : "160001184156", "n" : "22090", "nm" : "KATHU MENEGUZZI", "cc" : "PL", "nv" : " ", "e" : "n", "st" : "", "dvt" : "Válido", "vap" : "0", "pvap" : "00.00" }, 
{ "seq" : "403", "sqcand" : "160000995208", "n" : "19123", "nm" : "SADI KISIEL", "cc" : "PODE", "nv" : " ", "e" : "n", "st" : "", "dvt" : "Válido", "vap" : "0", "pvap" : "00.00" }, 
{ "seq" : "189", "sqcand" : "160000995205", "n" : "19621", "nm" : "JAIME VASATTA", "cc" : "PODE", "nv" : " ", "e" : "n", "st" : "", "dvt" : "Válido", "vap" : "0", "pvap" : "00.00" }, 
{ "seq" : "340", "sqcand" : "160000789983", "n" : "17197", "nm" : "POLICIAL CEZAR", "cc" : "PSL", "nv" : " ", "e" : "n", "st" : "", "dvt" : "Válido", "vap" : "0", "pvap" : "00.00" }, 
{ "seq" : "423", "sqcand" : "160001137050", "n" : "55066", "nm" : "SIMONE DE LIMA", "cc" : "PSD", "nv" : " ", "e" : "n", "st" : "", "dvt" : "Válido", "vap" : "0", "pvap" : "00.00" }, 
{ "seq" : "383", "sqcand" : "160001175102", "n" : "15900", "nm" : "REGIANE NAZARO", "cc" : "MDB", "nv" : " ", "e" : "n", "st" : "", "dvt" : "Válido", "vap" : "0", "pvap" : "00.00" }, 
{ "seq" : "57", "sqcand" : "160001184147", "n" : "22777", "nm" : "CELSO DAL MOLIN", "cc" : "PL", "nv" : " ", "e" : "n", "st" : "", "dvt" : "Válido", "vap" : "0", "pvap" : "00.00" }, 
{ "seq" : "243", "sqcand" : "160001191638", "n" : "77456", "nm" : "LEANDRO FERRUGE", "cc" : "SOLIDARIEDADE", "nv" : " ", "e" : "n", "st" : "", "dvt" : "Válido", "vap" : "0", "pvap" : "00.00" }, 
{ "seq" : "417", "sqcand" : "160001138209", "n" : "11088", "nm" : "SHEILA DO AMARAL", "cc" : "PP", "nv" : " ", "e" : "n", "st" : "", "dvt" : "Válido", "vap" : "0", "pvap" : "00.00" }, 
{ "seq" : "52", "sqcand" : "160000684174", "n" : "10345", "nm" : "CARLOS XAVIER", "cc" : "REPUBLICANOS", "nv" : " ", "e" : "n", "st" : "", "dvt" : "Válido", "vap" : "0", "pvap" : "00.00" }, 
{ "seq" : "135", "sqcand" : "160001142274", "n" : "28141", "nm" : "ELIZETE COLLA", "cc" : "PRTB", "nv" : " ", "e" : "n", "st" : "", "dvt" : "Válido", "vap" : "0", "pvap" : "00.00" }, 
{ "seq" : "192", "sqcand" : "160001191636", "n" : "77766", "nm" : "JANE NOVAK", "cc" : "SOLIDARIEDADE", "nv" : " ", "e" : "n", "st" : "", "dvt" : "Válido", "vap" : "0", "pvap" : "00.00" }, 
{ "seq" : "396", "sqcand" : "160001080465", "n" : "25250", "nm" : "ROSANA ANASTACIO", "cc" : "DEM", "nv" : " ", "e" : "n", "st" : "", "dvt" : "Válido", "vap" : "0", "pvap" : "00.00" }, 
{ "seq" : "194", "sqcand" : "160001080450", "n" : "25777", "nm" : "JANE ZACARIAS", "cc" : "DEM", "nv" : " ", "e" : "n", "st" : "", "dvt" : "Válido", "vap" : "0", "pvap" : "00.00" }, 
{ "seq" : "356", "sqcand" : "160001137043", "n" : "55333", "nm" : "PROFESSOR ELIAS", "cc" : "PSD", "nv" : " ", "e" : "n", "st" : "", "dvt" : "Válido", "vap" : "0", "pvap" : "00.00" }, 
{ "seq" : "351", "sqcand" : "160000994305", "n" : "90100", "nm" : "PROFESSOR ADENILSON", "cc" : "PROS", "nv" : " ", "e" : "n", "st" : "", "dvt" : "Válido", "vap" : "0", "pvap" : "00.00" }, 
{ "seq" : "326", "sqcand" : "160001184496", "n" : "20009", "nm" : "PATRICIA CARDOSO", "cc" : "PSC", "nv" : " ", "e" : "n", "st" : "", "dvt" : "Válido", "vap" : "0", "pvap" : "00.00" }, 
{ "seq" : "312", "sqcand" : "160001077669", "n" : "43789", "nm" : "NIVALDO MISSIO", "cc" : "PV", "nv" : " ", "e" : "n", "st" : "", "dvt" : "Anulado sub judice", "vap" : "0", "pvap" : "00.00" }, 
{ "seq" : "317", "sqcand" : "160001175082", "n" : "15120", "nm" : "OLANDIR", "cc" : "MDB", "nv" : " ", "e" : "n", "st" : "", "dvt" : "Anulado sub judice", "vap" : "0", "pvap" : "00.00" }, 
{ "seq" : "284", "sqcand" : "160001135365", "n" : "14737", "nm" : "MARLI CANDIDA  DAMASIO", "cc" : "PTB", "nv" : " ", "e" : "n", "st" : "", "dvt" : "Anulado sub judice", "vap" : "0", "pvap" : "00.00" }, 
{ "seq" : "122", "sqcand" : "160000876169", "n" : "13321", "nm" : "EDMILSON MAGRÃO", "cc" : "PT", "nv" : " ", "e" : "n", "st" : "", "dvt" : "Válido", "vap" : "0", "pvap" : "00.00" }, 
{ "seq" : "126", "sqcand" : "160001175086", "n" : "15100", "nm" : "EDSON SOUZA", "cc" : "MDB", "nv" : " ", "e" : "n", "st" : "", "dvt" : "Válido", "vap" : "0", "pvap" : "00.00" }, 
{ "seq" : "336", "sqcand" : "160000995211", "n" : "19019", "nm" : "PEDRO MARTENDAL", "cc" : "PODE", "nv" : " ", "e" : "n", "st" : "", "dvt" : "Válido", "vap" : "0", "pvap" : "00.00" }, 
{ "seq" : "148", "sqcand" : "160000992631", "n" : "36015", "nm" : "FELIPE BRITZKE", "cc" : "PTC", "nv" : " ", "e" : "n", "st" : "", "dvt" : "Válido", "vap" : "0", "pvap" : "00.00" }, 
{ "seq" : "41", "sqcand" : "160000684165", "n" : "10650", "nm" : "BETH LEAL", "cc" : "REPUBLICANOS", "nv" : " ", "e" : "n", "st" : "", "dvt" : "Válido", "vap" : "0", "pvap" : "00.00" }, 
{ "seq" : "142", "sqcand" : "160000994319", "n" : "90994", "nm" : "EUZEBIO MARTINS", "cc" : "PROS", "nv" : " ", "e" : "n", "st" : "", "dvt" : "Válido", "vap" : "0", "pvap" : "00.00" }, 
{ "seq" : "201", "sqcand" : "160001136635", "n" : "23007", "nm" : "JOÃO DA TROPICAL", "cc" : "CIDADANIA", "nv" : " ", "e" : "n", "st" : "", "dvt" : "Válido", "vap" : "0", "pvap" : "00.00" }, 
{ "seq" : "177", "sqcand" : "160001184168", "n" : "22033", "nm" : "IBRAIM CARNEIRO", "cc" : "PL", "nv" : " ", "e" : "n", "st" : "", "dvt" : "Válido", "vap" : "0", "pvap" : "00.00" }, 
{ "seq" : "386", "sqcand" : "160001265072", "n" : "15117", "nm" : "RICARDO MARCHIORE", "cc" : "MDB", "nv" : " ", "e" : "n", "st" : "", "dvt" : "Válido", "vap" : "0", "pvap" : "00.00" }, 
{ "seq" : "207", "sqcand" : "160001184158", "n" : "22345", "nm" : "JOAO VIEIRA", "cc" : "PL", "nv" : " ", "e" : "n", "st" : "", "dvt" : "Válido", "vap" : "0", "pvap" : "00.00" }, 
{ "seq" : "155", "sqcand" : "160000992635", "n" : "36100", "nm" : "FRED SOUSA", "cc" : "PTC", "nv" : " ", "e" : "n", "st" : "", "dvt" : "Válido", "vap" : "0", "pvap" : "00.00" }, 
{ "seq" : "272", "sqcand" : "160000992634", "n" : "36777", "nm" : "MARCIO TELLES", "cc" : "PTC", "nv" : " ", "e" : "n", "st" : "", "dvt" : "Válido", "vap" : "0", "pvap" : "00.00" }, 
{ "seq" : "139", "sqcand" : "160001175107", "n" : "15020", "nm" : "ENFERMEIRA EIDI", "cc" : "MDB", "nv" : " ", "e" : "n", "st" : "", "dvt" : "Válido", "vap" : "0", "pvap" : "00.00" }, 
{ "seq" : "407", "sqcand" : "160000992630", "n" : "36300", "nm" : "SARGENTO BÓZIO", "cc" : "PTC", "nv" : " ", "e" : "n", "st" : "", "dvt" : "Válido", "vap" : "0", "pvap" : "00.00" }, 
{ "seq" : "313", "sqcand" : "160000994111", "n" : "70477", "nm" : "NOÉ", "cc" : "AVANTE", "nv" : " ", "e" : "n", "st" : "", "dvt" : "Válido", "vap" : "0", "pvap" : "00.00" }, 
{ "seq" : "188", "sqcand" : "160001135349", "n" : "14025", "nm" : "JACIRA MARTINS GRANZOTTO", "cc" : "PTB", "nv" : " ", "e" : "n", "st" : "", "dvt" : "Válido", "vap" : "0", "pvap" : "00.00" }, 
{ "seq" : "260", "sqcand" : "160000992639", "n" : "36762", "nm" : "MAJOR NATHAN", "cc" : "PTC", "nv" : " ", "e" : "n", "st" : "", "dvt" : "Válido", "vap" : "0", "pvap" : "00.00" }, 
{ "seq" : "17", "sqcand" : "160001191648", "n" : "77777", "nm" : "ALESSANDRA BALDIN ASS. SOCIAL", "cc" : "SOLIDARIEDADE", "nv" : " ", "e" : "n", "st" : "", "dvt" : "Válido", "vap" : "0", "pvap" : "00.00" }, 
{ "seq" : "445", "sqcand" : "160001135350", "n" : "14567", "nm" : "VALÉRIA THOMÉ", "cc" : "PTB", "nv" : " ", "e" : "n", "st" : "", "dvt" : "Válido", "vap" : "0", "pvap" : "00.00" }, 
{ "seq" : "349", "sqcand" : "160001079075", "n" : "50888", "nm" : "PROF HERMAN CHRISTHOPHER", "cc" : "PSOL", "nv" : " ", "e" : "n", "st" : "", "dvt" : "Válido", "vap" : "0", "pvap" : "00.00" }, 
{ "seq" : "82", "sqcand" : "160001079820", "n" : "51051", "nm" : "CRISTINA CARNAVAL", "cc" : "PATRIOTA", "nv" : " ", "e" : "n", "st" : "", "dvt" : "Válido", "vap" : "0", "pvap" : "00.00" }, 
{ "seq" : "376", "sqcand" : "160001135369", "n" : "14678", "nm" : "PROFESSORA ROSELAINE", "cc" : "PTB", "nv" : " ", "e" : "n", "st" : "", "dvt" : "Válido", "vap" : "0", "pvap" : "00.00" }, 
{ "seq" : "171", "sqcand" : "160000994300", "n" : "90111", "nm" : "GUILHERME GUIMARÃES", "cc" : "PROS", "nv" : " ", "e" : "n", "st" : "", "dvt" : "Válido", "vap" : "0", "pvap" : "00.00" }, 
{ "seq" : "282", "sqcand" : "160001184163", "n" : "22022", "nm" : "MARIVALDO MIGUEL", "cc" : "PL", "nv" : " ", "e" : "n", "st" : "", "dvt" : "Válido", "vap" : "0", "pvap" : "00.00" }, 
{ "seq" : "169", "sqcand" : "160001080447", "n" : "25762", "nm" : "GLORINHA NOGUEIRA", "cc" : "DEM", "nv" : " ", "e" : "n", "st" : "", "dvt" : "Válido", "vap" : "0", "pvap" : "00.00" }, 
{ "seq" : "29", "sqcand" : "160001184155", "n" : "22040", "nm" : "ANDRESSA", "cc" : "PL", "nv" : " ", "e" : "n", "st" : "", "dvt" : "Válido", "vap" : "0", "pvap" : "00.00" }, 
{ "seq" : "294", "sqcand" : "160001137041", "n" : "55010", "nm" : "MESTRE EURICO CHAGAS", "cc" : "PSD", "nv" : " ", "e" : "n", "st" : "", "dvt" : "Válido", "vap" : "0", "pvap" : "00.00" }, 
{ "seq" : "88", "sqcand" : "160001074510", "n" : "12123", "nm" : "DAURI JANDREY", "cc" : "PDT", "nv" : " ", "e" : "n", "st" : "", "dvt" : "Válido", "vap" : "0", "pvap" : "00.00" }, 
{ "seq" : "299", "sqcand" : "160001079819", "n" : "51045", "nm" : "NASCIMENTO", "cc" : "PATRIOTA", "nv" : " ", "e" : "n", "st" : "", "dvt" : "Válido", "vap" : "0", "pvap" : "00.00" }, 
{ "seq" : "131", "sqcand" : "160001080446", "n" : "25168", "nm" : "ELIAS SANTOS", "cc" : "DEM", "nv" : " ", "e" : "n", "st" : "", "dvt" : "Válido", "vap" : "0", "pvap" : "00.00" }, 
{ "seq" : "2", "sqcand" : "160000876193", "n" : "13222", "nm" : "ADELCIO DE AZEREDO", "cc" : "PT", "nv" : " ", "e" : "n", "st" : "", "dvt" : "Válido", "vap" : "0", "pvap" : "00.00" }, 
{ "seq" : "229", "sqcand" : "160001138222", "n" : "11300", "nm" : "JULIO CORREA", "cc" : "PP", "nv" : " ", "e" : "n", "st" : "", "dvt" : "Válido", "vap" : "0", "pvap" : "00.00" }, 
{ "seq" : "15", "sqcand" : "160000995207", "n" : "19190", "nm" : "ALCIONE ZIN", "cc" : "PODE", "nv" : " ", "e" : "n", "st" : "", "dvt" : "Válido", "vap" : "0", "pvap" : "00.00" }, 
{ "seq" : "185", "sqcand" : "160001077690", "n" : "43777", "nm" : "IVETE DE FATIMA", "cc" : "PV", "nv" : " ", "e" : "n", "st" : "", "dvt" : "Válido", "vap" : "0", "pvap" : "00.00" }, 
{ "seq" : "328", "sqcand" : "160001191639", "n" : "77600", "nm" : "PATY", "cc" : "SOLIDARIEDADE", "nv" : " ", "e" : "n", "st" : "", "dvt" : "Válido", "vap" : "0", "pvap" : "00.00" }, 
{ "seq" : "111", "sqcand" : "160001184150", "n" : "22300", "nm" : "DR JOAO", "cc" : "PL", "nv" : " ", "e" : "n", "st" : "", "dvt" : "Válido", "vap" : "0", "pvap" : "00.00" }, 
{ "seq" : "238", "sqcand" : "160000993356", "n" : "40222", "nm" : "LAERCIO FELIX", "cc" : "PSB", "nv" : " ", "e" : "n", "st" : "", "dvt" : "Válido", "vap" : "0", "pvap" : "00.00" }, 
{ "seq" : "99", "sqcand" : "160000992641", "n" : "36007", "nm" : "DJANA DJOLA", "cc" : "PTC", "nv" : " ", "e" : "n", "st" : "", "dvt" : "Válido", "vap" : "0", "pvap" : "00.00" }, 
{ "seq" : "152", "sqcand" : "160001074511", "n" : "12012", "nm" : "FERNANDO HALLBERG", "cc" : "PDT", "nv" : " ", "e" : "n", "st" : "", "dvt" : "Válido", "vap" : "0", "pvap" : "00.00" }, 
{ "seq" : "77", "sqcand" : "160000995206", "n" : "19877", "nm" : "CLOVIS LORENZI", "cc" : "PODE", "nv" : " ", "e" : "n", "st" : "", "dvt" : "Válido", "vap" : "0", "pvap" : "00.00" }, 
{ "seq" : "125", "sqcand" : "160000993370", "n" : "40800", "nm" : "EDSON QUEIROZ RODRIGUES", "cc" : "PSB", "nv" : " ", "e" : "n", "st" : "", "dvt" : "Válido", "vap" : "0", "pvap" : "00.00" }, 
{ "seq" : "408", "sqcand" : "160001077689", "n" : "43987", "nm" : "SARGENTO LUIZ LANÇANOVA", "cc" : "PV", "nv" : " ", "e" : "n", "st" : "", "dvt" : "Válido", "vap" : "0", "pvap" : "00.00" }, 
{ "seq" : "269", "sqcand" : "160001079835", "n" : "51751", "nm" : "MARCELO PAES", "cc" : "PATRIOTA", "nv" : " ", "e" : "n", "st" : "", "dvt" : "Válido", "vap" : "0", "pvap" : "00.00" }, 
{ "seq" : "115", "sqcand" : "160001136638", "n" : "23123", "nm" : "DR. MARCELO DO SÃO CRISTOVÃO", "cc" : "CIDADANIA", "nv" : " ", "e" : "n", "st" : "", "dvt" : "Válido", "vap" : "0", "pvap" : "00.00" }, 
{ "seq" : "431", "sqcand" : "160000994118", "n" : "70069", "nm" : "TANAKA PENA", "cc" : "AVANTE", "nv" : " ", "e" : "n", "st" : "", "dvt" : "Válido", "vap" : "0", "pvap" : "00.00" }, 
{ "seq" : "277", "sqcand" : "160000994316", "n" : "90165", "nm" : "MARCOS SEFRIN", "cc" : "PROS", "nv" : " ", "e" : "n", "st" : "", "dvt" : "Válido", "vap" : "0", "pvap" : "00.00" }, 
{ "seq" : "253", "sqcand" : "160000789979", "n" : "17212", "nm" : "LUCIANA BUENO", "cc" : "PSL", "nv" : " ", "e" : "n", "st" : "", "dvt" : "Válido", "vap" : "0", "pvap" : "00.00" }, 
{ "seq" : "453", "sqcand" : "160001184159", "n" : "22190", "nm" : "VELOZO", "cc" : "PL", "nv" : " ", "e" : "n", "st" : "", "dvt" : "Válido", "vap" : "0", "pvap" : "00.00" }, 
{ "seq" : "105", "sqcand" : "160001077685", "n" : "43123", "nm" : "DORIEL GARCIA", "cc" : "PV", "nv" : " ", "e" : "n", "st" : "", "dvt" : "Válido", "vap" : "0", "pvap" : "00.00" }, 
{ "seq" : "219", "sqcand" : "160001175085", "n" : "15665", "nm" : "JOSÉ TERNOSKI DO FLORESTA", "cc" : "MDB", "nv" : " ", "e" : "n", "st" : "", "dvt" : "Válido", "vap" : "0", "pvap" : "00.00" }, 
{ "seq" : "293", "sqcand" : "160001138214", "n" : "11011", "nm" : "MELO", "cc" : "PP", "nv" : " ", "e" : "n", "st" : "", "dvt" : "Válido", "vap" : "0", "pvap" : "00.00" }, 
{ "seq" : "153", "sqcand" : "160001080468", "n" : "25100", "nm" : "FERNANDO WINTER", "cc" : "DEM", "nv" : " ", "e" : "n", "st" : "", "dvt" : "Válido", "vap" : "0", "pvap" : "00.00" }, 
{ "seq" : "324", "sqcand" : "160001175087", "n" : "15236", "nm" : "PASTOR JUAREZ", "cc" : "MDB", "nv" : " ", "e" : "n", "st" : "", "dvt" : "Válido", "vap" : "0", "pvap" : "00.00" }, 
{ "seq" : "56", "sqcand" : "160001080458", "n" : "25234", "nm" : "CELINHO RUFINO", "cc" : "DEM", "nv" : " ", "e" : "n", "st" : "", "dvt" : "Válido", "vap" : "0", "pvap" : "00.00" }, 
{ "seq" : "182", "sqcand" : "160001260463", "n" : "11711", "nm" : "IONICE", "cc" : "PP", "nv" : " ", "e" : "n", "st" : "", "dvt" : "Válido", "vap" : "0", "pvap" : "00.00" }, 
{ "seq" : "113", "sqcand" : "160001184172", "n" : "22333", "nm" : "DR JOSUÉ", "cc" : "PL", "nv" : " ", "e" : "n", "st" : "", "dvt" : "Válido", "vap" : "0", "pvap" : "00.00" }, 
{ "seq" : "454", "sqcand" : "160001079813", "n" : "51333", "nm" : "VILMARA ONG MÃES QUE CHORAM", "cc" : "PATRIOTA", "nv" : " ", "e" : "n", "st" : "", "dvt" : "Válido", "vap" : "0", "pvap" : "00.00" }, 
{ "seq" : "448", "sqcand" : "160001135356", "n" : "14153", "nm" : "VALTER PAGLIOSA", "cc" : "PTB", "nv" : " ", "e" : "n", "st" : "", "dvt" : "Válido", "vap" : "0", "pvap" : "00.00" }, 
{ "seq" : "92", "sqcand" : "160000992633", "n" : "36351", "nm" : "DENILSON LUCAS", "cc" : "PTC", "nv" : " ", "e" : "n", "st" : "", "dvt" : "Válido", "vap" : "0", "pvap" : "00.00" }, 
{ "seq" : "350", "sqcand" : "160000994301", "n" : "90199", "nm" : "PROF MARCIA FONTANELLA", "cc" : "PROS", "nv" : " ", "e" : "n", "st" : "", "dvt" : "Válido", "vap" : "0", "pvap" : "00.00" }, 
{ "seq" : "78", "sqcand" : "160000994324", "n" : "90190", "nm" : "CLOVIS PETROCELI", "cc" : "PROS", "nv" : " ", "e" : "n", "st" : "", "dvt" : "Válido", "vap" : "0", "pvap" : "00.00" }, 
{ "seq" : "11", "sqcand" : "160000992638", "n" : "36789", "nm" : "ADRIANO MOTOVEL", "cc" : "PTC", "nv" : " ", "e" : "n", "st" : "", "dvt" : "Válido", "vap" : "0", "pvap" : "00.00" }, 
{ "seq" : "291", "sqcand" : "160000993360", "n" : "40892", "nm" : "MAYCON ERBA", "cc" : "PSB", "nv" : " ", "e" : "n", "st" : "", "dvt" : "Válido", "vap" : "0", "pvap" : "00.00" }, 
{ "seq" : "369", "sqcand" : "160001074496", "n" : "12000", "nm" : "PROFESSORA ELI", "cc" : "PDT", "nv" : " ", "e" : "n", "st" : "", "dvt" : "Válido", "vap" : "0", "pvap" : "00.00" }, 
{ "seq" : "402", "sqcand" : "160001079821", "n" : "51777", "nm" : "RUBENS MENDES", "cc" : "PATRIOTA", "nv" : " ", "e" : "n", "st" : "", "dvt" : "Anulado sub judice", "vap" : "0", "pvap" : "00.00" }, 
{ "seq" : "80", "sqcand" : "160001137049", "n" : "55700", "nm" : "CORDEIRO", "cc" : "PSD", "nv" : " ", "e" : "n", "st" : "", "dvt" : "Válido", "vap" : "0", "pvap" : "00.00" }, 
{ "seq" : "392", "sqcand" : "160000684166", "n" : "10888", "nm" : "RODRIGO GALVÃO", "cc" : "REPUBLICANOS", "nv" : " ", "e" : "n", "st" : "", "dvt" : "Válido", "vap" : "0", "pvap" : "00.00" }, 
{ "seq" : "361", "sqcand" : "160001074495", "n" : "12234", "nm" : "PROFESSOR MOTA DA SEGURANÇA", "cc" : "PDT", "nv" : " ", "e" : "n", "st" : "", "dvt" : "Válido", "vap" : "0", "pvap" : "00.00" }, 
{ "seq" : "374", "sqcand" : "160000876175", "n" : "13031", "nm" : "PROFESSORA MARINÊS", "cc" : "PT", "nv" : " ", "e" : "n", "st" : "", "dvt" : "Válido", "vap" : "0", "pvap" : "00.00" }, 
{ "seq" : "42", "sqcand" : "160001184157", "n" : "22200", "nm" : "BETO MELO", "cc" : "PL", "nv" : " ", "e" : "n", "st" : "", "dvt" : "Válido", "vap" : "0", "pvap" : "00.00" }, 
{ "seq" : "397", "sqcand" : "160001135361", "n" : "14484", "nm" : "ROSE PRUSSAK", "cc" : "PTB", "nv" : " ", "e" : "n", "st" : "", "dvt" : "Válido", "vap" : "0", "pvap" : "00.00" }, 
{ "seq" : "3", "sqcand" : "160000994112", "n" : "70480", "nm" : "ADELSON LEMOS OCORUJÃO", "cc" : "AVANTE", "nv" : " ", "e" : "n", "st" : "", "dvt" : "Válido", "vap" : "0", "pvap" : "00.00" }, 
{ "seq" : "227", "sqcand" : "160001191646", "n" : "77273", "nm" : "JULIANA AGUIAR", "cc" : "SOLIDARIEDADE", "nv" : " ", "e" : "n", "st" : "", "dvt" : "Válido", "vap" : "0", "pvap" : "00.00" }, 
{ "seq" : "354", "sqcand" : "160000876179", "n" : "13213", "nm" : "PROFESSOR DARCY", "cc" : "PT", "nv" : " ", "e" : "n", "st" : "", "dvt" : "Válido", "vap" : "0", "pvap" : "00.00" }, 
{ "seq" : "61", "sqcand" : "160001184164", "n" : "22212", "nm" : "CHICO LIMA", "cc" : "PL", "nv" : " ", "e" : "n", "st" : "", "dvt" : "Válido", "vap" : "0", "pvap" : "00.00" }, 
{ "seq" : "53", "sqcand" : "160000995212", "n" : "19119", "nm" : "CARL0S DA VIP", "cc" : "PODE", "nv" : " ", "e" : "n", "st" : "", "dvt" : "Válido", "vap" : "0", "pvap" : "00.00" }, 
{ "seq" : "271", "sqcand" : "160001184170", "n" : "22767", "nm" : "MARCIO PEDRO", "cc" : "PL", "nv" : " ", "e" : "n", "st" : "", "dvt" : "Válido", "vap" : "0", "pvap" : "00.00" }, 
{ "seq" : "30", "sqcand" : "160000994117", "n" : "70700", "nm" : "ANDRESSA VARGAS", "cc" : "AVANTE", "nv" : " ", "e" : "n", "st" : "", "dvt" : "Válido", "vap" : "0", "pvap" : "00.00" }, 
{ "seq" : "54", "sqcand" : "160001135366", "n" : "14111", "nm" : "CAROLINE SORROCHE CALDAS", "cc" : "PTB", "nv" : " ", "e" : "n", "st" : "", "dvt" : "Válido", "vap" : "0", "pvap" : "00.00" }, 
{ "seq" : "348", "sqcand" : "160000789972", "n" : "17100", "nm" : "PROF GESSIVALDO VELOSO", "cc" : "PSL", "nv" : " ", "e" : "n", "st" : "", "dvt" : "Válido", "vap" : "0", "pvap" : "00.00" }, 
{ "seq" : "290", "sqcand" : "160001138219", "n" : "11200", "nm" : "MAURO SEIBERT", "cc" : "PP", "nv" : " ", "e" : "n", "st" : "", "dvt" : "Válido", "vap" : "0", "pvap" : "00.00" }, 
{ "seq" : "118", "sqcand" : "160001135371", "n" : "14789", "nm" : "DRA TERESINHA DEPUBEL DANTAS", "cc" : "PTB", "nv" : " ", "e" : "n", "st" : "", "dvt" : "Válido", "vap" : "0", "pvap" : "00.00" }, 
{ "seq" : "459", "sqcand" : "160001080463", "n" : "25001", "nm" : "WALDECIR ZERO 1", "cc" : "DEM", "nv" : " ", "e" : "n", "st" : "", "dvt" : "Válido", "vap" : "0", "pvap" : "00.00" }, 
{ "seq" : "223", "sqcand" : "160001142284", "n" : "28700", "nm" : "JUAREZ ALÔ VOCÊ", "cc" : "PRTB", "nv" : " ", "e" : "n", "st" : "", "dvt" : "Válido", "vap" : "0", "pvap" : "00.00" }, 
{ "seq" : "5", "sqcand" : "160001191642", "n" : "77500", "nm" : "ADEMIR POLICENO", "cc" : "SOLIDARIEDADE", "nv" : " ", "e" : "n", "st" : "", "dvt" : "Válido", "vap" : "0", "pvap" : "00.00" }, 
{ "seq" : "159", "sqcand" : "160000789978", "n" : "17012", "nm" : "GELSON DE JUVINOPOLIS", "cc" : "PSL", "nv" : " ", "e" : "n", "st" : "", "dvt" : "Válido", "vap" : "0", "pvap" : "00.00" }, 
{ "seq" : "19", "sqcand" : "160000876171", "n" : "13777", "nm" : "ALEX SCHROEDER", "cc" : "PT", "nv" : " ", "e" : "n", "st" : "", "dvt" : "Válido", "vap" : "0", "pvap" : "00.00" }, 
{ "seq" : "344", "sqcand" : "160000995199", "n" : "19000", "nm" : "PROF. ALZIRA", "cc" : "PODE", "nv" : " ", "e" : "n", "st" : "", "dvt" : "Válido", "vap" : "0", "pvap" : "00.00" }, 
{ "seq" : "251", "sqcand" : "160000993366", "n" : "40345", "nm" : "LUCAS PORTES", "cc" : "PSB", "nv" : " ", "e" : "n", "st" : "", "dvt" : "Válido", "vap" : "0", "pvap" : "00.00" }, 
{ "seq" : "150", "sqcand" : "160000841721", "n" : "45100", "nm" : "FERNANDO BEBBER", "cc" : "PSDB", "nv" : " ", "e" : "n", "st" : "", "dvt" : "Válido", "vap" : "0", "pvap" : "00.00" }, 
{ "seq" : "360", "sqcand" : "160001074506", "n" : "12112", "nm" : "PROFESSOR MARCIO SANTOS", "cc" : "PDT", "nv" : " ", "e" : "n", "st" : "", "dvt" : "Válido", "vap" : "0", "pvap" : "00.00" }, 
{ "seq" : "25", "sqcand" : "160001077674", "n" : "43300", "nm" : "AMERICO", "cc" : "PV", "nv" : " ", "e" : "n", "st" : "", "dvt" : "Válido", "vap" : "0", "pvap" : "00.00" }, 
{ "seq" : "405", "sqcand" : "160001175106", "n" : "15555", "nm" : "SANDRA SILVÉRIO", "cc" : "MDB", "nv" : " ", "e" : "n", "st" : "", "dvt" : "Válido", "vap" : "0", "pvap" : "00.00" }, 
{ "seq" : "426", "sqcand" : "160001080466", "n" : "25190", "nm" : "SINVAL LIMA", "cc" : "DEM", "nv" : " ", "e" : "n", "st" : "", "dvt" : "Válido", "vap" : "0", "pvap" : "00.00" }, 
{ "seq" : "160", "sqcand" : "160001138210", "n" : "11181", "nm" : "GENINHO", "cc" : "PP", "nv" : " ", "e" : "n", "st" : "", "dvt" : "Válido", "vap" : "0", "pvap" : "00.00" }, 
{ "seq" : "371", "sqcand" : "160001184484", "n" : "20333", "nm" : "PROFESSORA LUCIANA", "cc" : "PSC", "nv" : " ", "e" : "n", "st" : "", "dvt" : "Válido", "vap" : "0", "pvap" : "00.00" }, 
{ "seq" : "379", "sqcand" : "160001136637", "n" : "23223", "nm" : "RAFAEL EDUCADOR SOCIAL", "cc" : "CIDADANIA", "nv" : " ", "e" : "n", "st" : "", "dvt" : "Válido", "vap" : "0", "pvap" : "00.00" }, 
{ "seq" : "400", "sqcand" : "160000992640", "n" : "36363", "nm" : "ROZANA DA CUNHA", "cc" : "PTC", "nv" : " ", "e" : "n", "st" : "", "dvt" : "Válido", "vap" : "0", "pvap" : "00.00" }, 
{ "seq" : "433", "sqcand" : "160001079834", "n" : "51169", "nm" : "TETE", "cc" : "PATRIOTA", "nv" : " ", "e" : "n", "st" : "", "dvt" : "Válido", "vap" : "0", "pvap" : "00.00" }, 
{ "seq" : "132", "sqcand" : "160001077684", "n" : "43800", "nm" : "ELIEL TEODORO", "cc" : "PV", "nv" : " ", "e" : "n", "st" : "", "dvt" : "Válido", "vap" : "0", "pvap" : "00.00" }, 
{ "seq" : "252", "sqcand" : "160000995202", "n" : "19220", "nm" : "LUCI BOARETTO", "cc" : "PODE", "nv" : " ", "e" : "n", "st" : "", "dvt" : "Válido", "vap" : "0", "pvap" : "00.00" }, 
{ "seq" : "16", "sqcand" : "160001184485", "n" : "20650", "nm" : "ALECIO ESPINOLA", "cc" : "PSC", "nv" : " ", "e" : "n", "st" : "", "dvt" : "Válido", "vap" : "0", "pvap" : "00.00" }, 
{ "seq" : "213", "sqcand" : "160000876180", "n" : "13762", "nm" : "JOSE AIRTON CLARO", "cc" : "PT", "nv" : " ", "e" : "n", "st" : "", "dvt" : "Válido", "vap" : "0", "pvap" : "00.00" }, 
{ "seq" : "217", "sqcand" : "160000789984", "n" : "17762", "nm" : "JOSE RODRIGO", "cc" : "PSL", "nv" : " ", "e" : "n", "st" : "", "dvt" : "Válido", "vap" : "0", "pvap" : "00.00" }, 
{ "seq" : "451", "sqcand" : "160001175094", "n" : "15007", "nm" : "VANESSA MECÂNICA", "cc" : "MDB", "nv" : " ", "e" : "n", "st" : "", "dvt" : "Válido", "vap" : "0", "pvap" : "00.00" }, 
{ "seq" : "33", "sqcand" : "160000994329", "n" : "90333", "nm" : "ANITA VICE", "cc" : "PROS", "nv" : " ", "e" : "n", "st" : "", "dvt" : "Válido", "vap" : "0", "pvap" : "00.00" }, 
{ "seq" : "199", "sqcand" : "160000992632", "n" : "36222", "nm" : "JÔ COSTA", "cc" : "PTC", "nv" : " ", "e" : "n", "st" : "", "dvt" : "Válido", "vap" : "0", "pvap" : "00.00" }, 
{ "seq" : "295", "sqcand" : "160001077680", "n" : "43456", "nm" : "MIRIANE SCUSSIATTO", "cc" : "PV", "nv" : " ", "e" : "n", "st" : "", "dvt" : "Válido", "vap" : "0", "pvap" : "00.00" }, 
{ "seq" : "264", "sqcand" : "160001135355", "n" : "14900", "nm" : "MARAI SOARES", "cc" : "PTB", "nv" : " ", "e" : "n", "st" : "", "dvt" : "Válido", "vap" : "0", "pvap" : "00.00" }, 
{ "seq" : "329", "sqcand" : "160000789985", "n" : "17700", "nm" : "PAULA MARTINS", "cc" : "PSL", "nv" : " ", "e" : "n", "st" : "", "dvt" : "Válido", "vap" : "0", "pvap" : "00.00" }, 
{ "seq" : "368", "sqcand" : "160001074500", "n" : "12312", "nm" : "PROFESSOR VALMOR", "cc" : "PDT", "nv" : " ", "e" : "n", "st" : "", "dvt" : "Anulado sub judice", "vap" : "0", "pvap" : "00.00" }, 
{ "seq" : "206", "sqcand" : "160001184497", "n" : "20312", "nm" : "JOÃO PAES", "cc" : "PSC", "nv" : " ", "e" : "n", "st" : "", "dvt" : "Válido", "vap" : "0", "pvap" : "00.00" }, 
{ "seq" : "130", "sqcand" : "160000684158", "n" : "10220", "nm" : "ELANDO MEIRELES", "cc" : "REPUBLICANOS", "nv" : " ", "e" : "n", "st" : "", "dvt" : "Válido", "vap" : "0", "pvap" : "00.00" }, 
{ "seq" : "37", "sqcand" : "160001142286", "n" : "28007", "nm" : "BADO CONSTRUTOR", "cc" : "PRTB", "nv" : " ", "e" : "n", "st" : "", "dvt" : "Válido", "vap" : "0", "pvap" : "00.00" }, 
{ "seq" : "220", "sqcand" : "160001175096", "n" : "15789", "nm" : "JOSIAS ", "cc" : "MDB", "nv" : " ", "e" : "n", "st" : "", "dvt" : "Válido", "vap" : "0", "pvap" : "00.00" }, 
{ "seq" : "278", "sqcand" : "160000684162", "n" : "10101", "nm" : "MARGARIDA CARNEIRO", "cc" : "REPUBLICANOS", "nv" : " ", "e" : "n", "st" : "", "dvt" : "Válido", "vap" : "0", "pvap" : "00.00" }, 
{ "seq" : "104", "sqcand" : "160001137042", "n" : "55655", "nm" : "DORA", "cc" : "PSD", "nv" : " ", "e" : "n", "st" : "", "dvt" : "Válido", "vap" : "0", "pvap" : "00.00" }, 
{ "seq" : "47", "sqcand" : "160001184165", "n" : "22650", "nm" : "CABRAL", "cc" : "PL", "nv" : " ", "e" : "n", "st" : "", "dvt" : "Válido", "vap" : "0", "pvap" : "00.00" }, 
{ "seq" : "395", "sqcand" : "160001184490", "n" : "20800", "nm" : "ROMULO QUINTINO", "cc" : "PSC", "nv" : " ", "e" : "n", "st" : "", "dvt" : "Válido", "vap" : "0", "pvap" : "00.00" }, 
{ "seq" : "205", "sqcand" : "160000876182", "n" : "13666", "nm" : "JOÃO MATHEUS", "cc" : "PT", "nv" : " ", "e" : "n", "st" : "", "dvt" : "Válido", "vap" : "0", "pvap" : "00.00" }, 
{ "seq" : "458", "sqcand" : "160000684164", "n" : "10000", "nm" : "WAGNER PINTO", "cc" : "REPUBLICANOS", "nv" : " ", "e" : "n", "st" : "", "dvt" : "Válido", "vap" : "0", "pvap" : "00.00" }, 
{ "seq" : "149", "sqcand" : "160001175090", "n" : "15192", "nm" : "FERNANDA NONEMACHER", "cc" : "MDB", "nv" : " ", "e" : "n", "st" : "", "dvt" : "Válido", "vap" : "0", "pvap" : "00.00" }, 
{ "seq" : "441", "sqcand" : "160001184160", "n" : "22123", "nm" : "VALDECIR DUARTE", "cc" : "PL", "nv" : " ", "e" : "n", "st" : "", "dvt" : "Válido", "vap" : "0", "pvap" : "00.00" }, 
{ "seq" : "440", "sqcand" : "160001079827", "n" : "51234", "nm" : "VALDECIR ALCANTARA", "cc" : "PATRIOTA", "nv" : " ", "e" : "n", "st" : "", "dvt" : "Válido", "vap" : "0", "pvap" : "00.00" }, 
{ "seq" : "387", "sqcand" : "160000684177", "n" : "10500", "nm" : "RITA STOFELA", "cc" : "REPUBLICANOS", "nv" : " ", "e" : "n", "st" : "", "dvt" : "Válido", "vap" : "0", "pvap" : "00.00" }, 
{ "seq" : "338", "sqcand" : "160001184498", "n" : "20123", "nm" : "PEDRO SAMPAIO", "cc" : "PSC", "nv" : " ", "e" : "n", "st" : "", "dvt" : "Válido", "vap" : "0", "pvap" : "00.00" }, 
{ "seq" : "178", "sqcand" : "160001184146", "n" : "22500", "nm" : "IDAIR NENÃO", "cc" : "PL", "nv" : " ", "e" : "n", "st" : "", "dvt" : "Válido", "vap" : "0", "pvap" : "00.00" }, 
{ "seq" : "331", "sqcand" : "160001080462", "n" : "25170", "nm" : "PAULO JANKE", "cc" : "DEM", "nv" : " ", "e" : "n", "st" : "", "dvt" : "Válido", "vap" : "0", "pvap" : "00.00" }, 
{ "seq" : "270", "sqcand" : "160001079832", "n" : "51929", "nm" : "MARCIA DA FARMÁCIA", "cc" : "PATRIOTA", "nv" : " ", "e" : "n", "st" : "", "dvt" : "Válido", "vap" : "0", "pvap" : "00.00" }, 
{ "seq" : "355", "sqcand" : "160000876178", "n" : "13123", "nm" : "PROFESSOR DARIO", "cc" : "PT", "nv" : " ", "e" : "n", "st" : "", "dvt" : "Válido", "vap" : "0", "pvap" : "00.00" }, 
{ "seq" : "274", "sqcand" : "160000993363", "n" : "40321", "nm" : "MARCOS DE ASSIS", "cc" : "PSB", "nv" : " ", "e" : "n", "st" : "", "dvt" : "Válido", "vap" : "0", "pvap" : "00.00" }, 
{ "seq" : "90", "sqcand" : "160001079833", "n" : "51500", "nm" : "DEBORA DO SQUARE", "cc" : "PATRIOTA", "nv" : " ", "e" : "n", "st" : "", "dvt" : "Válido", "vap" : "0", "pvap" : "00.00" }, 
{ "seq" : "255", "sqcand" : "160001135354", "n" : "14000", "nm" : "LUIZ CARLOS JUNIOR", "cc" : "PTB", "nv" : " ", "e" : "n", "st" : "", "dvt" : "Válido", "vap" : "0", "pvap" : "00.00" }, 
{ "seq" : "66", "sqcand" : "160001077679", "n" : "43000", "nm" : "CLAUDEMIR VILACA CABRAL", "cc" : "PV", "nv" : " ", "e" : "n", "st" : "", "dvt" : "Válido", "vap" : "0", "pvap" : "00.00" }, 
{ "seq" : "418", "sqcand" : "160000789981", "n" : "17123", "nm" : "SIDNEY DO POVO", "cc" : "PSL", "nv" : " ", "e" : "n", "st" : "", "dvt" : "Válido", "vap" : "0", "pvap" : "00.00" }, 
{ "seq" : "315", "sqcand" : "160000789982", "n" : "17200", "nm" : "ODAIR SENSEI", "cc" : "PSL", "nv" : " ", "e" : "n", "st" : "", "dvt" : "Válido", "vap" : "0", "pvap" : "00.00" }, 
{ "seq" : "43", "sqcand" : "160001191651", "n" : "77100", "nm" : "BORGES DA AUTO ELÉTRICA", "cc" : "SOLIDARIEDADE", "nv" : " ", "e" : "n", "st" : "", "dvt" : "Válido", "vap" : "0", "pvap" : "00.00" }, 
{ "seq" : "301", "sqcand" : "160001184171", "n" : "22600", "nm" : "NEGUINHA", "cc" : "PL", "nv" : " ", "e" : "n", "st" : "", "dvt" : "Válido", "vap" : "0", "pvap" : "00.00" }, 
{ "seq" : "170", "sqcand" : "160001079824", "n" : "51231", "nm" : "GRAZIANE MACIEL", "cc" : "PATRIOTA", "nv" : " ", "e" : "n", "st" : "", "dvt" : "Válido", "vap" : "0", "pvap" : "00.00" }, 
{ "seq" : "353", "sqcand" : "160000876173", "n" : "13111", "nm" : "PROFESSOR CIRINEU REIS", "cc" : "PT", "nv" : " ", "e" : "n", "st" : "", "dvt" : "Válido", "vap" : "0", "pvap" : "00.00" }, 
{ "seq" : "268", "sqcand" : "160000994314", "n" : "90045", "nm" : "MARCELO CHAVEIRO MAG", "cc" : "PROS", "nv" : " ", "e" : "n", "st" : "", "dvt" : "Válido", "vap" : "0", "pvap" : "00.00" }, 
{ "seq" : "65", "sqcand" : "160000993355", "n" : "40123", "nm" : "CIDÃO DA TELEPAR", "cc" : "PSB", "nv" : " ", "e" : "n", "st" : "", "dvt" : "Válido", "vap" : "0", "pvap" : "00.00" }, 
{ "seq" : "31", "sqcand" : "160001074512", "n" : "12789", "nm" : "ANGELA BEAL", "cc" : "PDT", "nv" : " ", "e" : "n", "st" : "", "dvt" : "Válido", "vap" : "0", "pvap" : "00.00" }, 
{ "seq" : "21", "sqcand" : "160001077675", "n" : "43333", "nm" : "ALGACIR PORTES", "cc" : "PV", "nv" : " ", "e" : "n", "st" : "", "dvt" : "Válido", "vap" : "0", "pvap" : "00.00" }, 
{ "seq" : "181", "sqcand" : "160001175101", "n" : "15777", "nm" : "INDIA JOANA", "cc" : "MDB", "nv" : " ", "e" : "n", "st" : "", "dvt" : "Válido", "vap" : "0", "pvap" : "00.00" }, 
{ "seq" : "72", "sqcand" : "160000876181", "n" : "13620", "nm" : "CLEMIR O PAJÉ", "cc" : "PT", "nv" : " ", "e" : "n", "st" : "", "dvt" : "Válido", "vap" : "0", "pvap" : "00.00" }, 
{ "seq" : "184", "sqcand" : "160000684176", "n" : "10222", "nm" : "ITO MISSIONEIRO", "cc" : "REPUBLICANOS", "nv" : " ", "e" : "n", "st" : "", "dvt" : "Válido", "vap" : "0", "pvap" : "00.00" }, 
{ "seq" : "108", "sqcand" : "160001137054", "n" : "55200", "nm" : "DR BURGARELLI", "cc" : "PSD", "nv" : " ", "e" : "n", "st" : "", "dvt" : "Válido", "vap" : "0", "pvap" : "00.00" }, 
{ "seq" : "7", "sqcand" : "160000993372", "n" : "40900", "nm" : "ADRIANA MARIANTE", "cc" : "PSB", "nv" : " ", "e" : "n", "st" : "", "dvt" : "Válido", "vap" : "0", "pvap" : "00.00" }, 
{ "seq" : "101", "sqcand" : "160000994307", "n" : "90600", "nm" : "DOMINGA DE PAULA", "cc" : "PROS", "nv" : " ", "e" : "n", "st" : "", "dvt" : "Válido", "vap" : "0", "pvap" : "00.00" }, 
{ "seq" : "24", "sqcand" : "160001080467", "n" : "25173", "nm" : "ALINE PADILHA", "cc" : "DEM", "nv" : " ", "e" : "n", "st" : "", "dvt" : "Válido", "vap" : "0", "pvap" : "00.00" }, 
{ "seq" : "443", "sqcand" : "160000684160", "n" : "10111", "nm" : "VALDEIR NOVAK", "cc" : "REPUBLICANOS", "nv" : " ", "e" : "n", "st" : "", "dvt" : "Válido", "vap" : "0", "pvap" : "00.00" }, 
{ "seq" : "137", "sqcand" : "160001135352", "n" : "14030", "nm" : "EMERSON MALTA VILANOVA", "cc" : "PTB", "nv" : " ", "e" : "n", "st" : "", "dvt" : "Válido", "vap" : "0", "pvap" : "00.00" }, 
{ "seq" : "409", "sqcand" : "160001184480", "n" : "20198", "nm" : "SARGENTO PINHEIRO", "cc" : "PSC", "nv" : " ", "e" : "n", "st" : "", "dvt" : "Válido", "vap" : "0", "pvap" : "00.00" }, 
{ "seq" : "123", "sqcand" : "160001077672", "n" : "43021", "nm" : "EDNILSON BEZERRA", "cc" : "PV", "nv" : " ", "e" : "n", "st" : "", "dvt" : "Válido", "vap" : "0", "pvap" : "00.00" }, 
{ "seq" : "208", "sqcand" : "160001137047", "n" : "55190", "nm" : "JOÃO VITOR", "cc" : "PSD", "nv" : " ", "e" : "n", "st" : "", "dvt" : "Válido", "vap" : "0", "pvap" : "00.00" }, 
{ "seq" : "174", "sqcand" : "160001184167", "n" : "22001", "nm" : "HENRIQUE BOIADEIRO", "cc" : "PL", "nv" : " ", "e" : "n", "st" : "", "dvt" : "Válido", "vap" : "0", "pvap" : "00.00" }, 
{ "seq" : "279", "sqcand" : "160001260462", "n" : "11005", "nm" : "MARIA DA LEVE", "cc" : "PP", "nv" : " ", "e" : "n", "st" : "", "dvt" : "Válido", "vap" : "0", "pvap" : "00.00" }, 
{ "seq" : "202", "sqcand" : "160000684170", "n" : "10333", "nm" : "JOÃO DIEGO", "cc" : "REPUBLICANOS", "nv" : " ", "e" : "n", "st" : "", "dvt" : "Válido", "vap" : "0", "pvap" : "00.00" }, 
{ "seq" : "325", "sqcand" : "160001137059", "n" : "55147", "nm" : "PASTOR VALDAIR", "cc" : "PSD", "nv" : " ", "e" : "n", "st" : "", "dvt" : "Válido", "vap" : "0", "pvap" : "00.00" }, 
{ "seq" : "59", "sqcand" : "160000876185", "n" : "13333", "nm" : "CENA TOURO PRODUTOR CULTURAL", "cc" : "PT", "nv" : " ", "e" : "n", "st" : "", "dvt" : "Válido", "vap" : "0", "pvap" : "00.00" }, 
{ "seq" : "237", "sqcand" : "160001135368", "n" : "14420", "nm" : "LADISLAO WYCHOSKI", "cc" : "PTB", "nv" : " ", "e" : "n", "st" : "", "dvt" : "Válido", "vap" : "0", "pvap" : "00.00" }, 
{ "seq" : "40", "sqcand" : "160001135358", "n" : "14300", "nm" : "BERGAMASKI JUNIOR", "cc" : "PTB", "nv" : " ", "e" : "n", "st" : "", "dvt" : "Válido", "vap" : "0", "pvap" : "00.00" }, 
{ "seq" : "38", "sqcand" : "160001080452", "n" : "25007", "nm" : "BAITACA NETO", "cc" : "DEM", "nv" : " ", "e" : "n", "st" : "", "dvt" : "Válido", "vap" : "0", "pvap" : "00.00" }, 
{ "seq" : "452", "sqcand" : "160001074507", "n" : "12300", "nm" : "VAU GASPARETTO", "cc" : "PDT", "nv" : " ", "e" : "n", "st" : "", "dvt" : "Válido", "vap" : "0", "pvap" : "00.00" }, 
{ "seq" : "200", "sqcand" : "160000994303", "n" : "90010", "nm" : "JOÃO DA REFRIGERAÇÃO", "cc" : "PROS", "nv" : " ", "e" : "n", "st" : "", "dvt" : "Válido", "vap" : "0", "pvap" : "00.00" }, 
{ "seq" : "94", "sqcand" : "160000994320", "n" : "90777", "nm" : "DENISE PASQUALETTO", "cc" : "PROS", "nv" : " ", "e" : "n", "st" : "", "dvt" : "Válido", "vap" : "0", "pvap" : "00.00" }, 
{ "seq" : "327", "sqcand" : "160000841720", "n" : "45051", "nm" : "PATRICIA REIS", "cc" : "PSDB", "nv" : " ", "e" : "n", "st" : "", "dvt" : "Válido", "vap" : "0", "pvap" : "00.00" }, 
{ "seq" : "373", "sqcand" : "160000684171", "n" : "10113", "nm" : "PROFESSORA MARGARETE", "cc" : "REPUBLICANOS", "nv" : " ", "e" : "n", "st" : "", "dvt" : "Válido", "vap" : "0", "pvap" : "00.00" }, 
{ "seq" : "287", "sqcand" : "160001080443", "n" : "25555", "nm" : "MATEUS VIEIRA", "cc" : "DEM", "nv" : " ", "e" : "n", "st" : "", "dvt" : "Anulado sub judice", "vap" : "0", "pvap" : "00.00" }, 
{ "seq" : "167", "sqcand" : "160000684179", "n" : "10999", "nm" : "GISELE", "cc" : "REPUBLICANOS", "nv" : " ", "e" : "n", "st" : "", "dvt" : "Válido", "vap" : "0", "pvap" : "00.00" }, 
{ "seq" : "450", "sqcand" : "160001135372", "n" : "14888", "nm" : "VANDER PIAIA", "cc" : "PTB", "nv" : " ", "e" : "n", "st" : "", "dvt" : "Válido", "vap" : "0", "pvap" : "00.00" }, 
{ "seq" : "193", "sqcand" : "160001079836", "n" : "51027", "nm" : "JANE UBER", "cc" : "PATRIOTA", "nv" : " ", "e" : "n", "st" : "", "dvt" : "Válido", "vap" : "0", "pvap" : "00.00" }, 
{ "seq" : "222", "sqcand" : "160001138224", "n" : "11000", "nm" : "JOVANI", "cc" : "PP", "nv" : " ", "e" : "n", "st" : "", "dvt" : "Válido", "vap" : "0", "pvap" : "00.00" }, 
{ "seq" : "430", "sqcand" : "160000992637", "n" : "36380", "nm" : "TALIO DE PAIVA", "cc" : "PTC", "nv" : " ", "e" : "n", "st" : "", "dvt" : "Válido", "vap" : "0", "pvap" : "00.00" }, 
{ "seq" : "183", "sqcand" : "160001080461", "n" : "25200", "nm" : "IRINEU SANTOS", "cc" : "DEM", "nv" : " ", "e" : "n", "st" : "", "dvt" : "Válido", "vap" : "0", "pvap" : "00.00" }, 
{ "seq" : "321", "sqcand" : "160001175089", "n" : "15000", "nm" : "PAÇOCA", "cc" : "MDB", "nv" : " ", "e" : "n", "st" : "", "dvt" : "Válido", "vap" : "0", "pvap" : "00.00" }, 
{ "seq" : "74", "sqcand" : "160001074499", "n" : "12500", "nm" : "CLESIO BORGES", "cc" : "PDT", "nv" : " ", "e" : "n", "st" : "", "dvt" : "Válido", "vap" : "0", "pvap" : "00.00" }, 
{ "seq" : "263", "sqcand" : "160000841719", "n" : "45000", "nm" : "MANOEL DA CICLOVIA", "cc" : "PSDB", "nv" : " ", "e" : "n", "st" : "", "dvt" : "Válido", "vap" : "0", "pvap" : "00.00" }, 
{ "seq" : "165", "sqcand" : "160001135347", "n" : "14600", "nm" : "GILSON FLORIANO DA GAVA PNEUS", "cc" : "PTB", "nv" : " ", "e" : "n", "st" : "", "dvt" : "Válido", "vap" : "0", "pvap" : "00.00" }, 
{ "seq" : "23", "sqcand" : "160000789968", "n" : "17300", "nm" : "ALICIO DA CRIATIVA GAS", "cc" : "PSL", "nv" : " ", "e" : "n", "st" : "", "dvt" : "Válido", "vap" : "0", "pvap" : "00.00" }, 
{ "seq" : "22", "sqcand" : "160001142273", "n" : "28123", "nm" : "ALGACIR SANTOS JUNIOR", "cc" : "PRTB", "nv" : " ", "e" : "n", "st" : "", "dvt" : "Válido", "vap" : "0", "pvap" : "00.00" }, 
{ "seq" : "27", "sqcand" : "160000994308", "n" : "90192", "nm" : "ANÃO TANAJURA", "cc" : "PROS", "nv" : " ", "e" : "n", "st" : "", "dvt" : "Válido", "vap" : "0", "pvap" : "00.00" }, 
{ "seq" : "436", "sqcand" : "160001138213", "n" : "11999", "nm" : "TIÃO COUNTRY SOM", "cc" : "PP", "nv" : " ", "e" : "n", "st" : "", "dvt" : "Válido", "vap" : "0", "pvap" : "00.00" }, 
{ "seq" : "276", "sqcand" : "160001175103", "n" : "15400", "nm" : "MARCOS OTONE", "cc" : "MDB", "nv" : " ", "e" : "n", "st" : "", "dvt" : "Válido", "vap" : "0", "pvap" : "00.00" }, 
{ "seq" : "12", "sqcand" : "160000789973", "n" : "17177", "nm" : "AIRTON RIBEIRO", "cc" : "PSL", "nv" : " ", "e" : "n", "st" : "", "dvt" : "Válido", "vap" : "0", "pvap" : "00.00" }, 
{ "seq" : "303", "sqcand" : "160001077677", "n" : "43193", "nm" : "NEI HAVEROTH", "cc" : "PV", "nv" : " ", "e" : "n", "st" : "", "dvt" : "Válido", "vap" : "0", "pvap" : "00.00" }, 
{ "seq" : "166", "sqcand" : "160000994116", "n" : "70800", "nm" : "GINHO BUCHO", "cc" : "AVANTE", "nv" : " ", "e" : "n", "st" : "", "dvt" : "Válido", "vap" : "0", "pvap" : "00.00" }, 
{ "seq" : "305", "sqcand" : "160001077681", "n" : "43222", "nm" : "NEIDINHA NEIDE OVIEDO WILHELM", "cc" : "PV", "nv" : " ", "e" : "n", "st" : "", "dvt" : "Válido", "vap" : "0", "pvap" : "00.00" }, 
{ "seq" : "280", "sqcand" : "160000994311", "n" : "90017", "nm" : "MARILIA MONTIEL", "cc" : "PROS", "nv" : " ", "e" : "n", "st" : "", "dvt" : "Válido", "vap" : "0", "pvap" : "00.00" }, 
{ "seq" : "364", "sqcand" : "160001137046", "n" : "55800", "nm" : "PROFESSOR RONALDO", "cc" : "PSD", "nv" : " ", "e" : "n", "st" : "", "dvt" : "Válido", "vap" : "0", "pvap" : "00.00" }, 
{ "seq" : "413", "sqcand" : "160000995204", "n" : "19011", "nm" : "SERGIO RAMOS", "cc" : "PODE", "nv" : " ", "e" : "n", "st" : "", "dvt" : "Válido", "vap" : "0", "pvap" : "00.00" }, 
{ "seq" : "51", "sqcand" : "160001184487", "n" : "20600", "nm" : "CARLINHOS DE OLIVEIRA", "cc" : "PSC", "nv" : " ", "e" : "n", "st" : "", "dvt" : "Válido", "vap" : "0", "pvap" : "00.00" }, 
{ "seq" : "162", "sqcand" : "160000684157", "n" : "10100", "nm" : "GERALDO MAGELA", "cc" : "REPUBLICANOS", "nv" : " ", "e" : "n", "st" : "", "dvt" : "Válido", "vap" : "0", "pvap" : "00.00" }, 
{ "seq" : "412", "sqcand" : "160001142280", "n" : "28800", "nm" : "SERGIO GUIMARAES", "cc" : "PRTB", "nv" : " ", "e" : "n", "st" : "", "dvt" : "Válido", "vap" : "0", "pvap" : "00.00" }, 
{ "seq" : "6", "sqcand" : "160000876176", "n" : "13613", "nm" : "ADERBAL", "cc" : "PT", "nv" : " ", "e" : "n", "st" : "", "dvt" : "Válido", "vap" : "0", "pvap" : "00.00" }, 
{ "seq" : "228", "sqcand" : "160001184478", "n" : "20999", "nm" : "JULIANA DO VENEZA", "cc" : "PSC", "nv" : " ", "e" : "n", "st" : "", "dvt" : "Válido", "vap" : "0", "pvap" : "00.00" }, 
{ "seq" : "186", "sqcand" : "160001077688", "n" : "43143", "nm" : "IVONE TEREZA", "cc" : "PV", "nv" : " ", "e" : "n", "st" : "", "dvt" : "Válido", "vap" : "0", "pvap" : "00.00" }, 
{ "seq" : "377", "sqcand" : "160001184475", "n" : "20258", "nm" : "PROFESSORA SALETE", "cc" : "PSC", "nv" : " ", "e" : "n", "st" : "", "dvt" : "Válido", "vap" : "0", "pvap" : "00.00" }, 
{ "seq" : "45", "sqcand" : "160000992642", "n" : "36017", "nm" : "BRUNO CAMPOS", "cc" : "PTC", "nv" : " ", "e" : "n", "st" : "", "dvt" : "Válido", "vap" : "0", "pvap" : "00.00" }, 
{ "seq" : "388", "sqcand" : "160000994326", "n" : "90000", "nm" : "ROANI", "cc" : "PROS", "nv" : " ", "e" : "n", "st" : "", "dvt" : "Válido", "vap" : "0", "pvap" : "00.00" }, 
{ "seq" : "46", "sqcand" : "160000684172", "n" : "10007", "nm" : "BRUNO PELLIZZETTI", "cc" : "REPUBLICANOS", "nv" : " ", "e" : "n", "st" : "", "dvt" : "Válido", "vap" : "0", "pvap" : "00.00" }, 
{ "seq" : "241", "sqcand" : "160000994309", "n" : "90500", "nm" : "LAURI DALL AGNOL", "cc" : "PROS", "nv" : " ", "e" : "n", "st" : "", "dvt" : "Válido", "vap" : "0", "pvap" : "00.00" }, 
{ "seq" : "419", "sqcand" : "160001138221", "n" : "11246", "nm" : "SIDNEY FERREIRA", "cc" : "PP", "nv" : " ", "e" : "n", "st" : "", "dvt" : "Válido", "vap" : "0", "pvap" : "00.00" }, 
{ "seq" : "120", "sqcand" : "160001080451", "n" : "25000", "nm" : "DULMAR ALVES", "cc" : "DEM", "nv" : " ", "e" : "n", "st" : "", "dvt" : "Válido", "vap" : "0", "pvap" : "00.00" }, 
{ "seq" : "389", "sqcand" : "160001184503", "n" : "20120", "nm" : "ROBERTO ZORZAN", "cc" : "PSC", "nv" : " ", "e" : "n", "st" : "", "dvt" : "Válido", "vap" : "0", "pvap" : "00.00" }, 
{ "seq" : "447", "sqcand" : "160000876174", "n" : "13000", "nm" : "VALTER MIRANDA", "cc" : "PT", "nv" : " ", "e" : "n", "st" : "", "dvt" : "Válido", "vap" : "0", "pvap" : "00.00" }, 
{ "seq" : "64", "sqcand" : "160000994323", "n" : "90700", "nm" : "CIDA BERMAL", "cc" : "PROS", "nv" : " ", "e" : "n", "st" : "", "dvt" : "Válido", "vap" : "0", "pvap" : "00.00" }, 
{ "seq" : "281", "sqcand" : "160001080469", "n" : "25800", "nm" : "MARIO DE SA", "cc" : "DEM", "nv" : " ", "e" : "n", "st" : "", "dvt" : "Válido", "vap" : "0", "pvap" : "00.00" }, 
{ "seq" : "254", "sqcand" : "160001135359", "n" : "14120", "nm" : "LUCIANO BIAGGI", "cc" : "PTB", "nv" : " ", "e" : "n", "st" : "", "dvt" : "Válido", "vap" : "0", "pvap" : "00.00" }, 
{ "seq" : "320", "sqcand" : "160001191635", "n" : "77712", "nm" : "OSIEL MORAIS", "cc" : "SOLIDARIEDADE", "nv" : " ", "e" : "n", "st" : "", "dvt" : "Válido", "vap" : "0", "pvap" : "00.00" }, 
{ "seq" : "1", "sqcand" : "160001184483", "n" : "20640", "nm" : "ADÃO BALDIN", "cc" : "PSC", "nv" : " ", "e" : "n", "st" : "", "dvt" : "Válido", "vap" : "0", "pvap" : "00.00" }, 
{ "seq" : "180", "sqcand" : "160001080455", "n" : "25536", "nm" : "INAJARA", "cc" : "DEM", "nv" : " ", "e" : "n", "st" : "", "dvt" : "Válido", "vap" : "0", "pvap" : "00.00" }, 
{ "seq" : "385", "sqcand" : "160001175097", "n" : "15651", "nm" : "RICARDO BULGARELLI", "cc" : "MDB", "nv" : " ", "e" : "n", "st" : "", "dvt" : "Válido", "vap" : "0", "pvap" : "00.00" }, 
{ "seq" : "176", "sqcand" : "160001184489", "n" : "20555", "nm" : "HUDSON MORESCHI", "cc" : "PSC", "nv" : " ", "e" : "n", "st" : "", "dvt" : "Válido", "vap" : "0", "pvap" : "00.00" }, 
{ "seq" : "257", "sqcand" : "160001184152", "n" : "22800", "nm" : "MACIEL", "cc" : "PL", "nv" : " ", "e" : "n", "st" : "", "dvt" : "Válido", "vap" : "0", "pvap" : "00.00" }, 
{ "seq" : "393", "sqcand" : "160001077671", "n" : "43214", "nm" : "RODRIGUINHO", "cc" : "PV", "nv" : " ", "e" : "n", "st" : "", "dvt" : "Válido", "vap" : "0", "pvap" : "00.00" }, 
{ "seq" : "8", "sqcand" : "160001138215", "n" : "11012", "nm" : "ADRIANA MONTINI", "cc" : "PP", "nv" : " ", "e" : "n", "st" : "", "dvt" : "Válido", "vap" : "0", "pvap" : "00.00" }, 
{ "seq" : "73", "sqcand" : "160001137056", "n" : "55855", "nm" : "CLEOMAR BEATRIS SMOZINSKI", "cc" : "PSD", "nv" : " ", "e" : "n", "st" : "", "dvt" : "Válido", "vap" : "0", "pvap" : "00.00" }, 
{ "seq" : "103", "sqcand" : "160001270448", "n" : "23789", "nm" : "DONA JÚ", "cc" : "CIDADANIA", "nv" : " ", "e" : "n", "st" : "", "dvt" : "Válido", "vap" : "0", "pvap" : "00.00" }, 
{ "seq" : "79", "sqcand" : "160001184477", "n" : "20222", "nm" : "CONRADO LARA", "cc" : "PSC", "nv" : " ", "e" : "n", "st" : "", "dvt" : "Válido", "vap" : "0", "pvap" : "00.00" }, 
{ "seq" : "91", "sqcand" : "160000994321", "n" : "90900", "nm" : "DELEGADO PEDRO", "cc" : "PROS", "nv" : " ", "e" : "n", "st" : "", "dvt" : "Válido", "vap" : "0", "pvap" : "00.00" }, 
{ "seq" : "163", "sqcand" : "160000789986", "n" : "17000", "nm" : "GI DA PASTELARIA", "cc" : "PSL", "nv" : " ", "e" : "n", "st" : "", "dvt" : "Válido", "vap" : "0", "pvap" : "00.00" }, 
{ "seq" : "68", "sqcand" : "160000995203", "n" : "19163", "nm" : "CLAUDINHA DO TURISPARQUE", "cc" : "PODE", "nv" : " ", "e" : "n", "st" : "", "dvt" : "Válido", "vap" : "0", "pvap" : "00.00" }, 
{ "seq" : "362", "sqcand" : "160000876191", "n" : "13513", "nm" : "PROFESSOR PAULINO", "cc" : "PT", "nv" : " ", "e" : "n", "st" : "", "dvt" : "Válido", "vap" : "0", "pvap" : "00.00" }, 
{ "seq" : "221", "sqcand" : "160001175099", "n" : "15640", "nm" : "JOSUÉ DE SOUZA", "cc" : "MDB", "nv" : " ", "e" : "n", "st" : "", "dvt" : "Válido", "vap" : "0", "pvap" : "00.00" }, 
{ "seq" : "345", "sqcand" : "160001175095", "n" : "15193", "nm" : "PROF APARECIDA", "cc" : "MDB", "nv" : " ", "e" : "n", "st" : "", "dvt" : "Válido", "vap" : "0", "pvap" : "00.00" }, 
{ "seq" : "18", "sqcand" : "160001137055", "n" : "55192", "nm" : "ALESSANDRA PINHA", "cc" : "PSD", "nv" : " ", "e" : "n", "st" : "", "dvt" : "Válido", "vap" : "0", "pvap" : "00.00" }, 
{ "seq" : "154", "sqcand" : "160001137044", "n" : "55678", "nm" : "FERREIRA", "cc" : "PSD", "nv" : " ", "e" : "n", "st" : "", "dvt" : "Válido", "vap" : "0", "pvap" : "00.00" }, 
{ "seq" : "266", "sqcand" : "160000789974", "n" : "17500", "nm" : "MARCELI POLACA", "cc" : "PSL", "nv" : " ", "e" : "n", "st" : "", "dvt" : "Válido", "vap" : "0", "pvap" : "00.00" }, 
{ "seq" : "156", "sqcand" : "160001184151", "n" : "22044", "nm" : "GALDINO ELETRICISTA", "cc" : "PL", "nv" : " ", "e" : "n", "st" : "", "dvt" : "Válido", "vap" : "0", "pvap" : "00.00" }, 
{ "seq" : "236", "sqcand" : "160000993359", "n" : "40400", "nm" : "KIKO CHICO NETO", "cc" : "PSB", "nv" : " ", "e" : "n", "st" : "", "dvt" : "Válido", "vap" : "0", "pvap" : "00.00" }, 
{ "seq" : "297", "sqcand" : "160001079072", "n" : "50010", "nm" : "MUZAMBA SILVANO", "cc" : "PSOL", "nv" : " ", "e" : "n", "st" : "", "dvt" : "Válido", "vap" : "0", "pvap" : "00.00" }, 
{ "seq" : "432", "sqcand" : "160001142283", "n" : "28000", "nm" : "TATI CHICHOSKI", "cc" : "PRTB", "nv" : " ", "e" : "n", "st" : "", "dvt" : "Válido", "vap" : "0", "pvap" : "00.00" }, 
{ "seq" : "35", "sqcand" : "160001135348", "n" : "14444", "nm" : "ANTONIO RIBEIRO", "cc" : "PTB", "nv" : " ", "e" : "n", "st" : "", "dvt" : "Válido", "vap" : "0", "pvap" : "00.00" }, 
{ "seq" : "366", "sqcand" : "160001142290", "n" : "28111", "nm" : "PROFESSOR TILLE", "cc" : "PRTB", "nv" : " ", "e" : "n", "st" : "", "dvt" : "Válido", "vap" : "0", "pvap" : "00.00" }, 
{ "seq" : "335", "sqcand" : "160001136632", "n" : "23456", "nm" : "PEDRO LITRON", "cc" : "CIDADANIA", "nv" : " ", "e" : "n", "st" : "", "dvt" : "Válido", "vap" : "0", "pvap" : "00.00" }, 
{ "seq" : "10", "sqcand" : "160000993367", "n" : "40500", "nm" : "ADRIANA WEILER", "cc" : "PSB", "nv" : " ", "e" : "n", "st" : "", "dvt" : "Válido", "vap" : "0", "pvap" : "00.00" }, 
{ "seq" : "218", "sqcand" : "160000684178", "n" : "10120", "nm" : "JOSÉ SILVÉRIO", "cc" : "REPUBLICANOS", "nv" : " ", "e" : "n", "st" : "", "dvt" : "Válido", "vap" : "0", "pvap" : "00.00" }, 
{ "seq" : "427", "sqcand" : "160000789980", "n" : "17007", "nm" : "SIRLEI TRZECIAK", "cc" : "PSL", "nv" : " ", "e" : "n", "st" : "", "dvt" : "Válido", "vap" : "0", "pvap" : "00.00" }, 
{ "seq" : "127", "sqcand" : "160001265071", "n" : "15320", "nm" : "EDUARDO CARVALHO", "cc" : "MDB", "nv" : " ", "e" : "n", "st" : "", "dvt" : "Válido", "vap" : "0", "pvap" : "00.00" }, 
{ "seq" : "296", "sqcand" : "160001184486", "n" : "20777", "nm" : "MISAEL JUNIOR", "cc" : "PSC", "nv" : " ", "e" : "n", "st" : "", "dvt" : "Válido", "vap" : "0", "pvap" : "00.00" }, 
{ "seq" : "198", "sqcand" : "160000684159", "n" : "10033", "nm" : "JÔ", "cc" : "REPUBLICANOS", "nv" : " ", "e" : "n", "st" : "", "dvt" : "Válido", "vap" : "0", "pvap" : "00.00" }, 
{ "seq" : "86", "sqcand" : "160001079822", "n" : "51555", "nm" : "DANIEL HUF", "cc" : "PATRIOTA", "nv" : " ", "e" : "n", "st" : "", "dvt" : "Válido", "vap" : "0", "pvap" : "00.00" }, 
{ "seq" : "449", "sqcand" : "160001138216", "n" : "11191", "nm" : "VANDELI LIMA", "cc" : "PP", "nv" : " ", "e" : "n", "st" : "", "dvt" : "Válido", "vap" : "0", "pvap" : "00.00" }, 
{ "seq" : "390", "sqcand" : "160000876188", "n" : "13500", "nm" : "ROBIELSON BARRETO", "cc" : "PT", "nv" : " ", "e" : "n", "st" : "", "dvt" : "Válido", "vap" : "0", "pvap" : "00.00" }, 
{ "seq" : "232", "sqcand" : "160001175105", "n" : "15800", "nm" : "KAIZINHO", "cc" : "MDB", "nv" : " ", "e" : "n", "st" : "", "dvt" : "Válido", "vap" : "0", "pvap" : "00.00" }, 
{ "seq" : "98", "sqcand" : "160000994304", "n" : "90789", "nm" : "DIVINO GODOI", "cc" : "PROS", "nv" : " ", "e" : "n", "st" : "", "dvt" : "Válido", "vap" : "0", "pvap" : "00.00" }, 
{ "seq" : "337", "sqcand" : "160001135370", "n" : "14100", "nm" : "PEDRO ROMALINO", "cc" : "PTB", "nv" : " ", "e" : "n", "st" : "", "dvt" : "Válido", "vap" : "0", "pvap" : "00.00" }, 
{ "seq" : "411", "sqcand" : "160001079076", "n" : "50465", "nm" : "SERGIO DE OLIVEIRA", "cc" : "PSOL", "nv" : " ", "e" : "n", "st" : "", "dvt" : "Válido", "vap" : "0", "pvap" : "00.00" }, 
{ "seq" : "100", "sqcand" : "160001074498", "n" : "12380", "nm" : "DO CARMO SEGURANÇA", "cc" : "PDT", "nv" : " ", "e" : "n", "st" : "", "dvt" : "Válido", "vap" : "0", "pvap" : "00.00" }, 
{ "seq" : "319", "sqcand" : "160001142289", "n" : "28288", "nm" : "ORLANDO DAS VASSOURAS PET", "cc" : "PRTB", "nv" : " ", "e" : "n", "st" : "", "dvt" : "Válido", "vap" : "0", "pvap" : "00.00" }, 
{ "seq" : "195", "sqcand" : "160001077670", "n" : "43100", "nm" : "JEFERSON CORDEIRO", "cc" : "PV", "nv" : " ", "e" : "n", "st" : "", "dvt" : "Válido", "vap" : "0", "pvap" : "00.00" }, 
{ "seq" : "286", "sqcand" : "160001138212", "n" : "11025", "nm" : "MARY OLIVEIRA", "cc" : "PP", "nv" : " ", "e" : "n", "st" : "", "dvt" : "Válido", "vap" : "0", "pvap" : "00.00" }, 
{ "seq" : "117", "sqcand" : "160001074497", "n" : "12122", "nm" : "DRA CLAUDIA DENTISTA", "cc" : "PDT", "nv" : " ", "e" : "n", "st" : "", "dvt" : "Válido", "vap" : "0", "pvap" : "00.00" }, 
{ "seq" : "380", "sqcand" : "160001135364", "n" : "14640", "nm" : "RAFAEL PITARELO", "cc" : "PTB", "nv" : " ", "e" : "n", "st" : "", "dvt" : "Válido", "vap" : "0", "pvap" : "00.00" }, 
{ "seq" : "283", "sqcand" : "160001079071", "n" : "50019", "nm" : "MARLENE DE JESUS", "cc" : "PSOL", "nv" : " ", "e" : "n", "st" : "", "dvt" : "Válido", "vap" : "0", "pvap" : "00.00" }, 
{ "seq" : "434", "sqcand" : "160001080444", "n" : "25500", "nm" : "TIAGO ALMEIDA", "cc" : "DEM", "nv" : " ", "e" : "n", "st" : "", "dvt" : "Válido", "vap" : "0", "pvap" : "00.00" }, 
{ "seq" : "240", "sqcand" : "160000994310", "n" : "90181", "nm" : "LARISSE LORENÇO", "cc" : "PROS", "nv" : " ", "e" : "n", "st" : "", "dvt" : "Válido", "vap" : "0", "pvap" : "00.00" }, 
{ "seq" : "457", "sqcand" : "160000995210", "n" : "19120", "nm" : "VOLNEI FRANGOS E FRITAS", "cc" : "PODE", "nv" : " ", "e" : "n", "st" : "", "dvt" : "Válido", "vap" : "0", "pvap" : "00.00" }, 
{ "seq" : "230", "sqcand" : "160001079073", "n" : "50150", "nm" : "JUREMA AMATTEI", "cc" : "PSOL", "nv" : " ", "e" : "n", "st" : "", "dvt" : "Válido", "vap" : "0", "pvap" : "00.00" }, 
{ "seq" : "175", "sqcand" : "160000684169", "n" : "10762", "nm" : "HENRIQUE DONDONI", "cc" : "REPUBLICANOS", "nv" : " ", "e" : "n", "st" : "", "dvt" : "Válido", "vap" : "0", "pvap" : "00.00" }, 
{ "seq" : "87", "sqcand" : "160001135367", "n" : "14400", "nm" : "DANIELE VIER", "cc" : "PTB", "nv" : " ", "e" : "n", "st" : "", "dvt" : "Válido", "vap" : "0", "pvap" : "00.00" }, 
{ "seq" : "32", "sqcand" : "160001077676", "n" : "43111", "nm" : "ANGELO RIBEIRO", "cc" : "PV", "nv" : " ", "e" : "n", "st" : "", "dvt" : "Válido", "vap" : "0", "pvap" : "00.00" }, 
{ "seq" : "144", "sqcand" : "160001080448", "n" : "25400", "nm" : "EVERALDO SILVA", "cc" : "DEM", "nv" : " ", "e" : "n", "st" : "", "dvt" : "Válido", "vap" : "0", "pvap" : "00.00" }, 
{ "seq" : "121", "sqcand" : "160001191649", "n" : "77123", "nm" : "EDIVALDO DE SOUZA", "cc" : "SOLIDARIEDADE", "nv" : " ", "e" : "n", "st" : "", "dvt" : "Válido", "vap" : "0", "pvap" : "00.00" }, 
{ "seq" : "70", "sqcand" : "160000789970", "n" : "17017", "nm" : "CLAYTON", "cc" : "PSL", "nv" : " ", "e" : "n", "st" : "", "dvt" : "Válido", "vap" : "0", "pvap" : "00.00" }, 
{ "seq" : "96", "sqcand" : "160001077686", "n" : "43217", "nm" : "DINA SOUZA", "cc" : "PV", "nv" : " ", "e" : "n", "st" : "", "dvt" : "Válido", "vap" : "0", "pvap" : "00.00" }, 
{ "seq" : "357", "sqcand" : "160001079074", "n" : "50050", "nm" : "PROFESSOR LUCIANO CORBARI", "cc" : "PSOL", "nv" : " ", "e" : "n", "st" : "", "dvt" : "Válido", "vap" : "0", "pvap" : "00.00" }, 
{ "seq" : "97", "sqcand" : "160001079817", "n" : "51123", "nm" : "DIONISIO ELESBÃO", "cc" : "PATRIOTA", "nv" : " ", "e" : "n", "st" : "", "dvt" : "Válido", "vap" : "0", "pvap" : "00.00" }, 
{ "seq" : "273", "sqcand" : "160001137053", "n" : "55550", "nm" : "MARCOS BERTOLI", "cc" : "PSD", "nv" : " ", "e" : "n", "st" : "", "dvt" : "Válido", "vap" : "0", "pvap" : "00.00" }, 
{ "seq" : "323", "sqcand" : "160001080457", "n" : "25025", "nm" : "PASTOR EDSON RODRIGUES", "cc" : "DEM", "nv" : " ", "e" : "n", "st" : "", "dvt" : "Válido", "vap" : "0", "pvap" : "00.00" }, 
{ "seq" : "339", "sqcand" : "160000789975", "n" : "17190", "nm" : "PINTINHO", "cc" : "PSL", "nv" : " ", "e" : "n", "st" : "", "dvt" : "Válido", "vap" : "0", "pvap" : "00.00" }, 
{ "seq" : "316", "sqcand" : "160000995196", "n" : "19800", "nm" : "ODETE BUENO", "cc" : "PODE", "nv" : " ", "e" : "n", "st" : "", "dvt" : "Válido", "vap" : "0", "pvap" : "00.00" }, 
{ "seq" : "62", "sqcand" : "160001138217", "n" : "11013", "nm" : "CIBELE N&apos;ROLL", "cc" : "PP", "nv" : " ", "e" : "n", "st" : "", "dvt" : "Válido", "vap" : "0", "pvap" : "00.00" }, 
{ "seq" : "224", "sqcand" : "160000992629", "n" : "36123", "nm" : "JUAREZ ARAÚJO", "cc" : "PTC", "nv" : " ", "e" : "n", "st" : "", "dvt" : "Válido", "vap" : "0", "pvap" : "00.00" }, 
{ "seq" : "164", "sqcand" : "160001074505", "n" : "12345", "nm" : "GILSON COUTINHO", "cc" : "PDT", "nv" : " ", "e" : "n", "st" : "", "dvt" : "Válido", "vap" : "0", "pvap" : "00.00" }, 
{ "seq" : "300", "sqcand" : "160001142279", "n" : "28567", "nm" : "NEGÃO DO MARIA LUIZA", "cc" : "PRTB", "nv" : " ", "e" : "n", "st" : "", "dvt" : "Válido", "vap" : "0", "pvap" : "00.00" }, 
{ "seq" : "55", "sqcand" : "160001175084", "n" : "15190", "nm" : "CAVALCANTE", "cc" : "MDB", "nv" : " ", "e" : "n", "st" : "", "dvt" : "Válido", "vap" : "0", "pvap" : "00.00" }, 
{ "seq" : "71", "sqcand" : "160001080445", "n" : "25567", "nm" : "CLEIDE", "cc" : "DEM", "nv" : " ", "e" : "n", "st" : "", "dvt" : "Válido", "vap" : "0", "pvap" : "00.00" }, 
{ "seq" : "375", "sqcand" : "160001175098", "n" : "15015", "nm" : "PROFESSORA POLLYANA BASTOS", "cc" : "MDB", "nv" : " ", "e" : "n", "st" : "", "dvt" : "Válido", "vap" : "0", "pvap" : "00.00" }, 
{ "seq" : "20", "sqcand" : "160000994121", "n" : "70500", "nm" : "ALEXANDRE GAÚCHO", "cc" : "AVANTE", "nv" : " ", "e" : "n", "st" : "", "dvt" : "Válido", "vap" : "0", "pvap" : "00.00" }, 
{ "seq" : "429", "sqcand" : "160001175088", "n" : "15321", "nm" : "SONIA NAITZK", "cc" : "MDB", "nv" : " ", "e" : "n", "st" : "", "dvt" : "Válido", "vap" : "0", "pvap" : "00.00" }, 
{ "seq" : "288", "sqcand" : "160001184153", "n" : "22222", "nm" : "MAURI", "cc" : "PL", "nv" : " ", "e" : "n", "st" : "", "dvt" : "Válido", "vap" : "0", "pvap" : "00.00" }, 
{ "seq" : "265", "sqcand" : "160000994122", "n" : "70001", "nm" : "MARCÃO DO POVO O GALO", "cc" : "AVANTE", "nv" : " ", "e" : "n", "st" : "", "dvt" : "Válido", "vap" : "0", "pvap" : "00.00" }, 
{ "seq" : "302", "sqcand" : "160000994302", "n" : "90321", "nm" : "NEGUINHO DA RECICLAGEM", "cc" : "PROS", "nv" : " ", "e" : "n", "st" : "", "dvt" : "Válido", "vap" : "0", "pvap" : "00.00" }, 
{ "seq" : "134", "sqcand" : "160001191641", "n" : "77262", "nm" : "ELIZ CRISTIANE", "cc" : "SOLIDARIEDADE", "nv" : " ", "e" : "n", "st" : "", "dvt" : "Válido", "vap" : "0", "pvap" : "00.00" }, 
{ "seq" : "398", "sqcand" : "160000876167", "n" : "13654", "nm" : "ROSELI OLIVEIRA", "cc" : "PT", "nv" : " ", "e" : "n", "st" : "", "dvt" : "Válido", "vap" : "0", "pvap" : "00.00" }, 
{ "seq" : "365", "sqcand" : "160001135351", "n" : "14123", "nm" : "PROFESSOR SANTELLO", "cc" : "PTB", "nv" : " ", "e" : "n", "st" : "", "dvt" : "Válido", "vap" : "0", "pvap" : "00.00" }, 
{ "seq" : "438", "sqcand" : "160001184161", "n" : "22077", "nm" : "TITA", "cc" : "PL", "nv" : " ", "e" : "n", "st" : "", "dvt" : "Válido", "vap" : "0", "pvap" : "00.00" }, 
{ "seq" : "60", "sqcand" : "160000993373", "n" : "40055", "nm" : "CHERIM ANTUNES", "cc" : "PSB", "nv" : " ", "e" : "n", "st" : "", "dvt" : "Válido", "vap" : "0", "pvap" : "00.00" }, 
{ "seq" : "26", "sqcand" : "160001184495", "n" : "20111", "nm" : "ANA MARTINS", "cc" : "PSC", "nv" : " ", "e" : "n", "st" : "", "dvt" : "Válido", "vap" : "0", "pvap" : "00.00" }, 
{ "seq" : "314", "sqcand" : "160001142288", "n" : "28225", "nm" : "NOEL PAPAI NOEL", "cc" : "PRTB", "nv" : " ", "e" : "n", "st" : "", "dvt" : "Válido", "vap" : "0", "pvap" : "00.00" }, 
{ "seq" : "421", "sqcand" : "160000993364", "n" : "40440", "nm" : "SILVANA BENVINDO", "cc" : "PSB", "nv" : " ", "e" : "n", "st" : "", "dvt" : "Válido", "vap" : "0", "pvap" : "00.00" }, 
{ "seq" : "358", "sqcand" : "160000876172", "n" : "13713", "nm" : "PROFESSOR LUIZ", "cc" : "PT", "nv" : " ", "e" : "n", "st" : "", "dvt" : "Válido", "vap" : "0", "pvap" : "00.00" }, 
{ "seq" : "444", "sqcand" : "160001077682", "n" : "43156", "nm" : "VALDIR DOS ANJOS", "cc" : "PV", "nv" : " ", "e" : "n", "st" : "", "dvt" : "Válido", "vap" : "0", "pvap" : "00.00" }, 
{ "seq" : "226", "sqcand" : "160001142285", "n" : "28200", "nm" : "JUJU AMORIM", "cc" : "PRTB", "nv" : " ", "e" : "n", "st" : "", "dvt" : "Válido", "vap" : "0", "pvap" : "00.00" }, 
{ "seq" : "204", "sqcand" : "160001079815", "n" : "51999", "nm" : "JOÃO MARIA ", "cc" : "PATRIOTA", "nv" : " ", "e" : "n", "st" : "", "dvt" : "Válido", "vap" : "0", "pvap" : "00.00" }, 
{ "seq" : "157", "sqcand" : "160000684161", "n" : "10987", "nm" : "GARBUIO", "cc" : "REPUBLICANOS", "nv" : " ", "e" : "n", "st" : "", "dvt" : "Válido", "vap" : "0", "pvap" : "00.00" }, 
{ "seq" : "406", "sqcand" : "160000876166", "n" : "13155", "nm" : "SANTINA IZABEL", "cc" : "PT", "nv" : " ", "e" : "n", "st" : "", "dvt" : "Válido", "vap" : "0", "pvap" : "00.00" }, 
{ "seq" : "49", "sqcand" : "160001175100", "n" : "15300", "nm" : "CANTORA ROSINHA", "cc" : "MDB", "nv" : " ", "e" : "n", "st" : "", "dvt" : "Válido", "vap" : "0", "pvap" : "00.00" }, 
{ "seq" : "370", "sqcand" : "160000876190", "n" : "13013", "nm" : "PROFESSORA LILIAM", "cc" : "PT", "nv" : " ", "e" : "n", "st" : "", "dvt" : "Válido", "vap" : "0", "pvap" : "00.00" }, 
{ "seq" : "102", "sqcand" : "160001137051", "n" : "55555", "nm" : "DOMINGOS ", "cc" : "PSD", "nv" : " ", "e" : "n", "st" : "", "dvt" : "Válido", "vap" : "0", "pvap" : "00.00" }, 
{ "seq" : "210", "sqcand" : "160001175091", "n" : "15122", "nm" : "JOCEH DA AUTO ESCOLA", "cc" : "MDB", "nv" : " ", "e" : "n", "st" : "", "dvt" : "Válido", "vap" : "0", "pvap" : "00.00" }, 
{ "seq" : "67", "sqcand" : "160001079816", "n" : "51007", "nm" : "CLAUDETE CATEQUISTA", "cc" : "PATRIOTA", "nv" : " ", "e" : "n", "st" : "", "dvt" : "Válido", "vap" : "0", "pvap" : "00.00" }, 
{ "seq" : "146", "sqcand" : "160000995197", "n" : "19038", "nm" : "FÃO", "cc" : "PODE", "nv" : " ", "e" : "n", "st" : "", "dvt" : "Válido", "vap" : "0", "pvap" : "00.00" }, 
{ "seq" : "439", "sqcand" : "160001138220", "n" : "11400", "nm" : "TITÃO", "cc" : "PP", "nv" : " ", "e" : "n", "st" : "", "dvt" : "Válido", "vap" : "0", "pvap" : "00.00" }, 
{ "seq" : "75", "sqcand" : "160001136633", "n" : "23838", "nm" : "CLEVERSON DE OLIVEIRA", "cc" : "CIDADANIA", "nv" : " ", "e" : "n", "st" : "", "dvt" : "Válido", "vap" : "0", "pvap" : "00.00" }, 
{ "seq" : "76", "sqcand" : "160000994313", "n" : "90800", "nm" : "CLEVERSON SIBULSKI", "cc" : "PROS", "nv" : " ", "e" : "n", "st" : "", "dvt" : "Válido", "vap" : "0", "pvap" : "00.00" }, 
{ "seq" : "13", "sqcand" : "160000994317", "n" : "90300", "nm" : "ALCIDES VIEIRA PASTEL", "cc" : "PROS", "nv" : " ", "e" : "n", "st" : "", "dvt" : "Válido", "vap" : "0", "pvap" : "00.00" }, 
{ "seq" : "259", "sqcand" : "160001191640", "n" : "77025", "nm" : "MAGRAO DA TAPEÇARIA", "cc" : "SOLIDARIEDADE", "nv" : " ", "e" : "n", "st" : "", "dvt" : "Válido", "vap" : "0", "pvap" : "00.00" }, 
{ "seq" : "247", "sqcand" : "160000993358", "n" : "40190", "nm" : "LEONICE PIZA", "cc" : "PSB", "nv" : " ", "e" : "n", "st" : "", "dvt" : "Válido", "vap" : "0", "pvap" : "00.00" }, 
{ "seq" : "81", "sqcand" : "160001145751", "n" : "13300", "nm" : "CRIS DA BELL EVENTOS", "cc" : "PT", "nv" : " ", "e" : "n", "st" : "", "dvt" : "Válido", "vap" : "0", "pvap" : "00.00" }, 
{ "seq" : "197", "sqcand" : "160001079828", "n" : "51111", "nm" : "JENIFER LIMA", "cc" : "PATRIOTA", "nv" : " ", "e" : "n", "st" : "", "dvt" : "Válido", "vap" : "0", "pvap" : "00.00" }, 
{ "seq" : "179", "sqcand" : "160001184476", "n" : "20520", "nm" : "IGOR FARIAS", "cc" : "PSC", "nv" : " ", "e" : "n", "st" : "", "dvt" : "Válido", "vap" : "0", "pvap" : "00.00" }, 
{ "seq" : "415", "sqcand" : "160000876186", "n" : "13180", "nm" : "SERVIDORA DAIA GLOBS", "cc" : "PT", "nv" : " ", "e" : "n", "st" : "", "dvt" : "Válido", "vap" : "0", "pvap" : "00.00" }, 
{ "seq" : "461", "sqcand" : "160001135353", "n" : "14555", "nm" : "ZAQUEU DOMINGOS", "cc" : "PTB", "nv" : " ", "e" : "n", "st" : "", "dvt" : "Válido", "vap" : "0", "pvap" : "00.00" }, 
{ "seq" : "211", "sqcand" : "160000993354", "n" : "40333", "nm" : "JOEL MARKES", "cc" : "PSB", "nv" : " ", "e" : "n", "st" : "", "dvt" : "Válido", "vap" : "0", "pvap" : "00.00" }, 
{ "seq" : "424", "sqcand" : "160000994312", "n" : "90013", "nm" : "SIMONE DO POSTO DE SAÚDE", "cc" : "PROS", "nv" : " ", "e" : "n", "st" : "", "dvt" : "Válido", "vap" : "0", "pvap" : "00.00" }, 
{ "seq" : "242", "sqcand" : "160000993371", "n" : "40777", "nm" : "LEANDRO CEZAR", "cc" : "PSB", "nv" : " ", "e" : "n", "st" : "", "dvt" : "Válido", "vap" : "0", "pvap" : "00.00" }, 
{ "seq" : "239", "sqcand" : "160001184162", "n" : "22000", "nm" : "LARISSA STACHIO", "cc" : "PL", "nv" : " ", "e" : "n", "st" : "", "dvt" : "Válido", "vap" : "0", "pvap" : "00.00" }, 
{ "seq" : "110", "sqcand" : "160001136631", "n" : "23100", "nm" : "DR. ELEDIR ANTÔNIO FERREIRA", "cc" : "CIDADANIA", "nv" : " ", "e" : "n", "st" : "", "dvt" : "Válido", "vap" : "0", "pvap" : "00.00" }, 
{ "seq" : "34", "sqcand" : "160000993362", "n" : "40100", "nm" : "ANTONIO MARCOS", "cc" : "PSB", "nv" : " ", "e" : "n", "st" : "", "dvt" : "Válido", "vap" : "0", "pvap" : "00.00" }, 
{ "seq" : "311", "sqcand" : "160001135360", "n" : "14777", "nm" : "NILMAR OLIMPIO DOS SANTOS", "cc" : "PTB", "nv" : " ", "e" : "n", "st" : "", "dvt" : "Válido", "vap" : "0", "pvap" : "00.00" }, 
{ "seq" : "341", "sqcand" : "160001184504", "n" : "20190", "nm" : "POLICIAL MADRIL", "cc" : "PSC", "nv" : " ", "e" : "n", "st" : "", "dvt" : "Válido", "vap" : "0", "pvap" : "00.00" }, 
{ "seq" : "173", "sqcand" : "160000992628", "n" : "36190", "nm" : "HELOISA PINHEIRO", "cc" : "PTC", "nv" : " ", "e" : "n", "st" : "", "dvt" : "Válido", "vap" : "0", "pvap" : "00.00" }, 
{ "seq" : "140", "sqcand" : "160001079830", "n" : "51567", "nm" : "ENOCK BETEL", "cc" : "PATRIOTA", "nv" : " ", "e" : "n", "st" : "", "dvt" : "Válido", "vap" : "0", "pvap" : "00.00" }, 
{ "seq" : "460", "sqcand" : "160001137052", "n" : "55111", "nm" : "WILSON PICANHA", "cc" : "PSD", "nv" : " ", "e" : "n", "st" : "", "dvt" : "Válido", "vap" : "0", "pvap" : "00.00" }, 
{ "seq" : "310", "sqcand" : "160000876177", "n" : "13567", "nm" : "NILDA DE ARAÚJO", "cc" : "PT", "nv" : " ", "e" : "n", "st" : "", "dvt" : "Válido", "vap" : "0", "pvap" : "00.00" }, 
{ "seq" : "63", "sqcand" : "160001142275", "n" : "28028", "nm" : "CICERO FERNANDES", "cc" : "PRTB", "nv" : " ", "e" : "n", "st" : "", "dvt" : "Válido", "vap" : "0", "pvap" : "00.00" }, 
{ "seq" : "334", "sqcand" : "160000993361", "n" : "40200", "nm" : "PEDRO GALESKY", "cc" : "PSB", "nv" : " ", "e" : "n", "st" : "", "dvt" : "Válido", "vap" : "0", "pvap" : "00.00" }, 
{ "seq" : "455", "sqcand" : "160001137057", "n" : "55180", "nm" : "VITAL RODRIGUES ", "cc" : "PSD", "nv" : " ", "e" : "n", "st" : "", "dvt" : "Válido", "vap" : "0", "pvap" : "00.00" }, 
{ "seq" : "404", "sqcand" : "160000994114", "n" : "70000", "nm" : "SANDRA CARDOSO", "cc" : "AVANTE", "nv" : " ", "e" : "n", "st" : "", "dvt" : "Válido", "vap" : "0", "pvap" : "00.00" }, 
{ "seq" : "36", "sqcand" : "160001077683", "n" : "43780", "nm" : "AUDAIR LEONCIO (BAIANO)", "cc" : "PV", "nv" : " ", "e" : "n", "st" : "", "dvt" : "Válido", "vap" : "0", "pvap" : "00.00" }, 
{ "seq" : "133", "sqcand" : "160000993369", "n" : "40651", "nm" : "ELIMARA OLIVEIRA", "cc" : "PSB", "nv" : " ", "e" : "n", "st" : "", "dvt" : "Válido", "vap" : "0", "pvap" : "00.00" }, 
{ "seq" : "292", "sqcand" : "160001184481", "n" : "20900", "nm" : "MAZUTTI", "cc" : "PSC", "nv" : " ", "e" : "n", "st" : "", "dvt" : "Válido", "vap" : "0", "pvap" : "00.00" }, 
{ "seq" : "347", "sqcand" : "160001191643", "n" : "77077", "nm" : "PROF.ª ELAINE", "cc" : "SOLIDARIEDADE", "nv" : " ", "e" : "n", "st" : "", "dvt" : "Válido", "vap" : "0", "pvap" : "00.00" }, 
{ "seq" : "442", "sqcand" : "160001191647", "n" : "77700", "nm" : "VALDECIR SANTANA", "cc" : "SOLIDARIEDADE", "nv" : " ", "e" : "n", "st" : "", "dvt" : "Válido", "vap" : "0", "pvap" : "00.00" }, 
{ "seq" : "39", "sqcand" : "160001074514", "n" : "12222", "nm" : "BATUTA", "cc" : "PDT", "nv" : " ", "e" : "n", "st" : "", "dvt" : "Válido", "vap" : "0", "pvap" : "00.00" }, 
{ "seq" : "391", "sqcand" : "160001184499", "n" : "20051", "nm" : "ROBISON MOREIRA", "cc" : "PSC", "nv" : " ", "e" : "n", "st" : "", "dvt" : "Válido", "vap" : "0", "pvap" : "00.00" }, 
{ "seq" : "363", "sqcand" : "160001184166", "n" : "22922", "nm" : "PROFESSOR RAPHAEL", "cc" : "PL", "nv" : " ", "e" : "n", "st" : "", "dvt" : "Válido", "vap" : "0", "pvap" : "00.00" }, 
{ "seq" : "463", "sqcand" : "160000684163", "n" : "10255", "nm" : "ZÉLIA DO SISTEMA PAI", "cc" : "REPUBLICANOS", "nv" : " ", "e" : "n", "st" : "", "dvt" : "Válido", "vap" : "0", "pvap" : "00.00" }, 
{ "seq" : "216", "sqcand" : "160001079831", "n" : "51050", "nm" : "JOSÉ LEMOS", "cc" : "PATRIOTA", "nv" : " ", "e" : "n", "st" : "", "dvt" : "Válido", "vap" : "0", "pvap" : "00.00" }, 
{ "seq" : "401", "sqcand" : "160001184500", "n" : "20750", "nm" : "ROZELI BRESSIANI", "cc" : "PSC", "nv" : " ", "e" : "n", "st" : "", "dvt" : "Válido", "vap" : "0", "pvap" : "00.00" }, 
{ "seq" : "446", "sqcand" : "160001184505", "n" : "20180", "nm" : "VALMIR PAKINHA", "cc" : "PSC", "nv" : " ", "e" : "n", "st" : "", "dvt" : "Válido", "vap" : "0", "pvap" : "00.00" }, 
{ "seq" : "410", "sqcand" : "160001074509", "n" : "12100", "nm" : "SERGINHO RIBEIRO", "cc" : "PDT", "nv" : " ", "e" : "n", "st" : "", "dvt" : "Válido", "vap" : "0", "pvap" : "00.00" }, 
{ "seq" : "112", "sqcand" : "160001079814", "n" : "51000", "nm" : "DR JORGE BOCASANTA", "cc" : "PATRIOTA", "nv" : " ", "e" : "n", "st" : "", "dvt" : "Válido", "vap" : "0", "pvap" : "00.00" }, 
{ "seq" : "83", "sqcand" : "160001191637", "n" : "77348", "nm" : "DALVA", "cc" : "SOLIDARIEDADE", "nv" : " ", "e" : "n", "st" : "", "dvt" : "Válido", "vap" : "0", "pvap" : "00.00" }, 
{ "seq" : "414", "sqcand" : "160000994325", "n" : "90090", "nm" : "SERGIO RICARDO", "cc" : "PROS", "nv" : " ", "e" : "n", "st" : "", "dvt" : "Válido", "vap" : "0", "pvap" : "00.00" }, 
{ "seq" : "44", "sqcand" : "160000876170", "n" : "13131", "nm" : "BRUNA AMERICANO", "cc" : "PT", "nv" : " ", "e" : "n", "st" : "", "dvt" : "Válido", "vap" : "0", "pvap" : "00.00" } ] }