{ "ele" : "426", "tpabr" : "mu", "cdabr" : "78875", "carper" : "11", "t" : "1", "f" : "o", "dt" : "07\/11\/2020", "ht" : "02:10:07", "dv" : "s", "tf" : "n", "v" : "1", "esae" : "n", "mnae" : "", "s" : "86", "st" : "0", "pst" : "   0,00", "snt" : "86", "psnt" : " 100,00", "si" : "0", "psi" : "   0,00", "sni" : "0", "psni" : "   0,00", "sa" : "0", "psa" : "   0,00", "sna" : "0", "psna" : "   0,00", "e" : "32369", "ea" : "0", "pea" : "   0,00", "ena" : "0", "pena" : "   0,00", "esi" : "0", "pesi" : "   0,00", "esni" : "0", "pesni" : "   0,00", "c" : "0", "pc" : "   0,00", "a" : "0", "pa" : "   0,00", "vscv" : "0", "vnom" : "0", "pvnom" : "00,00", "vvc" : "0", "pvvc" : "00,00", "vb" : "0", "pvb" : "00,00", "tvn" : "0", "ptvn" : "00,00", "vn" : "0", "pvn" : "00,00", "vnt" : "0", "pvnt" : "00,00", "vp" : "0", "pvp" : "00,00", "vv" : "0", "pvv" : "00,00", "van" : "0", "pvan" : "00,00", "vansj" : "0", "pvansj" : "00,00", "tv" : "0", "cand" : [ 
{ "seq" : "6", "sqcand" : "160000767989", "n" : "17", "nm" : "LUCIANO CASTILHO", "cc" : "PSL", "nv" : "ESAU PAUL", "e" : "n", "st" : "", "dvt" : "Válido", "vap" : "0", "pvap" : "00.00" }, 
{ "seq" : "2", "sqcand" : "160001042097", "n" : "13", "nm" : "DEJAIR DE JESUS PADILHA", "cc" : "PT", "nv" : "CHAIANE STANGE", "e" : "n", "st" : "", "dvt" : "Válido", "vap" : "0", "pvap" : "00.00" }, 
{ "seq" : "4", "sqcand" : "160001000328", "n" : "55", "nm" : "FERNANDA SARDANHA", "cc" : "PSD - PSD \/ PROS", "nv" : "ADÃO STANISZEWSKI", "e" : "n", "st" : "", "dvt" : "Válido", "vap" : "0", "pvap" : "00.00" }, 
{ "seq" : "1", "sqcand" : "160000999811", "n" : "15", "nm" : "ARGOS FAYAD", "cc" : "MDB", "nv" : "RENATO POSSEBON", "e" : "n", "st" : "", "dvt" : "Válido", "vap" : "0", "pvap" : "00.00" }, 
{ "seq" : "5", "sqcand" : "160000703196", "n" : "12", "nm" : "JORGE ROIKO", "cc" : "PDT - PDT \/ PL", "nv" : "PROFESSORA MARTA", "e" : "n", "st" : "", "dvt" : "Válido", "vap" : "0", "pvap" : "00.00" }, 
{ "seq" : "3", "sqcand" : "160000999348", "n" : "14", "nm" : "DR EDUARDO", "cc" : "PTB", "nv" : "CABO LIMA", "e" : "n", "st" : "", "dvt" : "Válido", "vap" : "0", "pvap" : "00.00" }, 
{ "seq" : "7", "sqcand" : "160001137463", "n" : "45", "nm" : "LUIZ ADYR", "cc" : "PSDB - PATRIOTA \/ PSDB \/ PSB \/ PSC \/ CIDADANIA \/ DEM \/ PP", "nv" : "STUSKI", "e" : "n", "st" : "", "dvt" : "Válido", "vap" : "0", "pvap" : "00.00" } ] }