{ "ele" : "426", "tpabr" : "mu", "cdabr" : "76074", "carper" : "11", "t" : "1", "f" : "o", "dt" : "07\/11\/2020", "ht" : "02:10:06", "dv" : "s", "tf" : "n", "v" : "1", "esae" : "n", "mnae" : "", "s" : "126", "st" : "0", "pst" : "   0,00", "snt" : "126", "psnt" : " 100,00", "si" : "0", "psi" : "   0,00", "sni" : "0", "psni" : "   0,00", "sa" : "0", "psa" : "   0,00", "sna" : "0", "psna" : "   0,00", "e" : "44567", "ea" : "0", "pea" : "   0,00", "ena" : "0", "pena" : "   0,00", "esi" : "0", "pesi" : "   0,00", "esni" : "0", "pesni" : "   0,00", "c" : "0", "pc" : "   0,00", "a" : "0", "pa" : "   0,00", "vscv" : "0", "vnom" : "0", "pvnom" : "00,00", "vvc" : "0", "pvvc" : "00,00", "vb" : "0", "pvb" : "00,00", "tvn" : "0", "ptvn" : "00,00", "vn" : "0", "pvn" : "00,00", "vnt" : "0", "pvnt" : "00,00", "vp" : "0", "pvp" : "00,00", "vv" : "0", "pvv" : "00,00", "van" : "0", "pvan" : "00,00", "vansj" : "0", "pvansj" : "00,00", "tv" : "0", "cand" : [ 
{ "seq" : "2", "sqcand" : "160000766973", "n" : "17", "nm" : "ICO RUVA", "cc" : "PSL", "nv" : "MARGARETH FARAGO MAUDA", "e" : "n", "st" : "", "dvt" : "Válido", "vap" : "0", "pvap" : "00.00" }, 
{ "seq" : "6", "sqcand" : "160000767028", "n" : "65", "nm" : "PROF JOÃO DREMISKI", "cc" : "PC do B", "nv" : "LEONI RIBAS", "e" : "n", "st" : "", "dvt" : "Válido", "vap" : "0", "pvap" : "00.00" }, 
{ "seq" : "1", "sqcand" : "160001146969", "n" : "55", "nm" : "EMILIANO GOMES", "cc" : "PSD - PSC \/ CIDADANIA \/ PSD \/ PL", "nv" : "FELIPE LUCAS", "e" : "n", "st" : "", "dvt" : "Válido", "vap" : "0", "pvap" : "00.00" }, 
{ "seq" : "7", "sqcand" : "160001125301", "n" : "12", "nm" : "RAFAELA", "cc" : "PDT - PDT \/ PSB", "nv" : "ALCEU", "e" : "n", "st" : "", "dvt" : "Válido", "vap" : "0", "pvap" : "00.00" }, 
{ "seq" : "5", "sqcand" : "160001123972", "n" : "70", "nm" : "MARCOS ANTONIO GONÇALVES", "cc" : "AVANTE", "nv" : "ALVARO FABIANO DE OLIVEIRA", "e" : "n", "st" : "", "dvt" : "Válido", "vap" : "0", "pvap" : "00.00" }, 
{ "seq" : "3", "sqcand" : "160000828098", "n" : "45", "nm" : "JORGE DERBLI", "cc" : "PSDB - DEM \/ PTB \/ PV \/ PSDB \/ PATRIOTA", "nv" : "IEDA SCHIMALESKY WAYDZIK", "e" : "n", "st" : "", "dvt" : "Válido", "vap" : "0", "pvap" : "00.00" }, 
{ "seq" : "8", "sqcand" : "160001187599", "n" : "13", "nm" : "ZABO", "cc" : "PT", "nv" : " PROFESSOR ADEVINO ", "e" : "n", "st" : "", "dvt" : "Válido", "vap" : "0", "pvap" : "00.00" }, 
{ "seq" : "4", "sqcand" : "160000744930", "n" : "15", "nm" : "JOSUÉ HILGEMBERG", "cc" : "MDB - PTC \/ REPUBLICANOS \/ MDB", "nv" : "CAETANO DO LEITE", "e" : "n", "st" : "", "dvt" : "Válido", "vap" : "0", "pvap" : "00.00" } ] }