{ "ele" : "426", "tpabr" : "mu", "cdabr" : "74713", "carper" : "11", "t" : "1", "f" : "o", "dt" : "07\/11\/2020", "ht" : "02:10:07", "dv" : "s", "tf" : "n", "v" : "1", "esae" : "n", "mnae" : "", "s" : "187", "st" : "0", "pst" : "   0,00", "snt" : "187", "psnt" : " 100,00", "si" : "0", "psi" : "   0,00", "sni" : "0", "psni" : "   0,00", "sa" : "0", "psa" : "   0,00", "sna" : "0", "psna" : "   0,00", "e" : "70817", "ea" : "0", "pea" : "   0,00", "ena" : "0", "pena" : "   0,00", "esi" : "0", "pesi" : "   0,00", "esni" : "0", "pesni" : "   0,00", "c" : "0", "pc" : "   0,00", "a" : "0", "pa" : "   0,00", "vscv" : "0", "vnom" : "0", "pvnom" : "00,00", "vvc" : "0", "pvvc" : "00,00", "vb" : "0", "pvb" : "00,00", "tvn" : "0", "ptvn" : "00,00", "vn" : "0", "pvn" : "00,00", "vnt" : "0", "pvnt" : "00,00", "vp" : "0", "pvp" : "00,00", "vv" : "0", "pvv" : "00,00", "van" : "0", "pvan" : "00,00", "vansj" : "0", "pvansj" : "00,00", "tv" : "0", "cand" : [ 
{ "seq" : "1", "sqcand" : "160000988615", "n" : "19", "nm" : "BENÊ FILHO", "cc" : "PODE - PODE \/ PSC \/ PTC \/ PV \/ PSD", "nv" : "MALANCA", "e" : "n", "st" : "", "dvt" : "Válido", "vap" : "0", "pvap" : "00.00" }, 
{ "seq" : "2", "sqcand" : "160000690281", "n" : "25", "nm" : "CONRADO SCHELLER", "cc" : "DEM - PSB \/ DEM \/ PP \/ PSL \/ PTB \/ PDT", "nv" : "ZEZINHO DA RAÇÃO", "e" : "n", "st" : "", "dvt" : "Válido", "vap" : "0", "pvap" : "00.00" }, 
{ "seq" : "5", "sqcand" : "160001136109", "n" : "22", "nm" : "PAULO SOARES", "cc" : "PL - PL \/ PRTB \/ REPUBLICANOS", "nv" : "MARIO LUCAS", "e" : "n", "st" : "", "dvt" : "Válido", "vap" : "0", "pvap" : "00.00" }, 
{ "seq" : "3", "sqcand" : "160000640178", "n" : "45", "nm" : "DALTO", "cc" : "PSDB", "nv" : "FATIMA SERPELONI HAULY", "e" : "n", "st" : "", "dvt" : "Válido", "vap" : "0", "pvap" : "00.00" }, 
{ "seq" : "4", "sqcand" : "160000650520", "n" : "15", "nm" : "JORGE TEODORO", "cc" : "MDB", "nv" : "DIONI DO TRANSITO", "e" : "n", "st" : "", "dvt" : "Válido", "vap" : "0", "pvap" : "00.00" }, 
{ "seq" : "6", "sqcand" : "160000781317", "n" : "23", "nm" : "PROFESSOR ROMULO", "cc" : "CIDADANIA", "nv" : "PAULINHO PAPALANCHES", "e" : "n", "st" : "", "dvt" : "Válido", "vap" : "0", "pvap" : "00.00" } ] }