{ "ele" : "426", "tpabr" : "mu", "cdabr" : "78158", "carper" : "11", "t" : "1", "f" : "o", "dt" : "07\/11\/2020", "ht" : "14:14:53", "dv" : "s", "tf" : "n", "v" : "1", "esae" : "n", "mnae" : "", "s" : "23", "st" : "0", "pst" : "   0,00", "snt" : "23", "psnt" : " 100,00", "si" : "0", "psi" : "   0,00", "sni" : "0", "psni" : "   0,00", "sa" : "0", "psa" : "   0,00", "sna" : "0", "psna" : "   0,00", "e" : "10306", "ea" : "0", "pea" : "   0,00", "ena" : "0", "pena" : "   0,00", "esi" : "0", "pesi" : "   0,00", "esni" : "0", "pesni" : "   0,00", "c" : "0", "pc" : "   0,00", "a" : "0", "pa" : "   0,00", "vscv" : "0", "vnom" : "0", "pvnom" : "00,00", "vvc" : "0", "pvvc" : "00,00", "vb" : "0", "pvb" : "00,00", "tvn" : "0", "ptvn" : "00,00", "vn" : "0", "pvn" : "00,00", "vnt" : "0", "pvnt" : "00,00", "vp" : "0", "pvp" : "00,00", "vv" : "0", "pvv" : "00,00", "van" : "0", "pvan" : "00,00", "vansj" : "0", "pvansj" : "00,00", "tv" : "0", "cand" : [ 
{ "seq" : "3", "sqcand" : "160000868106", "n" : "33", "nm" : "EDEVAL JUNIOR", "cc" : "PMN - PMN \/ PROS \/ PP \/ MDB", "nv" : "BEBÉ", "e" : "n", "st" : "", "dvt" : "Válido", "vap" : "0", "pvap" : "00.00" }, 
{ "seq" : "2", "sqcand" : "160000738229", "n" : "25", "nm" : "DARTAGNAN", "cc" : "DEM - DEM \/ PL \/ CIDADANIA \/ PTB", "nv" : "RODRIGO POWER POINT", "e" : "n", "st" : "", "dvt" : "Válido", "vap" : "0", "pvap" : "00.00" }, 
{ "seq" : "5", "sqcand" : "160001225618", "n" : "55", "nm" : "WAGNER MARTINS", "cc" : "PSD - PSD \/ PSC \/ PODE", "nv" : "TADEU ALCANTARA", "e" : "n", "st" : "", "dvt" : "Válido", "vap" : "0", "pvap" : "00.00" }, 
{ "seq" : "4", "sqcand" : "160001113870", "n" : "10", "nm" : "EMERSON DA RÁDIO", "cc" : "REPUBLICANOS - REPUBLICANOS \/ PSB", "nv" : "CIDINHA FRAIZ", "e" : "n", "st" : "", "dvt" : "Anulado sub judice", "vap" : "0", "pvap" : "00.00" }, 
{ "seq" : "1", "sqcand" : "160001086202", "n" : "70", "nm" : "COELHO", "cc" : "AVANTE", "nv" : "KASKATA", "e" : "n", "st" : "", "dvt" : "Válido", "vap" : "0", "pvap" : "00.00" } ] }