{ "ele" : "426", "tpabr" : "mu", "cdabr" : "75299", "carper" : "11", "t" : "1", "f" : "o", "dt" : "07\/11\/2020", "ht" : "02:10:05", "dv" : "s", "tf" : "n", "v" : "1", "esae" : "n", "mnae" : "", "s" : "40", "st" : "0", "pst" : "   0,00", "snt" : "40", "psnt" : " 100,00", "si" : "0", "psi" : "   0,00", "sni" : "0", "psni" : "   0,00", "sa" : "0", "psa" : "   0,00", "sna" : "0", "psna" : "   0,00", "e" : "17149", "ea" : "0", "pea" : "   0,00", "ena" : "0", "pena" : "   0,00", "esi" : "0", "pesi" : "   0,00", "esni" : "0", "pesni" : "   0,00", "c" : "0", "pc" : "   0,00", "a" : "0", "pa" : "   0,00", "vscv" : "0", "vnom" : "0", "pvnom" : "00,00", "vvc" : "0", "pvvc" : "00,00", "vb" : "0", "pvb" : "00,00", "tvn" : "0", "ptvn" : "00,00", "vn" : "0", "pvn" : "00,00", "vnt" : "0", "pvnt" : "00,00", "vp" : "0", "pvp" : "00,00", "vv" : "0", "pvv" : "00,00", "van" : "0", "pvan" : "00,00", "vansj" : "0", "pvansj" : "00,00", "tv" : "0", "cand" : [ 
{ "seq" : "3", "sqcand" : "160001255378", "n" : "43", "nm" : "EVERTON JOSÉ", "cc" : "PV - PV \/ PRTB", "nv" : "NILSON CORAÇÃO", "e" : "n", "st" : "", "dvt" : "Válido", "vap" : "0", "pvap" : "00.00" }, 
{ "seq" : "2", "sqcand" : "160001255436", "n" : "11", "nm" : "BRAITE", "cc" : "PP - PP \/ PTB", "nv" : "BETINHO DA GRAFICA", "e" : "n", "st" : "", "dvt" : "Válido", "vap" : "0", "pvap" : "00.00" }, 
{ "seq" : "6", "sqcand" : "160000881172", "n" : "23", "nm" : "RUBÃO DA MERCEARIA", "cc" : "CIDADANIA", "nv" : "ROBERTO DO BISTRO", "e" : "n", "st" : "", "dvt" : "Válido", "vap" : "0", "pvap" : "00.00" }, 
{ "seq" : "5", "sqcand" : "160001255429", "n" : "13", "nm" : "ROSARIA NASCIMENTO", "cc" : "PT - PT \/ DC \/ PDT \/ PC do B", "nv" : "EDSON DA FARMACIA", "e" : "n", "st" : "", "dvt" : "Válido", "vap" : "0", "pvap" : "00.00" }, 
{ "seq" : "1", "sqcand" : "160001120409", "n" : "15", "nm" : "ARMANDINHO", "cc" : "MDB - MDB \/ PSB", "nv" : "IZABEL DECHICHE", "e" : "n", "st" : "", "dvt" : "Válido", "vap" : "0", "pvap" : "00.00" }, 
{ "seq" : "4", "sqcand" : "160001119413", "n" : "25", "nm" : "HELENA BERTOCO", "cc" : "DEM - DEM \/ PSDB \/ PATRIOTA \/ PSD \/ PSL", "nv" : "OSVALDO FARINAZZO", "e" : "n", "st" : "", "dvt" : "Válido", "vap" : "0", "pvap" : "00.00" } ] }