{ "ele" : "426", "tpabr" : "mu", "cdabr" : "74802", "carper" : "13", "t" : "1", "f" : "o", "dt" : "07\/11\/2020", "ht" : "02:10:13", "dv" : "s", "tf" : "n", "v" : "9", "esae" : "n", "mnae" : "", "s" : "26", "st" : "0", "pst" : "   0,00", "snt" : "26", "psnt" : " 100,00", "si" : "0", "psi" : "   0,00", "sni" : "0", "psni" : "   0,00", "sa" : "0", "psa" : "   0,00", "sna" : "0", "psna" : "   0,00", "e" : "8771", "ea" : "0", "pea" : "   0,00", "ena" : "0", "pena" : "   0,00", "esi" : "0", "pesi" : "   0,00", "esni" : "0", "pesni" : "   0,00", "c" : "0", "pc" : "   0,00", "a" : "0", "pa" : "   0,00", "vscv" : "0", "vnom" : "0", "vl" : "0", "pvnom" : "00,00", "pvl" : "00,00", "vvc" : "0", "pvvc" : "00,00", "vb" : "0", "pvb" : "00,00", "tvn" : "0", "ptvn" : "00,00", "vn" : "0", "pvn" : "00,00", "vnt" : "0", "pvnt" : "00,00", "vp" : "0", "pvp" : "00,00", "vv" : "0", "pvv" : "00,00", "van" : "0", "pvan" : "00,00", "vansj" : "0", "pvansj" : "00,00", "tv" : "0", "cand" : [ 
{ "seq" : "12", "sqcand" : "160001193688", "n" : "51555", "nm" : "CHEDE", "cc" : "PATRIOTA", "nv" : " ", "e" : "n", "st" : "", "dvt" : "Válido", "vap" : "0", "pvap" : "00.00" }, 
{ "seq" : "9", "sqcand" : "160000794297", "n" : "23225", "nm" : "CAMILA", "cc" : "CIDADANIA", "nv" : " ", "e" : "n", "st" : "", "dvt" : "Válido", "vap" : "0", "pvap" : "00.00" }, 
{ "seq" : "58", "sqcand" : "160000979666", "n" : "13500", "nm" : "ROSE TORRES DO BANCO DA TERRA", "cc" : "PT", "nv" : " ", "e" : "n", "st" : "", "dvt" : "Válido", "vap" : "0", "pvap" : "00.00" }, 
{ "seq" : "19", "sqcand" : "160000979660", "n" : "13013", "nm" : "DANI", "cc" : "PT", "nv" : " ", "e" : "n", "st" : "", "dvt" : "Válido", "vap" : "0", "pvap" : "00.00" }, 
{ "seq" : "21", "sqcand" : "160000979658", "n" : "13123", "nm" : "EDINA", "cc" : "PT", "nv" : " ", "e" : "n", "st" : "", "dvt" : "Válido", "vap" : "0", "pvap" : "00.00" }, 
{ "seq" : "44", "sqcand" : "160000718988", "n" : "40111", "nm" : "NEGUINHA", "cc" : "PSB", "nv" : " ", "e" : "n", "st" : "", "dvt" : "Válido", "vap" : "0", "pvap" : "00.00" }, 
{ "seq" : "26", "sqcand" : "160000794296", "n" : "23444", "nm" : "GILSON", "cc" : "CIDADANIA", "nv" : " ", "e" : "n", "st" : "", "dvt" : "Válido", "vap" : "0", "pvap" : "00.00" }, 
{ "seq" : "30", "sqcand" : "160000718952", "n" : "22444", "nm" : "JAURI FERNANDES", "cc" : "PL", "nv" : " ", "e" : "n", "st" : "", "dvt" : "Válido", "vap" : "0", "pvap" : "00.00" }, 
{ "seq" : "1", "sqcand" : "160001193687", "n" : "51234", "nm" : "ACIR ASSIS", "cc" : "PATRIOTA", "nv" : " ", "e" : "n", "st" : "", "dvt" : "Válido", "vap" : "0", "pvap" : "00.00" }, 
{ "seq" : "63", "sqcand" : "160000794301", "n" : "23666", "nm" : "TINO", "cc" : "CIDADANIA", "nv" : " ", "e" : "n", "st" : "", "dvt" : "Válido", "vap" : "0", "pvap" : "00.00" }, 
{ "seq" : "38", "sqcand" : "160000718943", "n" : "22123", "nm" : "LUIZ PITANGA", "cc" : "PL", "nv" : " ", "e" : "n", "st" : "", "dvt" : "Válido", "vap" : "0", "pvap" : "00.00" }, 
{ "seq" : "49", "sqcand" : "160001193663", "n" : "20777", "nm" : "PINTADO ", "cc" : "PSC", "nv" : " ", "e" : "n", "st" : "", "dvt" : "Válido", "vap" : "0", "pvap" : "00.00" }, 
{ "seq" : "25", "sqcand" : "160000718947", "n" : "22888", "nm" : "EVERLY", "cc" : "PL", "nv" : " ", "e" : "n", "st" : "", "dvt" : "Válido", "vap" : "0", "pvap" : "00.00" }, 
{ "seq" : "22", "sqcand" : "160000718948", "n" : "22111", "nm" : "ELIO MACHADO", "cc" : "PL", "nv" : " ", "e" : "n", "st" : "", "dvt" : "Válido", "vap" : "0", "pvap" : "00.00" }, 
{ "seq" : "59", "sqcand" : "160000718949", "n" : "22666", "nm" : "SIMONE MATTOS", "cc" : "PL", "nv" : " ", "e" : "n", "st" : "", "dvt" : "Válido", "vap" : "0", "pvap" : "00.00" }, 
{ "seq" : "35", "sqcand" : "160000718991", "n" : "40222", "nm" : "JUCELIO RADIO CIPÓ", "cc" : "PSB", "nv" : " ", "e" : "n", "st" : "", "dvt" : "Válido", "vap" : "0", "pvap" : "00.00" }, 
{ "seq" : "61", "sqcand" : "160000794299", "n" : "23123", "nm" : "TERE", "cc" : "CIDADANIA", "nv" : " ", "e" : "n", "st" : "", "dvt" : "Válido", "vap" : "0", "pvap" : "00.00" }, 
{ "seq" : "33", "sqcand" : "160001193662", "n" : "20222", "nm" : "JONAS SCHREINER", "cc" : "PSC", "nv" : " ", "e" : "n", "st" : "", "dvt" : "Válido", "vap" : "0", "pvap" : "00.00" }, 
{ "seq" : "4", "sqcand" : "160001193689", "n" : "51111", "nm" : "AMADEUS CORDEIRO", "cc" : "PATRIOTA", "nv" : " ", "e" : "n", "st" : "", "dvt" : "Válido", "vap" : "0", "pvap" : "00.00" }, 
{ "seq" : "52", "sqcand" : "160000979659", "n" : "13456", "nm" : "PROFESSOR WILLIAN", "cc" : "PT", "nv" : " ", "e" : "n", "st" : "", "dvt" : "Válido", "vap" : "0", "pvap" : "00.00" }, 
{ "seq" : "55", "sqcand" : "160000718986", "n" : "40000", "nm" : "QÜEM QÜEM", "cc" : "PSB", "nv" : " ", "e" : "n", "st" : "", "dvt" : "Válido", "vap" : "0", "pvap" : "00.00" }, 
{ "seq" : "15", "sqcand" : "160000979668", "n" : "13120", "nm" : "CLEIDE BORGES", "cc" : "PT", "nv" : " ", "e" : "n", "st" : "", "dvt" : "Válido", "vap" : "0", "pvap" : "00.00" }, 
{ "seq" : "48", "sqcand" : "160000979656", "n" : "13222", "nm" : "OZIRES", "cc" : "PT", "nv" : " ", "e" : "n", "st" : "", "dvt" : "Válido", "vap" : "0", "pvap" : "00.00" }, 
{ "seq" : "28", "sqcand" : "160000718951", "n" : "22333", "nm" : "GUITA", "cc" : "PL", "nv" : " ", "e" : "n", "st" : "", "dvt" : "Válido", "vap" : "0", "pvap" : "00.00" }, 
{ "seq" : "5", "sqcand" : "160000979665", "n" : "13000", "nm" : "AMOROSO", "cc" : "PT", "nv" : " ", "e" : "n", "st" : "", "dvt" : "Válido", "vap" : "0", "pvap" : "00.00" }, 
{ "seq" : "64", "sqcand" : "160000843883", "n" : "10222", "nm" : "VANDINHO", "cc" : "REPUBLICANOS", "nv" : " ", "e" : "n", "st" : "", "dvt" : "Válido", "vap" : "0", "pvap" : "00.00" }, 
{ "seq" : "32", "sqcand" : "160000718992", "n" : "40123", "nm" : "JONAS DO SÃO MANOEL", "cc" : "PSB", "nv" : " ", "e" : "n", "st" : "", "dvt" : "Válido", "vap" : "0", "pvap" : "00.00" }, 
{ "seq" : "46", "sqcand" : "160001186550", "n" : "19222", "nm" : "OSMAR DA SILVA", "cc" : "PODE", "nv" : " ", "e" : "n", "st" : "", "dvt" : "Válido", "vap" : "0", "pvap" : "00.00" }, 
{ "seq" : "65", "sqcand" : "160001186547", "n" : "19123", "nm" : "WANDO GOLANOSKI", "cc" : "PODE", "nv" : " ", "e" : "n", "st" : "", "dvt" : "Válido", "vap" : "0", "pvap" : "00.00" }, 
{ "seq" : "23", "sqcand" : "160001186548", "n" : "19999", "nm" : "ENFERMEIRA MARIELY", "cc" : "PODE", "nv" : " ", "e" : "n", "st" : "", "dvt" : "Válido", "vap" : "0", "pvap" : "00.00" }, 
{ "seq" : "20", "sqcand" : "160000794298", "n" : "23877", "nm" : "DONA ELZA", "cc" : "CIDADANIA", "nv" : " ", "e" : "n", "st" : "", "dvt" : "Válido", "vap" : "0", "pvap" : "00.00" }, 
{ "seq" : "41", "sqcand" : "160001193665", "n" : "20444", "nm" : "MARISA FOLETTO ROSA ", "cc" : "PSC", "nv" : " ", "e" : "n", "st" : "", "dvt" : "Válido", "vap" : "0", "pvap" : "00.00" }, 
{ "seq" : "18", "sqcand" : "160000718993", "n" : "40555", "nm" : "CLEUSA OLIVEIRA", "cc" : "PSB", "nv" : " ", "e" : "n", "st" : "", "dvt" : "Válido", "vap" : "0", "pvap" : "00.00" }, 
{ "seq" : "42", "sqcand" : "160000718946", "n" : "22555", "nm" : "MARLI", "cc" : "PL", "nv" : " ", "e" : "n", "st" : "", "dvt" : "Válido", "vap" : "0", "pvap" : "00.00" }, 
{ "seq" : "50", "sqcand" : "160000794302", "n" : "23222", "nm" : "POLACO", "cc" : "CIDADANIA", "nv" : " ", "e" : "n", "st" : "", "dvt" : "Válido", "vap" : "0", "pvap" : "00.00" }, 
{ "seq" : "17", "sqcand" : "160000979657", "n" : "13113", "nm" : "CLEMENTE", "cc" : "PT", "nv" : " ", "e" : "n", "st" : "", "dvt" : "Válido", "vap" : "0", "pvap" : "00.00" }, 
{ "seq" : "11", "sqcand" : "160000843881", "n" : "10888", "nm" : "CHARLES MARTINS", "cc" : "REPUBLICANOS", "nv" : " ", "e" : "n", "st" : "", "dvt" : "Válido", "vap" : "0", "pvap" : "00.00" }, 
{ "seq" : "34", "sqcand" : "160000979662", "n" : "13333", "nm" : "JORLEI GEFFER", "cc" : "PT", "nv" : " ", "e" : "n", "st" : "", "dvt" : "Válido", "vap" : "0", "pvap" : "00.00" }, 
{ "seq" : "24", "sqcand" : "160000718945", "n" : "22000", "nm" : "ENO WALTERSDOLF", "cc" : "PL", "nv" : " ", "e" : "n", "st" : "", "dvt" : "Válido", "vap" : "0", "pvap" : "00.00" }, 
{ "seq" : "27", "sqcand" : "160000979655", "n" : "13111", "nm" : "GONÇALINO", "cc" : "PT", "nv" : " ", "e" : "n", "st" : "", "dvt" : "Válido", "vap" : "0", "pvap" : "00.00" }, 
{ "seq" : "45", "sqcand" : "160000718990", "n" : "40444", "nm" : "NEUCIMARA", "cc" : "PSB", "nv" : " ", "e" : "n", "st" : "", "dvt" : "Válido", "vap" : "0", "pvap" : "00.00" }, 
{ "seq" : "14", "sqcand" : "160000843887", "n" : "10555", "nm" : "CLARICE CX", "cc" : "REPUBLICANOS", "nv" : " ", "e" : "n", "st" : "", "dvt" : "Válido", "vap" : "0", "pvap" : "00.00" }, 
{ "seq" : "43", "sqcand" : "160000979661", "n" : "13555", "nm" : "MAURI LUZ", "cc" : "PT", "nv" : " ", "e" : "n", "st" : "", "dvt" : "Válido", "vap" : "0", "pvap" : "00.00" }, 
{ "seq" : "16", "sqcand" : "160001193690", "n" : "51121", "nm" : "CLEIDE DE FATIMA LIMA", "cc" : "PATRIOTA", "nv" : " ", "e" : "n", "st" : "", "dvt" : "Válido", "vap" : "0", "pvap" : "00.00" }, 
{ "seq" : "29", "sqcand" : "160000843884", "n" : "10111", "nm" : "JANGO CANTOR", "cc" : "REPUBLICANOS", "nv" : " ", "e" : "n", "st" : "", "dvt" : "Válido", "vap" : "0", "pvap" : "00.00" }, 
{ "seq" : "54", "sqcand" : "160001186546", "n" : "19133", "nm" : "PSICOLOGA FERNANDA", "cc" : "PODE", "nv" : " ", "e" : "n", "st" : "", "dvt" : "Válido", "vap" : "0", "pvap" : "00.00" }, 
{ "seq" : "39", "sqcand" : "160000843886", "n" : "10789", "nm" : "LUSA DAMIÃO", "cc" : "REPUBLICANOS", "nv" : " ", "e" : "n", "st" : "", "dvt" : "Válido", "vap" : "0", "pvap" : "00.00" }, 
{ "seq" : "40", "sqcand" : "160001186551", "n" : "19500", "nm" : "MARCELO PEREIRA", "cc" : "PODE", "nv" : " ", "e" : "n", "st" : "", "dvt" : "Válido", "vap" : "0", "pvap" : "00.00" }, 
{ "seq" : "10", "sqcand" : "160001193692", "n" : "51125", "nm" : "CARMELITA PILATTI DE OLIVEIRA", "cc" : "PATRIOTA", "nv" : " ", "e" : "n", "st" : "", "dvt" : "Válido", "vap" : "0", "pvap" : "00.00" }, 
{ "seq" : "13", "sqcand" : "160001193685", "n" : "51222", "nm" : "CIDO ", "cc" : "PATRIOTA", "nv" : " ", "e" : "n", "st" : "", "dvt" : "Válido", "vap" : "0", "pvap" : "00.00" }, 
{ "seq" : "66", "sqcand" : "160000718987", "n" : "40777", "nm" : "ZÉ MOREIRA", "cc" : "PSB", "nv" : " ", "e" : "n", "st" : "", "dvt" : "Válido", "vap" : "0", "pvap" : "00.00" }, 
{ "seq" : "53", "sqcand" : "160000843885", "n" : "10123", "nm" : "PROFESSORA EGLECI", "cc" : "REPUBLICANOS", "nv" : " ", "e" : "n", "st" : "", "dvt" : "Válido", "vap" : "0", "pvap" : "00.00" }, 
{ "seq" : "2", "sqcand" : "160000718989", "n" : "40333", "nm" : "AGUINALDO", "cc" : "PSB", "nv" : " ", "e" : "n", "st" : "", "dvt" : "Válido", "vap" : "0", "pvap" : "00.00" }, 
{ "seq" : "47", "sqcand" : "160001193686", "n" : "51000", "nm" : "OZEIAS VIDAL NEVES ", "cc" : "PATRIOTA", "nv" : " ", "e" : "n", "st" : "", "dvt" : "Válido", "vap" : "0", "pvap" : "00.00" }, 
{ "seq" : "8", "sqcand" : "160000979664", "n" : "13007", "nm" : "BORBA", "cc" : "PT", "nv" : " ", "e" : "n", "st" : "", "dvt" : "Válido", "vap" : "0", "pvap" : "00.00" }, 
{ "seq" : "51", "sqcand" : "160000979667", "n" : "13001", "nm" : "PROFESSOR ALEX", "cc" : "PT", "nv" : " ", "e" : "n", "st" : "", "dvt" : "Válido", "vap" : "0", "pvap" : "00.00" }, 
{ "seq" : "6", "sqcand" : "160001193691", "n" : "51333", "nm" : "ANTONIO STACIAK ", "cc" : "PATRIOTA", "nv" : " ", "e" : "n", "st" : "", "dvt" : "Válido", "vap" : "0", "pvap" : "00.00" }, 
{ "seq" : "7", "sqcand" : "160000794303", "n" : "23333", "nm" : "BETO DO BLOG", "cc" : "CIDADANIA", "nv" : " ", "e" : "n", "st" : "", "dvt" : "Válido", "vap" : "0", "pvap" : "00.00" }, 
{ "seq" : "31", "sqcand" : "160000794300", "n" : "23888", "nm" : "JOÃO PAULO", "cc" : "CIDADANIA", "nv" : " ", "e" : "n", "st" : "", "dvt" : "Válido", "vap" : "0", "pvap" : "00.00" }, 
{ "seq" : "62", "sqcand" : "160000843888", "n" : "10000", "nm" : "TIAGO DA FUNERÁRIA", "cc" : "REPUBLICANOS", "nv" : " ", "e" : "n", "st" : "", "dvt" : "Válido", "vap" : "0", "pvap" : "00.00" }, 
{ "seq" : "37", "sqcand" : "160001193664", "n" : "20000", "nm" : "LAURA DAMIÃO", "cc" : "PSC", "nv" : " ", "e" : "n", "st" : "", "dvt" : "Válido", "vap" : "0", "pvap" : "00.00" }, 
{ "seq" : "36", "sqcand" : "160001193684", "n" : "51123", "nm" : "KATALINA FERREIRA DA SILVA  ", "cc" : "PATRIOTA", "nv" : " ", "e" : "n", "st" : "", "dvt" : "Válido", "vap" : "0", "pvap" : "00.00" }, 
{ "seq" : "57", "sqcand" : "160001186549", "n" : "19000", "nm" : "ROMILDO CORDEIRO", "cc" : "PODE", "nv" : " ", "e" : "n", "st" : "", "dvt" : "Válido", "vap" : "0", "pvap" : "00.00" }, 
{ "seq" : "3", "sqcand" : "160000718944", "n" : "22222", "nm" : "ALEX DAMIÃO", "cc" : "PL", "nv" : " ", "e" : "n", "st" : "", "dvt" : "Válido", "vap" : "0", "pvap" : "00.00" }, 
{ "seq" : "60", "sqcand" : "160000718950", "n" : "22345", "nm" : "TÉCNICO VALDEMAR", "cc" : "PL", "nv" : " ", "e" : "n", "st" : "", "dvt" : "Válido", "vap" : "0", "pvap" : "00.00" }, 
{ "seq" : "67", "sqcand" : "160000979663", "n" : "13130", "nm" : "ZETE", "cc" : "PT", "nv" : " ", "e" : "n", "st" : "", "dvt" : "Válido", "vap" : "0", "pvap" : "00.00" }, 
{ "seq" : "56", "sqcand" : "160000843882", "n" : "10999", "nm" : "RICARDO NEVES", "cc" : "REPUBLICANOS", "nv" : " ", "e" : "n", "st" : "", "dvt" : "Válido", "vap" : "0", "pvap" : "00.00" } ] }