{ "ele" : "426", "tpabr" : "mu", "cdabr" : "75523", "carper" : "11", "t" : "1", "f" : "o", "dt" : "07\/11\/2020", "ht" : "02:10:06", "dv" : "s", "tf" : "n", "v" : "1", "esae" : "n", "mnae" : "", "s" : "55", "st" : "0", "pst" : "   0,00", "snt" : "55", "psnt" : " 100,00", "si" : "0", "psi" : "   0,00", "sni" : "0", "psni" : "   0,00", "sa" : "0", "psa" : "   0,00", "sna" : "0", "psna" : "   0,00", "e" : "18981", "ea" : "0", "pea" : "   0,00", "ena" : "0", "pena" : "   0,00", "esi" : "0", "pesi" : "   0,00", "esni" : "0", "pesni" : "   0,00", "c" : "0", "pc" : "   0,00", "a" : "0", "pa" : "   0,00", "vscv" : "0", "vnom" : "0", "pvnom" : "00,00", "vvc" : "0", "pvvc" : "00,00", "vb" : "0", "pvb" : "00,00", "tvn" : "0", "ptvn" : "00,00", "vn" : "0", "pvn" : "00,00", "vnt" : "0", "pvnt" : "00,00", "vp" : "0", "pvp" : "00,00", "vv" : "0", "pvv" : "00,00", "van" : "0", "pvan" : "00,00", "vansj" : "0", "pvansj" : "00,00", "tv" : "0", "cand" : [ 
{ "seq" : "5", "sqcand" : "160001071176", "n" : "17", "nm" : "MAURI ZAMPIERI", "cc" : "PSL", "nv" : "JAIME ALVES", "e" : "n", "st" : "", "dvt" : "Válido", "vap" : "0", "pvap" : "00.00" }, 
{ "seq" : "4", "sqcand" : "160000937637", "n" : "36", "nm" : "JOSIAS MILANI", "cc" : "PTC", "nv" : "SANDRA CRISTINA", "e" : "n", "st" : "", "dvt" : "Válido", "vap" : "0", "pvap" : "00.00" }, 
{ "seq" : "3", "sqcand" : "160000766457", "n" : "55", "nm" : "EDGAR ROSSI", "cc" : "PSD - PATRIOTA \/ PSD \/ DEM", "nv" : "NEI SILVA", "e" : "n", "st" : "", "dvt" : "Válido", "vap" : "0", "pvap" : "00.00" }, 
{ "seq" : "2", "sqcand" : "160000881897", "n" : "33", "nm" : "DELEGADO LUCIO LUGLI", "cc" : "PMN", "nv" : "PAULO SANTANA", "e" : "n", "st" : "", "dvt" : "Válido", "vap" : "0", "pvap" : "00.00" }, 
{ "seq" : "7", "sqcand" : "160001141215", "n" : "15", "nm" : "RUDÃO GIMENES", "cc" : "MDB - PDT \/ CIDADANIA \/ AVANTE \/ MDB", "nv" : "PROFESSORA PATRICIA", "e" : "n", "st" : "", "dvt" : "Válido", "vap" : "0", "pvap" : "00.00" }, 
{ "seq" : "1", "sqcand" : "160000654890", "n" : "45", "nm" : "ALFREDO PARODI", "cc" : "PSDB", "nv" : "JUAREZ PEREIRA ", "e" : "n", "st" : "", "dvt" : "Anulado sub judice", "vap" : "0", "pvap" : "00.00" }, 
{ "seq" : "6", "sqcand" : "160000726798", "n" : "13", "nm" : "PROFESSORA TATI", "cc" : "PT - PT \/ PC do B", "nv" : "ALA FLORES", "e" : "n", "st" : "", "dvt" : "Válido", "vap" : "0", "pvap" : "00.00" } ] }