{ "ele" : "426", "tpabr" : "mu", "cdabr" : "78891", "carper" : "11", "t" : "1", "f" : "o", "dt" : "07\/11\/2020", "ht" : "02:10:06", "dv" : "s", "tf" : "n", "v" : "1", "esae" : "n", "mnae" : "", "s" : "59", "st" : "0", "pst" : "   0,00", "snt" : "59", "psnt" : " 100,00", "si" : "0", "psi" : "   0,00", "sni" : "0", "psni" : "   0,00", "sa" : "0", "psa" : "   0,00", "sna" : "0", "psna" : "   0,00", "e" : "22345", "ea" : "0", "pea" : "   0,00", "ena" : "0", "pena" : "   0,00", "esi" : "0", "pesi" : "   0,00", "esni" : "0", "pesni" : "   0,00", "c" : "0", "pc" : "   0,00", "a" : "0", "pa" : "   0,00", "vscv" : "0", "vnom" : "0", "pvnom" : "00,00", "vvc" : "0", "pvvc" : "00,00", "vb" : "0", "pvb" : "00,00", "tvn" : "0", "ptvn" : "00,00", "vn" : "0", "pvn" : "00,00", "vnt" : "0", "pvnt" : "00,00", "vp" : "0", "pvp" : "00,00", "vv" : "0", "pvv" : "00,00", "van" : "0", "pvan" : "00,00", "vansj" : "0", "pvansj" : "00,00", "tv" : "0", "cand" : [ 
{ "seq" : "1", "sqcand" : "160001273360", "n" : "25", "nm" : "ALBINO BISSOLOTTI", "cc" : "DEM", "nv" : "NEIVO DE MATTOS", "e" : "n", "st" : "", "dvt" : "Válido", "vap" : "0", "pvap" : "00.00" }, 
{ "seq" : "7", "sqcand" : "160001082670", "n" : "10", "nm" : "REJANE CHRIST", "cc" : "REPUBLICANOS - CIDADANIA \/ REPUBLICANOS \/ SOLIDARIEDADE \/ PTB", "nv" : "ENIO WELTER", "e" : "n", "st" : "", "dvt" : "Válido", "vap" : "0", "pvap" : "00.00" }, 
{ "seq" : "8", "sqcand" : "160000638062", "n" : "19", "nm" : "ROGERIO ARNOLD", "cc" : "PODE", "nv" : "EDILIO DE CANDIO", "e" : "n", "st" : "", "dvt" : "Válido", "vap" : "0", "pvap" : "00.00" }, 
{ "seq" : "5", "sqcand" : "160001029188", "n" : "15", "nm" : "MOTTA", "cc" : "MDB - PROS \/ MDB", "nv" : "CLAUDIO RODRIGUES", "e" : "n", "st" : "", "dvt" : "Válido", "vap" : "0", "pvap" : "00.00" }, 
{ "seq" : "4", "sqcand" : "160000743833", "n" : "45", "nm" : "LESTER", "cc" : "PSDB - PP \/ PSL \/ PSC \/ PMN \/ PSB \/ PL \/ PV \/ PSD \/ PSDB", "nv" : "DR ELIAS", "e" : "n", "st" : "", "dvt" : "Válido", "vap" : "0", "pvap" : "00.00" }, 
{ "seq" : "2", "sqcand" : "160000673247", "n" : "51", "nm" : "ELISEU PRESA", "cc" : "PATRIOTA - PDT \/ PATRIOTA", "nv" : "PROFESSORA ROSNETE", "e" : "n", "st" : "", "dvt" : "Válido", "vap" : "0", "pvap" : "00.00" }, 
{ "seq" : "3", "sqcand" : "160000828224", "n" : "28", "nm" : "JOSE ALBERTINO DA SILVA", "cc" : "PRTB", "nv" : "PEDRO GOMES TORRA", "e" : "n", "st" : "", "dvt" : "Válido", "vap" : "0", "pvap" : "00.00" }, 
{ "seq" : "6", "sqcand" : "160000965291", "n" : "13", "nm" : "PROFESSORA CLEONICE", "cc" : "PT - PC do B \/ PT", "nv" : "ALTAIR SIMIONATO", "e" : "n", "st" : "", "dvt" : "Válido", "vap" : "0", "pvap" : "00.00" } ] }