{ "ele" : "426", "tpabr" : "mu", "cdabr" : "79154", "carper" : "11", "t" : "1", "f" : "o", "dt" : "07\/11\/2020", "ht" : "17:02:46", "dv" : "s", "tf" : "n", "v" : "1", "esae" : "n", "mnae" : "", "s" : "134", "st" : "0", "pst" : "   0,00", "snt" : "134", "psnt" : " 100,00", "si" : "0", "psi" : "   0,00", "sni" : "0", "psni" : "   0,00", "sa" : "0", "psa" : "   0,00", "sna" : "0", "psna" : "   0,00", "e" : "48593", "ea" : "0", "pea" : "   0,00", "ena" : "0", "pena" : "   0,00", "esi" : "0", "pesi" : "   0,00", "esni" : "0", "pesni" : "   0,00", "c" : "0", "pc" : "   0,00", "a" : "0", "pa" : "   0,00", "vscv" : "0", "vnom" : "0", "pvnom" : "00,00", "vvc" : "0", "pvvc" : "00,00", "vb" : "0", "pvb" : "00,00", "tvn" : "0", "ptvn" : "00,00", "vn" : "0", "pvn" : "00,00", "vnt" : "0", "pvnt" : "00,00", "vp" : "0", "pvp" : "00,00", "vv" : "0", "pvv" : "00,00", "van" : "0", "pvan" : "00,00", "vansj" : "0", "pvansj" : "00,00", "tv" : "0", "cand" : [ 
{ "seq" : "2", "sqcand" : "160001061156", "n" : "12", "nm" : "DR MARCIO", "cc" : "PDT - MDB \/ CIDADANIA \/ DEM \/ PROS \/ AVANTE \/ REPUBLICANOS \/ PDT \/ PL \/ PC do B", "nv" : "RITA", "e" : "n", "st" : "", "dvt" : "Válido", "vap" : "0", "pvap" : "00.00" }, 
{ "seq" : "4", "sqcand" : "160000949286", "n" : "11", "nm" : "ONEY", "cc" : "PP", "nv" : "HEBER DINIZ", "e" : "n", "st" : "", "dvt" : "Válido", "vap" : "0", "pvap" : "00.00" }, 
{ "seq" : "1", "sqcand" : "160000676332", "n" : "19", "nm" : "BIRA", "cc" : "PODE", "nv" : "LICINIO", "e" : "n", "st" : "", "dvt" : "Válido", "vap" : "0", "pvap" : "00.00" }, 
{ "seq" : "3", "sqcand" : "160001241666", "n" : "27", "nm" : "EDSON FERREIRA ", "cc" : "DC", "nv" : "VALTIMI", "e" : "n", "st" : "", "dvt" : "Válido", "vap" : "0", "pvap" : "00.00" }, 
{ "seq" : "6", "sqcand" : "160000984023", "n" : "55", "nm" : "THIAGO CHAMORRA", "cc" : "PSD - PSD \/ PSL \/ PSB", "nv" : "LUIZ DA GRAFIA", "e" : "n", "st" : "", "dvt" : "Válido", "vap" : "0", "pvap" : "00.00" }, 
{ "seq" : "5", "sqcand" : "160000676329", "n" : "36", "nm" : "TAREK JOMAA", "cc" : "PTC", "nv" : "DR ELIEZER", "e" : "n", "st" : "", "dvt" : "Válido", "vap" : "0", "pvap" : "00.00" } ] }