{ "ele" : "426", "tpabr" : "mu", "cdabr" : "74004", "carper" : "13", "t" : "1", "f" : "o", "dt" : "07\/11\/2020", "ht" : "02:10:06", "dv" : "s", "tf" : "n", "v" : "9", "esae" : "n", "mnae" : "", "s" : "6", "st" : "0", "pst" : "   0,00", "snt" : "6", "psnt" : " 100,00", "si" : "0", "psi" : "   0,00", "sni" : "0", "psni" : "   0,00", "sa" : "0", "psa" : "   0,00", "sna" : "0", "psna" : "   0,00", "e" : "2712", "ea" : "0", "pea" : "   0,00", "ena" : "0", "pena" : "   0,00", "esi" : "0", "pesi" : "   0,00", "esni" : "0", "pesni" : "   0,00", "c" : "0", "pc" : "   0,00", "a" : "0", "pa" : "   0,00", "vscv" : "0", "vnom" : "0", "vl" : "0", "pvnom" : "00,00", "pvl" : "00,00", "vvc" : "0", "pvvc" : "00,00", "vb" : "0", "pvb" : "00,00", "tvn" : "0", "ptvn" : "00,00", "vn" : "0", "pvn" : "00,00", "vnt" : "0", "pvnt" : "00,00", "vp" : "0", "pvp" : "00,00", "vv" : "0", "pvv" : "00,00", "van" : "0", "pvan" : "00,00", "vansj" : "0", "pvansj" : "00,00", "tv" : "0", "cand" : [ 
{ "seq" : "25", "sqcand" : "160000819543", "n" : "14077", "nm" : "LUIZA DA PONTE", "cc" : "PTB", "nv" : " ", "e" : "n", "st" : "", "dvt" : "Válido", "vap" : "0", "pvap" : "00.00" }, 
{ "seq" : "39", "sqcand" : "160001188614", "n" : "17555", "nm" : "SILVANA ASSIS", "cc" : "PSL", "nv" : " ", "e" : "n", "st" : "", "dvt" : "Válido", "vap" : "0", "pvap" : "00.00" }, 
{ "seq" : "9", "sqcand" : "160000646928", "n" : "13456", "nm" : "EDINHO CORREIA", "cc" : "PT", "nv" : " ", "e" : "n", "st" : "", "dvt" : "Válido", "vap" : "0", "pvap" : "00.00" }, 
{ "seq" : "19", "sqcand" : "160000646927", "n" : "13111", "nm" : "JOÃO LOUQUINHO DIONIZIO", "cc" : "PT", "nv" : " ", "e" : "n", "st" : "", "dvt" : "Válido", "vap" : "0", "pvap" : "00.00" }, 
{ "seq" : "20", "sqcand" : "160000819547", "n" : "14234", "nm" : "JORGE PÉ DE MACACO", "cc" : "PTB", "nv" : " ", "e" : "n", "st" : "", "dvt" : "Válido", "vap" : "0", "pvap" : "00.00" }, 
{ "seq" : "34", "sqcand" : "160000819541", "n" : "14456", "nm" : "PARAIBA", "cc" : "PTB", "nv" : " ", "e" : "n", "st" : "", "dvt" : "Válido", "vap" : "0", "pvap" : "00.00" }, 
{ "seq" : "2", "sqcand" : "160000646926", "n" : "13444", "nm" : "CARLOS SERAFIM", "cc" : "PT", "nv" : " ", "e" : "n", "st" : "", "dvt" : "Válido", "vap" : "0", "pvap" : "00.00" }, 
{ "seq" : "28", "sqcand" : "160000819537", "n" : "14555", "nm" : "MAZINHO", "cc" : "PTB", "nv" : " ", "e" : "n", "st" : "", "dvt" : "Válido", "vap" : "0", "pvap" : "00.00" }, 
{ "seq" : "16", "sqcand" : "160000819539", "n" : "14444", "nm" : "IRMÃO ALESSANDRO", "cc" : "PTB", "nv" : " ", "e" : "n", "st" : "", "dvt" : "Válido", "vap" : "0", "pvap" : "00.00" }, 
{ "seq" : "33", "sqcand" : "160000819544", "n" : "14123", "nm" : "OSMAR FERREIRA", "cc" : "PTB", "nv" : " ", "e" : "n", "st" : "", "dvt" : "Válido", "vap" : "0", "pvap" : "00.00" }, 
{ "seq" : "23", "sqcand" : "160001000929", "n" : "55033", "nm" : "LIQUINHA", "cc" : "PSD", "nv" : " ", "e" : "n", "st" : "", "dvt" : "Válido", "vap" : "0", "pvap" : "00.00" }, 
{ "seq" : "8", "sqcand" : "160000646923", "n" : "13555", "nm" : "DULCE DO POSTO", "cc" : "PT", "nv" : " ", "e" : "n", "st" : "", "dvt" : "Válido", "vap" : "0", "pvap" : "00.00" }, 
{ "seq" : "21", "sqcand" : "160000819545", "n" : "14000", "nm" : "JULIETA", "cc" : "PTB", "nv" : " ", "e" : "n", "st" : "", "dvt" : "Válido", "vap" : "0", "pvap" : "00.00" }, 
{ "seq" : "31", "sqcand" : "160000819546", "n" : "14567", "nm" : "NEGÃO DA FERRADURA", "cc" : "PTB", "nv" : " ", "e" : "n", "st" : "", "dvt" : "Válido", "vap" : "0", "pvap" : "00.00" }, 
{ "seq" : "13", "sqcand" : "160001000928", "n" : "55456", "nm" : "FRAN DO SALÃO", "cc" : "PSD", "nv" : " ", "e" : "n", "st" : "", "dvt" : "Válido", "vap" : "0", "pvap" : "00.00" }, 
{ "seq" : "22", "sqcand" : "160001000925", "n" : "55888", "nm" : "JULIO DA INFORMÁTICA", "cc" : "PSD", "nv" : " ", "e" : "n", "st" : "", "dvt" : "Válido", "vap" : "0", "pvap" : "00.00" }, 
{ "seq" : "38", "sqcand" : "160001000922", "n" : "55969", "nm" : "ROZANGELA SEMCHECHEM", "cc" : "PSD", "nv" : " ", "e" : "n", "st" : "", "dvt" : "Válido", "vap" : "0", "pvap" : "00.00" }, 
{ "seq" : "7", "sqcand" : "160001000927", "n" : "55666", "nm" : "DU DA VILA", "cc" : "PSD", "nv" : " ", "e" : "n", "st" : "", "dvt" : "Válido", "vap" : "0", "pvap" : "00.00" }, 
{ "seq" : "27", "sqcand" : "160000646929", "n" : "15014", "nm" : "MARINA", "cc" : "MDB", "nv" : " ", "e" : "n", "st" : "", "dvt" : "Válido", "vap" : "0", "pvap" : "00.00" }, 
{ "seq" : "18", "sqcand" : "160001188612", "n" : "17222", "nm" : "JOÃO CUSTODIO", "cc" : "PSL", "nv" : " ", "e" : "n", "st" : "", "dvt" : "Anulado sub judice", "vap" : "0", "pvap" : "00.00" }, 
{ "seq" : "17", "sqcand" : "160001000932", "n" : "55620", "nm" : "ISAIAS DO JOÃO BAIANO", "cc" : "PSD", "nv" : " ", "e" : "n", "st" : "", "dvt" : "Válido", "vap" : "0", "pvap" : "00.00" }, 
{ "seq" : "40", "sqcand" : "160001000930", "n" : "55555", "nm" : "SIRLEI BRITO", "cc" : "PSD", "nv" : " ", "e" : "n", "st" : "", "dvt" : "Válido", "vap" : "0", "pvap" : "00.00" }, 
{ "seq" : "32", "sqcand" : "160001000933", "n" : "55678", "nm" : "NENO CELINI", "cc" : "PSD", "nv" : " ", "e" : "n", "st" : "", "dvt" : "Válido", "vap" : "0", "pvap" : "00.00" }, 
{ "seq" : "4", "sqcand" : "160001000923", "n" : "55999", "nm" : "CUÍCA", "cc" : "PSD", "nv" : " ", "e" : "n", "st" : "", "dvt" : "Válido", "vap" : "0", "pvap" : "00.00" }, 
{ "seq" : "29", "sqcand" : "160001000921", "n" : "55123", "nm" : "MIGUEL DO BANANEIRA", "cc" : "PSD", "nv" : " ", "e" : "n", "st" : "", "dvt" : "Válido", "vap" : "0", "pvap" : "00.00" }, 
{ "seq" : "3", "sqcand" : "160001188609", "n" : "17000", "nm" : "CIDINHA", "cc" : "PSL", "nv" : " ", "e" : "n", "st" : "", "dvt" : "Válido", "vap" : "0", "pvap" : "00.00" }, 
{ "seq" : "41", "sqcand" : "160001000924", "n" : "55055", "nm" : "ZEZÃO", "cc" : "PSD", "nv" : " ", "e" : "n", "st" : "", "dvt" : "Válido", "vap" : "0", "pvap" : "00.00" }, 
{ "seq" : "37", "sqcand" : "160000646924", "n" : "13123", "nm" : "ROSE", "cc" : "PT", "nv" : " ", "e" : "n", "st" : "", "dvt" : "Válido", "vap" : "0", "pvap" : "00.00" }, 
{ "seq" : "6", "sqcand" : "160000646930", "n" : "15015", "nm" : "DAVI CABELEREIRO", "cc" : "MDB", "nv" : " ", "e" : "n", "st" : "", "dvt" : "Válido", "vap" : "0", "pvap" : "00.00" }, 
{ "seq" : "15", "sqcand" : "160000819535", "n" : "14111", "nm" : "IRACY MÃE DO JOVINO", "cc" : "PTB", "nv" : " ", "e" : "n", "st" : "", "dvt" : "Válido", "vap" : "0", "pvap" : "00.00" }, 
{ "seq" : "10", "sqcand" : "160000646922", "n" : "13000", "nm" : "EDSON CALIXTO POLACO", "cc" : "PT", "nv" : " ", "e" : "n", "st" : "", "dvt" : "Válido", "vap" : "0", "pvap" : "00.00" }, 
{ "seq" : "14", "sqcand" : "160000646921", "n" : "13333", "nm" : "GREICI DO MIRÃO", "cc" : "PT", "nv" : " ", "e" : "n", "st" : "", "dvt" : "Válido", "vap" : "0", "pvap" : "00.00" }, 
{ "seq" : "11", "sqcand" : "160001188613", "n" : "17333", "nm" : "EUGENIO DA MADEREIRA", "cc" : "PSL", "nv" : " ", "e" : "n", "st" : "", "dvt" : "Válido", "vap" : "0", "pvap" : "00.00" }, 
{ "seq" : "36", "sqcand" : "160000646925", "n" : "13013", "nm" : "PROFESSOR SOVELTH", "cc" : "PT", "nv" : " ", "e" : "n", "st" : "", "dvt" : "Válido", "vap" : "0", "pvap" : "00.00" }, 
{ "seq" : "26", "sqcand" : "160001000931", "n" : "55000", "nm" : "MAGRÃO DO DIONISIO", "cc" : "PSD", "nv" : " ", "e" : "n", "st" : "", "dvt" : "Válido", "vap" : "0", "pvap" : "00.00" }, 
{ "seq" : "12", "sqcand" : "160000819538", "n" : "14014", "nm" : "FABINHO DO ZE GORDO", "cc" : "PTB", "nv" : " ", "e" : "n", "st" : "", "dvt" : "Válido", "vap" : "0", "pvap" : "00.00" }, 
{ "seq" : "24", "sqcand" : "160000819540", "n" : "14777", "nm" : "LUIZ TOBIAS", "cc" : "PTB", "nv" : " ", "e" : "n", "st" : "", "dvt" : "Válido", "vap" : "0", "pvap" : "00.00" }, 
{ "seq" : "35", "sqcand" : "160000819542", "n" : "14789", "nm" : "PRETA DO BENJAMIN", "cc" : "PTB", "nv" : " ", "e" : "n", "st" : "", "dvt" : "Válido", "vap" : "0", "pvap" : "00.00" }, 
{ "seq" : "30", "sqcand" : "160001000926", "n" : "55014", "nm" : "NÁ DO GENICÍ", "cc" : "PSD", "nv" : " ", "e" : "n", "st" : "", "dvt" : "Válido", "vap" : "0", "pvap" : "00.00" }, 
{ "seq" : "5", "sqcand" : "160001188610", "n" : "17111", "nm" : "DANIEL DE PAULA", "cc" : "PSL", "nv" : " ", "e" : "n", "st" : "", "dvt" : "Válido", "vap" : "0", "pvap" : "00.00" }, 
{ "seq" : "1", "sqcand" : "160000819536", "n" : "14714", "nm" : "ALTAMIRO DE OLIVEIRA", "cc" : "PTB", "nv" : " ", "e" : "n", "st" : "", "dvt" : "Válido", "vap" : "0", "pvap" : "00.00" } ] }