{ "ele" : "426", "tpabr" : "mu", "cdabr" : "77690", "carper" : "11", "t" : "1", "f" : "o", "dt" : "07\/11\/2020", "ht" : "02:10:06", "dv" : "s", "tf" : "n", "v" : "1", "esae" : "n", "mnae" : "", "s" : "169", "st" : "0", "pst" : "   0,00", "snt" : "169", "psnt" : " 100,00", "si" : "0", "psi" : "   0,00", "sni" : "0", "psni" : "   0,00", "sa" : "0", "psa" : "   0,00", "sna" : "0", "psna" : "   0,00", "e" : "65044", "ea" : "0", "pea" : "   0,00", "ena" : "0", "pena" : "   0,00", "esi" : "0", "pesi" : "   0,00", "esni" : "0", "pesni" : "   0,00", "c" : "0", "pc" : "   0,00", "a" : "0", "pa" : "   0,00", "vscv" : "0", "vnom" : "0", "pvnom" : "00,00", "vvc" : "0", "pvvc" : "00,00", "vb" : "0", "pvb" : "00,00", "tvn" : "0", "ptvn" : "00,00", "vn" : "0", "pvn" : "00,00", "vnt" : "0", "pvnt" : "00,00", "vp" : "0", "pvp" : "00,00", "vv" : "0", "pvv" : "00,00", "van" : "0", "pvan" : "00,00", "vansj" : "0", "pvansj" : "00,00", "tv" : "0", "cand" : [ 
{ "seq" : "2", "sqcand" : "160001114979", "n" : "15", "nm" : "GABÃO", "cc" : "MDB - MDB \/ PT", "nv" : "EDSON RIBEIRO", "e" : "n", "st" : "", "dvt" : "Válido", "vap" : "0", "pvap" : "00.00" }, 
{ "seq" : "7", "sqcand" : "160000783928", "n" : "36", "nm" : "TIELO", "cc" : "PTC", "nv" : "VARELA", "e" : "n", "st" : "", "dvt" : "Válido", "vap" : "0", "pvap" : "00.00" }, 
{ "seq" : "6", "sqcand" : "160000671574", "n" : "55", "nm" : "PROFESSOR JOSIMAR", "cc" : "PSD - PSD \/ REPUBLICANOS \/ PSL \/ PSC \/ PODE \/ PROS \/ PP \/ DEM", "nv" : "RIVAS", "e" : "n", "st" : "", "dvt" : "Válido", "vap" : "0", "pvap" : "00.00" }, 
{ "seq" : "5", "sqcand" : "160001072134", "n" : "50", "nm" : "MENDES DA LOJA", "cc" : "PSOL", "nv" : "JOÃO MIRANDA", "e" : "n", "st" : "", "dvt" : "Válido", "vap" : "0", "pvap" : "00.00" }, 
{ "seq" : "4", "sqcand" : "160001048611", "n" : "77", "nm" : "JOÃO GUILHERME", "cc" : "SOLIDARIEDADE - SOLIDARIEDADE \/ PMN", "nv" : "WILLIAM DA JHONNY&apos;S PIZZA", "e" : "n", "st" : "", "dvt" : "Válido", "vap" : "0", "pvap" : "00.00" }, 
{ "seq" : "3", "sqcand" : "160000751350", "n" : "40", "nm" : "JEAN GALVAO", "cc" : "PSB - PSB \/ PL", "nv" : "PROFESSOR NATAL", "e" : "n", "st" : "", "dvt" : "Válido", "vap" : "0", "pvap" : "00.00" }, 
{ "seq" : "8", "sqcand" : "160000915934", "n" : "12", "nm" : "VALDIR NEGÃO", "cc" : "PDT", "nv" : "LINDALVA", "e" : "n", "st" : "", "dvt" : "Válido", "vap" : "0", "pvap" : "00.00" }, 
{ "seq" : "1", "sqcand" : "160000802933", "n" : "70", "nm" : "CARLA MONTANARIN", "cc" : "AVANTE", "nv" : "PASCOAL BOZZA", "e" : "n", "st" : "", "dvt" : "Válido", "vap" : "0", "pvap" : "00.00" } ] }