{ "ele" : "426", "tpabr" : "mu", "cdabr" : "74950", "carper" : "13", "t" : "1", "f" : "o", "dt" : "07\/11\/2020", "ht" : "17:35:41", "dv" : "s", "tf" : "n", "v" : "13", "esae" : "n", "mnae" : "", "s" : "155", "st" : "0", "pst" : "   0,00", "snt" : "155", "psnt" : " 100,00", "si" : "0", "psi" : "   0,00", "sni" : "0", "psni" : "   0,00", "sa" : "0", "psa" : "   0,00", "sna" : "0", "psna" : "   0,00", "e" : "52265", "ea" : "0", "pea" : "   0,00", "ena" : "0", "pena" : "   0,00", "esi" : "0", "pesi" : "   0,00", "esni" : "0", "pesni" : "   0,00", "c" : "0", "pc" : "   0,00", "a" : "0", "pa" : "   0,00", "vscv" : "0", "vnom" : "0", "vl" : "0", "pvnom" : "00,00", "pvl" : "00,00", "vvc" : "0", "pvvc" : "00,00", "vb" : "0", "pvb" : "00,00", "tvn" : "0", "ptvn" : "00,00", "vn" : "0", "pvn" : "00,00", "vnt" : "0", "pvnt" : "00,00", "vp" : "0", "pvp" : "00,00", "vv" : "0", "pvv" : "00,00", "van" : "0", "pvan" : "00,00", "vansj" : "0", "pvansj" : "00,00", "tv" : "0", "cand" : [ 
{ "seq" : "160", "sqcand" : "160000778617", "n" : "51023", "nm" : "SANDRO BAIANO", "cc" : "PATRIOTA", "nv" : " ", "e" : "n", "st" : "", "dvt" : "Válido", "vap" : "0", "pvap" : "00.00" }, 
{ "seq" : "110", "sqcand" : "160001126660", "n" : "40010", "nm" : "MARIANNE URBANSKI", "cc" : "PSB", "nv" : " ", "e" : "n", "st" : "", "dvt" : "Válido", "vap" : "0", "pvap" : "00.00" }, 
{ "seq" : "178", "sqcand" : "160000778622", "n" : "51123", "nm" : "ZE NOCERA", "cc" : "PATRIOTA", "nv" : " ", "e" : "n", "st" : "", "dvt" : "Válido", "vap" : "0", "pvap" : "00.00" }, 
{ "seq" : "38", "sqcand" : "160001124025", "n" : "25255", "nm" : "CLAYTON CASANTIGA", "cc" : "DEM", "nv" : " ", "e" : "n", "st" : "", "dvt" : "Válido", "vap" : "0", "pvap" : "00.00" }, 
{ "seq" : "127", "sqcand" : "160000778626", "n" : "51500", "nm" : "PASTOR EDVALDO", "cc" : "PATRIOTA", "nv" : " ", "e" : "n", "st" : "", "dvt" : "Válido", "vap" : "0", "pvap" : "00.00" }, 
{ "seq" : "91", "sqcand" : "160000805636", "n" : "19888", "nm" : "JOSEMAR CADEIRANTE", "cc" : "PODE", "nv" : " ", "e" : "n", "st" : "", "dvt" : "Válido", "vap" : "0", "pvap" : "00.00" }, 
{ "seq" : "68", "sqcand" : "160001142137", "n" : "90500", "nm" : "FRANK DO ESPORTE", "cc" : "PROS", "nv" : " ", "e" : "n", "st" : "", "dvt" : "Válido", "vap" : "0", "pvap" : "00.00" }, 
{ "seq" : "52", "sqcand" : "160000932310", "n" : "36365", "nm" : "DULCE MARIA", "cc" : "PTC", "nv" : " ", "e" : "n", "st" : "", "dvt" : "Válido", "vap" : "0", "pvap" : "00.00" }, 
{ "seq" : "4", "sqcand" : "160001140703", "n" : "15165", "nm" : "ADENIR MINISTRA", "cc" : "MDB", "nv" : " ", "e" : "n", "st" : "", "dvt" : "Válido", "vap" : "0", "pvap" : "00.00" }, 
{ "seq" : "94", "sqcand" : "160001126671", "n" : "40900", "nm" : "JUDY BRANDT", "cc" : "PSB", "nv" : " ", "e" : "n", "st" : "", "dvt" : "Válido", "vap" : "0", "pvap" : "00.00" }, 
{ "seq" : "137", "sqcand" : "160001142140", "n" : "90900", "nm" : "PEDRO OHNESORG", "cc" : "PROS", "nv" : " ", "e" : "n", "st" : "", "dvt" : "Válido", "vap" : "0", "pvap" : "00.00" }, 
{ "seq" : "43", "sqcand" : "160001126669", "n" : "40050", "nm" : "DHANN CARLLOS", "cc" : "PSB", "nv" : " ", "e" : "n", "st" : "", "dvt" : "Válido", "vap" : "0", "pvap" : "00.00" }, 
{ "seq" : "158", "sqcand" : "160000932307", "n" : "36230", "nm" : "ROSELI MOREIRA", "cc" : "PTC", "nv" : " ", "e" : "n", "st" : "", "dvt" : "Válido", "vap" : "0", "pvap" : "00.00" }, 
{ "seq" : "9", "sqcand" : "160001140697", "n" : "15713", "nm" : "ALESSANDRO MILEK", "cc" : "MDB", "nv" : " ", "e" : "n", "st" : "", "dvt" : "Válido", "vap" : "0", "pvap" : "00.00" }, 
{ "seq" : "140", "sqcand" : "160000932308", "n" : "36063", "nm" : "PROFESSOR DOMI", "cc" : "PTC", "nv" : " ", "e" : "n", "st" : "", "dvt" : "Válido", "vap" : "0", "pvap" : "00.00" }, 
{ "seq" : "15", "sqcand" : "160000778607", "n" : "51012", "nm" : "ARIADNE", "cc" : "PATRIOTA", "nv" : " ", "e" : "n", "st" : "", "dvt" : "Válido", "vap" : "0", "pvap" : "00.00" }, 
{ "seq" : "121", "sqcand" : "160000805643", "n" : "19123", "nm" : "NYCKSON ZANATHA", "cc" : "PODE", "nv" : " ", "e" : "n", "st" : "", "dvt" : "Válido", "vap" : "0", "pvap" : "00.00" }, 
{ "seq" : "22", "sqcand" : "160001124029", "n" : "25025", "nm" : "CABELEIREIRA LEILA", "cc" : "DEM", "nv" : " ", "e" : "n", "st" : "", "dvt" : "Válido", "vap" : "0", "pvap" : "00.00" }, 
{ "seq" : "111", "sqcand" : "160001140699", "n" : "15612", "nm" : "MARILDA", "cc" : "MDB", "nv" : " ", "e" : "n", "st" : "", "dvt" : "Válido", "vap" : "0", "pvap" : "00.00" }, 
{ "seq" : "174", "sqcand" : "160001265435", "n" : "90775", "nm" : "VALDIVINA", "cc" : "PROS", "nv" : " ", "e" : "n", "st" : "", "dvt" : "Válido", "vap" : "0", "pvap" : "00.00" }, 
{ "seq" : "156", "sqcand" : "160000778610", "n" : "51777", "nm" : "ROSANGELA", "cc" : "PATRIOTA", "nv" : " ", "e" : "n", "st" : "", "dvt" : "Válido", "vap" : "0", "pvap" : "00.00" }, 
{ "seq" : "90", "sqcand" : "160001140696", "n" : "15680", "nm" : "JOSÉ APARECIDO", "cc" : "MDB", "nv" : " ", "e" : "n", "st" : "", "dvt" : "Válido", "vap" : "0", "pvap" : "00.00" }, 
{ "seq" : "12", "sqcand" : "160000778612", "n" : "51555", "nm" : "AMARILDA", "cc" : "PATRIOTA", "nv" : " ", "e" : "n", "st" : "", "dvt" : "Válido", "vap" : "0", "pvap" : "00.00" }, 
{ "seq" : "176", "sqcand" : "160000720434", "n" : "11111", "nm" : "ZE DA CUIA", "cc" : "PP", "nv" : " ", "e" : "n", "st" : "", "dvt" : "Válido", "vap" : "0", "pvap" : "00.00" }, 
{ "seq" : "80", "sqcand" : "160001124034", "n" : "25666", "nm" : "IRENE- ESPOSA DO ALBINÃO", "cc" : "DEM", "nv" : " ", "e" : "n", "st" : "", "dvt" : "Válido", "vap" : "0", "pvap" : "00.00" }, 
{ "seq" : "107", "sqcand" : "160000932293", "n" : "36036", "nm" : "MARCELO PYT BULL", "cc" : "PTC", "nv" : " ", "e" : "n", "st" : "", "dvt" : "Válido", "vap" : "0", "pvap" : "00.00" }, 
{ "seq" : "153", "sqcand" : "160000932297", "n" : "36333", "nm" : "ROGER LUZ", "cc" : "PTC", "nv" : " ", "e" : "n", "st" : "", "dvt" : "Válido", "vap" : "0", "pvap" : "00.00" }, 
{ "seq" : "100", "sqcand" : "160000720442", "n" : "11123", "nm" : "LOURIVAL DONATO", "cc" : "PP", "nv" : " ", "e" : "n", "st" : "", "dvt" : "Válido", "vap" : "0", "pvap" : "00.00" }, 
{ "seq" : "112", "sqcand" : "160001128785", "n" : "55345", "nm" : "MARIO MIRANDA", "cc" : "PSD", "nv" : " ", "e" : "n", "st" : "", "dvt" : "Válido", "vap" : "0", "pvap" : "00.00" }, 
{ "seq" : "13", "sqcand" : "160000721395", "n" : "20222", "nm" : "ANDREIA WACHERSKI", "cc" : "PSC", "nv" : " ", "e" : "n", "st" : "", "dvt" : "Válido", "vap" : "0", "pvap" : "00.00" }, 
{ "seq" : "152", "sqcand" : "160001126668", "n" : "40123", "nm" : "RODRIGO WALTER", "cc" : "PSB", "nv" : " ", "e" : "n", "st" : "", "dvt" : "Válido", "vap" : "0", "pvap" : "00.00" }, 
{ "seq" : "101", "sqcand" : "160001140693", "n" : "15111", "nm" : "LUANA FEITOSA", "cc" : "MDB", "nv" : " ", "e" : "n", "st" : "", "dvt" : "Válido", "vap" : "0", "pvap" : "00.00" }, 
{ "seq" : "157", "sqcand" : "160000721402", "n" : "20133", "nm" : "ROSE NISGOSKI", "cc" : "PSC", "nv" : " ", "e" : "n", "st" : "", "dvt" : "Válido", "vap" : "0", "pvap" : "00.00" }, 
{ "seq" : "123", "sqcand" : "160000778616", "n" : "51666", "nm" : "ORLANDO STRESSER", "cc" : "PATRIOTA", "nv" : " ", "e" : "n", "st" : "", "dvt" : "Válido", "vap" : "0", "pvap" : "00.00" }, 
{ "seq" : "60", "sqcand" : "160001124030", "n" : "25555", "nm" : "ESTRIQUE", "cc" : "DEM", "nv" : " ", "e" : "n", "st" : "", "dvt" : "Válido", "vap" : "0", "pvap" : "00.00" }, 
{ "seq" : "154", "sqcand" : "160001140695", "n" : "15120", "nm" : "RONALDO PONEY", "cc" : "MDB", "nv" : " ", "e" : "n", "st" : "", "dvt" : "Válido", "vap" : "0", "pvap" : "00.00" }, 
{ "seq" : "125", "sqcand" : "160000778625", "n" : "51551", "nm" : "PAGANI BONFIM", "cc" : "PATRIOTA", "nv" : " ", "e" : "n", "st" : "", "dvt" : "Válido", "vap" : "0", "pvap" : "00.00" }, 
{ "seq" : "120", "sqcand" : "160000778615", "n" : "51111", "nm" : "NETO FADEL", "cc" : "PATRIOTA", "nv" : " ", "e" : "n", "st" : "", "dvt" : "Válido", "vap" : "0", "pvap" : "00.00" }, 
{ "seq" : "16", "sqcand" : "160000805634", "n" : "19713", "nm" : "ARILDO DOS SANTOS", "cc" : "PODE", "nv" : " ", "e" : "n", "st" : "", "dvt" : "Válido", "vap" : "0", "pvap" : "00.00" }, 
{ "seq" : "40", "sqcand" : "160001024977", "n" : "13113", "nm" : "DAVI DO ONIBUS", "cc" : "PT", "nv" : " ", "e" : "n", "st" : "", "dvt" : "Válido", "vap" : "0", "pvap" : "00.00" }, 
{ "seq" : "143", "sqcand" : "160000805630", "n" : "19111", "nm" : "PROFESSORA MARINA", "cc" : "PODE", "nv" : " ", "e" : "n", "st" : "", "dvt" : "Válido", "vap" : "0", "pvap" : "00.00" }, 
{ "seq" : "17", "sqcand" : "160000720452", "n" : "11234", "nm" : "BAIANO", "cc" : "PP", "nv" : " ", "e" : "n", "st" : "", "dvt" : "Válido", "vap" : "0", "pvap" : "00.00" }, 
{ "seq" : "21", "sqcand" : "160000721400", "n" : "20700", "nm" : "BRISKY", "cc" : "PSC", "nv" : " ", "e" : "n", "st" : "", "dvt" : "Válido", "vap" : "0", "pvap" : "00.00" }, 
{ "seq" : "86", "sqcand" : "160000778609", "n" : "51025", "nm" : "JOAO FRANCA", "cc" : "PATRIOTA", "nv" : " ", "e" : "n", "st" : "", "dvt" : "Válido", "vap" : "0", "pvap" : "00.00" }, 
{ "seq" : "45", "sqcand" : "160001126657", "n" : "40013", "nm" : "DIONEIA PEDROSO", "cc" : "PSB", "nv" : " ", "e" : "n", "st" : "", "dvt" : "Válido", "vap" : "0", "pvap" : "00.00" }, 
{ "seq" : "133", "sqcand" : "160001142138", "n" : "90999", "nm" : "PAULINHO MACHADO", "cc" : "PROS", "nv" : " ", "e" : "n", "st" : "", "dvt" : "Válido", "vap" : "0", "pvap" : "00.00" }, 
{ "seq" : "136", "sqcand" : "160000932299", "n" : "36111", "nm" : "PEDRO BANISKI", "cc" : "PTC", "nv" : " ", "e" : "n", "st" : "", "dvt" : "Válido", "vap" : "0", "pvap" : "00.00" }, 
{ "seq" : "175", "sqcand" : "160001128788", "n" : "55444", "nm" : "VICENTE RUTH SOBRINHO", "cc" : "PSD", "nv" : " ", "e" : "n", "st" : "", "dvt" : "Válido", "vap" : "0", "pvap" : "00.00" }, 
{ "seq" : "161", "sqcand" : "160000778621", "n" : "51444", "nm" : "SARA", "cc" : "PATRIOTA", "nv" : " ", "e" : "n", "st" : "", "dvt" : "Válido", "vap" : "0", "pvap" : "00.00" }, 
{ "seq" : "167", "sqcand" : "160000721404", "n" : "20333", "nm" : "SONIA ALVES", "cc" : "PSC", "nv" : " ", "e" : "n", "st" : "", "dvt" : "Válido", "vap" : "0", "pvap" : "00.00" }, 
{ "seq" : "29", "sqcand" : "160000805631", "n" : "19670", "nm" : "CARLOS PASSOS", "cc" : "PODE", "nv" : " ", "e" : "n", "st" : "", "dvt" : "Válido", "vap" : "0", "pvap" : "00.00" }, 
{ "seq" : "36", "sqcand" : "160001140694", "n" : "15513", "nm" : "CIRO ZADRA", "cc" : "MDB", "nv" : " ", "e" : "n", "st" : "", "dvt" : "Válido", "vap" : "0", "pvap" : "00.00" }, 
{ "seq" : "171", "sqcand" : "160000721406", "n" : "20111", "nm" : "THIAGO SILVERIO", "cc" : "PSC", "nv" : " ", "e" : "n", "st" : "", "dvt" : "Válido", "vap" : "0", "pvap" : "00.00" }, 
{ "seq" : "108", "sqcand" : "160000932302", "n" : "36789", "nm" : "MARCELO VIEIRA", "cc" : "PTC", "nv" : " ", "e" : "n", "st" : "", "dvt" : "Válido", "vap" : "0", "pvap" : "00.00" }, 
{ "seq" : "11", "sqcand" : "160001124028", "n" : "25061", "nm" : "ALICE KUSDRA", "cc" : "DEM", "nv" : " ", "e" : "n", "st" : "", "dvt" : "Válido", "vap" : "0", "pvap" : "00.00" }, 
{ "seq" : "10", "sqcand" : "160000932300", "n" : "36666", "nm" : "ALESSANDRO VALENGA", "cc" : "PTC", "nv" : " ", "e" : "n", "st" : "", "dvt" : "Válido", "vap" : "0", "pvap" : "00.00" }, 
{ "seq" : "170", "sqcand" : "160001128787", "n" : "55009", "nm" : "TATIANE LEAL", "cc" : "PSD", "nv" : " ", "e" : "n", "st" : "", "dvt" : "Válido", "vap" : "0", "pvap" : "00.00" }, 
{ "seq" : "150", "sqcand" : "160001128779", "n" : "55123", "nm" : "ROCIO ORTIZ", "cc" : "PSD", "nv" : " ", "e" : "n", "st" : "", "dvt" : "Válido", "vap" : "0", "pvap" : "00.00" }, 
{ "seq" : "58", "sqcand" : "160000932303", "n" : "36050", "nm" : "ELIZABETE DE LIMA", "cc" : "PTC", "nv" : " ", "e" : "n", "st" : "", "dvt" : "Válido", "vap" : "0", "pvap" : "00.00" }, 
{ "seq" : "83", "sqcand" : "160000932311", "n" : "36466", "nm" : "JANETE BUENO", "cc" : "PTC", "nv" : " ", "e" : "n", "st" : "", "dvt" : "Válido", "vap" : "0", "pvap" : "00.00" }, 
{ "seq" : "30", "sqcand" : "160000720438", "n" : "11211", "nm" : "CASSAL", "cc" : "PP", "nv" : " ", "e" : "n", "st" : "", "dvt" : "Válido", "vap" : "0", "pvap" : "00.00" }, 
{ "seq" : "103", "sqcand" : "160001140691", "n" : "15200", "nm" : "LUCIANE BARRETO", "cc" : "MDB", "nv" : " ", "e" : "n", "st" : "", "dvt" : "Válido", "vap" : "0", "pvap" : "00.00" }, 
{ "seq" : "145", "sqcand" : "160000932306", "n" : "36999", "nm" : "RAFAEL RABBERS", "cc" : "PTC", "nv" : " ", "e" : "n", "st" : "", "dvt" : "Válido", "vap" : "0", "pvap" : "00.00" }, 
{ "seq" : "74", "sqcand" : "160001126663", "n" : "40225", "nm" : "HELIO GOMES", "cc" : "PSB", "nv" : " ", "e" : "n", "st" : "", "dvt" : "Válido", "vap" : "0", "pvap" : "00.00" }, 
{ "seq" : "104", "sqcand" : "160000721408", "n" : "20777", "nm" : "LUCIANO BAIANO", "cc" : "PSC", "nv" : " ", "e" : "n", "st" : "", "dvt" : "Válido", "vap" : "0", "pvap" : "00.00" }, 
{ "seq" : "37", "sqcand" : "160001128792", "n" : "55325", "nm" : "CLAUDIO VIEIRA", "cc" : "PSD", "nv" : " ", "e" : "n", "st" : "", "dvt" : "Válido", "vap" : "0", "pvap" : "00.00" }, 
{ "seq" : "96", "sqcand" : "160001126667", "n" : "40444", "nm" : "LEANDRO BOMFIM", "cc" : "PSB", "nv" : " ", "e" : "n", "st" : "", "dvt" : "Válido", "vap" : "0", "pvap" : "00.00" }, 
{ "seq" : "14", "sqcand" : "160000720446", "n" : "11777", "nm" : "ANTONIO CARLOS", "cc" : "PP", "nv" : " ", "e" : "n", "st" : "", "dvt" : "Válido", "vap" : "0", "pvap" : "00.00" }, 
{ "seq" : "49", "sqcand" : "160001126656", "n" : "40696", "nm" : "DOUGLAS ROBERTO", "cc" : "PSB", "nv" : " ", "e" : "n", "st" : "", "dvt" : "Válido", "vap" : "0", "pvap" : "00.00" }, 
{ "seq" : "24", "sqcand" : "160001126661", "n" : "40400", "nm" : "CARLA BARRETO", "cc" : "PSB", "nv" : " ", "e" : "n", "st" : "", "dvt" : "Válido", "vap" : "0", "pvap" : "00.00" }, 
{ "seq" : "50", "sqcand" : "160000778611", "n" : "51234", "nm" : "DR ALDORI DA CASTROVET", "cc" : "PATRIOTA", "nv" : " ", "e" : "n", "st" : "", "dvt" : "Válido", "vap" : "0", "pvap" : "00.00" }, 
{ "seq" : "95", "sqcand" : "160001142136", "n" : "90000", "nm" : "KIKO LEMOS", "cc" : "PROS", "nv" : " ", "e" : "n", "st" : "", "dvt" : "Válido", "vap" : "0", "pvap" : "00.00" }, 
{ "seq" : "162", "sqcand" : "160001140690", "n" : "15123", "nm" : "SILVANA RAZ", "cc" : "MDB", "nv" : " ", "e" : "n", "st" : "", "dvt" : "Válido", "vap" : "0", "pvap" : "00.00" }, 
{ "seq" : "33", "sqcand" : "160001128782", "n" : "55000", "nm" : "CESAR LAZARINI", "cc" : "PSD", "nv" : " ", "e" : "n", "st" : "", "dvt" : "Válido", "vap" : "0", "pvap" : "00.00" }, 
{ "seq" : "6", "sqcand" : "160000720436", "n" : "11000", "nm" : "ADRIANO SANTOS", "cc" : "PP", "nv" : " ", "e" : "n", "st" : "", "dvt" : "Válido", "vap" : "0", "pvap" : "00.00" }, 
{ "seq" : "155", "sqcand" : "160001024974", "n" : "13131", "nm" : "ROSANA", "cc" : "PT", "nv" : " ", "e" : "n", "st" : "", "dvt" : "Válido", "vap" : "0", "pvap" : "00.00" }, 
{ "seq" : "75", "sqcand" : "160000778620", "n" : "51789", "nm" : "HENRIQUE SALGADO", "cc" : "PATRIOTA", "nv" : " ", "e" : "n", "st" : "", "dvt" : "Válido", "vap" : "0", "pvap" : "00.00" }, 
{ "seq" : "28", "sqcand" : "160000778608", "n" : "51193", "nm" : "CARLOS HASS", "cc" : "PATRIOTA", "nv" : " ", "e" : "n", "st" : "", "dvt" : "Válido", "vap" : "0", "pvap" : "00.00" }, 
{ "seq" : "5", "sqcand" : "160000721389", "n" : "20345", "nm" : "ADRIANE PETRECH", "cc" : "PSC", "nv" : " ", "e" : "n", "st" : "", "dvt" : "Válido", "vap" : "0", "pvap" : "00.00" }, 
{ "seq" : "2", "sqcand" : "160000721407", "n" : "20030", "nm" : "ADELINA", "cc" : "PSC", "nv" : " ", "e" : "n", "st" : "", "dvt" : "Válido", "vap" : "0", "pvap" : "00.00" }, 
{ "seq" : "118", "sqcand" : "160000805642", "n" : "19635", "nm" : "NELSON MEDEIROS", "cc" : "PODE", "nv" : " ", "e" : "n", "st" : "", "dvt" : "Válido", "vap" : "0", "pvap" : "00.00" }, 
{ "seq" : "25", "sqcand" : "160001142130", "n" : "90222", "nm" : "CARLINHO DO PALMITAL", "cc" : "PROS", "nv" : " ", "e" : "n", "st" : "", "dvt" : "Válido", "vap" : "0", "pvap" : "00.00" }, 
{ "seq" : "84", "sqcand" : "160000805638", "n" : "19200", "nm" : "JHONNATHAN FLUGEL", "cc" : "PODE", "nv" : " ", "e" : "n", "st" : "", "dvt" : "Válido", "vap" : "0", "pvap" : "00.00" }, 
{ "seq" : "34", "sqcand" : "160001124035", "n" : "25000", "nm" : "CEZAR DO POVO", "cc" : "DEM", "nv" : " ", "e" : "n", "st" : "", "dvt" : "Válido", "vap" : "0", "pvap" : "00.00" }, 
{ "seq" : "135", "sqcand" : "160000720444", "n" : "11222", "nm" : "PAULO TAQUARA", "cc" : "PP", "nv" : " ", "e" : "n", "st" : "", "dvt" : "Válido", "vap" : "0", "pvap" : "00.00" }, 
{ "seq" : "35", "sqcand" : "160001140702", "n" : "15001", "nm" : "CHECHELAKY DA ASSOCIAÇÃO", "cc" : "MDB", "nv" : " ", "e" : "n", "st" : "", "dvt" : "Válido", "vap" : "0", "pvap" : "00.00" }, 
{ "seq" : "159", "sqcand" : "160000721403", "n" : "20555", "nm" : "ROSMAR", "cc" : "PSC", "nv" : " ", "e" : "n", "st" : "", "dvt" : "Válido", "vap" : "0", "pvap" : "00.00" }, 
{ "seq" : "32", "sqcand" : "160000720453", "n" : "11095", "nm" : "CESAR DA RADIO", "cc" : "PP", "nv" : " ", "e" : "n", "st" : "", "dvt" : "Válido", "vap" : "0", "pvap" : "00.00" }, 
{ "seq" : "69", "sqcand" : "160001024976", "n" : "13456", "nm" : "GERSON", "cc" : "PT", "nv" : " ", "e" : "n", "st" : "", "dvt" : "Válido", "vap" : "0", "pvap" : "00.00" }, 
{ "seq" : "71", "sqcand" : "160001142131", "n" : "90001", "nm" : "GISELE RUTIN", "cc" : "PROS", "nv" : " ", "e" : "n", "st" : "", "dvt" : "Válido", "vap" : "0", "pvap" : "00.00" }, 
{ "seq" : "172", "sqcand" : "160001126670", "n" : "40333", "nm" : "TIA DARZE", "cc" : "PSB", "nv" : " ", "e" : "n", "st" : "", "dvt" : "Válido", "vap" : "0", "pvap" : "00.00" }, 
{ "seq" : "105", "sqcand" : "160000721399", "n" : "20888", "nm" : "MACARRÃO", "cc" : "PSC", "nv" : " ", "e" : "n", "st" : "", "dvt" : "Válido", "vap" : "0", "pvap" : "00.00" }, 
{ "seq" : "62", "sqcand" : "160001140701", "n" : "15500", "nm" : "EVANGELISTA LEANDRO", "cc" : "MDB", "nv" : " ", "e" : "n", "st" : "", "dvt" : "Válido", "vap" : "0", "pvap" : "00.00" }, 
{ "seq" : "138", "sqcand" : "160000720451", "n" : "11411", "nm" : "PRISCILA", "cc" : "PP", "nv" : " ", "e" : "n", "st" : "", "dvt" : "Válido", "vap" : "0", "pvap" : "00.00" }, 
{ "seq" : "55", "sqcand" : "160001124038", "n" : "25050", "nm" : "EDSON ITARARÉ TURISMO", "cc" : "DEM", "nv" : " ", "e" : "n", "st" : "", "dvt" : "Válido", "vap" : "0", "pvap" : "00.00" }, 
{ "seq" : "128", "sqcand" : "160000805641", "n" : "19700", "nm" : "PASTOR ROMEU JUNIOR", "cc" : "PODE", "nv" : " ", "e" : "n", "st" : "", "dvt" : "Válido", "vap" : "0", "pvap" : "00.00" }, 
{ "seq" : "23", "sqcand" : "160000721396", "n" : "20200", "nm" : "CALMON LIMA", "cc" : "PSC", "nv" : " ", "e" : "n", "st" : "", "dvt" : "Válido", "vap" : "0", "pvap" : "00.00" }, 
{ "seq" : "99", "sqcand" : "160000721398", "n" : "20100", "nm" : "LEONARDO MOERS", "cc" : "PSC", "nv" : " ", "e" : "n", "st" : "", "dvt" : "Válido", "vap" : "0", "pvap" : "00.00" }, 
{ "seq" : "168", "sqcand" : "160001128794", "n" : "55122", "nm" : "SUELI DA PADARIA", "cc" : "PSD", "nv" : " ", "e" : "n", "st" : "", "dvt" : "Válido", "vap" : "0", "pvap" : "00.00" }, 
{ "seq" : "146", "sqcand" : "160000805640", "n" : "19999", "nm" : "REINALDO BUTTURE", "cc" : "PODE", "nv" : " ", "e" : "n", "st" : "", "dvt" : "Válido", "vap" : "0", "pvap" : "00.00" }, 
{ "seq" : "76", "sqcand" : "160001124026", "n" : "25234", "nm" : "HERCULANO", "cc" : "DEM", "nv" : " ", "e" : "n", "st" : "", "dvt" : "Válido", "vap" : "0", "pvap" : "00.00" }, 
{ "seq" : "61", "sqcand" : "160001142129", "n" : "90123", "nm" : "EUVAL DA SILVA GAS", "cc" : "PROS", "nv" : " ", "e" : "n", "st" : "", "dvt" : "Válido", "vap" : "0", "pvap" : "00.00" }, 
{ "seq" : "72", "sqcand" : "160000932294", "n" : "36000", "nm" : "GUILHERME MIERLO", "cc" : "PTC", "nv" : " ", "e" : "n", "st" : "", "dvt" : "Válido", "vap" : "0", "pvap" : "00.00" }, 
{ "seq" : "48", "sqcand" : "160000720448", "n" : "11051", "nm" : "DORA OLIVEIRA", "cc" : "PP", "nv" : " ", "e" : "n", "st" : "", "dvt" : "Válido", "vap" : "0", "pvap" : "00.00" }, 
{ "seq" : "132", "sqcand" : "160001128783", "n" : "55555", "nm" : "PAULINHO FARIAS", "cc" : "PSD", "nv" : " ", "e" : "n", "st" : "", "dvt" : "Válido", "vap" : "0", "pvap" : "00.00" }, 
{ "seq" : "46", "sqcand" : "160000805633", "n" : "19222", "nm" : "DIRCEU RIBEIRO", "cc" : "PODE", "nv" : " ", "e" : "n", "st" : "", "dvt" : "Válido", "vap" : "0", "pvap" : "00.00" }, 
{ "seq" : "163", "sqcand" : "160000721393", "n" : "20055", "nm" : "SIMONE", "cc" : "PSC", "nv" : " ", "e" : "n", "st" : "", "dvt" : "Válido", "vap" : "0", "pvap" : "00.00" }, 
{ "seq" : "42", "sqcand" : "160000805626", "n" : "19789", "nm" : "DEMETRIO", "cc" : "PODE", "nv" : " ", "e" : "n", "st" : "", "dvt" : "Válido", "vap" : "0", "pvap" : "00.00" }, 
{ "seq" : "130", "sqcand" : "160000720440", "n" : "11555", "nm" : "PATRICIA", "cc" : "PP", "nv" : " ", "e" : "n", "st" : "", "dvt" : "Válido", "vap" : "0", "pvap" : "00.00" }, 
{ "seq" : "73", "sqcand" : "160000720447", "n" : "11500", "nm" : "GUTO BECK", "cc" : "PP", "nv" : " ", "e" : "n", "st" : "", "dvt" : "Válido", "vap" : "0", "pvap" : "00.00" }, 
{ "seq" : "78", "sqcand" : "160000932296", "n" : "36338", "nm" : "INES DAS VASSOURAS", "cc" : "PTC", "nv" : " ", "e" : "n", "st" : "", "dvt" : "Válido", "vap" : "0", "pvap" : "00.00" }, 
{ "seq" : "66", "sqcand" : "160000720441", "n" : "11225", "nm" : "FLORIANO SCHNEIDER", "cc" : "PP", "nv" : " ", "e" : "n", "st" : "", "dvt" : "Válido", "vap" : "0", "pvap" : "00.00" }, 
{ "seq" : "166", "sqcand" : "160000932309", "n" : "36190", "nm" : "SOLDADO PINHEIRO", "cc" : "PTC", "nv" : " ", "e" : "n", "st" : "", "dvt" : "Válido", "vap" : "0", "pvap" : "00.00" }, 
{ "seq" : "148", "sqcand" : "160000932298", "n" : "36123", "nm" : "ROBERTO PRETO", "cc" : "PTC", "nv" : " ", "e" : "n", "st" : "", "dvt" : "Válido", "vap" : "0", "pvap" : "00.00" }, 
{ "seq" : "41", "sqcand" : "160000805637", "n" : "19133", "nm" : "DEBORA ROCHA", "cc" : "PODE", "nv" : " ", "e" : "n", "st" : "", "dvt" : "Válido", "vap" : "0", "pvap" : "00.00" }, 
{ "seq" : "141", "sqcand" : "160000721392", "n" : "20123", "nm" : "PROFESSOR JONATHAN", "cc" : "PSC", "nv" : " ", "e" : "n", "st" : "", "dvt" : "Válido", "vap" : "0", "pvap" : "00.00" }, 
{ "seq" : "18", "sqcand" : "160001124031", "n" : "25222", "nm" : "BAIXINHA", "cc" : "DEM", "nv" : " ", "e" : "n", "st" : "", "dvt" : "Válido", "vap" : "0", "pvap" : "00.00" }, 
{ "seq" : "39", "sqcand" : "160000721391", "n" : "20122", "nm" : "COIOTE ALFA", "cc" : "PSC", "nv" : " ", "e" : "n", "st" : "", "dvt" : "Válido", "vap" : "0", "pvap" : "00.00" }, 
{ "seq" : "126", "sqcand" : "160000721401", "n" : "20020", "nm" : "PANDORFF", "cc" : "PSC", "nv" : " ", "e" : "n", "st" : "", "dvt" : "Válido", "vap" : "0", "pvap" : "00.00" }, 
{ "seq" : "164", "sqcand" : "160001124024", "n" : "25123", "nm" : "SIRLEI", "cc" : "DEM", "nv" : " ", "e" : "n", "st" : "", "dvt" : "Válido", "vap" : "0", "pvap" : "00.00" }, 
{ "seq" : "51", "sqcand" : "160000720449", "n" : "11020", "nm" : "DRA ANDRESSA ANHAIA ADVOGADA", "cc" : "PP", "nv" : " ", "e" : "n", "st" : "", "dvt" : "Válido", "vap" : "0", "pvap" : "00.00" }, 
{ "seq" : "109", "sqcand" : "160001126658", "n" : "40199", "nm" : "MARGARIDA SANTOS", "cc" : "PSB", "nv" : " ", "e" : "n", "st" : "", "dvt" : "Válido", "vap" : "0", "pvap" : "00.00" }, 
{ "seq" : "82", "sqcand" : "160001142132", "n" : "90090", "nm" : "ITÉRCIA", "cc" : "PROS", "nv" : " ", "e" : "n", "st" : "", "dvt" : "Válido", "vap" : "0", "pvap" : "00.00" }, 
{ "seq" : "129", "sqcand" : "160000805632", "n" : "19333", "nm" : "PASTORA LAURITA", "cc" : "PODE", "nv" : " ", "e" : "n", "st" : "", "dvt" : "Válido", "vap" : "0", "pvap" : "00.00" }, 
{ "seq" : "113", "sqcand" : "160001126659", "n" : "40040", "nm" : "MATHEUS RIBEIRO", "cc" : "PSB", "nv" : " ", "e" : "n", "st" : "", "dvt" : "Válido", "vap" : "0", "pvap" : "00.00" }, 
{ "seq" : "26", "sqcand" : "160000720435", "n" : "11110", "nm" : "CARLINHOS TIK", "cc" : "PP", "nv" : " ", "e" : "n", "st" : "", "dvt" : "Válido", "vap" : "0", "pvap" : "00.00" }, 
{ "seq" : "115", "sqcand" : "160000778623", "n" : "51007", "nm" : "MICHELE DO PET", "cc" : "PATRIOTA", "nv" : " ", "e" : "n", "st" : "", "dvt" : "Válido", "vap" : "0", "pvap" : "00.00" }, 
{ "seq" : "67", "sqcand" : "160000778619", "n" : "51222", "nm" : "FRANCIELLY", "cc" : "PATRIOTA", "nv" : " ", "e" : "n", "st" : "", "dvt" : "Válido", "vap" : "0", "pvap" : "00.00" }, 
{ "seq" : "56", "sqcand" : "160000805628", "n" : "19019", "nm" : "ELIANE CRUZ", "cc" : "PODE", "nv" : " ", "e" : "n", "st" : "", "dvt" : "Válido", "vap" : "0", "pvap" : "00.00" }, 
{ "seq" : "47", "sqcand" : "160001126673", "n" : "40222", "nm" : "DJALMA CARIOCA", "cc" : "PSB", "nv" : " ", "e" : "n", "st" : "", "dvt" : "Válido", "vap" : "0", "pvap" : "00.00" }, 
{ "seq" : "8", "sqcand" : "160000720445", "n" : "11112", "nm" : "AGUSTINHO", "cc" : "PP", "nv" : " ", "e" : "n", "st" : "", "dvt" : "Válido", "vap" : "0", "pvap" : "00.00" }, 
{ "seq" : "27", "sqcand" : "160001024975", "n" : "13143", "nm" : "CARLITO", "cc" : "PT", "nv" : " ", "e" : "n", "st" : "", "dvt" : "Válido", "vap" : "0", "pvap" : "00.00" }, 
{ "seq" : "31", "sqcand" : "160001142139", "n" : "90888", "nm" : "CELSO DO FRETE", "cc" : "PROS", "nv" : " ", "e" : "n", "st" : "", "dvt" : "Válido", "vap" : "0", "pvap" : "00.00" }, 
{ "seq" : "3", "sqcand" : "160001140692", "n" : "15333", "nm" : "ADEMIR DIAS", "cc" : "MDB", "nv" : " ", "e" : "n", "st" : "", "dvt" : "Válido", "vap" : "0", "pvap" : "00.00" }, 
{ "seq" : "98", "sqcand" : "160000805629", "n" : "19051", "nm" : "LEILA BANISKI", "cc" : "PODE", "nv" : " ", "e" : "n", "st" : "", "dvt" : "Válido", "vap" : "0", "pvap" : "00.00" }, 
{ "seq" : "7", "sqcand" : "160001124027", "n" : "25021", "nm" : "AGRÔNOMO RICARDO", "cc" : "DEM", "nv" : " ", "e" : "n", "st" : "", "dvt" : "Válido", "vap" : "0", "pvap" : "00.00" }, 
{ "seq" : "117", "sqcand" : "160001128789", "n" : "55222", "nm" : "NELCI PINHEIRO", "cc" : "PSD", "nv" : " ", "e" : "n", "st" : "", "dvt" : "Válido", "vap" : "0", "pvap" : "00.00" }, 
{ "seq" : "142", "sqcand" : "160001024979", "n" : "13154", "nm" : "PROFESSOR VALTER", "cc" : "PT", "nv" : " ", "e" : "n", "st" : "", "dvt" : "Válido", "vap" : "0", "pvap" : "00.00" }, 
{ "seq" : "65", "sqcand" : "160000932305", "n" : "36113", "nm" : "FERNANDO DO GÁS", "cc" : "PTC", "nv" : " ", "e" : "n", "st" : "", "dvt" : "Válido", "vap" : "0", "pvap" : "00.00" }, 
{ "seq" : "102", "sqcand" : "160001142133", "n" : "90042", "nm" : "LUANA SILVA", "cc" : "PROS", "nv" : " ", "e" : "n", "st" : "", "dvt" : "Válido", "vap" : "0", "pvap" : "00.00" }, 
{ "seq" : "106", "sqcand" : "160000932301", "n" : "36441", "nm" : "MARCELINO KANUNFRE", "cc" : "PTC", "nv" : " ", "e" : "n", "st" : "", "dvt" : "Válido", "vap" : "0", "pvap" : "00.00" }, 
{ "seq" : "20", "sqcand" : "160000721405", "n" : "20444", "nm" : "BIRA AUTOESCOLA", "cc" : "PSC", "nv" : " ", "e" : "n", "st" : "", "dvt" : "Válido", "vap" : "0", "pvap" : "00.00" }, 
{ "seq" : "177", "sqcand" : "160000805639", "n" : "19456", "nm" : "ZE MIGUEL", "cc" : "PODE", "nv" : " ", "e" : "n", "st" : "", "dvt" : "Válido", "vap" : "0", "pvap" : "00.00" }, 
{ "seq" : "122", "sqcand" : "160001126672", "n" : "40134", "nm" : "OLETI LEMES", "cc" : "PSB", "nv" : " ", "e" : "n", "st" : "", "dvt" : "Válido", "vap" : "0", "pvap" : "00.00" }, 
{ "seq" : "64", "sqcand" : "160001140704", "n" : "15000", "nm" : "FATIMA", "cc" : "MDB", "nv" : " ", "e" : "n", "st" : "", "dvt" : "Válido", "vap" : "0", "pvap" : "00.00" }, 
{ "seq" : "63", "sqcand" : "160001124033", "n" : "25098", "nm" : "FABIANE PIMENTA", "cc" : "DEM", "nv" : " ", "e" : "n", "st" : "", "dvt" : "Válido", "vap" : "0", "pvap" : "00.00" }, 
{ "seq" : "124", "sqcand" : "160001128791", "n" : "55226", "nm" : "OSIEL DA FANFARRA", "cc" : "PSD", "nv" : " ", "e" : "n", "st" : "", "dvt" : "Válido", "vap" : "0", "pvap" : "00.00" }, 
{ "seq" : "59", "sqcand" : "160001128784", "n" : "55333", "nm" : "EMMANUEL DA FONSECA", "cc" : "PSD", "nv" : " ", "e" : "n", "st" : "", "dvt" : "Válido", "vap" : "0", "pvap" : "00.00" }, 
{ "seq" : "1", "sqcand" : "160001142135", "n" : "90111", "nm" : "ADAO CADEIRANTE", "cc" : "PROS", "nv" : " ", "e" : "n", "st" : "", "dvt" : "Válido", "vap" : "0", "pvap" : "00.00" }, 
{ "seq" : "53", "sqcand" : "160000721394", "n" : "20110", "nm" : "EDERSON SARAIVA", "cc" : "PSC", "nv" : " ", "e" : "n", "st" : "", "dvt" : "Válido", "vap" : "0", "pvap" : "00.00" }, 
{ "seq" : "85", "sqcand" : "160001124037", "n" : "25111", "nm" : "JOÃO CHAEK", "cc" : "DEM", "nv" : " ", "e" : "n", "st" : "", "dvt" : "Válido", "vap" : "0", "pvap" : "00.00" }, 
{ "seq" : "81", "sqcand" : "160000932304", "n" : "36143", "nm" : "ITARI CROPOLATO", "cc" : "PTC", "nv" : " ", "e" : "n", "st" : "", "dvt" : "Válido", "vap" : "0", "pvap" : "00.00" }, 
{ "seq" : "19", "sqcand" : "160000720450", "n" : "11999", "nm" : "BEGA", "cc" : "PP", "nv" : " ", "e" : "n", "st" : "", "dvt" : "Válido", "vap" : "0", "pvap" : "00.00" }, 
{ "seq" : "77", "sqcand" : "160000805625", "n" : "19025", "nm" : "ILTON CHUCALLE", "cc" : "PODE", "nv" : " ", "e" : "n", "st" : "", "dvt" : "Válido", "vap" : "0", "pvap" : "00.00" }, 
{ "seq" : "179", "sqcand" : "160000720437", "n" : "11444", "nm" : "ZULA", "cc" : "PP", "nv" : " ", "e" : "n", "st" : "", "dvt" : "Válido", "vap" : "0", "pvap" : "00.00" }, 
{ "seq" : "169", "sqcand" : "160000778618", "n" : "51001", "nm" : "TAIR DO TRONCO", "cc" : "PATRIOTA", "nv" : " ", "e" : "n", "st" : "", "dvt" : "Válido", "vap" : "0", "pvap" : "00.00" }, 
{ "seq" : "57", "sqcand" : "160001140698", "n" : "15610", "nm" : "ELISON", "cc" : "MDB", "nv" : " ", "e" : "n", "st" : "", "dvt" : "Válido", "vap" : "0", "pvap" : "00.00" }, 
{ "seq" : "70", "sqcand" : "160000721397", "n" : "20000", "nm" : "GERSON SUTIL", "cc" : "PSC", "nv" : " ", "e" : "n", "st" : "", "dvt" : "Válido", "vap" : "0", "pvap" : "00.00" }, 
{ "seq" : "149", "sqcand" : "160001128786", "n" : "55777", "nm" : "ROBINHO", "cc" : "PSD", "nv" : " ", "e" : "n", "st" : "", "dvt" : "Válido", "vap" : "0", "pvap" : "00.00" }, 
{ "seq" : "144", "sqcand" : "160001024978", "n" : "13013", "nm" : "PROFESSORA ROSANGELA", "cc" : "PT", "nv" : " ", "e" : "n", "st" : "", "dvt" : "Válido", "vap" : "0", "pvap" : "00.00" }, 
{ "seq" : "88", "sqcand" : "160001124036", "n" : "25015", "nm" : "JOEL SANTANA", "cc" : "DEM", "nv" : " ", "e" : "n", "st" : "", "dvt" : "Válido", "vap" : "0", "pvap" : "00.00" }, 
{ "seq" : "116", "sqcand" : "160000778624", "n" : "51010", "nm" : "MOISES", "cc" : "PATRIOTA", "nv" : " ", "e" : "n", "st" : "", "dvt" : "Válido", "vap" : "0", "pvap" : "00.00" }, 
{ "seq" : "97", "sqcand" : "160001128796", "n" : "55010", "nm" : "LEANDRO CARIOCA", "cc" : "PSD", "nv" : " ", "e" : "n", "st" : "", "dvt" : "Válido", "vap" : "0", "pvap" : "00.00" }, 
{ "seq" : "165", "sqcand" : "160001126666", "n" : "40111", "nm" : "SIRLEI ESSIG", "cc" : "PSB", "nv" : " ", "e" : "n", "st" : "", "dvt" : "Válido", "vap" : "0", "pvap" : "00.00" }, 
{ "seq" : "54", "sqcand" : "160001124032", "n" : "25777", "nm" : "EDSON DIAS (CEBOLINHA)", "cc" : "DEM", "nv" : " ", "e" : "n", "st" : "", "dvt" : "Válido", "vap" : "0", "pvap" : "00.00" }, 
{ "seq" : "119", "sqcand" : "160000720443", "n" : "11190", "nm" : "NELSON POLICIAL", "cc" : "PP", "nv" : " ", "e" : "n", "st" : "", "dvt" : "Válido", "vap" : "0", "pvap" : "00.00" }, 
{ "seq" : "79", "sqcand" : "160000805644", "n" : "19228", "nm" : "IRANILSON", "cc" : "PODE", "nv" : " ", "e" : "n", "st" : "", "dvt" : "Válido", "vap" : "0", "pvap" : "00.00" }, 
{ "seq" : "93", "sqcand" : "160000805627", "n" : "19000", "nm" : "JOVENIL", "cc" : "PODE", "nv" : " ", "e" : "n", "st" : "", "dvt" : "Válido", "vap" : "0", "pvap" : "00.00" }, 
{ "seq" : "139", "sqcand" : "160000932295", "n" : "36777", "nm" : "PROF EDNA MATTOS", "cc" : "PTC", "nv" : " ", "e" : "n", "st" : "", "dvt" : "Válido", "vap" : "0", "pvap" : "00.00" }, 
{ "seq" : "131", "sqcand" : "160001128780", "n" : "55422", "nm" : "PATRICIA DE PAULA", "cc" : "PSD", "nv" : " ", "e" : "n", "st" : "", "dvt" : "Válido", "vap" : "0", "pvap" : "00.00" }, 
{ "seq" : "87", "sqcand" : "160000778613", "n" : "51000", "nm" : "JOEL FADEL", "cc" : "PATRIOTA", "nv" : " ", "e" : "n", "st" : "", "dvt" : "Válido", "vap" : "0", "pvap" : "00.00" }, 
{ "seq" : "134", "sqcand" : "160001128793", "n" : "55678", "nm" : "PAULO LAGARTO", "cc" : "PSD", "nv" : " ", "e" : "n", "st" : "", "dvt" : "Válido", "vap" : "0", "pvap" : "00.00" }, 
{ "seq" : "89", "sqcand" : "160000721390", "n" : "20456", "nm" : "JOEL ZECA", "cc" : "PSC", "nv" : " ", "e" : "n", "st" : "", "dvt" : "Válido", "vap" : "0", "pvap" : "00.00" }, 
{ "seq" : "147", "sqcand" : "160001142134", "n" : "90456", "nm" : "RENILDO DE PAULA", "cc" : "PROS", "nv" : " ", "e" : "n", "st" : "", "dvt" : "Válido", "vap" : "0", "pvap" : "00.00" }, 
{ "seq" : "173", "sqcand" : "160000778614", "n" : "51321", "nm" : "TOBIAS", "cc" : "PATRIOTA", "nv" : " ", "e" : "n", "st" : "", "dvt" : "Válido", "vap" : "0", "pvap" : "00.00" }, 
{ "seq" : "151", "sqcand" : "160000720439", "n" : "11900", "nm" : "RODRIGO", "cc" : "PP", "nv" : " ", "e" : "n", "st" : "", "dvt" : "Válido", "vap" : "0", "pvap" : "00.00" }, 
{ "seq" : "44", "sqcand" : "160000805635", "n" : "19555", "nm" : "DINA LAVACAR LUCIO", "cc" : "PODE", "nv" : " ", "e" : "n", "st" : "", "dvt" : "Válido", "vap" : "0", "pvap" : "00.00" }, 
{ "seq" : "114", "sqcand" : "160001126665", "n" : "40000", "nm" : "MAURICIO KUSDRA", "cc" : "PSB", "nv" : " ", "e" : "n", "st" : "", "dvt" : "Válido", "vap" : "0", "pvap" : "00.00" } ] }