
{ "dg" : "13/10/2020", "hg" : "20:03:23", "f" : "S", "c" : "ele2020", "pl" : [ 
{ "cd" : "260", "cdpr" : "253", "dt" : "09/12/2018", "dtlim" : "09/11/2020", "e" : [  ] }, 
{ "cd" : "7386", "cdpr" : "6757", "dt" : "31/05/2020", "dtlim" : "18/07/2021", "e" : [  ] }, 
{ "cd" : "7395", "cdpr" : "6761", "dt" : "18/08/2019", "dtlim" : "18/07/2021", "e" : [  ] }, 
{ "cd" : "7397", "cdpr" : "6762", "dt" : "01/09/2019", "dtlim" : "01/08/2021", "e" : [  ] }, 
{ "cd" : "7425", "cdpr" : "6775", "dt" : "08/09/2019", "dtlim" : "08/08/2021", "e" : [  ] }, 
{ "cd" : "7515", "cdpr" : "6809", "dt" : "02/10/2019", "dtlim" : "02/09/2021", "e" : [  ] }, 
{ "cd" : "7498", "cdpr" : "6801", "dt" : "02/10/2019", "dtlim" : "02/09/2021", "e" : [  ] }, 
{ "cd" : "7504", "cdpr" : "6803", "dt" : "30/11/2019", "dtlim" : "04/08/2021", "e" : [  ] }, 
{ "cd" : "7523", "cdpr" : "6813", "dt" : "01/12/2019", "dtlim" : "02/09/2021", "e" : [  ] }, 
{ "cd" : "7519", "cdpr" : "6811", "dt" : "03/10/2019", "dtlim" : "03/09/2021", "e" : [  ] }, 
{ "cd" : "7530", "cdpr" : "6816", "dt" : "03/10/2019", "dtlim" : "03/09/2021", "e" : [  ] }, 
{ "cd" : "7533", "cdpr" : "6819", "dt" : "06/10/2019", "dtlim" : "06/09/2021", "e" : [  ] }, 
{ "cd" : "7539", "cdpr" : "6821", "dt" : "02/10/2019", "dtlim" : "02/09/2021", "e" : [  ] }, 
{ "cd" : "7554", "cdpr" : "6826", "dt" : "03/11/2019", "dtlim" : "03/10/2021", "e" : [  ] }, 
{ "cd" : "7526", "cdpr" : "6814", "dt" : "01/03/2020", "dtlim" : "02/09/2021", "e" : [  ] }, 
{ "cd" : "7562", "cdpr" : "6830", "dt" : "03/10/2019", "dtlim" : "03/09/2021", "e" : [  ] }, 
{ "cd" : "7571", "cdpr" : "6833", "dt" : "17/11/2019", "dtlim" : "17/10/2021", "e" : [  ] }, 
{ "cd" : "7560", "cdpr" : "6828", "dt" : "06/10/2019", "dtlim" : "06/09/2021", "e" : [  ] }, 
{ "cd" : "7574", "cdpr" : "6836", "dt" : "17/11/2019", "dtlim" : "17/10/2021", "e" : [  ] }, 
{ "cd" : "7582", "cdpr" : "6841", "dt" : "01/12/2019", "dtlim" : "01/11/2021", "e" : [  ] }, 
{ "cd" : "7576", "cdpr" : "6838", "dt" : "17/11/2019", "dtlim" : "17/10/2021", "e" : [  ] }, 
{ "cd" : "7584", "cdpr" : "6842", "dt" : "01/12/2019", "dtlim" : "01/11/2021", "e" : [  ] }, 
{ "cd" : "7586", "cdpr" : "6843", "dt" : "01/12/2019", "dtlim" : "01/11/2021", "e" : [  ] }, 
{ "cd" : "7589", "cdpr" : "6844", "dt" : "24/11/2019", "dtlim" : "24/10/2021", "e" : [  ] }, 
{ "cd" : "7568", "cdpr" : "6832", "dt" : "03/11/2019", "dtlim" : "03/10/2021", "e" : [  ] }, 
{ "cd" : "7597", "cdpr" : "6847", "dt" : "24/11/2019", "dtlim" : "24/10/2021", "e" : [  ] }, 
{ "cd" : "7608", "cdpr" : "6853", "dt" : "08/12/2019", "dtlim" : "08/11/2021", "e" : [  ] }, 
{ "cd" : "7624", "cdpr" : "6862", "dt" : "24/11/2019", "dtlim" : "24/10/2021", "e" : [  ] }, 
{ "cd" : "7626", "cdpr" : "6863", "dt" : "12/12/2019", "dtlim" : "12/11/2021", "e" : [  ] }, 
{ "cd" : "7642", "cdpr" : "6872", "dt" : "19/01/2020", "dtlim" : "19/12/2021", "e" : [  ] }, 
{ "cd" : "7649", "cdpr" : "6877", "dt" : "05/01/2020", "dtlim" : "05/12/2021", "e" : [  ] }, 
{ "cd" : "7652", "cdpr" : "6879", "dt" : "26/01/2020", "dtlim" : "26/12/2021", "e" : [  ] }, 
{ "cd" : "7657", "cdpr" : "6882", "dt" : "25/08/2020", "dtlim" : "14/03/2022", "e" : [ 
{ "cd" : "8334", "cdt2" : "8335", "nm" : "Elei¿¿o Ordin¿ria  - 2020 - 7657 1¿ Turno", "t" : "1", "tp" : "3", "abr" : [ 
{ "cd" : "BR", "cp" : [ 
{ "cd" : "11", "ds" : "Prefeito", "tp" : "1" }, 
{ "cd" : "13", "ds" : "Vereador", "tp" : "2" } ] } ] } ] }, 
{ "cd" : "7670", "cdpr" : "6889", "dt" : "30/04/2020", "dtlim" : "31/03/2022", "e" : [  ] }, 
{ "cd" : "7672", "cdpr" : "6891", "dt" : "15/03/2020", "dtlim" : "15/02/2022", "e" : [  ] }, 
{ "cd" : "7679", "cdpr" : "6895", "dt" : "05/04/2020", "dtlim" : "05/03/2022", "e" : [  ] }, 
{ "cd" : "7695", "cdpr" : "6905", "dt" : "31/05/2020", "dtlim" : "30/04/2022", "e" : [  ] }, 
{ "cd" : "7697", "cdpr" : "6906", "dt" : "16/08/2020", "dtlim" : "19/03/2022", "e" : [  ] }, 
{ "cd" : "7699", "cdpr" : "6907", "dt" : "30/05/2020", "dtlim" : "19/03/2022", "e" : [  ] }, 
{ "cd" : "7701", "cdpr" : "6908", "dt" : "31/03/2020", "dtlim" : "22/02/2022", "e" : [  ] }, 
{ "cd" : "7703", "cdpr" : "6909", "dt" : "14/04/2020", "dtlim" : "14/03/2022", "e" : [  ] }, 
{ "cd" : "7711", "cdpr" : "6913", "dt" : "31/05/2020", "dtlim" : "30/04/2022", "e" : [  ] }, 
{ "cd" : "7719", "cdpr" : "6917", "dt" : "12/07/2020", "dtlim" : "14/05/2022", "e" : [  ] }, 
{ "cd" : "7733", "cdpr" : "6924", "dt" : "28/05/2020", "dtlim" : "15/04/2022", "e" : [  ] }, 
{ "cd" : "7734", "cdpr" : "6924", "dt" : "13/06/2020", "dtlim" : "28/04/2022", "e" : [  ] }, 
{ "cd" : "7735", "cdpr" : "6925", "dt" : "17/06/2020", "dtlim" : "19/06/2022", "e" : [  ] }, 
{ "cd" : "7725", "cdpr" : "6920", "dt" : "31/05/2020", "dtlim" : "17/04/2022", "e" : [  ] }, 
{ "cd" : "7731", "cdpr" : "6923", "dt" : "14/05/2020", "dtlim" : "14/04/2022", "e" : [  ] }, 
{ "cd" : "7727", "cdpr" : "6921", "dt" : "11/05/2020", "dtlim" : "11/04/2022", "e" : [  ] }, 
{ "cd" : "7746", "cdpr" : "6931", "dt" : "24/05/2020", "dtlim" : "24/04/2022", "e" : [  ] }, 
{ "cd" : "7723", "cdpr" : "6919", "dt" : "17/05/2020", "dtlim" : "17/04/2022", "e" : [  ] }, 
{ "cd" : "7750", "cdpr" : "6933", "dt" : "05/07/2020", "dtlim" : "05/06/2022", "e" : [  ] }, 
{ "cd" : "7761", "cdpr" : "6939", "dt" : "13/08/2020", "dtlim" : "27/05/2022", "e" : [ 
{ "cd" : "8443", "cdt2" : "", "nm" : "Elei¿¿o Ordin¿ria  - 2020 - 7761 1¿ Turno", "t" : "1", "tp" : "3", "abr" : [ 
{ "cd" : "BR", "cp" : [ 
{ "cd" : "11", "ds" : "Prefeito", "tp" : "1" }, 
{ "cd" : "13", "ds" : "Vereador", "tp" : "2" } ] } ] } ] }, 
{ "cd" : "7776", "cdpr" : "6947", "dt" : "02/08/2020", "dtlim" : "05/06/2022", "e" : [  ] }, 
{ "cd" : "7772", "cdpr" : "6945", "dt" : "05/07/2020", "dtlim" : "05/06/2022", "e" : [  ] }, 
{ "cd" : "7773", "cdpr" : "6945", "dt" : "26/07/2020", "dtlim" : "26/06/2022", "e" : [  ] }, 
{ "cd" : "7766", "cdpr" : "6942", "dt" : "17/06/2020", "dtlim" : "05/06/2022", "e" : [  ] }, 
{ "cd" : "7737", "cdpr" : "6926", "dt" : "13/09/2020", "dtlim" : "13/08/2022", "e" : [ 
{ "cd" : "8420", "cdt2" : "", "nm" : "Elei¿¿o Suplementar - Morros - 7737", "t" : "1", "tp" : "4", "abr" : [ 
{ "cd" : "MA", "mu" : [ 
{ "cd" : "08419", "cdi" : "" } ], "cp" : [ 
{ "cd" : "11", "ds" : "Prefeito", "tp" : "1" } ] } ] } ] }, 
{ "cd" : "7774", "cdpr" : "6946", "dt" : "05/07/2020", "dtlim" : "05/06/2022", "e" : [  ] }, 
{ "cd" : "7759", "cdpr" : "6938", "dt" : "21/06/2020", "dtlim" : "21/05/2022", "e" : [  ] }, 
{ "cd" : "7781", "cdpr" : "6950", "dt" : "23/07/2020", "dtlim" : "02/07/2022", "e" : [ 
{ "cd" : "8462", "cdt2" : "8463", "nm" : "Elei¿¿o Ordin¿ria  - 2020 - 7781 1¿ Turno", "t" : "1", "tp" : "3", "abr" : [ 
{ "cd" : "BR", "cp" : [ 
{ "cd" : "11", "ds" : "Prefeito", "tp" : "1" }, 
{ "cd" : "13", "ds" : "Vereador", "tp" : "2" } ] } ] } ] }, 
{ "cd" : "7783", "cdpr" : "6951", "dt" : "03/09/2020", "dtlim" : "26/06/2022", "e" : [  ] }, 
{ "cd" : "7784", "cdpr" : "6951", "dt" : "10/09/2020", "dtlim" : "09/07/2022", "e" : [ 
{ "cd" : "8465", "cdt2" : "", "nm" : "Elei¿¿o Ordin¿ria  - 2020 - 7784 2¿ Turno", "t" : "2", "tp" : "3", "abr" : [ 
{ "cd" : "GO", "mu" : [ 
{ "cd" : "92215", "cdi" : "5201108" } ], "cp" : [ 
{ "cd" : "11", "ds" : "Prefeito", "tp" : "1" } ] } ] } ] }, 
{ "cd" : "7787", "cdpr" : "6953", "dt" : "28/06/2020", "dtlim" : "28/05/2022", "e" : [  ] }, 
{ "cd" : "7789", "cdpr" : "6954", "dt" : "09/08/2020", "dtlim" : "26/06/2022", "e" : [  ] }, 
{ "cd" : "7795", "cdpr" : "6957", "dt" : "25/07/2020", "dtlim" : "10/06/2022", "e" : [ 
{ "cd" : "8481", "cdt2" : "", "nm" : "Elei¿¿o Ordin¿ria  - 2020 - 7795 2¿ Turno", "t" : "2", "tp" : "3", "abr" : [ 
{ "cd" : "AM", "mu" : [ 
{ "cd" : "02550", "cdi" : "1302603" } ], "cp" : [ 
{ "cd" : "11", "ds" : "Prefeito", "tp" : "1" } ] } ] } ] }, 
{ "cd" : "7792", "cdpr" : "6956", "dt" : "03/09/2020", "dtlim" : "26/06/2022", "e" : [  ] }, 
{ "cd" : "7803", "cdpr" : "6962", "dt" : "28/07/2020", "dtlim" : "26/06/2022", "e" : [ 
{ "cd" : "8492", "cdt2" : "", "nm" : "Elei¿¿o Suplementar - Acre - 7803", "t" : "1", "tp" : "2", "abr" : [ 
{ "cd" : "AC", "cp" : [ 
{ "cd" : "5", "ds" : "Senador", "tp" : "1" } ] } ] } ] }, 
{ "cd" : "7793", "cdpr" : "6956", "dt" : "10/09/2020", "dtlim" : "09/07/2022", "e" : [ 
{ "cd" : "8479", "cdt2" : "", "nm" : "Elei¿¿o Suplementar - Acre - 7793", "t" : "2", "tp" : "2", "abr" : [ 
{ "cd" : "AC", "cp" : [ 
{ "cd" : "3", "ds" : "Governador", "tp" : "1" } ] } ] }, 
{ "cd" : "8477", "cdt2" : "", "nm" : "Elei¿¿o Ordin¿ria  - 2020 - 7793 2¿ Turno", "t" : "2", "tp" : "3", "abr" : [ 
{ "cd" : "AC", "mu" : [ 
{ "cd" : "01392", "cdi" : "1200401" } ], "cp" : [ 
{ "cd" : "11", "ds" : "Prefeito", "tp" : "1" } ] } ] } ] }, 
{ "cd" : "7794", "cdpr" : "6957", "dt" : "05/07/2020", "dtlim" : "26/05/2022", "e" : [  ] }, 
{ "cd" : "7798", "cdpr" : "6959", "dt" : "25/07/2020", "dtlim" : "29/05/2022", "e" : [ 
{ "cd" : "8486", "cdt2" : "", "nm" : "Consulta Popular - Campina Grande - 7798", "t" : "1", "tp" : "7", "abr" : [ 
{ "cd" : "PB", "mu" : [ 
{ "cd" : "19810", "cdi" : "2504009" } ], "cp" : [ 
{ "cd" : "58", "ds" : "Você é a favor da realização da consulta popular em questão?", "tp" : "3" } ] } ] } ] }, 
{ "cd" : "7806", "cdpr" : "6964", "dt" : "26/07/2020", "dtlim" : "26/06/2022", "e" : [  ] }, 
{ "cd" : "7822", "cdpr" : "6973", "dt" : "30/08/2020", "dtlim" : "10/06/2022", "e" : [ 
{ "cd" : "8521", "cdt2" : "", "nm" : "Elei¿¿o Suplementar - Vilhena - 7822", "t" : "1", "tp" : "4", "abr" : [ 
{ "cd" : "RO", "mu" : [ 
{ "cd" : "00132", "cdi" : "1100304" } ], "cp" : [ 
{ "cd" : "11", "ds" : "Prefeito", "tp" : "1" } ] } ] } ] }, 
{ "cd" : "7827", "cdpr" : "6976", "dt" : "19/07/2020", "dtlim" : "19/06/2022", "e" : [ 
{ "cd" : "8530", "cdt2" : "8531", "nm" : "Elei¿¿o Ordin¿ria  - 2020 - 7827 1¿ Turno", "t" : "1", "tp" : "3", "abr" : [ 
{ "cd" : "BR", "cp" : [ 
{ "cd" : "11", "ds" : "Prefeito", "tp" : "1" }, 
{ "cd" : "13", "ds" : "Vereador", "tp" : "2" } ] } ] } ] }, 
{ "cd" : "7796", "cdpr" : "6958", "dt" : "15/07/2020", "dtlim" : "12/06/2022", "e" : [ 
{ "cd" : "8482", "cdt2" : "8483", "nm" : "Elei¿¿o Ordin¿ria  - 2020 - 7796 1¿ Turno", "t" : "1", "tp" : "3", "abr" : [ 
{ "cd" : "BR", "cp" : [ 
{ "cd" : "11", "ds" : "Prefeito", "tp" : "1" }, 
{ "cd" : "13", "ds" : "Vereador", "tp" : "2" } ] } ] } ] }, 
{ "cd" : "7797", "cdpr" : "6958", "dt" : "23/07/2020", "dtlim" : "23/06/2022", "e" : [ 
{ "cd" : "8483", "cdt2" : "", "nm" : "Elei¿¿o Ordin¿ria  - 2020 - 7797 2¿ Turno", "t" : "2", "tp" : "3", "abr" : [ 
{ "cd" : "MG", "mu" : [ 
{ "cd" : "41335", "cdi" : "3106705" } ], "cp" : [ 
{ "cd" : "11", "ds" : "Prefeito", "tp" : "1" } ] }, 
{ "cd" : "SC", "mu" : [ 
{ "cd" : "81051", "cdi" : "4205407" } ], "cp" : [ 
{ "cd" : "11", "ds" : "Prefeito", "tp" : "1" } ] } ] } ] }, 
{ "cd" : "7808", "cdpr" : "6965", "dt" : "16/07/2020", "dtlim" : "16/06/2022", "e" : [ 
{ "cd" : "8500", "cdt2" : "8501", "nm" : "Elei¿¿o Ordin¿ria  - 2020 - 7808 1¿ Turno", "t" : "1", "tp" : "3", "abr" : [ 
{ "cd" : "BR", "cp" : [ 
{ "cd" : "11", "ds" : "Prefeito", "tp" : "1" }, 
{ "cd" : "13", "ds" : "Vereador", "tp" : "2" } ] } ] } ] }, 
{ "cd" : "7831", "cdpr" : "6978", "dt" : "16/08/2020", "dtlim" : "16/07/2022", "e" : [ 
{ "cd" : "8534", "cdt2" : "8535", "nm" : "Elei¿¿o Ordin¿ria  - 2020 - 7831 1¿ Turno", "t" : "1", "tp" : "3", "abr" : [ 
{ "cd" : "BR", "cp" : [ 
{ "cd" : "11", "ds" : "Prefeito", "tp" : "1" }, 
{ "cd" : "13", "ds" : "Vereador", "tp" : "2" } ] } ] } ] }, 
{ "cd" : "7844", "cdpr" : "6986", "dt" : "19/07/2020", "dtlim" : "19/06/2022", "e" : [ 
{ "cd" : "8548", "cdt2" : "8549", "nm" : "Elei¿¿o Ordin¿ria  - 2020 - 7844 1¿ Turno", "t" : "1", "tp" : "3", "abr" : [ 
{ "cd" : "BR", "cp" : [ 
{ "cd" : "11", "ds" : "Prefeito", "tp" : "1" }, 
{ "cd" : "13", "ds" : "Vereador", "tp" : "2" } ] } ] } ] }, 
{ "cd" : "7848", "cdpr" : "6988", "dt" : "19/07/2020", "dtlim" : "19/06/2022", "e" : [ 
{ "cd" : "8554", "cdt2" : "8555", "nm" : "Elei¿¿o Ordin¿ria  - 2020 - 7848 1¿ Turno", "t" : "1", "tp" : "3", "abr" : [ 
{ "cd" : "BR", "cp" : [ 
{ "cd" : "11", "ds" : "Prefeito", "tp" : "1" }, 
{ "cd" : "13", "ds" : "Vereador", "tp" : "2" } ] } ] } ] }, 
{ "cd" : "7815", "cdpr" : "6969", "dt" : "23/07/2020", "dtlim" : "23/06/2022", "e" : [ 
{ "cd" : "8512", "cdt2" : "8513", "nm" : "Elei¿¿o Ordin¿ria  - 2020 - 7815 1¿ Turno", "t" : "1", "tp" : "3", "abr" : [ 
{ "cd" : "BR", "cp" : [ 
{ "cd" : "11", "ds" : "Prefeito", "tp" : "1" }, 
{ "cd" : "13", "ds" : "Vereador", "tp" : "2" } ] } ] }, 
{ "cd" : "8514", "cdt2" : "8515", "nm" : "Consulta Popular - Campina Grande - 7815", "t" : "1", "tp" : "7", "abr" : [ 
{ "cd" : "PB", "mu" : [ 
{ "cd" : "19810", "cdi" : "2504009" } ], "cp" : [ 
{ "cd" : "58", "ds" : "Você é a favor da realização da consulta popular em questão? ", "tp" : "3" } ] } ] } ] }, 
{ "cd" : "7838", "cdpr" : "6983", "dt" : "16/08/2020", "dtlim" : "16/07/2022", "e" : [ 
{ "cd" : "8542", "cdt2" : "8543", "nm" : "Elei¿¿o Ordin¿ria  - 2020 - 7838 1¿ Turno", "t" : "1", "tp" : "3", "abr" : [ 
{ "cd" : "BR", "cp" : [ 
{ "cd" : "11", "ds" : "Prefeito", "tp" : "1" }, 
{ "cd" : "13", "ds" : "Vereador", "tp" : "2" } ] } ] } ] }, 
{ "cd" : "7801", "cdpr" : "6961", "dt" : "18/07/2020", "dtlim" : "15/06/2022", "e" : [ 
{ "cd" : "8488", "cdt2" : "8489", "nm" : "Elei¿¿o Ordin¿ria  - 2020 - 7801 1¿ Turno", "t" : "1", "tp" : "3", "abr" : [ 
{ "cd" : "BR", "cp" : [ 
{ "cd" : "11", "ds" : "Prefeito", "tp" : "1" }, 
{ "cd" : "13", "ds" : "Vereador", "tp" : "2" } ] } ] } ] }, 
{ "cd" : "7857", "cdpr" : "6993", "dt" : "01/08/2020", "dtlim" : "01/07/2022", "e" : [ 
{ "cd" : "8563", "cdt2" : "8564", "nm" : "Elei¿¿o Ordin¿ria  - 2020 - 7857 1¿ Turno", "t" : "1", "tp" : "3", "abr" : [ 
{ "cd" : "BR", "cp" : [ 
{ "cd" : "11", "ds" : "Prefeito", "tp" : "1" }, 
{ "cd" : "13", "ds" : "Vereador", "tp" : "2" } ] } ] } ] }, 
{ "cd" : "7813", "cdpr" : "6968", "dt" : "28/09/2020", "dtlim" : "23/06/2022", "e" : [ 
{ "cd" : "8510", "cdt2" : "8511", "nm" : "Elei¿¿o Ordin¿ria  - 2020 - 7813 1¿ Turno", "t" : "1", "tp" : "3", "abr" : [ 
{ "cd" : "BR", "cp" : [ 
{ "cd" : "11", "ds" : "Prefeito", "tp" : "1" }, 
{ "cd" : "13", "ds" : "Vereador", "tp" : "2" } ] } ] } ] }, 
{ "cd" : "7818", "cdpr" : "6971", "dt" : "23/07/2020", "dtlim" : "23/06/2022", "e" : [ 
{ "cd" : "8524", "cdt2" : "8525", "nm" : "Elei¿¿o Suplementar - Mato Grosso - 7818", "t" : "1", "tp" : "2", "abr" : [ 
{ "cd" : "MT", "cp" : [ 
{ "cd" : "5", "ds" : "Senador", "tp" : "1" } ] } ] }, 
{ "cd" : "8517", "cdt2" : "8518", "nm" : "Elei¿¿o Ordin¿ria  - 2020 - 7818 1¿ Turno", "t" : "1", "tp" : "3", "abr" : [ 
{ "cd" : "BR", "cp" : [ 
{ "cd" : "11", "ds" : "Prefeito", "tp" : "1" }, 
{ "cd" : "13", "ds" : "Vereador", "tp" : "2" } ] } ] } ] }, 
{ "cd" : "7835", "cdpr" : "6981", "dt" : "23/07/2020", "dtlim" : "23/06/2022", "e" : [ 
{ "cd" : "8539", "cdt2" : "", "nm" : "Elei¿¿o Suplementar - Vilhena - 7835", "t" : "1", "tp" : "4", "abr" : [ 
{ "cd" : "RO", "mu" : [ 
{ "cd" : "00132", "cdi" : "1100304" } ], "cp" : [ 
{ "cd" : "11", "ds" : "Prefeito", "tp" : "1" } ] } ] } ] }, 
{ "cd" : "7850", "cdpr" : "6989", "dt" : "27/07/2020", "dtlim" : "27/06/2022", "e" : [ 
{ "cd" : "8556", "cdt2" : "8557", "nm" : "Elei¿¿o Ordin¿ria  - 2020 - 7850 1¿ Turno", "t" : "1", "tp" : "3", "abr" : [ 
{ "cd" : "BR", "cp" : [ 
{ "cd" : "11", "ds" : "Prefeito", "tp" : "1" }, 
{ "cd" : "13", "ds" : "Vereador", "tp" : "2" } ] } ] } ] }, 
{ "cd" : "7869", "cdpr" : "7000", "dt" : "09/08/2020", "dtlim" : "09/07/2022", "e" : [ 
{ "cd" : "8577", "cdt2" : "", "nm" : "Consulta Popular - Brasil - 7869", "t" : "1", "tp" : "5", "abr" : [ 
{ "cd" : "BR", "cp" : [ 
{ "cd" : "57", "ds" : "Você é a favor da redução do tempo das partidas de futebol? ", "tp" : "3" } ] } ] } ] }, 
{ "cd" : "7852", "cdpr" : "6990", "dt" : "30/08/2020", "dtlim" : "30/07/2022", "e" : [ 
{ "cd" : "8558", "cdt2" : "8559", "nm" : "Elei¿¿o Ordin¿ria  - 2020 - 7852 1¿ Turno", "t" : "1", "tp" : "3", "abr" : [ 
{ "cd" : "BR", "cp" : [ 
{ "cd" : "11", "ds" : "Prefeito", "tp" : "1" }, 
{ "cd" : "13", "ds" : "Vereador", "tp" : "2" } ] } ] } ] }, 
{ "cd" : "7872", "cdpr" : "7002", "dt" : "06/09/2020", "dtlim" : "06/08/2022", "e" : [ 
{ "cd" : "8580", "cdt2" : "8581", "nm" : "Elei¿¿o Ordin¿ria  - 2020 - 7872 1¿ Turno", "t" : "1", "tp" : "3", "abr" : [ 
{ "cd" : "BR", "cp" : [ 
{ "cd" : "11", "ds" : "Prefeito", "tp" : "1" }, 
{ "cd" : "13", "ds" : "Vereador", "tp" : "2" } ] } ] } ] }, 
{ "cd" : "7825", "cdpr" : "6975", "dt" : "30/07/2020", "dtlim" : "30/06/2022", "e" : [ 
{ "cd" : "8526", "cdt2" : "8527", "nm" : "Elei¿¿o Ordin¿ria  - 2020 - 7825 1¿ Turno", "t" : "1", "tp" : "3", "abr" : [ 
{ "cd" : "BR", "cp" : [ 
{ "cd" : "11", "ds" : "Prefeito", "tp" : "1" }, 
{ "cd" : "13", "ds" : "Vereador", "tp" : "2" } ] } ] }, 
{ "cd" : "8528", "cdt2" : "", "nm" : "Elei¿¿o Suplementar - Rio De Janeiro - 7825", "t" : "1", "tp" : "2", "abr" : [ 
{ "cd" : "RJ", "cp" : [ 
{ "cd" : "3", "ds" : "Governador", "tp" : "1" } ] } ] } ] }, 
{ "cd" : "7836", "cdpr" : "6982", "dt" : "31/08/2020", "dtlim" : "16/07/2022", "e" : [ 
{ "cd" : "8540", "cdt2" : "8541", "nm" : "Elei¿¿o Ordin¿ria  - 2020 - 7836 1¿ Turno", "t" : "1", "tp" : "3", "abr" : [ 
{ "cd" : "BR", "cp" : [ 
{ "cd" : "11", "ds" : "Prefeito", "tp" : "1" }, 
{ "cd" : "13", "ds" : "Vereador", "tp" : "2" } ] } ] } ] }, 
{ "cd" : "7866", "cdpr" : "6998", "dt" : "20/09/2020", "dtlim" : "15/10/2022", "e" : [ 
{ "cd" : "8574", "cdt2" : "8575", "nm" : "Elei¿¿o Ordin¿ria  - 2020 - 7866 1¿ Turno", "t" : "1", "tp" : "3", "abr" : [ 
{ "cd" : "BR", "cp" : [ 
{ "cd" : "11", "ds" : "Prefeito", "tp" : "1" }, 
{ "cd" : "13", "ds" : "Vereador", "tp" : "2" } ] } ] } ] }, 
{ "cd" : "275", "cdpr" : "268", "dt" : "07/07/2019", "dtlim" : "07/06/2021", "e" : [  ] }, 
{ "cd" : "7890", "cdpr" : "7012", "dt" : "20/09/2020", "dtlim" : "20/08/2022", "e" : [ 
{ "cd" : "8601", "cdt2" : "8602", "nm" : "Elei¿¿o Ordin¿ria  - 2020 - 7890 1¿ Turno", "t" : "1", "tp" : "3", "abr" : [ 
{ "cd" : "BR", "cp" : [ 
{ "cd" : "11", "ds" : "Prefeito", "tp" : "1" }, 
{ "cd" : "13", "ds" : "Vereador", "tp" : "2" } ] } ] } ] }, 
{ "cd" : "7892", "cdpr" : "7013", "dt" : "20/09/2020", "dtlim" : "20/08/2022", "e" : [ 
{ "cd" : "8605", "cdt2" : "", "nm" : "Consulta Popular - Betim - 7892", "t" : "1", "tp" : "7", "abr" : [ 
{ "cd" : "MG", "mu" : [ 
{ "cd" : "41335", "cdi" : "3106705" } ], "cp" : [ 
{ "cd" : "56", "ds" : "Você é a favor do desarmamento?", "tp" : "3" } ] } ] }, 
{ "cd" : "8603", "cdt2" : "8604", "nm" : "Elei¿¿o Ordin¿ria  - 2020 - 7892 1¿ Turno", "t" : "1", "tp" : "3", "abr" : [ 
{ "cd" : "BR", "cp" : [ 
{ "cd" : "11", "ds" : "Prefeito", "tp" : "1" }, 
{ "cd" : "13", "ds" : "Vereador", "tp" : "2" } ] } ] } ] }, 
{ "cd" : "7883", "cdpr" : "7008", "dt" : "06/09/2020", "dtlim" : "06/08/2022", "e" : [ 
{ "cd" : "8593", "cdt2" : "8594", "nm" : "Elei¿¿o Ordin¿ria  - 2020 - 7883 1¿ Turno", "t" : "1", "tp" : "3", "abr" : [ 
{ "cd" : "BR", "cp" : [ 
{ "cd" : "11", "ds" : "Prefeito", "tp" : "1" }, 
{ "cd" : "13", "ds" : "Vereador", "tp" : "2" } ] } ] } ] }, 
{ "cd" : "7894", "cdpr" : "7014", "dt" : "16/09/2020", "dtlim" : "20/08/2022", "e" : [ 
{ "cd" : "8607", "cdt2" : "8608", "nm" : "Elei¿¿o Ordin¿ria  - 2020 - 7894 1¿ Turno", "t" : "1", "tp" : "3", "abr" : [ 
{ "cd" : "BR", "cp" : [ 
{ "cd" : "11", "ds" : "Prefeito", "tp" : "1" }, 
{ "cd" : "13", "ds" : "Vereador", "tp" : "2" } ] } ] } ] }, 
{ "cd" : "7887", "cdpr" : "7010", "dt" : "29/09/2020", "dtlim" : "20/08/2022", "e" : [ 
{ "cd" : "8597", "cdt2" : "", "nm" : "Elei¿¿o Suplementar - Acre - 7887", "t" : "1", "tp" : "2", "abr" : [ 
{ "cd" : "AC", "cp" : [ 
{ "cd" : "5", "ds" : "Senador", "tp" : "1" } ] } ] } ] }, 
{ "cd" : "7888", "cdpr" : "7011", "dt" : "08/09/2020", "dtlim" : "20/08/2022", "e" : [ 
{ "cd" : "8600", "cdt2" : "", "nm" : "Consulta Popular - Macapá - 7888", "t" : "1", "tp" : "7", "abr" : [ 
{ "cd" : "AP", "mu" : [ 
{ "cd" : "06050", "cdi" : "1600303" } ], "cp" : [ 
{ "cd" : "50", "ds" : "Você é feliz?", "tp" : "3" } ] } ] }, 
{ "cd" : "8598", "cdt2" : "8599", "nm" : "Elei¿¿o Suplementar - Amapá - 7888", "t" : "1", "tp" : "2", "abr" : [ 
{ "cd" : "AP", "cp" : [ 
{ "cd" : "3", "ds" : "Governador", "tp" : "1" } ] } ] } ] }, 
{ "cd" : "7900", "cdpr" : "7017", "dt" : "26/09/2020", "dtlim" : "15/10/2022", "e" : [ 
{ "cd" : "8614", "cdt2" : "8615", "nm" : "Elei¿¿o Ordin¿ria  - 2020 - 7900 1¿ Turno", "t" : "1", "tp" : "3", "abr" : [ 
{ "cd" : "BR", "cp" : [ 
{ "cd" : "11", "ds" : "Prefeito", "tp" : "1" }, 
{ "cd" : "13", "ds" : "Vereador", "tp" : "2" } ] } ] } ] }, 
{ "cd" : "7904", "cdpr" : "7019", "dt" : "18/09/2020", "dtlim" : "15/10/2022", "e" : [ 
{ "cd" : "8619", "cdt2" : "8620", "nm" : "Elei¿¿o Ordin¿ria  - 2020 - 7904 1¿ Turno", "t" : "1", "tp" : "3", "abr" : [ 
{ "cd" : "BR", "cp" : [ 
{ "cd" : "11", "ds" : "Prefeito", "tp" : "1" }, 
{ "cd" : "13", "ds" : "Vereador", "tp" : "2" } ] } ] } ] }, 
{ "cd" : "7914", "cdpr" : "7024", "dt" : "27/08/2020", "dtlim" : "27/07/2022", "e" : [ 
{ "cd" : "8629", "cdt2" : "8630", "nm" : "Elei¿¿o Ordin¿ria  - 2020 - 7914 1¿ Turno", "t" : "1", "tp" : "3", "abr" : [ 
{ "cd" : "BR", "cp" : [ 
{ "cd" : "11", "ds" : "Prefeito", "tp" : "1" }, 
{ "cd" : "13", "ds" : "Vereador", "tp" : "2" } ] } ] }, 
{ "cd" : "8631", "cdt2" : "", "nm" : "Consulta Popular - Holambra - 7914", "t" : "1", "tp" : "7", "abr" : [ 
{ "cd" : "SP", "mu" : [ 
{ "cd" : "61743", "cdi" : "3519055" } ], "cp" : [ 
{ "cd" : "58", "ds" : "Você é a favor da realização da consulta popular em questão?", "tp" : "3" } ] } ] } ] }, 
{ "cd" : "7896", "cdpr" : "7015", "dt" : "27/08/2020", "dtlim" : "27/07/2022", "e" : [ 
{ "cd" : "8611", "cdt2" : "", "nm" : "Elei¿¿o Suplementar - Mato Grosso - 7896", "t" : "1", "tp" : "2", "abr" : [ 
{ "cd" : "MT", "cp" : [ 
{ "cd" : "5", "ds" : "Senador", "tp" : "1" } ] } ] }, 
{ "cd" : "8609", "cdt2" : "8610", "nm" : "Elei¿¿o Ordin¿ria  - 2020 - 7896 1¿ Turno", "t" : "1", "tp" : "3", "abr" : [ 
{ "cd" : "BR", "cp" : [ 
{ "cd" : "11", "ds" : "Prefeito", "tp" : "1" }, 
{ "cd" : "13", "ds" : "Vereador", "tp" : "2" } ] } ] } ] }, 
{ "cd" : "7897", "cdpr" : "7015", "dt" : "29/08/2020", "dtlim" : "03/08/2022", "e" : [ 
{ "cd" : "8610", "cdt2" : "", "nm" : "Elei¿¿o Ordin¿ria  - 2020 - 7897 2¿ Turno", "t" : "2", "tp" : "3", "abr" : [ 
{ "cd" : "AM", "mu" : [ 
{ "cd" : "02550", "cdi" : "1302603" } ], "cp" : [ 
{ "cd" : "11", "ds" : "Prefeito", "tp" : "1" } ] }, 
{ "cd" : "RN", "mu" : [ 
{ "cd" : "17612", "cdi" : "2408102" } ], "cp" : [ 
{ "cd" : "11", "ds" : "Prefeito", "tp" : "1" } ] }, 
{ "cd" : "RO", "mu" : [ 
{ "cd" : "00035", "cdi" : "1100205" } ], "cp" : [ 
{ "cd" : "11", "ds" : "Prefeito", "tp" : "1" } ] }, 
{ "cd" : "GO", "mu" : [ 
{ "cd" : "92215", "cdi" : "5201108" } ], "cp" : [ 
{ "cd" : "11", "ds" : "Prefeito", "tp" : "1" } ] }, 
{ "cd" : "MS", "mu" : [ 
{ "cd" : "90514", "cdi" : "5002704" } ], "cp" : [ 
{ "cd" : "11", "ds" : "Prefeito", "tp" : "1" } ] }, 
{ "cd" : "MT", "mu" : [ 
{ "cd" : "90670", "cdi" : "5103403" } ], "cp" : [ 
{ "cd" : "11", "ds" : "Prefeito", "tp" : "1" } ] }, 
{ "cd" : "ES", "mu" : [ 
{ "cd" : "57053", "cdi" : "3205309" } ], "cp" : [ 
{ "cd" : "11", "ds" : "Prefeito", "tp" : "1" } ] }, 
{ "cd" : "MA", "mu" : [ 
{ "cd" : "09210", "cdi" : "2111300" } ], "cp" : [ 
{ "cd" : "11", "ds" : "Prefeito", "tp" : "1" } ] }, 
{ "cd" : "PA", "mu" : [ 
{ "cd" : "05355", "cdi" : "1506807" } ], "cp" : [ 
{ "cd" : "11", "ds" : "Prefeito", "tp" : "1" } ] }, 
{ "cd" : "RS", "mu" : [ 
{ "cd" : "85898", "cdi" : "4304606" } ], "cp" : [ 
{ "cd" : "11", "ds" : "Prefeito", "tp" : "1" } ] }, 
{ "cd" : "AC", "mu" : [ 
{ "cd" : "01392", "cdi" : "1200401" } ], "cp" : [ 
{ "cd" : "11", "ds" : "Prefeito", "tp" : "1" } ] }, 
{ "cd" : "PR", "mu" : [ 
{ "cd" : "74934", "cdi" : "4104808" } ], "cp" : [ 
{ "cd" : "11", "ds" : "Prefeito", "tp" : "1" } ] }, 
{ "cd" : "SC", "mu" : [ 
{ "cd" : "80470", "cdi" : "4202404" } ], "cp" : [ 
{ "cd" : "11", "ds" : "Prefeito", "tp" : "1" } ] }, 
{ "cd" : "BA", "mu" : [ 
{ "cd" : "39659", "cdi" : "2933307" } ], "cp" : [ 
{ "cd" : "11", "ds" : "Prefeito", "tp" : "1" } ] }, 
{ "cd" : "PB", "mu" : [ 
{ "cd" : "19810", "cdi" : "2504009" } ], "cp" : [ 
{ "cd" : "11", "ds" : "Prefeito", "tp" : "1" } ] }, 
{ "cd" : "RJ", "mu" : [ 
{ "cd" : "58777", "cdi" : "3303906" } ], "cp" : [ 
{ "cd" : "11", "ds" : "Prefeito", "tp" : "1" } ] }, 
{ "cd" : "RR", "mu" : [ 
{ "cd" : "03018", "cdi" : "1400100" } ], "cp" : [ 
{ "cd" : "11", "ds" : "Prefeito", "tp" : "1" } ] }, 
{ "cd" : "SP", "mu" : [ 
{ "cd" : "62197", "cdi" : "3506003" } ], "cp" : [ 
{ "cd" : "11", "ds" : "Prefeito", "tp" : "1" } ] } ] } ] }, 
{ "cd" : "7889", "cdpr" : "7011", "dt" : "10/10/2020", "dtlim" : "04/09/2022", "e" : [ 
{ "cd" : "8599", "cdt2" : "", "nm" : "Elei¿¿o Suplementar - Amapá - 7889", "t" : "2", "tp" : "2", "abr" : [ 
{ "cd" : "AP", "cp" : [ 
{ "cd" : "3", "ds" : "Governador", "tp" : "1" } ] } ] } ] }, 
{ "cd" : "7906", "cdpr" : "7020", "dt" : "15/11/2020", "dtlim" : "15/10/2022", "e" : [ 
{ "cd" : "8621", "cdt2" : "8622", "nm" : "Elei¿¿o Ordin¿ria  - 2020 - 7906 1¿ Turno", "t" : "1", "tp" : "3", "abr" : [ 
{ "cd" : "BR", "cp" : [ 
{ "cd" : "11", "ds" : "Prefeito", "tp" : "1" }, 
{ "cd" : "13", "ds" : "Vereador", "tp" : "2" } ] } ] } ] }, 
{ "cd" : "7912", "cdpr" : "7023", "dt" : "01/10/2020", "dtlim" : "04/09/2022", "e" : [ 
{ "cd" : "8627", "cdt2" : "8628", "nm" : "Elei¿¿o Ordin¿ria  - 2020 - 7912 1¿ Turno", "t" : "1", "tp" : "3", "abr" : [ 
{ "cd" : "BR", "cp" : [ 
{ "cd" : "11", "ds" : "Prefeito", "tp" : "1" }, 
{ "cd" : "13", "ds" : "Vereador", "tp" : "2" } ] } ] } ] }, 
{ "cd" : "7918", "cdpr" : "7026", "dt" : "06/09/2020", "dtlim" : "06/08/2022", "e" : [ 
{ "cd" : "8634", "cdt2" : "8635", "nm" : "Elei¿¿o Ordin¿ria  - 2020 - 7918 1¿ Turno", "t" : "1", "tp" : "3", "abr" : [ 
{ "cd" : "BR", "cp" : [ 
{ "cd" : "11", "ds" : "Prefeito", "tp" : "1" }, 
{ "cd" : "13", "ds" : "Vereador", "tp" : "2" } ] } ] } ] }, 
{ "cd" : "7957", "cdpr" : "7046", "dt" : "18/10/2020", "dtlim" : "18/09/2022", "e" : [ 
{ "cd" : "8680", "cdt2" : "8681", "nm" : "Elei¿¿o Ordin¿ria  - 2020 - 7957 1¿ Turno", "t" : "1", "tp" : "3", "abr" : [ 
{ "cd" : "BR", "cp" : [ 
{ "cd" : "11", "ds" : "Prefeito", "tp" : "1" }, 
{ "cd" : "13", "ds" : "Vereador", "tp" : "2" } ] } ] } ] }, 
{ "cd" : "7963", "cdpr" : "7049", "dt" : "13/09/2020", "dtlim" : "13/08/2022", "e" : [ 
{ "cd" : "8685", "cdt2" : "", "nm" : "Elei¿¿o Suplementar - Morros - 7963", "t" : "1", "tp" : "4", "abr" : [ 
{ "cd" : "MA", "mu" : [ 
{ "cd" : "08419", "cdi" : "2107100" } ], "cp" : [ 
{ "cd" : "11", "ds" : "Prefeito", "tp" : "1" } ] } ] } ] }, 
{ "cd" : "7961", "cdpr" : "7048", "dt" : "04/10/2020", "dtlim" : "27/08/2022", "e" : [ 
{ "cd" : "8686", "cdt2" : "", "nm" : "Elei¿¿o Suplementar - Mato Grosso - 7961", "t" : "1", "tp" : "2", "abr" : [ 
{ "cd" : "MT", "cp" : [ 
{ "cd" : "5", "ds" : "Senador", "tp" : "1" } ] } ] }, 
{ "cd" : "8707", "cdt2" : "8708", "nm" : "Elei¿¿o Ordin¿ria  - 2020 - 7961 1¿ Turno", "t" : "1", "tp" : "3", "abr" : [ 
{ "cd" : "BR", "cp" : [ 
{ "cd" : "11", "ds" : "Prefeito", "tp" : "1" }, 
{ "cd" : "13", "ds" : "Vereador", "tp" : "2" } ] } ] }, 
{ "cd" : "8684", "cdt2" : "", "nm" : "Consulta Popular - Itaituba - 7961", "t" : "1", "tp" : "7", "abr" : [ 
{ "cd" : "PA", "mu" : [ 
{ "cd" : "04715", "cdi" : "1503606" } ], "cp" : [ 
{ "cd" : "51", "ds" : "Você é a favor da divisão do Município de Itaituba para a criação do Município de Moraes de Almeida?", "tp" : "3" } ] } ] } ] }, 
{ "cd" : "7922", "cdpr" : "7028", "dt" : "14/10/2020", "dtlim" : "20/08/2022", "e" : [ 
{ "cd" : "8638", "cdt2" : "8639", "nm" : "Elei¿¿o Ordin¿ria  - 2020 - 7922 1¿ Turno", "t" : "1", "tp" : "3", "abr" : [ 
{ "cd" : "BR", "cp" : [ 
{ "cd" : "11", "ds" : "Prefeito", "tp" : "1" }, 
{ "cd" : "13", "ds" : "Vereador", "tp" : "2" } ] } ] } ] }, 
{ "cd" : "7955", "cdpr" : "7045", "dt" : "28/09/2020", "dtlim" : "11/09/2022", "e" : [ 
{ "cd" : "8678", "cdt2" : "8679", "nm" : "Elei¿¿o Suplementar - Minas Gerais - 7955", "t" : "1", "tp" : "2", "abr" : [ 
{ "cd" : "MG", "cp" : [ 
{ "cd" : "5", "ds" : "Senador", "tp" : "1" } ] } ] }, 
{ "cd" : "8674", "cdt2" : "8675", "nm" : "Elei¿¿o Ordin¿ria  - 2020 - 7955 1¿ Turno", "t" : "1", "tp" : "3", "abr" : [ 
{ "cd" : "BR", "cp" : [ 
{ "cd" : "11", "ds" : "Prefeito", "tp" : "1" }, 
{ "cd" : "13", "ds" : "Vereador", "tp" : "2" } ] } ] }, 
{ "cd" : "8676", "cdt2" : "8677", "nm" : "Elei¿¿o Suplementar - Mato Grosso - 7955", "t" : "1", "tp" : "2", "abr" : [ 
{ "cd" : "MT", "cp" : [ 
{ "cd" : "3", "ds" : "Governador", "tp" : "1" } ] } ] } ] }, 
{ "cd" : "7972", "cdpr" : "7054", "dt" : "02/10/2020", "dtlim" : "25/09/2022", "e" : [ 
{ "cd" : "8701", "cdt2" : "8702", "nm" : "Elei¿¿o Ordin¿ria  - 2020 - 7972 1¿ Turno", "t" : "1", "tp" : "3", "abr" : [ 
{ "cd" : "BR", "cp" : [ 
{ "cd" : "11", "ds" : "Prefeito", "tp" : "1" }, 
{ "cd" : "13", "ds" : "Vereador", "tp" : "2" } ] } ] } ] }, 
{ "cd" : "7976", "cdpr" : "7056", "dt" : "04/10/2020", "dtlim" : "04/09/2022", "e" : [ 
{ "cd" : "8709", "cdt2" : "8710", "nm" : "Elei¿¿o Ordin¿ria  - 2020 - 7976 1¿ Turno", "t" : "1", "tp" : "3", "abr" : [ 
{ "cd" : "BR", "cp" : [ 
{ "cd" : "11", "ds" : "Prefeito", "tp" : "1" }, 
{ "cd" : "13", "ds" : "Vereador", "tp" : "2" } ] } ] } ] }, 
{ "cd" : "7988", "cdpr" : "7062", "dt" : "13/10/2020", "dtlim" : "25/09/2022", "e" : [ 
{ "cd" : "8727", "cdt2" : "8728", "nm" : "Elei¿¿o Suplementar - Mato Grosso - 7988", "t" : "1", "tp" : "2", "abr" : [ 
{ "cd" : "MT", "cp" : [ 
{ "cd" : "5", "ds" : "Senador", "tp" : "1" } ] } ] }, 
{ "cd" : "8725", "cdt2" : "8726", "nm" : "Elei¿¿o Ordin¿ria  - 2020 - 7988 1¿ Turno", "t" : "1", "tp" : "3", "abr" : [ 
{ "cd" : "BR", "cp" : [ 
{ "cd" : "11", "ds" : "Prefeito", "tp" : "1" }, 
{ "cd" : "13", "ds" : "Vereador", "tp" : "2" } ] } ] } ] }, 
{ "cd" : "7982", "cdpr" : "7059", "dt" : "06/10/2020", "dtlim" : "29/08/2022", "e" : [ 
{ "cd" : "8717", "cdt2" : "8718", "nm" : "Elei¿¿o Ordin¿ria  - 2020 - 7982 1¿ Turno", "t" : "1", "tp" : "3", "abr" : [ 
{ "cd" : "BR", "cp" : [ 
{ "cd" : "11", "ds" : "Prefeito", "tp" : "1" }, 
{ "cd" : "13", "ds" : "Vereador", "tp" : "2" } ] } ] }, 
{ "cd" : "8720", "cdt2" : "", "nm" : "Consulta Popular - Campina Grande - 7982", "t" : "1", "tp" : "7", "abr" : [ 
{ "cd" : "PB", "mu" : [ 
{ "cd" : "19810", "cdi" : "2504009" } ], "cp" : [ 
{ "cd" : "58", "ds" : "Você é a favor da realização da consulta popular em questão?", "tp" : "3" } ] } ] }, 
{ "cd" : "8719", "cdt2" : "", "nm" : "Elei¿¿o Suplementar - Mato Grosso - 7982", "t" : "1", "tp" : "2", "abr" : [ 
{ "cd" : "MT", "cp" : [ 
{ "cd" : "5", "ds" : "Senador", "tp" : "1" } ] } ] } ] }, 
{ "cd" : "7966", "cdpr" : "7051", "dt" : "15/11/2020", "dtlim" : "15/10/2022", "e" : [ 
{ "cd" : "8691", "cdt2" : "8692", "nm" : "Elei¿¿o Ordin¿ria  - 2020 - 7966 1¿ Turno", "t" : "1", "tp" : "3", "abr" : [ 
{ "cd" : "BR", "cp" : [ 
{ "cd" : "11", "ds" : "Prefeito", "tp" : "1" }, 
{ "cd" : "13", "ds" : "Vereador", "tp" : "2" } ] } ] }, 
{ "cd" : "8698", "cdt2" : "", "nm" : "Elei¿¿o Suplementar - Mato Grosso - 7966", "t" : "1", "tp" : "2", "abr" : [ 
{ "cd" : "MT", "cp" : [ 
{ "cd" : "5", "ds" : "Senador", "tp" : "1" } ] } ] } ] }, 
{ "cd" : "7990", "cdpr" : "7063", "dt" : "25/09/2020", "dtlim" : "25/08/2022", "e" : [ 
{ "cd" : "8729", "cdt2" : "8730", "nm" : "Elei¿¿o Ordin¿ria  - 2020 - 7990 1¿ Turno", "t" : "1", "tp" : "3", "abr" : [ 
{ "cd" : "BR", "cp" : [ 
{ "cd" : "11", "ds" : "Prefeito", "tp" : "1" }, 
{ "cd" : "13", "ds" : "Vereador", "tp" : "2" } ] } ] } ] }, 
{ "cd" : "7964", "cdpr" : "7050", "dt" : "15/11/2020", "dtlim" : "15/10/2022", "e" : [ 
{ "cd" : "8689", "cdt2" : "8690", "nm" : "Elei¿¿o Ordin¿ria  - 2020 - 7964 1¿ Turno", "t" : "1", "tp" : "3", "abr" : [ 
{ "cd" : "BR", "cp" : [ 
{ "cd" : "11", "ds" : "Prefeito", "tp" : "1" }, 
{ "cd" : "13", "ds" : "Vereador", "tp" : "2" } ] } ] } ] }, 
{ "cd" : "7951", "cdpr" : "7043", "dt" : "18/10/2020", "dtlim" : "18/09/2022", "e" : [ 
{ "cd" : "8670", "cdt2" : "8671", "nm" : "Elei¿¿o Ordin¿ria  - 2020 - 7951 1¿ Turno", "t" : "1", "tp" : "3", "abr" : [ 
{ "cd" : "BR", "cp" : [ 
{ "cd" : "11", "ds" : "Prefeito", "tp" : "1" }, 
{ "cd" : "13", "ds" : "Vereador", "tp" : "2" } ] } ] } ] }, 
{ "cd" : "7970", "cdpr" : "7053", "dt" : "15/11/2020", "dtlim" : "15/10/2022", "e" : [ 
{ "cd" : "8713", "cdt2" : "8714", "nm" : "Elei¿¿o Ordin¿ria  - 2020 - 7970 1¿ Turno", "t" : "1", "tp" : "3", "abr" : [ 
{ "cd" : "BR", "cp" : [ 
{ "cd" : "11", "ds" : "Prefeito", "tp" : "1" }, 
{ "cd" : "13", "ds" : "Vereador", "tp" : "2" } ] } ] } ] }, 
{ "cd" : "8006", "cdpr" : "7071", "dt" : "03/10/2020", "dtlim" : "01/10/2022", "e" : [ 
{ "cd" : "8759", "cdt2" : "", "nm" : "Consulta Popular - Anápolis - 8006", "t" : "1", "tp" : "7", "abr" : [ 
{ "cd" : "GO", "mu" : [ 
{ "cd" : "92215", "cdi" : "5201108" } ], "cp" : [ 
{ "cd" : "55", "ds" : "Você trabalha muito?", "tp" : "3" } ] } ] }, 
{ "cd" : "8757", "cdt2" : "8758", "nm" : "Elei¿¿o Suplementar - Goiás - 8006", "t" : "1", "tp" : "2", "abr" : [ 
{ "cd" : "GO", "cp" : [ 
{ "cd" : "5", "ds" : "Senador", "tp" : "1" } ] } ] }, 
{ "cd" : "8755", "cdt2" : "8756", "nm" : "Elei¿¿o Ordin¿ria  - 2020 - 8006 1¿ Turno", "t" : "1", "tp" : "3", "abr" : [ 
{ "cd" : "BR", "cp" : [ 
{ "cd" : "11", "ds" : "Prefeito", "tp" : "1" }, 
{ "cd" : "13", "ds" : "Vereador", "tp" : "2" } ] } ] } ] }, 
{ "cd" : "7978", "cdpr" : "7057", "dt" : "18/10/2020", "dtlim" : "15/10/2022", "e" : [ 
{ "cd" : "8711", "cdt2" : "8712", "nm" : "Elei¿¿o Ordin¿ria  - 2020 - 7978 1¿ Turno", "t" : "1", "tp" : "3", "abr" : [ 
{ "cd" : "BR", "cp" : [ 
{ "cd" : "11", "ds" : "Prefeito", "tp" : "1" }, 
{ "cd" : "13", "ds" : "Vereador", "tp" : "2" } ] } ] } ] }, 
{ "cd" : "8004", "cdpr" : "7070", "dt" : "04/10/2020", "dtlim" : "08/10/2022", "e" : [ 
{ "cd" : "8753", "cdt2" : "8754", "nm" : "Elei¿¿o Suplementar - Acre - 8004", "t" : "1", "tp" : "2", "abr" : [ 
{ "cd" : "AC", "cp" : [ 
{ "cd" : "5", "ds" : "Senador", "tp" : "1" } ] } ] }, 
{ "cd" : "8751", "cdt2" : "8752", "nm" : "Elei¿¿o Ordin¿ria  - 2020 - 8004 1¿ Turno", "t" : "1", "tp" : "3", "abr" : [ 
{ "cd" : "BR", "cp" : [ 
{ "cd" : "11", "ds" : "Prefeito", "tp" : "1" }, 
{ "cd" : "13", "ds" : "Vereador", "tp" : "2" } ] } ] } ] }, 
{ "cd" : "8008", "cdpr" : "7072", "dt" : "03/10/2020", "dtlim" : "08/10/2022", "e" : [ 
{ "cd" : "8760", "cdt2" : "8761", "nm" : "Elei¿¿o Ordin¿ria  - 2020 - 8008 1¿ Turno", "t" : "1", "tp" : "3", "abr" : [ 
{ "cd" : "BR", "cp" : [ 
{ "cd" : "11", "ds" : "Prefeito", "tp" : "1" }, 
{ "cd" : "13", "ds" : "Vereador", "tp" : "2" } ] } ] } ] }, 
{ "cd" : "7992", "cdpr" : "7064", "dt" : "13/10/2020", "dtlim" : "15/10/2022", "e" : [ 
{ "cd" : "8733", "cdt2" : "8734", "nm" : "Elei¿¿o Ordin¿ria  - 2020 - 7992 1¿ Turno", "t" : "1", "tp" : "3", "abr" : [ 
{ "cd" : "BR", "cp" : [ 
{ "cd" : "11", "ds" : "Prefeito", "tp" : "1" }, 
{ "cd" : "13", "ds" : "Vereador", "tp" : "2" } ] } ] } ] }, 
{ "cd" : "8016", "cdpr" : "7076", "dt" : "16/10/2020", "dtlim" : "16/09/2022", "e" : [ 
{ "cd" : "8768", "cdt2" : "", "nm" : "Elei¿¿o Ordin¿ria  - 2020 - 8016 1¿ Turno", "t" : "1", "tp" : "3", "abr" : [ 
{ "cd" : "BR", "cp" : [ 
{ "cd" : "11", "ds" : "Prefeito", "tp" : "1" }, 
{ "cd" : "13", "ds" : "Vereador", "tp" : "2" } ] } ] } ] }, 
{ "cd" : "8000", "cdpr" : "7068", "dt" : "30/09/2020", "dtlim" : "07/10/2022", "e" : [ 
{ "cd" : "8746", "cdt2" : "8747", "nm" : "Elei¿¿o Suplementar - Acre - 8000", "t" : "1", "tp" : "2", "abr" : [ 
{ "cd" : "AC", "cp" : [ 
{ "cd" : "5", "ds" : "Senador", "tp" : "1" } ] } ] } ] } ] }