{ "ele" : "426", "tpabr" : "mu", "cdabr" : "77372", "carper" : "11", "t" : "1", "f" : "o", "dt" : "07\/11\/2020", "ht" : "02:10:06", "dv" : "s", "tf" : "n", "v" : "1", "esae" : "n", "mnae" : "", "s" : "31", "st" : "0", "pst" : "   0,00", "snt" : "31", "psnt" : " 100,00", "si" : "0", "psi" : "   0,00", "sni" : "0", "psni" : "   0,00", "sa" : "0", "psa" : "   0,00", "sna" : "0", "psna" : "   0,00", "e" : "10607", "ea" : "0", "pea" : "   0,00", "ena" : "0", "pena" : "   0,00", "esi" : "0", "pesi" : "   0,00", "esni" : "0", "pesni" : "   0,00", "c" : "0", "pc" : "   0,00", "a" : "0", "pa" : "   0,00", "vscv" : "0", "vnom" : "0", "pvnom" : "00,00", "vvc" : "0", "pvvc" : "00,00", "vb" : "0", "pvb" : "00,00", "tvn" : "0", "ptvn" : "00,00", "vn" : "0", "pvn" : "00,00", "vnt" : "0", "pvnt" : "00,00", "vp" : "0", "pvp" : "00,00", "vv" : "0", "pvv" : "00,00", "van" : "0", "pvan" : "00,00", "vansj" : "0", "pvansj" : "00,00", "tv" : "0", "cand" : [ 
{ "seq" : "4", "sqcand" : "160000786812", "n" : "22", "nm" : "NEY", "cc" : "PL - PT \/ PSL \/ PSC \/ PL \/ PSDB \/ PSD \/ CIDADANIA", "nv" : "ROBERTO DA SAÚDE", "e" : "n", "st" : "", "dvt" : "Válido", "vap" : "0", "pvap" : "00.00" }, 
{ "seq" : "1", "sqcand" : "160001103974", "n" : "25", "nm" : "CELSO MORO", "cc" : "DEM", "nv" : "JOSE FLORIVAL", "e" : "n", "st" : "", "dvt" : "Válido", "vap" : "0", "pvap" : "00.00" }, 
{ "seq" : "2", "sqcand" : "160001149532", "n" : "15", "nm" : "DARCI ZOLANDEK", "cc" : "MDB - PODE \/ PDT \/ MDB \/ PP", "nv" : "LOURIVAL DA SAÚDE", "e" : "n", "st" : "", "dvt" : "Anulado sub judice", "vap" : "0", "pvap" : "00.00" }, 
{ "seq" : "5", "sqcand" : "160000987058", "n" : "50", "nm" : "TONHO CAVALHEIRO", "cc" : "PSOL", "nv" : "ROSALVINHO", "e" : "n", "st" : "", "dvt" : "Válido", "vap" : "0", "pvap" : "00.00" }, 
{ "seq" : "3", "sqcand" : "160001188265", "n" : "14", "nm" : "DRA. MARCELA", "cc" : "PTB", "nv" : "VILMA MARTINS", "e" : "n", "st" : "", "dvt" : "Válido", "vap" : "0", "pvap" : "00.00" } ] }